Seq. number,Date,Daily Zoo Attendance,Log attendance,Revenue,Average Ticket Price,MaxTemp,Gas price,Total Ad Stock,Ad,Weather Condition,Weather Condition refined,Holiday/Events,Month,Season,day of the week,Weekend?,Events_recode,Weather_recode_2
1,04/01/2004,686,6.53087763,4116,6,56,1.84,1,no,RAIN,RAIN,NONE,APR,HIGH SEASON,Thu,No,NONE,NOT GOOD WEATHER
2,04/02/2004,544,6.29894925,3340.16,6.14,49,1.85,1,no,RAIN,RAIN,NONE,APR,HIGH SEASON,Fri,No,NONE,NOT GOOD WEATHER
3,04/03/2004,1786,7.48773376,10858.88,6.08,51,1.85,1,no,SUNNY/CLOUDY,MOSTLY CLOUDY,NONE,APR,HIGH SEASON,Sat,Yes,NONE,GOOD WEATHER
4,04/04/2004,1321,7.1861443,11981.47,9.07,52,1.85,1,no,RAIN,RAIN,NONE,APR,HIGH SEASON,Sun,Yes,NONE,NOT GOOD WEATHER
5,04/05/2004,1029,6.93634274,9363.9,9.1,44,1.85,1,no,SUNNY/CLOUDY,PARTLY CLOUDY,NONE,APR,HIGH SEASON,Mon,No,NONE,GOOD WEATHER
6,04/06/2004,2843,7.95261511,25899.73,9.11,56,1.86,1,no,SUNNY/CLOUDY,Sunny,NONE,APR,HIGH SEASON,Tue,No,NONE,GOOD WEATHER
7,04/07/2004,21124,9.95816511,2112.4,0.1,67,1.86,1,no,RAIN,RAIN,NONE,APR,HIGH SEASON,Wed,No,NONE,NOT GOOD WEATHER
8,04/08/2004,10036,9.21393391,90926.16,9.06,55,1.86,1,no,SUNNY/CLOUDY,MOSTLY CLOUDY,EASTER,APR,HIGH SEASON,Thu,No,Have Events,GOOD WEATHER
9,04/09/2004,7126,8.87150535,64704.08,9.08,62,1.86,1,no,RAIN,RAIN,EASTER,APR,HIGH SEASON,Fri,No,Have Events,NOT GOOD WEATHER
10,04/10/2004,8431,9.03967067,76469.17,9.07,62,1.87,1,no,SUNNY/CLOUDY,PARTLY CLOUDY,EASTER,APR,HIGH SEASON,Sat,Yes,Have Events,GOOD WEATHER
11,04/11/2004,1824,7.50878717,16488.96,9.04,50,1.87,1,no,RAIN,RAIN,EASTER,APR,HIGH SEASON,Sun,Yes,Have Events,NOT GOOD WEATHER
12,04/12/2004,2412,7.78821156,21900.96,9.08,55,1.87,1,no,RAIN,RAIN,NONE,APR,HIGH SEASON,Mon,No,NONE,NOT GOOD WEATHER
13,04/13/2004,658,6.48920493,5981.22,9.09,56,1.88,1,no,RAIN,RAIN,NONE,APR,HIGH SEASON,Tue,No,NONE,NOT GOOD WEATHER
14,04/14/2004,3484,8.15593634,348.4,0.1,57,1.88,1,no,RAIN,RAIN,NONE,APR,HIGH SEASON,Wed,No,NONE,NOT GOOD WEATHER
15,04/15/2004,3511,8.16365618,31914.99,9.09,61,1.88,1,no,SUNNY/CLOUDY,PARTLY CLOUDY,NONE,APR,HIGH SEASON,Thu,No,NONE,GOOD WEATHER
16,04/16/2004,7067,8.86319134,64168.36,9.08,64,1.88,1,no,SUNNY/CLOUDY,Sunny,NONE,APR,HIGH SEASON,Fri,No,NONE,GOOD WEATHER
17,04/17/2004,8710,9.07222707,79086.8,9.08,70,1.89,1,no,RAIN,RAIN,NONE,APR,HIGH SEASON,Sat,Yes,NONE,NOT GOOD WEATHER
18,04/18/2004,13030,9.47500967,118182.1,9.07,72,1.89,1,no,SUNNY/CLOUDY,PARTLY CLOUDY,NONE,APR,HIGH SEASON,Sun,Yes,NONE,GOOD WEATHER
19,04/19/2004,5208,8.55795118,47288.64,9.08,82,1.89,1,no,SUNNY/CLOUDY,MOSTLY CLOUDY,NONE,APR,HIGH SEASON,Mon,No,NONE,GOOD WEATHER
20,04/20/2004,9316,9.13948863,85893.52,9.22,74,1.9,1,no,SUNNY/CLOUDY,PARTLY CLOUDY,NONE,APR,HIGH SEASON,Tue,No,NONE,GOOD WEATHER
21,04/21/2004,10534,9.2623634,1053.4,0.1,57,1.9,1,no,SUNNY/CLOUDY,MOSTLY CLOUDY,NONE,APR,HIGH SEASON,Wed,No,NONE,GOOD WEATHER
22,04/22/2004,6216,8.73488189,57125.04,9.19,74,1.9,1,no,RAIN,RAIN,NONE,APR,HIGH SEASON,Thu,No,NONE,NOT GOOD WEATHER
23,04/23/2004,3427,8.13944052,30980.08,9.04,63,1.9,1,no,RAIN,RAIN,NONE,APR,HIGH SEASON,Fri,No,NONE,NOT GOOD WEATHER
24,04/24/2004,8009,8.98832119,72561.54,9.06,70,1.91,1,no,RAIN,RAIN,PoetrySafri,APR,HIGH SEASON,Sat,Yes,Have Events,NOT GOOD WEATHER
25,04/25/2004,5659,8.64100248,51610.08,9.12,56,1.91,1,no,SUNNY/CLOUDY,MOSTLY CLOUDY,PoetrySafri,APR,HIGH SEASON,Sun,Yes,Have Events,GOOD WEATHER
26,04/26/2004,1283,7.15695636,11688.13,9.11,57,1.91,71,yes,RAIN,RAIN,NONE,APR,HIGH SEASON,Mon,No,NONE,NOT GOOD WEATHER
27,04/27/2004,5448,8.60300385,49849.2,9.15,68,1.92,124,yes,SUNNY/CLOUDY,MOSTLY CLOUDY,NONE,APR,HIGH SEASON,Tue,No,NONE,GOOD WEATHER
28,04/28/2004,10428,9.25224978,1042.8,0.1,61,1.92,163,yes,RAIN,RAIN,NONE,APR,HIGH SEASON,Wed,No,NONE,NOT GOOD WEATHER
29,04/29/2004,7211,8.88336292,65764.32,9.12,68,1.92,192,yes,SUNNY/CLOUDY,PARTLY CLOUDY,NONE,APR,HIGH SEASON,Thu,No,NONE,GOOD WEATHER
30,04/30/2004,8107,9.00048316,73611.56,9.08,68,1.92,213,yes,SUNNY/CLOUDY,MOSTLY CLOUDY,NONE,APR,HIGH SEASON,Fri,No,NONE,GOOD WEATHER
31,05/01/2004,9293,9.13701671,88283.5,9.5,68,1.93,228,yes,SUNNY/CLOUDY,MOSTLY CLOUDY,NONE,MAY,HIGH SEASON,Sat,Yes,NONE,GOOD WEATHER
32,05/02/2004,4101,8.31898613,37237.08,9.08,66,1.93,240,yes,SUNNY/CLOUDY,MOSTLY CLOUDY,NONE,MAY,HIGH SEASON,Sun,Yes,NONE,GOOD WEATHER
33,05/03/2004,2761,7.92334821,24987.05,9.05,57,1.94,298,yes,RAIN,RAIN,NONE,MAY,HIGH SEASON,Mon,No,NONE,NOT GOOD WEATHER
34,05/04/2004,11981,9.39107734,109865.77,9.17,62,1.96,351,yes,SUNNY/CLOUDY,PARTLY CLOUDY,NONE,MAY,HIGH SEASON,Tue,No,NONE,GOOD WEATHER
35,05/05/2004,14678,9.59410505,1467.8,0.1,62,1.97,398,yes,RAIN,RAIN,NONE,MAY,HIGH SEASON,Wed,No,NONE,NOT GOOD WEATHER
36,05/06/2004,5679,8.64453044,56222.1,9.9,67,1.99,440,yes,SUNNY/CLOUDY,PARTLY CLOUDY,NONE,MAY,HIGH SEASON,Thu,No,NONE,GOOD WEATHER
37,05/07/2004,6208,8.73359406,56306.56,9.07,82,1.99,479,yes,RAIN,RAIN,NONE,MAY,HIGH SEASON,Fri,No,NONE,NOT GOOD WEATHER
38,05/08/2004,5135,8.54383512,46677.15,9.09,62,2,514,yes,SUNNY/CLOUDY,MOSTLY CLOUDY,DeltaPrsnts,MAY,HIGH SEASON,Sat,Yes,Have Events,GOOD WEATHER
39,05/09/2004,6131,8.72111315,55853.41,9.11,68,2,546,yes,SUNNY/CLOUDY,MOSTLY CLOUDY,ExtremeMoms,MAY,HIGH SEASON,Sun,Yes,Have Events,GOOD WEATHER
40,05/10/2004,5790,8.66388757,52920.6,9.14,67,2.01,629,yes,RAIN,RAIN,NONE,MAY,HIGH SEASON,Mon,No,NONE,NOT GOOD WEATHER
41,05/11/2004,4983,8.5137874,45544.62,9.14,82,2.01,691,yes,RAIN,RAIN,NONE,MAY,HIGH SEASON,Tue,No,NONE,NOT GOOD WEATHER
42,05/12/2004,13188,9.4870626,1318.8,0.1,83,2.02,737,yes,RAIN,RAIN,NONE,MAY,HIGH SEASON,Wed,No,NONE,NOT GOOD WEATHER
43,05/13/2004,8978,9.10253242,81610.02,9.09,83,2.02,774,yes,RAIN,RAIN,NONE,MAY,HIGH SEASON,Thu,No,NONE,NOT GOOD WEATHER
44,05/14/2004,9324,9.140347,85128.12,9.13,68,2.03,805,yes,SUNNY/CLOUDY,MOSTLY CLOUDY,NONE,MAY,HIGH SEASON,Fri,No,NONE,GOOD WEATHER
45,05/15/2004,10048,9.21512889,91336.32,9.09,84,2.03,832,yes,RAIN,RAIN,NONE,MAY,HIGH SEASON,Sat,Yes,NONE,NOT GOOD WEATHER
46,05/16/2004,11207,9.32429386,101871.63,9.09,81,2.04,855,yes,SUNNY/CLOUDY,MOSTLY CLOUDY,NONE,MAY,HIGH SEASON,Sun,Yes,NONE,GOOD WEATHER
47,05/17/2004,4758,8.46758269,43916.34,9.23,68,2.04,877,yes,RAIN,RAIN,NONE,MAY,HIGH SEASON,Mon,No,NONE,NOT GOOD WEATHER
48,05/18/2004,13673,9.52317836,123740.65,9.05,82,2.05,897,yes,SUNNY/CLOUDY,MOSTLY CLOUDY,NONE,MAY,HIGH SEASON,Tue,No,NONE,GOOD WEATHER
49,05/19/2004,10049,9.21522841,1004.9,0.1,71,2.05,916,yes,RAIN,RAIN,NONE,MAY,HIGH SEASON,Wed,No,NONE,NOT GOOD WEATHER
50,05/20/2004,9164,9.12303804,83484.04,9.11,68,2.06,935,yes,SUNNY/CLOUDY,MOSTLY CLOUDY,NONE,MAY,HIGH SEASON,Thu,No,NONE,GOOD WEATHER
51,05/21/2004,6469,8.77477682,58932.59,9.11,78,2.06,952,yes,SUNNY/CLOUDY,MOSTLY CLOUDY,NONE,MAY,HIGH SEASON,Fri,No,NONE,GOOD WEATHER
52,05/22/2004,8724,9.07383313,79213.92,9.08,80,2.07,968,yes,RAIN,RAIN,NONE,MAY,HIGH SEASON,Sat,Yes,NONE,NOT GOOD WEATHER
53,05/23/2004,8580,9.05718919,77820.6,9.07,84,2.07,984,yes,RAIN,RAIN,NONE,MAY,HIGH SEASON,Sun,Yes,NONE,NOT GOOD WEATHER
54,05/24/2004,4635,8.44139148,42085.8,9.08,73,2.08,992,yes,SUNNY/CLOUDY,MOSTLY CLOUDY,NONE,MAY,HIGH SEASON,Mon,No,NONE,GOOD WEATHER
55,05/25/2004,8997,9.10464647,82232.58,9.14,71,2.08,999,yes,SUNNY/CLOUDY,MOSTLY CLOUDY,NONE,MAY,HIGH SEASON,Tue,No,NONE,GOOD WEATHER
56,05/26/2004,10903,9.29679326,1090.3,0.1,63,2.09,1004,yes,RAIN,RAIN,NONE,MAY,HIGH SEASON,Wed,No,NONE,NOT GOOD WEATHER
57,05/27/2004,11705,9.36777138,107100.75,9.15,72,2.09,1007,yes,RAIN,RAIN,NONE,MAY,HIGH SEASON,Thu,No,NONE,NOT GOOD WEATHER
58,05/28/2004,10846,9.29155163,98156.3,9.05,78,2.1,1010,yes,RAIN,RAIN,NONE,MAY,HIGH SEASON,Fri,No,NONE,NOT GOOD WEATHER
59,05/29/2004,15530,9.65052892,141012.4,9.08,69,2.1,1012,yes,SUNNY/CLOUDY,Sunny,LiveLarge,MAY,HIGH SEASON,Sat,Yes,Have Events,GOOD WEATHER
60,05/30/2004,18350,9.81738485,166434.5,9.07,72,2.11,1013,yes,SUNNY/CLOUDY,PARTLY CLOUDY,LiveLarge,MAY,HIGH SEASON,Sun,Yes,Have Events,GOOD WEATHER
61,05/31/2004,7824,8.96495121,70885.44,9.06,65,2.11,989,yes,RAIN,RAIN,NONE,MAY,HIGH SEASON,Mon,No,NONE,NOT GOOD WEATHER
62,06/01/2004,12799,9.45712232,104439.84,8.16,67,2.12,967,yes,RAIN,RAIN,MEMDAY,JUNE,HIGH SEASON,Tue,No,Have Events,NOT GOOD WEATHER
63,06/02/2004,18956,9.84987578,1895.6,0.1,81,2.12,946,yes,RAIN,RAIN,NONE,JUNE,HIGH SEASON,Wed,No,NONE,NOT GOOD WEATHER
64,06/03/2004,11463,9.34687974,93079.56,8.12,79,2.13,928,yes,SUNNY/CLOUDY,MOSTLY CLOUDY,NONE,JUNE,HIGH SEASON,Thu,No,NONE,GOOD WEATHER
65,06/04/2004,11405,9.34180713,93749.1,8.22,72,2.13,910,yes,SUNNY/CLOUDY,MOSTLY CLOUDY,NONE,JUNE,HIGH SEASON,Fri,No,NONE,GOOD WEATHER
66,06/05/2004,6724,8.81343849,54531.64,8.11,67,2.14,894,yes,RAIN,RAIN,NONE,JUNE,HIGH SEASON,Sat,Yes,NONE,NOT GOOD WEATHER
67,06/06/2004,2988,8.00235955,24232.68,8.11,60,2.14,879,yes,RAIN,RAIN,NONE,JUNE,HIGH SEASON,Sun,Yes,NONE,NOT GOOD WEATHER
68,06/07/2004,7025,8.85723049,57886,8.24,77,2.15,897,yes,SUNNY/CLOUDY,MOSTLY CLOUDY,NONE,JUNE,HIGH SEASON,Mon,No,NONE,GOOD WEATHER
69,06/08/2004,6516,8.78201597,53235.72,8.17,86,2.15,914,yes,SUNNY/CLOUDY,PARTLY CLOUDY,NONE,JUNE,HIGH SEASON,Tue,No,NONE,GOOD WEATHER
70,06/09/2004,20510,9.92866785,2051,0.1,92,2.16,931,yes,SUNNY/CLOUDY,PARTLY CLOUDY,NONE,JUNE,HIGH SEASON,Wed,No,NONE,GOOD WEATHER
71,06/10/2004,5728,8.65312171,46912.32,8.19,81,2.16,948,yes,RAIN,RAIN,NONE,JUNE,HIGH SEASON,Thu,No,NONE,NOT GOOD WEATHER
72,06/11/2004,10625,9.27096499,87018.75,8.19,71,2.17,964,yes,SUNNY/CLOUDY,MOSTLY CLOUDY,NONE,JUNE,HIGH SEASON,Fri,No,NONE,GOOD WEATHER
73,06/12/2004,12632,9.44398856,102950.8,8.15,75,2.17,979,yes,SUNNY/CLOUDY,PARTLY CLOUDY,NONE,JUNE,HIGH SEASON,Sat,Yes,NONE,GOOD WEATHER
74,06/13/2004,13694,9.52471306,112016.92,8.18,73,2.17,994,yes,SUNNY/CLOUDY,MOSTLY CLOUDY,NONE,JUNE,HIGH SEASON,Sun,Yes,NONE,GOOD WEATHER
75,06/14/2004,2711,7.90507285,22067.54,8.14,80,2.17,1026,yes,RAIN,RAIN,NONE,JUNE,HIGH SEASON,Mon,No,NONE,NOT GOOD WEATHER
76,06/15/2004,9259,9.13335133,75553.44,8.16,87,2.17,1055,yes,SUNNY/CLOUDY,MOSTLY CLOUDY,NONE,JUNE,HIGH SEASON,Tue,No,NONE,GOOD WEATHER
77,06/16/2004,17215,9.75353638,1721.5,0.1,85,2.17,1081,yes,SUNNY/CLOUDY,MOSTLY CLOUDY,NONE,JUNE,HIGH SEASON,Wed,No,NONE,GOOD WEATHER
78,06/17/2004,4397,8.38867777,36143.34,8.22,84,2.17,1105,yes,RAIN,RAIN,NONE,JUNE,HIGH SEASON,Thu,No,NONE,NOT GOOD WEATHER
79,06/18/2004,6782,8.82202732,55341.12,8.16,88,2.17,1127,yes,SUNNY/CLOUDY,MOSTLY CLOUDY,NONE,JUNE,HIGH SEASON,Fri,No,NONE,GOOD WEATHER
80,06/19/2004,9007,9.10575733,73407.05,8.15,83,2.17,1147,yes,SUNNY/CLOUDY,MOSTLY CLOUDY,DadsDay,JUNE,HIGH SEASON,Sat,Yes,Have Events,GOOD WEATHER
81,06/20/2004,12802,9.45735669,104336.3,8.15,76,2.17,1165,yes,SUNNY/CLOUDY,PARTLY CLOUDY,DadsDay,JUNE,HIGH SEASON,Sun,Yes,Have Events,GOOD WEATHER
82,06/21/2004,5799,8.66544077,48827.58,8.42,80,2.16,1163,yes,SUNNY/CLOUDY,PARTLY CLOUDY,NONE,JUNE,HIGH SEASON,Mon,No,NONE,GOOD WEATHER
83,06/22/2004,2547,7.84267147,20579.76,8.08,76,2.16,1163,yes,RAIN,RAIN,NONE,JUNE,HIGH SEASON,Tue,No,NONE,NOT GOOD WEATHER
84,06/23/2004,17115,9.74771055,1711.5,0.1,82,2.16,1163,yes,SUNNY/CLOUDY,MOSTLY CLOUDY,NONE,JUNE,HIGH SEASON,Wed,No,NONE,GOOD WEATHER
85,06/24/2004,8188,9.01042495,66895.96,8.17,79,2.16,1165,yes,SUNNY/CLOUDY,PARTLY CLOUDY,NONE,JUNE,HIGH SEASON,Thu,No,NONE,GOOD WEATHER
86,06/25/2004,5800,8.6656132,47270,8.15,80,2.16,1167,yes,RAIN,RAIN,NONE,JUNE,HIGH SEASON,Fri,No,NONE,NOT GOOD WEATHER
87,06/26/2004,7503,8.92305822,60999.39,8.13,80,2.16,1169,yes,SUNNY/CLOUDY,MOSTLY CLOUDY,NONE,JUNE,HIGH SEASON,Sat,Yes,NONE,GOOD WEATHER
88,06/27/2004,13544,9.51369892,110112.72,8.13,80,2.16,1172,yes,SUNNY/CLOUDY,PARTLY CLOUDY,NONE,JUNE,HIGH SEASON,Sun,Yes,NONE,GOOD WEATHER
89,06/28/2004,6021,8.70300864,49311.99,8.19,81,2.16,1193,yes,SUNNY/CLOUDY,MOSTLY CLOUDY,NONE,JUNE,HIGH SEASON,Mon,No,NONE,GOOD WEATHER
90,06/29/2004,7110,8.86925752,57591,8.1,79,2.16,1212,yes,RAIN,RAIN,NONE,JUNE,HIGH SEASON,Tue,No,NONE,NOT GOOD WEATHER
91,06/30/2004,36874,10.515262,3687.4,0.1,81,2.16,1229,yes,SUNNY/CLOUDY,PARTLY CLOUDY,NONE,JUNE,HIGH SEASON,Wed,No,NONE,GOOD WEATHER
92,07/01/2004,6574,8.79087775,53643.84,8.16,80,2.16,1244,yes,SUNNY/CLOUDY,PARTLY CLOUDY,NONE,JUL,HIGH SEASON,Thu,No,NONE,GOOD WEATHER
93,07/02/2004,6049,8.70764825,49299.35,8.15,85,2.16,1257,yes,SUNNY/CLOUDY,PARTLY CLOUDY,SpotsStripes,JUL,HIGH SEASON,Fri,No,Have Events,GOOD WEATHER
94,07/03/2004,9531,9.16230492,77487.03,8.13,83,2.16,1269,yes,SUNNY/CLOUDY,PARTLY CLOUDY,SpotsStripes,JUL,HIGH SEASON,Sat,Yes,Have Events,GOOD WEATHER
95,07/04/2004,9132,9.11954001,75704.28,8.29,80,2.16,1280,yes,SUNNY/CLOUDY,MOSTLY CLOUDY,SpotsStripes,JUL,HIGH SEASON,Sun,Yes,Have Events,GOOD WEATHER
96,07/05/2004,8389,9.0346766,68370.35,8.15,83,2.16,1289,yes,RAIN,RAIN,NONE,JUL,HIGH SEASON,Mon,No,NONE,NOT GOOD WEATHER
97,07/06/2004,6571,8.79042131,53882.2,8.2,84,2.16,1297,yes,SUNNY/CLOUDY,PARTLY CLOUDY,NONE,JUL,HIGH SEASON,Tue,No,NONE,GOOD WEATHER
98,07/07/2004,29935,10.3067836,2993.5,0.1,81,2.16,1305,yes,SUNNY/CLOUDY,PARTLY CLOUDY,NONE,JUL,HIGH SEASON,Wed,No,NONE,GOOD WEATHER
99,07/08/2004,6615,8.79709508,53978.4,8.16,89,2.16,1312,yes,SUNNY/CLOUDY,MOSTLY CLOUDY,NONE,JUL,HIGH SEASON,Thu,No,NONE,GOOD WEATHER
100,07/09/2004,9888,9.19907718,80982.72,8.19,81,2.15,1318,yes,SUNNY/CLOUDY,PARTLY CLOUDY,NONE,JUL,HIGH SEASON,Fri,No,NONE,GOOD WEATHER
101,07/10/2004,12879,9.46335336,104448.69,8.11,86,2.15,1323,yes,SUNNY/CLOUDY,PARTLY CLOUDY,ExtremeSrvrs,JUL,HIGH SEASON,Sat,Yes,Have Events,GOOD WEATHER
102,07/11/2004,12061,9.39773239,97694.1,8.1,84,2.15,1328,yes,SUNNY/CLOUDY,PARTLY CLOUDY,ExtremeSrvrs,JUL,HIGH SEASON,Sun,Yes,Have Events,GOOD WEATHER
103,07/12/2004,2228,7.7088596,18158.2,8.15,73,2.15,1364,yes,RAIN,RAIN,NONE,JUL,HIGH SEASON,Mon,No,NONE,NOT GOOD WEATHER
104,07/13/2004,3995,8.29279886,32599.2,8.16,69,2.15,1398,yes,RAIN,RAIN,NONE,JUL,HIGH SEASON,Tue,No,NONE,NOT GOOD WEATHER
105,07/14/2004,20831,9.94419754,2083.1,0.1,76,2.15,1430,yes,RAIN,RAIN,NONE,JUL,HIGH SEASON,Wed,No,NONE,NOT GOOD WEATHER
106,07/15/2004,11192,9.32295452,91438.64,8.17,81,2.15,1461,yes,SUNNY/CLOUDY,PARTLY CLOUDY,NONE,JUL,HIGH SEASON,Thu,No,NONE,GOOD WEATHER
107,07/16/2004,10327,9.2425171,84061.78,8.14,81,2.15,1490,yes,RAIN,RAIN,NONE,JUL,HIGH SEASON,Fri,No,NONE,NOT GOOD WEATHER
108,07/17/2004,11931,9.38689533,96879.72,8.12,86,2.15,1517,yes,RAIN,RAIN,ExtremeSwngrs,JUL,HIGH SEASON,Sat,Yes,Have Events,NOT GOOD WEATHER
109,07/18/2004,5629,8.63568709,45594.9,8.1,77,2.15,1543,yes,RAIN,RAIN,ExtremeSwngrs,JUL,HIGH SEASON,Sun,Yes,Have Events,NOT GOOD WEATHER
110,07/19/2004,3723,8.22228507,30081.84,8.08,81,2.15,1537,yes,SUNNY/CLOUDY,MOSTLY CLOUDY,NONE,JUL,HIGH SEASON,Mon,No,NONE,GOOD WEATHER
111,07/20/2004,8549,9.0535696,69759.84,8.16,86,2.15,1530,yes,SUNNY/CLOUDY,PARTLY CLOUDY,NONE,JUL,HIGH SEASON,Tue,No,NONE,GOOD WEATHER
112,07/21/2004,34015,10.4345569,3401.5,0.1,87,2.14,1523,yes,SUNNY/CLOUDY,Sunny,NONE,JUL,HIGH SEASON,Wed,No,NONE,GOOD WEATHER
113,07/22/2004,12611,9.44232473,102275.21,8.11,86,2.14,1517,yes,SUNNY/CLOUDY,PARTLY CLOUDY,NONE,JUL,HIGH SEASON,Thu,No,NONE,GOOD WEATHER
114,07/23/2004,2989,8.00269416,24240.79,8.11,77,2.14,1511,yes,RAIN,RAIN,NONE,JUL,HIGH SEASON,Fri,No,NONE,NOT GOOD WEATHER
115,07/24/2004,4733,8.46231453,38242.64,8.08,74,2.14,1504,yes,SUNNY/CLOUDY,MOSTLY CLOUDY,Colorific,JUL,HIGH SEASON,Sat,Yes,Have Events,GOOD WEATHER
116,07/25/2004,9851,9.19532825,79990.12,8.12,78,2.14,1499,yes,RAIN,RAIN,Colorific,JUL,HIGH SEASON,Sun,Yes,Have Events,NOT GOOD WEATHER
117,07/26/2004,6582,8.79209393,53709.12,8.16,79,2.14,1493,yes,SUNNY/CLOUDY,MOSTLY CLOUDY,NONE,JUL,HIGH SEASON,Mon,No,NONE,GOOD WEATHER
118,07/27/2004,5753,8.65747674,46771.89,8.13,73,2.14,1487,yes,RAIN,RAIN,NONE,JUL,HIGH SEASON,Tue,No,NONE,NOT GOOD WEATHER
119,07/28/2004,9165,9.12314716,916.5,0.1,77,2.13,1482,yes,SUNNY/CLOUDY,MOSTLY CLOUDY,NONE,JUL,HIGH SEASON,Wed,No,NONE,GOOD WEATHER
120,07/29/2004,11883,9.38286409,96846.45,8.15,85,2.13,1476,yes,SUNNY/CLOUDY,PARTLY CLOUDY,NONE,JUL,HIGH SEASON,Thu,No,NONE,GOOD WEATHER
121,07/30/2004,8497,9.04746844,68825.7,8.1,83,2.13,1471,yes,SUNNY/CLOUDY,MOSTLY CLOUDY,NONE,JUL,HIGH SEASON,Fri,No,NONE,GOOD WEATHER
122,07/31/2004,9860,9.19624145,79668.8,8.08,84,2.13,1466,yes,RAIN,RAIN,Kidsday,JUL,HIGH SEASON,Sat,Yes,Have Events,NOT GOOD WEATHER
123,08/01/2004,3435,8.1417722,27754.8,8.08,88,2.13,1462,yes,RAIN,RAIN,Kidsday,AUG,HIGH SEASON,Sun,Yes,Have Events,NOT GOOD WEATHER
124,08/02/2004,5430,8.59969441,44254.5,8.15,93,2.13,1408,yes,SUNNY/CLOUDY,MOSTLY CLOUDY,NONE,AUG,HIGH SEASON,Mon,No,NONE,GOOD WEATHER
125,08/03/2004,5672,8.64329707,46170.08,8.14,97,2.13,1358,yes,SUNNY/CLOUDY,MOSTLY CLOUDY,NONE,AUG,HIGH SEASON,Tue,No,NONE,GOOD WEATHER
126,08/04/2004,29079,10.2777715,2907.9,0.1,91,2.12,1311,yes,RAIN,RAIN,NONE,AUG,HIGH SEASON,Wed,No,NONE,NOT GOOD WEATHER
127,08/05/2004,5958,8.69249013,48498.12,8.14,99,2.12,1269,yes,RAIN,RAIN,NONE,AUG,HIGH SEASON,Thu,No,NONE,NOT GOOD WEATHER
128,08/06/2004,11629,9.36125726,94892.64,8.16,88,2.12,1229,yes,RAIN,RAIN,NONE,AUG,HIGH SEASON,Fri,No,NONE,NOT GOOD WEATHER
129,08/07/2004,15299,9.63554275,124074.89,8.11,86,2.12,1192,yes,RAIN,RAIN,NONE,AUG,HIGH SEASON,Sat,Yes,NONE,NOT GOOD WEATHER
130,08/08/2004,15774,9.66611829,127769.4,8.1,85,2.12,1157,yes,SUNNY/CLOUDY,PARTLY CLOUDY,NONE,AUG,HIGH SEASON,Sun,Yes,NONE,GOOD WEATHER
131,08/09/2004,7735,8.95351076,63194.95,8.17,84,2.12,1157,yes,SUNNY/CLOUDY,PARTLY CLOUDY,NONE,AUG,HIGH SEASON,Mon,No,NONE,GOOD WEATHER
132,08/10/2004,7156,8.87570644,58464.52,8.17,91,2.12,1158,yes,SUNNY/CLOUDY,PARTLY CLOUDY,NONE,AUG,HIGH SEASON,Tue,No,NONE,GOOD WEATHER
133,08/11/2004,28712,10.2650704,2871.2,0.1,99,2.11,1159,yes,RAIN,RAIN,NONE,AUG,HIGH SEASON,Wed,No,NONE,NOT GOOD WEATHER
134,08/12/2004,4088,8.31581113,33276.32,8.14,94,2.11,1161,yes,RAIN,RAIN,NONE,AUG,HIGH SEASON,Thu,No,NONE,NOT GOOD WEATHER
135,08/13/2004,2372,7.77148876,19236.92,8.11,102,2.11,1163,yes,RAIN,RAIN,NONE,AUG,HIGH SEASON,Fri,No,NONE,NOT GOOD WEATHER
136,08/14/2004,7612,8.93748123,61733.32,8.11,96,2.11,1165,yes,RAIN,RAIN,NONE,AUG,HIGH SEASON,Sat,Yes,NONE,NOT GOOD WEATHER
137,08/15/2004,4241,8.35255437,34436.92,8.12,76,2.11,1168,yes,RAIN,RAIN,NONE,AUG,HIGH SEASON,Sun,Yes,NONE,NOT GOOD WEATHER
138,08/16/2004,1663,7.41637848,13553.45,8.15,78,2.11,1140,yes,RAIN,RAIN,NONE,AUG,HIGH SEASON,Mon,No,NONE,NOT GOOD WEATHER
139,08/17/2004,10395,9.2490802,84719.25,8.15,89,2.11,1101,yes,SUNNY/CLOUDY,PARTLY CLOUDY,NONE,AUG,HIGH SEASON,Tue,No,NONE,GOOD WEATHER
140,08/18/2004,26739,10.1938785,2673.9,0.1,82,2.1,1115,yes,SUNNY/CLOUDY,MOSTLY CLOUDY,NONE,AUG,HIGH SEASON,Wed,No,NONE,GOOD WEATHER
141,08/19/2004,6041,8.70632484,49354.97,8.17,77,2.1,1126,yes,SUNNY/CLOUDY,MOSTLY CLOUDY,NONE,AUG,HIGH SEASON,Thu,No,NONE,GOOD WEATHER
142,08/20/2004,5892,8.68135078,48019.8,8.15,82,2.1,1136,yes,SUNNY/CLOUDY,MOSTLY CLOUDY,NONE,AUG,HIGH SEASON,Fri,No,NONE,GOOD WEATHER
143,08/21/2004,3848,8.25530881,31245.76,8.12,95,2.1,1145,yes,RAIN,RAIN,AnimalOlympcs,AUG,HIGH SEASON,Sat,Yes,Have Events,NOT GOOD WEATHER
144,08/22/2004,15925,9.67564548,129151.75,8.11,91,2.1,1152,yes,SUNNY/CLOUDY,PARTLY CLOUDY,AnimalOlympcs,AUG,HIGH SEASON,Sun,Yes,Have Events,GOOD WEATHER
145,08/23/2004,9060,9.1116244,73839,8.15,84,2.1,1158,yes,SUNNY/CLOUDY,Sunny,NONE,AUG,HIGH SEASON,Mon,No,NONE,GOOD WEATHER
146,08/24/2004,8563,9.05520588,69874.08,8.16,80,2.1,1163,yes,SUNNY/CLOUDY,MOSTLY CLOUDY,NONE,AUG,HIGH SEASON,Tue,No,NONE,GOOD WEATHER
147,08/25/2004,34314,10.4433087,3431.4,0.1,84,2.09,1168,yes,SUNNY/CLOUDY,PARTLY CLOUDY,NONE,AUG,HIGH SEASON,Wed,No,NONE,GOOD WEATHER
148,08/26/2004,9524,9.16157021,77525.36,8.14,85,2.09,1171,yes,SUNNY/CLOUDY,PARTLY CLOUDY,NONE,AUG,HIGH SEASON,Thu,No,NONE,GOOD WEATHER
149,08/27/2004,6534,8.78477459,53186.76,8.14,83,2.08,1175,yes,RAIN,RAIN,NONE,AUG,HIGH SEASON,Fri,No,NONE,NOT GOOD WEATHER
150,08/28/2004,8787,9.08102864,71174.7,8.1,83,2.08,1177,yes,RAIN,RAIN,OutofSite,AUG,HIGH SEASON,Sat,Yes,Have Events,NOT GOOD WEATHER
151,08/29/2004,8011,8.98857088,64889.1,8.1,87,2.08,1179,yes,SUNNY/CLOUDY,PARTLY CLOUDY,OutofSite,AUG,HIGH SEASON,Sun,Yes,Have Events,GOOD WEATHER
152,08/30/2004,4313,8.369389,35107.82,8.14,86,2.07,1155,yes,RAIN,RAIN,NONE,AUG,HIGH SEASON,Mon,No,NONE,NOT GOOD WEATHER
153,08/31/2004,3887,8.26539293,31562.44,8.12,87,2.07,1136,yes,RAIN,RAIN,NONE,AUG,HIGH SEASON,Tue,No,NONE,NOT GOOD WEATHER
154,09/01/2004,26512,10.1853527,2651.2,0.1,83,2.06,1122,yes,SUNNY/CLOUDY,Sunny,NONE,SEP,HIGH SEASON,Wed,No,NONE,GOOD WEATHER
155,09/02/2004,7257,8.8897218,58999.41,8.13,80,2.06,1112,yes,SUNNY/CLOUDY,PARTLY CLOUDY,NONE,SEP,HIGH SEASON,Thu,No,NONE,GOOD WEATHER
156,09/03/2004,6235,8.73793386,50877.6,8.16,79,2.05,1104,yes,SUNNY/CLOUDY,PARTLY CLOUDY,LABDAY,SEP,HIGH SEASON,Fri,No,Have Events,GOOD WEATHER
157,09/04/2004,9430,9.15165138,76571.6,8.12,86,2.05,1098,yes,SUNNY/CLOUDY,MOSTLY CLOUDY,AnimalEats,SEP,HIGH SEASON,Sat,Yes,Have Events,GOOD WEATHER
158,09/05/2004,14194,9.56057462,115113.34,8.11,73,2.05,1093,yes,SUNNY/CLOUDY,MOSTLY CLOUDY,AnimalEats,SEP,HIGH SEASON,Sun,Yes,Have Events,GOOD WEATHER
159,09/06/2004,12927,9.46707343,104837.97,8.11,75,2.04,1090,yes,SUNNY/CLOUDY,MOSTLY CLOUDY,AnimalEats,SEP,HIGH SEASON,Mon,No,Have Events,GOOD WEATHER
160,09/07/2004,2743,7.91680749,22300.59,8.13,81,2.04,1087,yes,SUNNY/CLOUDY,MOSTLY CLOUDY,NONE,SEP,HIGH SEASON,Tue,No,NONE,GOOD WEATHER
161,09/08/2004,1093,6.99668149,109.3,0.1,76,2.03,1035,yes,RAIN,RAIN,NONE,SEP,HIGH SEASON,Wed,No,NONE,NOT GOOD WEATHER
162,09/09/2004,424,6.04973346,3430.16,8.09,81,2.03,988,yes,RAIN,RAIN,NONE,SEP,HIGH SEASON,Thu,No,NONE,NOT GOOD WEATHER
163,09/10/2004,3340,8.11372609,27321.2,8.18,83,2.03,944,yes,SUNNY/CLOUDY,PARTLY CLOUDY,NONE,SEP,HIGH SEASON,Fri,No,NONE,GOOD WEATHER
164,09/11/2004,8070,8.99590876,65770.5,8.15,74,2.02,904,yes,SUNNY/CLOUDY,MOSTLY CLOUDY,Grandparents,SEP,HIGH SEASON,Sat,Yes,Have Events,GOOD WEATHER
165,09/12/2004,8181,9.00956967,66675.15,8.15,78,2.02,867,yes,SUNNY/CLOUDY,PARTLY CLOUDY,Grandparents,SEP,HIGH SEASON,Sun,Yes,Have Events,GOOD WEATHER
166,09/13/2004,1526,7.33040521,12558.98,8.23,83,2.01,728,yes,SUNNY/CLOUDY,PARTLY CLOUDY,NONE,SEP,HIGH SEASON,Mon,No,NONE,GOOD WEATHER
167,09/14/2004,1355,7.21155673,11205.85,8.27,73,2.01,626,yes,SUNNY/CLOUDY,MOSTLY CLOUDY,NONE,SEP,HIGH SEASON,Tue,No,NONE,GOOD WEATHER
168,09/15/2004,4583,8.43010908,458.3,0.1,74,2.01,549,yes,RAIN,RAIN,NONE,SEP,HIGH SEASON,Wed,No,NONE,NOT GOOD WEATHER
169,09/16/2004,7071,8.86375719,57770.07,8.17,80,2,489,yes,SUNNY/CLOUDY,MOSTLY CLOUDY,NONE,SEP,HIGH SEASON,Thu,No,NONE,GOOD WEATHER
170,09/17/2004,2219,7.70481192,18240.18,8.22,78,2,441,yes,RAIN,RAIN,NONE,SEP,HIGH SEASON,Fri,No,NONE,NOT GOOD WEATHER
171,09/18/2004,1941,7.57095858,15663.87,8.07,74,1.99,402,yes,RAIN,RAIN,HispanicWeekend,SEP,HIGH SEASON,Sat,Yes,Have Events,NOT GOOD WEATHER
172,09/19/2004,9627,9.17232693,79422.75,8.25,69,1.99,369,yes,SUNNY/CLOUDY,Sunny,HispanicWeekend,SEP,HIGH SEASON,Sun,Yes,Have Events,GOOD WEATHER
173,09/20/2004,1370,7.22256602,11343.6,8.28,72,2,341,yes,SUNNY/CLOUDY,Sunny,NONE,SEP,HIGH SEASON,Mon,No,NONE,GOOD WEATHER
174,09/21/2004,1441,7.2730926,12017.94,8.34,82,2.01,316,yes,SUNNY/CLOUDY,PARTLY CLOUDY,NONE,SEP,HIGH SEASON,Tue,No,NONE,GOOD WEATHER
175,09/22/2004,5993,8.6983474,599.3,0.1,85,2.03,295,yes,SUNNY/CLOUDY,PARTLY CLOUDY,NONE,SEP,HIGH SEASON,Wed,No,NONE,GOOD WEATHER
176,09/23/2004,1599,7.37713371,13287.69,8.31,84,2.04,275,yes,SUNNY/CLOUDY,Sunny,NONE,SEP,HIGH SEASON,Thu,No,NONE,GOOD WEATHER
177,09/24/2004,2241,7.71467747,18510.66,8.26,74,2.04,258,yes,SUNNY/CLOUDY,MOSTLY CLOUDY,NONE,SEP,HIGH SEASON,Fri,No,NONE,GOOD WEATHER
178,09/25/2004,7703,8.94936514,62548.36,8.12,77,2.04,242,yes,SUNNY/CLOUDY,MOSTLY CLOUDY,NONE,SEP,HIGH SEASON,Sat,Yes,NONE,GOOD WEATHER
179,09/26/2004,9154,9.12194622,74422.02,8.13,79,2.04,227,yes,SUNNY/CLOUDY,MOSTLY CLOUDY,NONE,SEP,HIGH SEASON,Sun,Yes,NONE,GOOD WEATHER
180,09/27/2004,1306,7.17472431,10748.38,8.23,75,2.04,214,yes,SUNNY/CLOUDY,MOSTLY CLOUDY,NONE,SEP,HIGH SEASON,Mon,No,NONE,GOOD WEATHER
181,09/28/2004,80,4.38202663,8,0.1,74,2.04,201,yes,RAIN,RAIN,NONE,SEP,HIGH SEASON,Tue,No,NONE,NOT GOOD WEATHER
182,09/29/2004,2498,7.82324569,249.8,0.1,67,2.04,189,yes,RAIN,RAIN,NONE,SEP,HIGH SEASON,Wed,No,NONE,NOT GOOD WEATHER
183,09/30/2004,1509,7.31920246,12585.06,8.34,68,2.04,178,yes,SUNNY/CLOUDY,MOSTLY CLOUDY,NONE,SEP,HIGH SEASON,Thu,No,NONE,GOOD WEATHER
184,10/01/2004,2908,7.97522084,23961.92,8.24,71,2.04,168,yes,SUNNY/CLOUDY,Sunny,NONE,OCT,LOW SEASON,Fri,No,NONE,GOOD WEATHER
185,10/02/2004,3961,8.2842518,32361.37,8.17,78,2.03,159,yes,RAIN,RAIN,NONE,OCT,LOW SEASON,Sat,Yes,NONE,NOT GOOD WEATHER
186,10/03/2004,6069,8.71094913,49340.97,8.13,76,2.03,150,yes,SUNNY/CLOUDY,PARTLY CLOUDY,NONE,OCT,LOW SEASON,Sun,Yes,NONE,GOOD WEATHER
187,10/04/2004,3941,8.27918978,32158.56,8.16,74,2.03,141,yes,SUNNY/CLOUDY,PARTLY CLOUDY,NONE,OCT,LOW SEASON,Mon,No,NONE,GOOD WEATHER
188,10/05/2004,3348,8.11611843,27353.16,8.17,76,2.03,133,yes,SUNNY/CLOUDY,PARTLY CLOUDY,NONE,OCT,LOW SEASON,Tue,No,NONE,GOOD WEATHER
189,10/06/2004,4896,8.49617382,489.6,0.1,76,2.03,126,yes,SUNNY/CLOUDY,Sunny,NONE,OCT,LOW SEASON,Wed,No,NONE,GOOD WEATHER
190,10/07/2004,3239,8.08301992,27337.16,8.44,75,2.03,119,yes,SUNNY/CLOUDY,Sunny,NONE,OCT,LOW SEASON,Thu,No,NONE,GOOD WEATHER
191,10/08/2004,3565,8.17891933,29268.65,8.21,73,2.03,112,yes,SUNNY/CLOUDY,PARTLY CLOUDY,NONE,OCT,LOW SEASON,Fri,No,NONE,GOOD WEATHER
192,10/09/2004,6353,8.75668242,51904.01,8.17,60,2.03,106,yes,SUNNY/CLOUDY,MOSTLY CLOUDY,NONE,OCT,LOW SEASON,Sat,Yes,NONE,GOOD WEATHER
193,10/10/2004,7893,8.97373157,64091.16,8.12,62,2.03,100,yes,RAIN,RAIN,NONE,OCT,LOW SEASON,Sun,Yes,NONE,NOT GOOD WEATHER
194,10/11/2004,6806,8.82555986,55468.9,8.15,64,2.03,95,yes,SUNNY/CLOUDY,PARTLY CLOUDY,ExtremeXplorers,OCT,LOW SEASON,Mon,No,Have Events,GOOD WEATHER
195,10/12/2004,1825,7.50933527,15074.5,8.26,59,2.03,90,yes,SUNNY/CLOUDY,PARTLY CLOUDY,NONE,OCT,LOW SEASON,Tue,No,NONE,GOOD WEATHER
196,10/13/2004,5706,8.64927353,570.6,0.1,61,2.03,85,yes,SUNNY/CLOUDY,PARTLY CLOUDY,NONE,OCT,LOW SEASON,Wed,No,NONE,GOOD WEATHER
197,10/14/2004,3391,8.12888014,27195.82,8.02,64,2.03,80,yes,SUNNY/CLOUDY,MOSTLY CLOUDY,NONE,OCT,LOW SEASON,Thu,No,NONE,GOOD WEATHER
198,10/15/2004,923,6.82762923,7928.57,8.59,74,2.03,76,yes,RAIN,RAIN,NONE,OCT,LOW SEASON,Fri,No,NONE,NOT GOOD WEATHER
199,10/16/2004,3531,8.1693364,28812.96,8.16,66,2.03,72,yes,SUNNY/CLOUDY,MOSTLY CLOUDY,NONE,OCT,LOW SEASON,Sat,Yes,NONE,GOOD WEATHER
200,10/17/2004,4354,8.37885024,35398.02,8.13,65,2.03,68,yes,SUNNY/CLOUDY,PARTLY CLOUDY,NONE,OCT,LOW SEASON,Sun,Yes,NONE,GOOD WEATHER
201,10/18/2004,1317,7.1831117,10983.78,8.34,71,2.02,64,yes,RAIN,RAIN,NONE,OCT,LOW SEASON,Mon,No,NONE,NOT GOOD WEATHER
202,10/19/2004,720,6.57925121,5889.6,8.18,70,2.02,61,yes,RAIN,RAIN,NONE,OCT,LOW SEASON,Tue,No,NONE,NOT GOOD WEATHER
203,10/20/2004,3755,8.23084356,375.5,0.1,61,2.02,58,yes,RAIN,RAIN,NONE,OCT,LOW SEASON,Wed,No,NONE,NOT GOOD WEATHER
204,10/21/2004,2330,7.75362355,19036.1,8.17,55,2.02,55,yes,RAIN,RAIN,NONE,OCT,LOW SEASON,Thu,No,NONE,NOT GOOD WEATHER
205,10/22/2004,12607,9.44200749,104007.75,8.25,53,2.02,52,yes,SUNNY/CLOUDY,MOSTLY CLOUDY,BooZoo,OCT,LOW SEASON,Fri,No,Have Events,GOOD WEATHER
206,10/23/2004,5803,8.6661303,47294.45,8.15,56,2.02,49,yes,SUNNY/CLOUDY,MOSTLY CLOUDY,BooZoo,OCT,LOW SEASON,Sat,Yes,Have Events,GOOD WEATHER
207,10/24/2004,3907,8.2705251,31685.77,8.11,53,2.02,46,yes,SUNNY/CLOUDY,MOSTLY CLOUDY,NONE,OCT,LOW SEASON,Sun,Yes,NONE,GOOD WEATHER
208,10/25/2004,1057,6.96318999,8762.53,8.29,52,2.02,44,yes,SUNNY/CLOUDY,MOSTLY CLOUDY,NONE,OCT,LOW SEASON,Mon,No,NONE,GOOD WEATHER
209,10/26/2004,3906,8.27026911,32068.26,8.21,52,2.02,42,yes,SUNNY/CLOUDY,MOSTLY CLOUDY,NONE,OCT,LOW SEASON,Tue,No,NONE,GOOD WEATHER
210,10/27/2004,5808,8.66699156,580.8,0.1,50,2.02,40,yes,SUNNY/CLOUDY,PARTLY CLOUDY,NONE,OCT,LOW SEASON,Wed,No,NONE,GOOD WEATHER
211,10/28/2004,4557,8.42441979,37777.53,8.29,49,2.02,38,yes,SUNNY/CLOUDY,PARTLY CLOUDY,NONE,OCT,LOW SEASON,Thu,No,NONE,GOOD WEATHER
212,10/29/2004,2035,7.6182511,16564.9,8.14,50,2.02,36,yes,SUNNY/CLOUDY,MOSTLY CLOUDY,NONE,OCT,LOW SEASON,Fri,No,NONE,GOOD WEATHER
213,10/30/2004,2813,7.94200681,22729.04,8.08,68,2.02,34,yes,RAIN,RAIN,BooZoo,OCT,LOW SEASON,Sat,Yes,Have Events,NOT GOOD WEATHER
214,10/31/2004,7201,8.88197518,58328.1,8.1,69,2.02,32,yes,SUNNY/CLOUDY,PARTLY CLOUDY,BooZoo,OCT,LOW SEASON,Sun,Yes,Have Events,GOOD WEATHER
215,11/01/2004,1451,7.28000825,8981.69,6.19,62,2.02,30,yes,SUNNY/CLOUDY,PARTLY CLOUDY,NONE,NOV,LOW SEASON,Mon,No,NONE,GOOD WEATHER
216,11/02/2004,1411,7.25205395,8635.32,6.12,60,2.02,29,yes,SUNNY/CLOUDY,MOSTLY CLOUDY,NONE,NOV,LOW SEASON,Tue,No,NONE,GOOD WEATHER
217,11/03/2004,2940,7.98616486,294,0.1,59,2.01,27,yes,RAIN,RAIN,NONE,NOV,LOW SEASON,Wed,No,NONE,NOT GOOD WEATHER
218,11/04/2004,1230,7.11476945,7490.7,6.09,52,2.01,26,yes,RAIN,RAIN,NONE,NOV,LOW SEASON,Thu,No,NONE,NOT GOOD WEATHER
219,11/05/2004,2050,7.62559507,12505,6.1,55,2.01,25,yes,RAIN,RAIN,NONE,NOV,LOW SEASON,Fri,No,NONE,NOT GOOD WEATHER
220,11/06/2004,2298,7.73979446,14063.76,6.12,60,2.01,23,yes,SUNNY/CLOUDY,PARTLY CLOUDY,NONE,NOV,LOW SEASON,Sat,Yes,NONE,GOOD WEATHER
221,11/07/2004,3677,8.20985248,22503.24,6.12,69,2.01,22,yes,SUNNY/CLOUDY,PARTLY CLOUDY,HarvestFstvl,NOV,LOW SEASON,Sun,Yes,Have Events,GOOD WEATHER
222,11/08/2004,672,6.51025834,4092.48,6.09,58,2.01,21,yes,SUNNY/CLOUDY,PARTLY CLOUDY,NONE,NOV,LOW SEASON,Mon,No,NONE,GOOD WEATHER
223,11/09/2004,991,6.89871453,6045.1,6.1,42,2.01,20,yes,SUNNY/CLOUDY,PARTLY CLOUDY,NONE,NOV,LOW SEASON,Tue,No,NONE,GOOD WEATHER
224,11/10/2004,3218,8.07651533,321.8,0.1,44,2.01,19,yes,SUNNY/CLOUDY,PARTLY CLOUDY,NONE,NOV,LOW SEASON,Wed,No,NONE,GOOD WEATHER
225,11/11/2004,2453,7.80506704,14963.3,6.1,57,2.01,18,yes,SUNNY/CLOUDY,MOSTLY CLOUDY,NONE,NOV,LOW SEASON,Thu,No,NONE,GOOD WEATHER
226,11/12/2004,606,6.40687999,3654.18,6.03,48,2.01,17,yes,RAIN,RAIN,NONE,NOV,LOW SEASON,Fri,No,NONE,NOT GOOD WEATHER
227,11/13/2004,866,6.76388491,5230.64,6.04,44,2.01,16,yes,SNOW,SIGNIFICANTSNOW,NONE,NOV,LOW SEASON,Sat,Yes,NONE,NOT GOOD WEATHER
228,11/14/2004,1174,7.068172,7173.14,6.11,50,2.01,16,yes,SUNNY/CLOUDY,Sunny,NONE,NOV,LOW SEASON,Sun,Yes,NONE,GOOD WEATHER
229,11/15/2004,425,6.05208917,2639.25,6.21,60,2.01,15,yes,SUNNY/CLOUDY,Sunny,NONE,NOV,LOW SEASON,Mon,No,NONE,GOOD WEATHER
230,11/16/2004,753,6.62406523,4585.77,6.09,58,2.01,14,yes,SUNNY/CLOUDY,PARTLY CLOUDY,NONE,NOV,LOW SEASON,Tue,No,NONE,GOOD WEATHER
231,11/17/2004,2109,7.65396918,210.9,0.1,56,2.01,13,yes,SUNNY/CLOUDY,PARTLY CLOUDY,NONE,NOV,LOW SEASON,Wed,No,NONE,GOOD WEATHER
232,11/18/2004,1176,7.06987413,7267.68,6.18,55,2.01,13,yes,SUNNY/CLOUDY,MOSTLY CLOUDY,NONE,NOV,LOW SEASON,Thu,No,NONE,GOOD WEATHER
233,11/19/2004,1517,7.32448998,9344.72,6.16,62,2,12,yes,SUNNY/CLOUDY,MOSTLY CLOUDY,HolidayLights,NOV,LOW SEASON,Fri,No,Have Events,GOOD WEATHER
234,11/20/2004,397,5.98393628,2409.79,6.07,53,2,12,yes,RAIN,RAIN,HolidayLights,NOV,LOW SEASON,Sat,Yes,Have Events,NOT GOOD WEATHER
235,11/21/2004,763,6.63725803,4646.67,6.09,55,2,11,yes,RAIN,RAIN,HolidayLights,NOV,LOW SEASON,Sun,Yes,Have Events,NOT GOOD WEATHER
236,11/22/2004,1094,6.99759598,6760.92,6.18,55,2,11,yes,RAIN,RAIN,NONE,NOV,LOW SEASON,Mon,No,NONE,NOT GOOD WEATHER
237,11/23/2004,1152,7.04925484,7061.76,6.13,54,2,10,yes,SUNNY/CLOUDY,MOSTLY CLOUDY,NONE,NOV,LOW SEASON,Tue,No,NONE,GOOD WEATHER
238,11/24/2004,617,6.42486902,61.7,0.1,56,2,10,yes,RAIN,RAIN,NONE,NOV,LOW SEASON,Wed,No,NONE,NOT GOOD WEATHER
239,11/25/2004,470,6.15273269,2857.6,6.08,65,2,9,yes,RAIN,RAIN,NONE,NOV,LOW SEASON,Thu,No,NONE,NOT GOOD WEATHER
240,11/26/2004,2563,7.84893373,15711.19,6.13,47,2,9,yes,SUNNY/CLOUDY,Sunny,HolidayLights,NOV,LOW SEASON,Fri,No,Have Events,GOOD WEATHER
241,11/27/2004,2631,7.87511928,15996.48,6.08,53,2,8,yes,SUNNY/CLOUDY,MOSTLY CLOUDY,HolidayLights,NOV,LOW SEASON,Sat,Yes,Have Events,GOOD WEATHER
242,11/28/2004,135,4.90527478,810,6,58,2,8,yes,RAIN,RAIN,HolidayLights,NOV,LOW SEASON,Sun,Yes,Have Events,NOT GOOD WEATHER
243,11/29/2004,989,6.89669433,6062.57,6.13,50,2,8,yes,SUNNY/CLOUDY,PARTLY CLOUDY,HolidayLights,NOV,LOW SEASON,Mon,No,Have Events,GOOD WEATHER
244,11/30/2004,762,6.63594656,4739.64,6.22,49,2,7,yes,RAIN,RAIN,HolidayLights,NOV,LOW SEASON,Tue,No,Have Events,NOT GOOD WEATHER
245,12/01/2004,561,6.32972091,56.1,0.1,58,2,7,yes,RAIN,RAIN,HolidayLights,DEC,LOW SEASON,Wed,No,Have Events,NOT GOOD WEATHER
246,12/02/2004,571,6.34738921,3500.23,6.13,46,2,7,yes,SUNNY/CLOUDY,PARTLY CLOUDY,HolidayLights,DEC,LOW SEASON,Thu,No,Have Events,GOOD WEATHER
247,12/03/2004,517,6.24804287,3133.02,6.06,47,2,6,yes,SUNNY/CLOUDY,PARTLY CLOUDY,HolidayLights,DEC,LOW SEASON,Fri,No,Have Events,GOOD WEATHER
248,12/04/2004,749,6.61873898,4561.41,6.09,44,2,6,yes,SUNNY/CLOUDY,PARTLY CLOUDY,HolidayLights,DEC,LOW SEASON,Sat,Yes,Have Events,GOOD WEATHER
249,12/05/2004,1334,7.19593723,8177.42,6.13,55,1.99,6,yes,SUNNY/CLOUDY,PARTLY CLOUDY,HolidayLights,DEC,LOW SEASON,Sun,Yes,Have Events,GOOD WEATHER
250,12/06/2004,334,5.81114099,2037.4,6.1,42,1.99,6,yes,RAIN,RAIN,HolidayLights,DEC,LOW SEASON,Mon,No,Have Events,NOT GOOD WEATHER
251,12/07/2004,299,5.70044357,1994.33,6.67,49,1.99,5,no,RAIN,RAIN,HolidayLights,DEC,LOW SEASON,Tue,No,Have Events,NOT GOOD WEATHER
252,12/08/2004,1440,7.27239839,144,0.1,59,1.99,5,no,RAIN,RAIN,HolidayLights,DEC,LOW SEASON,Wed,No,Have Events,NOT GOOD WEATHER
253,12/09/2004,636,6.45519856,3936.84,6.19,48,1.99,5,no,RAIN,RAIN,HolidayLights,DEC,LOW SEASON,Thu,No,Have Events,NOT GOOD WEATHER
254,12/10/2004,308,5.73009978,1915.76,6.22,48,1.99,5,no,RAIN,RAIN,HolidayLights,DEC,LOW SEASON,Fri,No,Have Events,NOT GOOD WEATHER
255,12/11/2004,377,5.93224519,2299.7,6.1,52,1.99,5,no,RAIN,RAIN,HolidayLights,DEC,LOW SEASON,Sat,Yes,Have Events,NOT GOOD WEATHER
256,12/12/2004,705,6.5581978,4251.15,6.03,46,1.99,4,no,RAIN,RAIN,HolidayLights,DEC,LOW SEASON,Sun,Yes,Have Events,NOT GOOD WEATHER
257,12/13/2004,423,6.04737218,2588.76,6.12,46,1.99,4,no,RAIN,RAIN,HolidayLights,DEC,LOW SEASON,Mon,No,Have Events,NOT GOOD WEATHER
258,12/14/2004,542,6.295266,3322.46,6.13,38,1.99,4,no,SUNNY/CLOUDY,PARTLY CLOUDY,HolidayLights,DEC,LOW SEASON,Tue,No,Have Events,GOOD WEATHER
259,12/15/2004,849,6.74405919,84.9,0.1,33,1.99,4,no,SUNNY/CLOUDY,Sunny,HolidayLights,DEC,LOW SEASON,Wed,No,Have Events,GOOD WEATHER
260,12/16/2004,445,6.09807428,2678.9,6.02,43,1.99,4,no,SUNNY/CLOUDY,PARTLY CLOUDY,HolidayLights,DEC,LOW SEASON,Thu,No,Have Events,GOOD WEATHER
261,12/17/2004,600,6.39692966,3624,6.04,46,1.99,4,no,SUNNY/CLOUDY,PARTLY CLOUDY,HolidayLights,DEC,LOW SEASON,Fri,No,Have Events,GOOD WEATHER
262,12/18/2004,688,6.53378884,4203.68,6.11,44,1.99,4,no,SUNNY/CLOUDY,PARTLY CLOUDY,HolidayLights,DEC,LOW SEASON,Sat,Yes,Have Events,GOOD WEATHER
263,12/19/2004,509,6.23244802,3089.63,6.07,46,1.99,3,no,SNOW,SNOW,HolidayLights,DEC,LOW SEASON,Sun,Yes,Have Events,NOT GOOD WEATHER
264,12/20/2004,320,5.768321,1948.8,6.09,21,1.99,3,no,SNOW,SNOW,HolidayLights,DEC,LOW SEASON,Mon,No,Have Events,NOT GOOD WEATHER
265,12/21/2004,487,6.18826412,2965.83,6.09,38,1.99,3,no,SUNNY/CLOUDY,PARTLY CLOUDY,HolidayLights,DEC,LOW SEASON,Tue,No,Have Events,GOOD WEATHER
266,12/22/2004,1947,7.57404501,194.7,0.1,48,1.98,3,no,SUNNY/CLOUDY,MOSTLY CLOUDY,HolidayLights,DEC,LOW SEASON,Wed,No,Have Events,GOOD WEATHER
267,12/23/2004,147,4.99043259,889.35,6.05,56,1.98,3,no,RAIN,RAIN,HolidayLights,DEC,LOW SEASON,Thu,No,Have Events,NOT GOOD WEATHER
268,12/24/2004,251,5.52545294,1523.57,6.07,41,1.98,3,no,SUNNY/CLOUDY,MOSTLY CLOUDY,HolidayLights,DEC,LOW SEASON,Fri,No,Have Events,GOOD WEATHER
269,12/25/2004,507,6.228511,3107.91,6.13,33,1.98,3,no,SUNNY/CLOUDY,PARTLY CLOUDY,HolidayLights,DEC,LOW SEASON,Sat,Yes,Have Events,GOOD WEATHER
270,12/26/2004,524,6.26149168,3222.6,6.15,33,1.98,3,no,SNOW,SNOW,HolidayLights,DEC,LOW SEASON,Sun,Yes,Have Events,NOT GOOD WEATHER
271,12/27/2004,371,5.91620206,2251.97,6.07,28,1.98,3,no,SNOW,SNOW,HolidayLights,DEC,LOW SEASON,Mon,No,Have Events,NOT GOOD WEATHER
272,12/28/2004,931,6.83625928,5641.86,6.06,32,1.98,3,no,SUNNY/CLOUDY,MOSTLY CLOUDY,HolidayLights,DEC,LOW SEASON,Tue,No,Have Events,GOOD WEATHER
273,12/29/2004,4323,8.37170488,432.3,0.1,44,1.98,3,no,SUNNY/CLOUDY,MOSTLY CLOUDY,HolidayLights,DEC,LOW SEASON,Wed,No,Have Events,GOOD WEATHER
274,12/30/2004,2425,7.7935868,14792.5,6.1,45,1.98,2,no,SUNNY/CLOUDY,MOSTLY CLOUDY,HolidayLights,DEC,LOW SEASON,Thu,No,Have Events,GOOD WEATHER
275,12/31/2004,1575,7.36201055,9576,6.08,50,1.98,2,no,SUNNY/CLOUDY,MOSTLY CLOUDY,HolidayLights,DEC,LOW SEASON,Fri,No,Have Events,GOOD WEATHER
276,01/01/2005,4366,8.38160254,26545.28,6.08,60,1.98,2,no,SUNNY/CLOUDY,PARTLY CLOUDY,HolidayLights,JAN,LOW SEASON,Sat,Yes,Have Events,GOOD WEATHER
277,01/02/2005,1476,7.29709101,8944.56,6.06,47,1.98,2,no,SUNNY/CLOUDY,MOSTLY CLOUDY,HolidayLights,JAN,LOW SEASON,Sun,Yes,Have Events,GOOD WEATHER
278,01/03/2005,464,6.13988455,2816.48,6.07,55,1.98,2,no,RAIN,RAIN,HolidayLights,JAN,LOW SEASON,Mon,No,Have Events,NOT GOOD WEATHER
279,01/04/2005,234,5.45532112,1418.04,6.06,49,1.98,2,no,SUNNY/CLOUDY,MOSTLY CLOUDY,HolidayLights,JAN,LOW SEASON,Tue,No,Have Events,GOOD WEATHER
280,01/05/2005,602,6.40025745,60.2,0.1,45,1.98,2,no,SNOW,SNOW,HolidayLights,JAN,LOW SEASON,Wed,No,Have Events,NOT GOOD WEATHER
281,01/06/2005,266,5.58349631,1614.62,6.07,41,1.98,2,no,SNOW,SIGNIFICANTSNOW,HolidayLights,JAN,LOW SEASON,Thu,No,Have Events,NOT GOOD WEATHER
282,01/07/2005,529,6.27098843,3237.48,6.12,41,1.97,2,no,SUNNY/CLOUDY,MOSTLY CLOUDY,HolidayLights,JAN,LOW SEASON,Fri,No,Have Events,GOOD WEATHER
283,01/08/2005,105,4.65396035,641.55,6.11,42,1.97,2,no,RAIN,RAIN,HolidayLights,JAN,LOW SEASON,Sat,Yes,Have Events,NOT GOOD WEATHER
284,01/09/2005,1250,7.13089883,7575,6.06,40,1.97,1,no,SUNNY/CLOUDY,MOSTLY CLOUDY,HolidayLights,JAN,LOW SEASON,Sun,Yes,Have Events,GOOD WEATHER
285,01/10/2005,603,6.4019172,3696.39,6.13,47,1.97,1,no,SUNNY/CLOUDY,MOSTLY CLOUDY,NONE,JAN,LOW SEASON,Mon,No,NONE,GOOD WEATHER
286,01/11/2005,735,6.5998705,4410,6,40,1.97,1,no,SNOW,SIGNIFICANTSNOW,NONE,JAN,LOW SEASON,Tue,No,NONE,NOT GOOD WEATHER
287,01/12/2005,380,5.94017125,38,0.1,42,1.97,1,no,SUNNY/CLOUDY,MOSTLY CLOUDY,NONE,JAN,LOW SEASON,Wed,No,NONE,GOOD WEATHER
288,01/13/2005,690,6.5366916,4215.9,6.11,54,1.97,1,no,SUNNY/CLOUDY,MOSTLY CLOUDY,NONE,JAN,LOW SEASON,Thu,No,NONE,GOOD WEATHER
289,01/14/2005,195,5.27299956,1170,6,64,1.97,1,no,SNOW,SNOW,NONE,JAN,LOW SEASON,Fri,No,NONE,NOT GOOD WEATHER
290,01/15/2005,549,6.30809844,3332.43,6.07,34,1.99,1,no,SUNNY/CLOUDY,MOSTLY CLOUDY,NONE,JAN,LOW SEASON,Sat,Yes,NONE,GOOD WEATHER
291,01/16/2005,478,6.16961073,2882.34,6.03,31,2,1,no,SUNNY/CLOUDY,MOSTLY CLOUDY,NONE,JAN,LOW SEASON,Sun,Yes,NONE,GOOD WEATHER
292,01/17/2005,333,5.80814249,2014.65,6.05,28,2.02,1,no,SNOW,SNOW,NONE,JAN,LOW SEASON,Mon,No,NONE,NOT GOOD WEATHER
293,01/18/2005,146,4.98360662,887.68,6.08,19,2.03,1,no,SUNNY/CLOUDY,PARTLY CLOUDY,NONE,JAN,LOW SEASON,Tue,No,NONE,GOOD WEATHER
294,01/19/2005,352,5.86363118,35.2,0.1,28,2.05,1,no,SNOW,SNOW,NONE,JAN,LOW SEASON,Wed,No,NONE,NOT GOOD WEATHER
295,01/20/2005,333,5.80814249,2021.31,6.07,30,2.05,1,no,SNOW,SIGNIFICANTSNOW,NONE,JAN,LOW SEASON,Thu,No,NONE,NOT GOOD WEATHER
296,01/21/2005,236,5.46383181,1441.96,6.11,20,2.05,1,no,SUNNY/CLOUDY,PARTLY CLOUDY,NONE,JAN,LOW SEASON,Fri,No,NONE,GOOD WEATHER
297,01/22/2005,13,2.56494936,82.03,6.31,25,2.04,1,no,SNOW,SIGNIFICANTSNOW,NONE,JAN,LOW SEASON,Sat,Yes,NONE,NOT GOOD WEATHER
298,01/23/2005,1,0,0.1,0.1,24,2.04,1,no,SNOW,SNOW,NONE,JAN,LOW SEASON,Sun,Yes,NONE,NOT GOOD WEATHER
299,01/24/2005,261,5.56452041,1566,6,23,2.04,1,no,SNOW,SNOW,NONE,JAN,LOW SEASON,Mon,No,NONE,NOT GOOD WEATHER
300,01/25/2005,303,5.71373281,1830.12,6.04,35,2.04,1,no,SUNNY/CLOUDY,PARTLY CLOUDY,NONE,JAN,LOW SEASON,Tue,No,NONE,GOOD WEATHER
301,01/26/2005,577,6.35784227,57.7,0.1,37,2.04,1,no,SNOW,SNOW,NONE,JAN,LOW SEASON,Wed,No,NONE,NOT GOOD WEATHER
302,01/27/2005,476,6.16541785,2875.04,6.04,20,2.03,1,no,SUNNY/CLOUDY,PARTLY CLOUDY,NONE,JAN,LOW SEASON,Thu,No,NONE,GOOD WEATHER
303,01/28/2005,391,5.96870756,2346,6,24,2.03,1,no,SUNNY/CLOUDY,Sunny,NONE,JAN,LOW SEASON,Fri,No,NONE,GOOD WEATHER
304,01/29/2005,228,5.42934563,1381.68,6.06,34,2.03,1,no,SUNNY/CLOUDY,PARTLY CLOUDY,NONE,JAN,LOW SEASON,Sat,Yes,NONE,GOOD WEATHER
305,01/30/2005,385,5.95324333,2336.95,6.07,38,2.03,1,no,SNOW,SNOW,NONE,JAN,LOW SEASON,Sun,Yes,NONE,NOT GOOD WEATHER
306,01/31/2005,235,5.45958551,1452.3,6.18,36,2.03,1,no,SUNNY/CLOUDY,Sunny,NONE,JAN,LOW SEASON,Mon,No,NONE,GOOD WEATHER
307,02/01/2005,199,5.29330482,1209.92,6.08,37,2.02,1,no,SUNNY/CLOUDY,Sunny,NONE,FEB,LOW SEASON,Tue,No,NONE,GOOD WEATHER
308,02/02/2005,927,6.83195357,92.7,0.1,41,2.02,1,no,SUNNY/CLOUDY,Sunny,NONE,FEB,LOW SEASON,Wed,No,NONE,GOOD WEATHER
309,02/03/2005,428,6.0591232,2580.84,6.03,40,2.02,1,no,SNOW,SIGNIFICANTSNOW,NONE,FEB,LOW SEASON,Thu,No,NONE,NOT GOOD WEATHER
310,02/04/2005,388,5.96100534,2355.16,6.07,46,2.02,1,no,SNOW,SNOW,NONE,FEB,LOW SEASON,Fri,No,NONE,NOT GOOD WEATHER
311,02/05/2005,1624,7.39264752,9890.16,6.09,54,2.02,1,no,SUNNY/CLOUDY,Sunny,NONE,FEB,LOW SEASON,Sat,Yes,NONE,GOOD WEATHER
312,02/06/2005,2775,7.92840603,16899.75,6.09,52,2.01,1,no,SUNNY/CLOUDY,Sunny,NONE,FEB,LOW SEASON,Sun,Yes,NONE,GOOD WEATHER
313,02/07/2005,719,6.57786136,4407.47,6.13,47,2.01,1,no,SUNNY/CLOUDY,MOSTLY CLOUDY,NONE,FEB,LOW SEASON,Mon,No,NONE,GOOD WEATHER
314,02/08/2005,585,6.37161185,3556.8,6.08,48,2.01,1,no,SUNNY/CLOUDY,MOSTLY CLOUDY,NONE,FEB,LOW SEASON,Tue,No,NONE,GOOD WEATHER
315,02/09/2005,1482,7.30114781,148.2,0.1,54,2.01,1,no,SUNNY/CLOUDY,MOSTLY CLOUDY,NONE,FEB,LOW SEASON,Wed,No,NONE,GOOD WEATHER
316,02/10/2005,285,5.65248918,1710,6,44,2.01,1,no,SNOW,SIGNIFICANTSNOW,NONE,FEB,LOW SEASON,Thu,No,NONE,NOT GOOD WEATHER
317,02/11/2005,695,6.54391185,4183.9,6.02,41,2.01,1,no,SUNNY/CLOUDY,PARTLY CLOUDY,NONE,FEB,LOW SEASON,Fri,No,NONE,GOOD WEATHER
318,02/12/2005,696,6.54534966,4182.96,6.01,42,2,1,no,SUNNY/CLOUDY,MOSTLY CLOUDY,NONE,FEB,LOW SEASON,Sat,Yes,NONE,GOOD WEATHER
319,02/13/2005,1073,6.97821374,6480.92,6.04,41,2,1,no,SUNNY/CLOUDY,PARTLY CLOUDY,NONE,FEB,LOW SEASON,Sun,Yes,NONE,GOOD WEATHER
320,02/14/2005,757,6.62936325,4617.7,6.1,47,2,1,no,RAIN,RAIN,NONE,FEB,LOW SEASON,Mon,No,NONE,NOT GOOD WEATHER
321,02/15/2005,405,6.00388707,2442.15,6.03,55,2,1,no,RAIN,RAIN,NONE,FEB,LOW SEASON,Tue,No,NONE,NOT GOOD WEATHER
322,02/16/2005,1368,7.2211051,136.8,0.1,51,2,1,no,RAIN,RAIN,NONE,FEB,LOW SEASON,Wed,No,NONE,NOT GOOD WEATHER
323,02/17/2005,432,6.06842559,2600.64,6.02,38,1.99,1,no,SNOW,SIGNIFICANTSNOW,NONE,FEB,LOW SEASON,Thu,No,NONE,NOT GOOD WEATHER
324,02/18/2005,443,6.09356977,2680.15,6.05,32,1.99,1,no,SUNNY/CLOUDY,PARTLY CLOUDY,NONE,FEB,LOW SEASON,Fri,No,NONE,GOOD WEATHER
325,02/19/2005,486,6.18620862,2940.3,6.05,30,1.99,1,no,SUNNY/CLOUDY,PARTLY CLOUDY,NONE,FEB,LOW SEASON,Sat,Yes,NONE,GOOD WEATHER
326,02/20/2005,996,6.90374726,6055.68,6.08,37,1.99,1,no,SNOW,SNOW,NONE,FEB,LOW SEASON,Sun,Yes,NONE,NOT GOOD WEATHER
327,02/21/2005,182,5.20400669,1102.92,6.06,37,2,1,no,SNOW,SNOW,NONE,FEB,LOW SEASON,Mon,No,NONE,NOT GOOD WEATHER
328,02/22/2005,635,6.453625,3886.2,6.12,43,2,1,no,RAIN,RAIN,NONE,FEB,LOW SEASON,Tue,No,NONE,NOT GOOD WEATHER
329,02/23/2005,3898,8.26821888,389.8,0.1,41,2.01,1,no,SUNNY/CLOUDY,PARTLY CLOUDY,AfroAmerican,FEB,LOW SEASON,Wed,No,Have Events,GOOD WEATHER
330,02/24/2005,346,5.84643878,2107.14,6.09,31,2.01,1,no,SNOW,SNOW,NONE,FEB,LOW SEASON,Thu,No,NONE,NOT GOOD WEATHER
331,02/25/2005,279,5.63121178,1687.95,6.05,35,2.02,1,no,SNOW,SNOW,NONE,FEB,LOW SEASON,Fri,No,NONE,NOT GOOD WEATHER
332,02/26/2005,1700,7.43838353,10251,6.03,40,2.02,1,no,SNOW,SIGNIFICANTSNOW,NONE,FEB,LOW SEASON,Sat,Yes,NONE,NOT GOOD WEATHER
333,02/27/2005,3018,8.01234964,18198.54,6.03,37,2.03,1,no,SUNNY/CLOUDY,PARTLY CLOUDY,NONE,FEB,LOW SEASON,Sun,Yes,NONE,GOOD WEATHER
334,02/28/2005,305,5.72031178,1830,6,36,2.03,1,no,SNOW,SNOW,NONE,FEB,LOW SEASON,Mon,No,NONE,NOT GOOD WEATHER
335,03/01/2005,36,3.58351894,216,6,38,2.04,1,no,SNOW,SNOW,NONE,MAR,LOW SEASON,Tue,No,NONE,NOT GOOD WEATHER
336,03/02/2005,653,6.48157713,65.3,0.1,38,2.04,1,no,SUNNY/CLOUDY,MOSTLY CLOUDY,NONE,MAR,LOW SEASON,Wed,No,NONE,GOOD WEATHER
337,03/03/2005,769,6.64509097,4721.66,6.14,34,2.05,1,no,SUNNY/CLOUDY,MOSTLY CLOUDY,NONE,MAR,LOW SEASON,Thu,No,NONE,GOOD WEATHER
338,03/04/2005,362,5.89164421,2193.72,6.06,36,2.05,1,no,SUNNY/CLOUDY,PARTLY CLOUDY,NONE,MAR,LOW SEASON,Fri,No,NONE,GOOD WEATHER
339,03/05/2005,1008,6.91572345,6179.04,6.13,43,2.06,1,no,SUNNY/CLOUDY,PARTLY CLOUDY,NONE,MAR,LOW SEASON,Sat,Yes,NONE,GOOD WEATHER
340,03/06/2005,1040,6.94697599,6302.4,6.06,48,2.06,1,no,SUNNY/CLOUDY,MOSTLY CLOUDY,NONE,MAR,LOW SEASON,Sun,Yes,NONE,GOOD WEATHER
341,03/07/2005,999,6.90675478,6143.85,6.15,55,2.07,1,no,SUNNY/CLOUDY,MOSTLY CLOUDY,NONE,MAR,LOW SEASON,Mon,No,NONE,GOOD WEATHER
342,03/08/2005,464,6.13988455,2876.8,6.2,54,2.07,1,no,SNOW,SNOW,NONE,MAR,LOW SEASON,Tue,No,NONE,NOT GOOD WEATHER
343,03/09/2005,542,6.295266,54.2,0.1,30,2.08,1,no,SUNNY/CLOUDY,PARTLY CLOUDY,NONE,MAR,LOW SEASON,Wed,No,NONE,GOOD WEATHER
344,03/10/2005,569,6.34388043,3448.14,6.06,34,2.08,1,no,SUNNY/CLOUDY,PARTLY CLOUDY,NONE,MAR,LOW SEASON,Thu,No,NONE,GOOD WEATHER
345,03/11/2005,795,6.67834211,4968.75,6.25,46,2.09,1,no,SUNNY/CLOUDY,PARTLY CLOUDY,NONE,MAR,LOW SEASON,Fri,No,NONE,GOOD WEATHER
346,03/12/2005,666,6.50128967,4035.96,6.06,44,2.09,1,no,SNOW,SNOW,NONE,MAR,LOW SEASON,Sat,Yes,NONE,NOT GOOD WEATHER
347,03/13/2005,1307,7.17548971,7933.49,6.07,46,2.1,1,no,SUNNY/CLOUDY,MOSTLY CLOUDY,NONE,MAR,LOW SEASON,Sun,Yes,NONE,GOOD WEATHER
348,03/14/2005,792,6.67456139,4862.88,6.14,41,2.1,1,no,SUNNY/CLOUDY,PARTLY CLOUDY,NONE,MAR,LOW SEASON,Mon,No,NONE,GOOD WEATHER
349,03/15/2005,903,6.80572255,5499.27,6.09,46,2.11,1,no,SUNNY/CLOUDY,Sunny,NONE,MAR,LOW SEASON,Tue,No,NONE,GOOD WEATHER
350,03/16/2005,3269,8.09223941,326.9,0.1,46,2.11,1,no,SUNNY/CLOUDY,PARTLY CLOUDY,NONE,MAR,LOW SEASON,Wed,No,NONE,GOOD WEATHER
351,03/17/2005,868,6.76619171,5303.48,6.11,47,2.11,1,no,SUNNY/CLOUDY,MOSTLY CLOUDY,NONE,MAR,LOW SEASON,Thu,No,NONE,GOOD WEATHER
352,03/18/2005,1109,7.01121399,6775.99,6.11,51,2.12,1,no,SUNNY/CLOUDY,PARTLY CLOUDY,NONE,MAR,LOW SEASON,Fri,No,NONE,GOOD WEATHER
353,03/19/2005,3536,8.17075142,21498.88,6.08,50,2.12,1,no,SUNNY/CLOUDY,PARTLY CLOUDY,LivingGreen,MAR,LOW SEASON,Sat,Yes,Have Events,GOOD WEATHER
354,03/20/2005,389,5.96357934,2353.45,6.05,43,2.13,1,no,SNOW,SIGNIFICANTSNOW,LivingGreen,MAR,LOW SEASON,Sun,Yes,Have Events,NOT GOOD WEATHER
355,03/21/2005,958,6.86484778,5824.64,6.08,46,2.13,1,no,SUNNY/CLOUDY,MOSTLY CLOUDY,NONE,MAR,LOW SEASON,Mon,No,NONE,GOOD WEATHER
356,03/22/2005,3195,8.06934237,19489.5,6.1,54,2.14,1,no,SUNNY/CLOUDY,PARTLY CLOUDY,NONE,MAR,LOW SEASON,Tue,No,NONE,GOOD WEATHER
357,03/23/2005,1996,7.59890046,199.6,0.1,44,2.14,1,no,SNOW,SNOW,NONE,MAR,LOW SEASON,Wed,No,NONE,NOT GOOD WEATHER
358,03/24/2005,1520,7.32646561,9211.2,6.06,44,2.15,1,no,SNOW,SNOW,NONE,MAR,LOW SEASON,Thu,No,NONE,NOT GOOD WEATHER
359,03/25/2005,2104,7.65159557,12771.28,6.07,48,2.15,1,no,SUNNY/CLOUDY,MOSTLY CLOUDY,NONE,MAR,LOW SEASON,Fri,No,NONE,GOOD WEATHER
360,03/26/2005,5575,8.6260476,45324.75,8.13,47,2.16,1,no,SUNNY/CLOUDY,MOSTLY CLOUDY,Eggstreme,MAR,LOW SEASON,Sat,Yes,Have Events,GOOD WEATHER
361,03/27/2005,5724,8.65242314,46135.44,8.06,46,2.16,1,no,SUNNY/CLOUDY,MOSTLY CLOUDY,Eggstreme,MAR,LOW SEASON,Sun,Yes,Have Events,GOOD WEATHER
362,03/28/2005,317,5.75890177,2561.36,8.08,53,2.18,1,no,RAIN,RAIN,NONE,MAR,LOW SEASON,Mon,No,NONE,NOT GOOD WEATHER
363,03/29/2005,2056,7.62851763,16756.4,8.15,59,2.21,1,no,RAIN,RAIN,NONE,MAR,LOW SEASON,Tue,No,NONE,NOT GOOD WEATHER
364,03/30/2005,13544,9.51369892,1354.4,0.1,58,2.23,1,no,SUNNY/CLOUDY,PARTLY CLOUDY,NONE,MAR,LOW SEASON,Wed,No,NONE,GOOD WEATHER
365,03/31/2005,4527,8.41781475,36895.05,8.15,51,2.26,1,no,SUNNY/CLOUDY,MOSTLY CLOUDY,NONE,MAR,LOW SEASON,Thu,No,NONE,GOOD WEATHER
366,04/01/2005,1659,7.41397029,13554.03,8.17,49,2.28,1,no,SUNNY/CLOUDY,MOSTLY CLOUDY,NONE,APR,HIGH SEASON,Fri,No,NONE,GOOD WEATHER
367,04/02/2005,171,5.14166356,1405.62,8.22,52,2.27,1,no,RAIN,RAIN,NONE,APR,HIGH SEASON,Sat,Yes,NONE,NOT GOOD WEATHER
368,04/03/2005,523,6.25958146,4251.99,8.13,48,2.26,1,no,SUNNY/CLOUDY,MOSTLY CLOUDY,NONE,APR,HIGH SEASON,Sun,Yes,NONE,GOOD WEATHER
369,04/04/2005,1172,7.06646697,9622.12,8.21,60,2.24,1,no,SUNNY/CLOUDY,MOSTLY CLOUDY,NONE,APR,HIGH SEASON,Mon,No,NONE,GOOD WEATHER
370,04/05/2005,1910,7.55485852,15623.8,8.18,67,2.23,1,no,SUNNY/CLOUDY,PARTLY CLOUDY,NONE,APR,HIGH SEASON,Tue,No,NONE,GOOD WEATHER
371,04/06/2005,7902,8.97487117,790.2,0.1,66,2.22,1,no,SUNNY/CLOUDY,PARTLY CLOUDY,NONE,APR,HIGH SEASON,Wed,No,NONE,GOOD WEATHER
372,04/07/2005,1840,7.51752085,15124.8,8.22,76,2.23,1,no,RAIN,RAIN,NONE,APR,HIGH SEASON,Thu,No,NONE,NOT GOOD WEATHER
373,04/08/2005,2000,7.60090246,16260,8.13,63,2.24,1,no,RAIN,RAIN,NONE,APR,HIGH SEASON,Fri,No,NONE,NOT GOOD WEATHER
374,04/09/2005,7116,8.87010105,57710.76,8.11,61,2.25,1,no,SUNNY/CLOUDY,Sunny,NONE,APR,HIGH SEASON,Sat,Yes,NONE,GOOD WEATHER
375,04/10/2005,11765,9.3728843,95178.85,8.09,64,2.26,1,no,SUNNY/CLOUDY,PARTLY CLOUDY,NONE,APR,HIGH SEASON,Sun,Yes,NONE,GOOD WEATHER
376,04/11/2005,2024,7.61283103,16536.08,8.17,58,2.27,49,yes,SUNNY/CLOUDY,PARTLY CLOUDY,NONE,APR,HIGH SEASON,Mon,No,NONE,GOOD WEATHER
377,04/12/2005,3035,8.0179667,24765.6,8.16,57,2.28,97,yes,SUNNY/CLOUDY,Sunny,NONE,APR,HIGH SEASON,Tue,No,NONE,GOOD WEATHER
378,04/13/2005,6826,8.82849413,682.6,0.1,54,2.28,142,yes,SUNNY/CLOUDY,PARTLY CLOUDY,NONE,APR,HIGH SEASON,Wed,No,NONE,GOOD WEATHER
379,04/14/2005,4174,8.33663009,33934.62,8.13,63,2.29,185,yes,SUNNY/CLOUDY,Sunny,NONE,APR,HIGH SEASON,Thu,No,NONE,GOOD WEATHER
380,04/15/2005,3064,8.02747653,24879.68,8.12,57,2.3,227,yes,SUNNY/CLOUDY,Sunny,EASTER,APR,HIGH SEASON,Fri,No,Have Events,GOOD WEATHER
381,04/16/2005,9181,9.12489141,74366.1,8.1,58,2.31,268,yes,SUNNY/CLOUDY,Sunny,PoetrySafri,APR,HIGH SEASON,Sat,Yes,Have Events,GOOD WEATHER
382,04/17/2005,16991,9.74043907,137627.1,8.1,74,2.32,307,yes,SUNNY/CLOUDY,Sunny,PoetrySafri,APR,HIGH SEASON,Sun,Yes,Have Events,GOOD WEATHER
383,04/18/2005,8406,9.03670102,68340.78,8.13,75,2.33,372,yes,SUNNY/CLOUDY,PARTLY CLOUDY,EASTER,APR,HIGH SEASON,Mon,No,Have Events,GOOD WEATHER
384,04/19/2005,11429,9.34390926,92917.77,8.13,70,2.34,435,yes,SUNNY/CLOUDY,Sunny,EASTER,APR,HIGH SEASON,Tue,No,Have Events,GOOD WEATHER
385,04/20/2005,23929,10.0828464,2392.9,0.1,85,2.35,496,yes,RAIN,RAIN,EASTER,APR,HIGH SEASON,Wed,No,Have Events,NOT GOOD WEATHER
386,04/21/2005,8774,9.07954808,71332.62,8.13,71,2.36,554,yes,SUNNY/CLOUDY,MOSTLY CLOUDY,EASTER,APR,HIGH SEASON,Thu,No,Have Events,GOOD WEATHER
387,04/22/2005,10757,9.28331198,87346.84,8.12,56,2.37,611,yes,SUNNY/CLOUDY,MOSTLY CLOUDY,NONE,APR,HIGH SEASON,Fri,No,NONE,GOOD WEATHER
388,04/23/2005,1087,6.99117689,8804.7,8.1,55,2.38,665,yes,RAIN,RAIN,NONE,APR,HIGH SEASON,Sat,Yes,NONE,NOT GOOD WEATHER
389,04/24/2005,4531,8.41869794,36701.1,8.1,56,2.38,717,yes,RAIN,RAIN,NONE,APR,HIGH SEASON,Sun,Yes,NONE,NOT GOOD WEATHER
390,04/25/2005,4152,8.33134542,33631.2,8.1,55,2.37,822,yes,RAIN,RAIN,NONE,APR,HIGH SEASON,Mon,No,NONE,NOT GOOD WEATHER
391,04/26/2005,15572,9.65322971,126133.2,8.1,63,2.37,922,yes,SUNNY/CLOUDY,MOSTLY CLOUDY,NONE,APR,HIGH SEASON,Tue,No,NONE,GOOD WEATHER
392,04/27/2005,11757,9.37220409,1175.7,0.1,67,2.37,1018,yes,RAIN,RAIN,NONE,APR,HIGH SEASON,Wed,No,NONE,NOT GOOD WEATHER
393,04/28/2005,14427,9.57685673,116858.7,8.1,66,2.36,1110,yes,RAIN,RAIN,NONE,APR,HIGH SEASON,Thu,No,NONE,NOT GOOD WEATHER
394,04/29/2005,7076,8.86446406,57527.88,8.13,60,2.36,1199,yes,SUNNY/CLOUDY,MOSTLY CLOUDY,NONE,APR,HIGH SEASON,Fri,No,NONE,GOOD WEATHER
395,04/30/2005,1109,7.01121399,8960.72,8.08,59,2.36,1284,yes,RAIN,RAIN,NONE,APR,HIGH SEASON,Sat,Yes,NONE,NOT GOOD WEATHER
396,05/01/2005,5043,8.52575642,40848.3,8.1,65,2.35,1366,yes,SUNNY/CLOUDY,MOSTLY CLOUDY,NONE,MAY,HIGH SEASON,Sun,Yes,NONE,GOOD WEATHER
397,05/02/2005,2278,7.73105314,18679.6,8.2,62,2.35,1340,yes,RAIN,RAIN,NONE,MAY,HIGH SEASON,Mon,No,NONE,NOT GOOD WEATHER
398,05/03/2005,5376,8.58969988,43921.92,8.17,61,2.35,1316,yes,SUNNY/CLOUDY,PARTLY CLOUDY,NONE,MAY,HIGH SEASON,Tue,No,NONE,GOOD WEATHER
399,05/04/2005,9826,9.19278721,982.6,0.1,62,2.34,1292,yes,SUNNY/CLOUDY,PARTLY CLOUDY,NONE,MAY,HIGH SEASON,Wed,No,NONE,GOOD WEATHER
400,05/05/2005,6982,8.85109069,57461.86,8.23,60,2.34,1269,yes,SUNNY/CLOUDY,PARTLY CLOUDY,NONE,MAY,HIGH SEASON,Thu,No,NONE,GOOD WEATHER
401,05/06/2005,3902,8.26924452,31840.32,8.16,56,2.34,1247,yes,RAIN,RAIN,NONE,MAY,HIGH SEASON,Fri,No,NONE,NOT GOOD WEATHER
402,05/07/2005,2527,7.83478811,20569.78,8.14,63,2.34,1226,yes,RAIN,RAIN,MomsDay,MAY,HIGH SEASON,Sat,Yes,Have Events,NOT GOOD WEATHER
403,05/08/2005,7036,8.85879511,57554.48,8.18,64,2.33,1205,yes,RAIN,RAIN,MomsDay,MAY,HIGH SEASON,Sun,Yes,Have Events,NOT GOOD WEATHER
404,05/09/2005,4230,8.34995727,34812.9,8.23,65,2.33,1290,yes,SUNNY/CLOUDY,PARTLY CLOUDY,MomsDay,MAY,HIGH SEASON,Mon,No,Have Events,GOOD WEATHER
405,05/10/2005,6532,8.78446845,53431.76,8.18,62,2.33,1371,yes,SUNNY/CLOUDY,PARTLY CLOUDY,NONE,MAY,HIGH SEASON,Tue,No,NONE,GOOD WEATHER
406,05/11/2005,15549,9.65175161,1554.9,0.1,66,2.33,1449,yes,SUNNY/CLOUDY,PARTLY CLOUDY,NONE,MAY,HIGH SEASON,Wed,No,NONE,GOOD WEATHER
407,05/12/2005,7308,8.89672492,60364.08,8.26,69,2.32,1524,yes,RAIN,RAIN,NONE,MAY,HIGH SEASON,Thu,No,NONE,NOT GOOD WEATHER
408,05/13/2005,9587,9.16816329,79092.75,8.25,60,2.32,1597,yes,SUNNY/CLOUDY,PARTLY CLOUDY,NONE,MAY,HIGH SEASON,Fri,No,NONE,GOOD WEATHER
409,05/14/2005,7947,8.98054978,64768.05,8.15,69,2.32,1666,yes,SUNNY/CLOUDY,MOSTLY CLOUDY,NONE,MAY,HIGH SEASON,Sat,Yes,NONE,GOOD WEATHER
410,05/15/2005,6022,8.70317471,48958.86,8.13,78,2.32,1732,yes,RAIN,RAIN,NONE,MAY,HIGH SEASON,Sun,Yes,NONE,NOT GOOD WEATHER
411,05/16/2005,4729,8.46146904,38635.93,8.17,67,2.31,1692,yes,SUNNY/CLOUDY,MOSTLY CLOUDY,NONE,MAY,HIGH SEASON,Mon,No,NONE,GOOD WEATHER
412,05/17/2005,6825,8.82834762,56306.25,8.25,68,2.31,1654,yes,SUNNY/CLOUDY,PARTLY CLOUDY,NONE,MAY,HIGH SEASON,Tue,No,NONE,GOOD WEATHER
413,05/18/2005,12885,9.46381912,1288.5,0.1,69,2.31,1617,yes,SUNNY/CLOUDY,PARTLY CLOUDY,NONE,MAY,HIGH SEASON,Wed,No,NONE,GOOD WEATHER
414,05/19/2005,10040,9.21433239,82629.2,8.23,68,2.31,1582,yes,SUNNY/CLOUDY,PARTLY CLOUDY,NONE,MAY,HIGH SEASON,Thu,No,NONE,GOOD WEATHER
415,05/20/2005,4504,8.41272117,36932.8,8.2,57,2.3,1548,yes,SUNNY/CLOUDY,MOSTLY CLOUDY,NONE,MAY,HIGH SEASON,Fri,No,NONE,GOOD WEATHER
416,05/21/2005,10709,9.27883979,87171.26,8.14,69,2.3,1515,yes,RAIN,RAIN,NONE,MAY,HIGH SEASON,Sat,Yes,NONE,NOT GOOD WEATHER
417,05/22/2005,6873,8.83535597,56083.68,8.16,64,2.3,1484,yes,SUNNY/CLOUDY,MOSTLY CLOUDY,NONE,MAY,HIGH SEASON,Sun,Yes,NONE,GOOD WEATHER
418,05/23/2005,4388,8.38662882,36113.24,8.23,64,2.3,1461,yes,RAIN,RAIN,NONE,MAY,HIGH SEASON,Mon,No,NONE,NOT GOOD WEATHER
419,05/24/2005,6693,8.80881748,54681.81,8.17,62,2.29,1439,yes,SUNNY/CLOUDY,MOSTLY CLOUDY,NONE,MAY,HIGH SEASON,Tue,No,NONE,GOOD WEATHER
420,05/25/2005,5753,8.65747674,575.3,0.1,52,2.29,1467,yes,RAIN,RAIN,NONE,MAY,HIGH SEASON,Wed,No,NONE,NOT GOOD WEATHER
421,05/26/2005,8693,9.07027338,70674.09,8.13,59,2.29,1484,yes,SUNNY/CLOUDY,MOSTLY CLOUDY,NONE,MAY,HIGH SEASON,Thu,No,NONE,GOOD WEATHER
422,05/27/2005,12507,9.43404377,101806.98,8.14,75,2.29,1513,yes,SUNNY/CLOUDY,PARTLY CLOUDY,NONE,MAY,HIGH SEASON,Fri,No,NONE,GOOD WEATHER
423,05/28/2005,14294,9.56759515,115924.34,8.11,77,2.28,1531,yes,SUNNY/CLOUDY,MOSTLY CLOUDY,ButterflyBlast,MAY,HIGH SEASON,Sat,Yes,Have Events,GOOD WEATHER
424,05/29/2005,18284,9.81378164,148283.24,8.11,77,2.28,1540,yes,SUNNY/CLOUDY,MOSTLY CLOUDY,ButterflyBlast,MAY,HIGH SEASON,Sun,Yes,Have Events,GOOD WEATHER
425,05/30/2005,17378,9.76296032,140761.8,8.1,76,2.28,1511,yes,SUNNY/CLOUDY,PARTLY CLOUDY,ButterflyBlast,MAY,HIGH SEASON,Mon,No,Have Events,GOOD WEATHER
426,05/31/2005,8888,9.09245733,72259.44,8.13,77,2.28,1479,yes,SUNNY/CLOUDY,PARTLY CLOUDY,NONE,MAY,HIGH SEASON,Tue,No,NONE,GOOD WEATHER
427,06/01/2005,15848,9.67079859,1584.8,0.1,65,2.27,1445,yes,SUNNY/CLOUDY,MOSTLY CLOUDY,NONE,JUNE,HIGH SEASON,Wed,No,NONE,GOOD WEATHER
428,06/02/2005,14000,9.54681261,114520,8.18,66,2.27,1410,yes,SUNNY/CLOUDY,MOSTLY CLOUDY,NONE,JUNE,HIGH SEASON,Thu,No,NONE,GOOD WEATHER
429,06/03/2005,11063,9.31136149,91159.12,8.24,68,2.27,1375,yes,RAIN,RAIN,NONE,JUNE,HIGH SEASON,Fri,No,NONE,NOT GOOD WEATHER
430,06/04/2005,11087,9.31352853,90469.92,8.16,81,2.27,1339,yes,SUNNY/CLOUDY,MOSTLY CLOUDY,NONE,JUNE,HIGH SEASON,Sat,Yes,NONE,GOOD WEATHER
431,06/05/2005,15008,9.61633867,121564.8,8.1,86,2.26,1304,yes,SUNNY/CLOUDY,PARTLY CLOUDY,NONE,JUNE,HIGH SEASON,Sun,Yes,NONE,GOOD WEATHER
432,06/06/2005,9139,9.12030625,74665.63,8.17,85,2.26,1300,yes,RAIN,RAIN,NONE,JUNE,HIGH SEASON,Mon,No,NONE,NOT GOOD WEATHER
433,06/07/2005,6581,8.79194199,53964.2,8.2,89,2.26,1296,yes,SUNNY/CLOUDY,PARTLY CLOUDY,NONE,JUNE,HIGH SEASON,Tue,No,NONE,GOOD WEATHER
434,06/08/2005,20053,9.90613405,2005.3,0.1,91,2.27,1291,yes,SUNNY/CLOUDY,PARTLY CLOUDY,NONE,JUNE,HIGH SEASON,Wed,No,NONE,GOOD WEATHER
435,06/09/2005,10485,9.25770094,85977,8.2,82,2.27,1285,yes,SUNNY/CLOUDY,PARTLY CLOUDY,NONE,JUNE,HIGH SEASON,Thu,No,NONE,GOOD WEATHER
436,06/10/2005,9588,9.1682676,78238.08,8.16,81,2.28,1280,yes,RAIN,RAIN,NONE,JUNE,HIGH SEASON,Fri,No,NONE,NOT GOOD WEATHER
437,06/11/2005,7758,8.95647985,62994.96,8.12,81,2.28,1274,yes,SUNNY/CLOUDY,MOSTLY CLOUDY,NONE,JUNE,HIGH SEASON,Sat,Yes,NONE,GOOD WEATHER
438,06/12/2005,7160,8.87626526,58139.2,8.12,87,2.29,1268,yes,SUNNY/CLOUDY,MOSTLY CLOUDY,NONE,JUNE,HIGH SEASON,Sun,Yes,NONE,GOOD WEATHER
439,06/13/2005,4938,8.50471567,40047.18,8.11,88,2.29,1254,yes,SUNNY/CLOUDY,MOSTLY CLOUDY,NONE,JUNE,HIGH SEASON,Mon,No,NONE,GOOD WEATHER
440,06/14/2005,6489,8.77786371,52820.46,8.14,94,2.3,1242,yes,SUNNY/CLOUDY,PARTLY CLOUDY,NONE,JUNE,HIGH SEASON,Tue,No,NONE,GOOD WEATHER
441,06/15/2005,17949,9.79528968,1794.9,0.1,82,2.3,1230,yes,RAIN,RAIN,NONE,JUNE,HIGH SEASON,Wed,No,NONE,NOT GOOD WEATHER
442,06/16/2005,7500,8.9226583,61725,8.23,70,2.31,1231,yes,RAIN,RAIN,NONE,JUNE,HIGH SEASON,Thu,No,NONE,NOT GOOD WEATHER
443,06/17/2005,9622,9.17180742,78515.52,8.16,76,2.31,1232,yes,SUNNY/CLOUDY,PARTLY CLOUDY,NONE,JUNE,HIGH SEASON,Fri,No,NONE,GOOD WEATHER
444,06/18/2005,10500,9.25913054,85260,8.12,77,2.32,1232,yes,SUNNY/CLOUDY,MOSTLY CLOUDY,DadsDay,JUNE,HIGH SEASON,Sat,Yes,Have Events,GOOD WEATHER
445,06/19/2005,13192,9.48736586,107646.72,8.16,71,2.32,1233,yes,SUNNY/CLOUDY,MOSTLY CLOUDY,DadsDay,JUNE,HIGH SEASON,Sun,Yes,Have Events,GOOD WEATHER
446,06/20/2005,7192,8.88072458,58902.48,8.19,73,2.33,1241,yes,SUNNY/CLOUDY,PARTLY CLOUDY,NONE,JUNE,HIGH SEASON,Mon,No,NONE,GOOD WEATHER
447,06/21/2005,6024,8.70350677,49637.76,8.24,78,2.33,1248,yes,SUNNY/CLOUDY,PARTLY CLOUDY,NONE,JUNE,HIGH SEASON,Tue,No,NONE,GOOD WEATHER
448,06/22/2005,15911,9.67476597,1591.1,0.1,84,2.34,1254,yes,RAIN,RAIN,NONE,JUNE,HIGH SEASON,Wed,No,NONE,NOT GOOD WEATHER
449,06/23/2005,6666,8.80477526,54727.86,8.21,76,2.34,1260,yes,SUNNY/CLOUDY,PARTLY CLOUDY,NONE,JUNE,HIGH SEASON,Thu,No,NONE,GOOD WEATHER
450,06/24/2005,6432,8.76904081,52678.08,8.19,80,2.35,1265,yes,SUNNY/CLOUDY,PARTLY CLOUDY,NONE,JUNE,HIGH SEASON,Fri,No,NONE,GOOD WEATHER
451,06/25/2005,6822,8.82790796,55462.86,8.13,88,2.35,1269,yes,SUNNY/CLOUDY,PARTLY CLOUDY,NONE,JUNE,HIGH SEASON,Sat,Yes,NONE,GOOD WEATHER
452,06/26/2005,7130,8.87206651,57753,8.1,86,2.35,1273,yes,SUNNY/CLOUDY,PARTLY CLOUDY,NONE,JUNE,HIGH SEASON,Sun,Yes,NONE,GOOD WEATHER
453,06/27/2005,5713,8.65049956,46446.69,8.13,76,2.36,1248,yes,RAIN,RAIN,NONE,JUNE,HIGH SEASON,Mon,No,NONE,NOT GOOD WEATHER
454,06/28/2005,2964,7.99429499,24097.32,8.13,85,2.37,1220,yes,SUNNY/CLOUDY,MOSTLY CLOUDY,NONE,JUNE,HIGH SEASON,Tue,No,NONE,GOOD WEATHER
455,06/29/2005,20774,9.94145748,2077.4,0.1,86,2.38,1193,yes,RAIN,RAIN,NONE,JUNE,HIGH SEASON,Wed,No,NONE,NOT GOOD WEATHER
456,06/30/2005,4073,8.31213511,33357.87,8.19,79,2.39,1168,yes,RAIN,RAIN,NONE,JUNE,HIGH SEASON,Thu,No,NONE,NOT GOOD WEATHER
457,07/01/2005,4511,8.41427414,41410.98,9.18,80,2.4,1212,yes,RAIN,RAIN,NONE,JUL,HIGH SEASON,Fri,No,NONE,NOT GOOD WEATHER
458,07/02/2005,11966,9.38982457,109010.26,9.11,84,2.41,1235,yes,RAIN,RAIN,Bugmania,JUL,HIGH SEASON,Sat,Yes,Have Events,NOT GOOD WEATHER
459,07/03/2005,15139,9.62502947,138067.68,9.12,78,2.42,1243,yes,SUNNY/CLOUDY,PARTLY CLOUDY,Bugmania,JUL,HIGH SEASON,Sun,Yes,Have Events,GOOD WEATHER
460,07/04/2005,12026,9.39482625,109917.64,9.14,79,2.43,1274,yes,SUNNY/CLOUDY,PARTLY CLOUDY,Bugmania,JUL,HIGH SEASON,Mon,No,Have Events,GOOD WEATHER
461,07/05/2005,5741,8.65538869,52644.97,9.17,79,2.44,1297,yes,SUNNY/CLOUDY,MOSTLY CLOUDY,NONE,JUL,HIGH SEASON,Tue,No,NONE,GOOD WEATHER
462,07/06/2005,19359,9.87091271,1935.9,0.1,80,2.45,1315,yes,RAIN,RAIN,NONE,JUL,HIGH SEASON,Wed,No,NONE,NOT GOOD WEATHER
463,07/07/2005,7791,8.9607245,71521.38,9.18,75,2.46,1330,yes,RAIN,RAIN,NONE,JUL,HIGH SEASON,Thu,No,NONE,NOT GOOD WEATHER
464,07/08/2005,589,6.37842618,5348.12,9.08,68,2.48,1342,yes,RAIN,RAIN,NONE,JUL,HIGH SEASON,Fri,No,NONE,NOT GOOD WEATHER
465,07/09/2005,15364,9.63978239,140426.96,9.14,83,2.49,1352,yes,RAIN,RAIN,TigerTales,JUL,HIGH SEASON,Sat,Yes,Have Events,NOT GOOD WEATHER
466,07/10/2005,16357,9.70241122,149012.27,9.11,93,2.5,1360,yes,SUNNY/CLOUDY,PARTLY CLOUDY,TigerTales,JUL,HIGH SEASON,Sun,Yes,Have Events,GOOD WEATHER
467,07/11/2005,4358,8.37976852,39832.12,9.14,94,2.51,1335,yes,SUNNY/CLOUDY,PARTLY CLOUDY,NONE,JUL,HIGH SEASON,Mon,No,NONE,GOOD WEATHER
468,07/12/2005,12443,9.42891349,113853.45,9.15,86,2.52,1311,yes,RAIN,RAIN,NONE,JUL,HIGH SEASON,Tue,No,NONE,NOT GOOD WEATHER
469,07/13/2005,25152,10.1326927,2515.2,0.1,79,2.53,1287,yes,RAIN,RAIN,NONE,JUL,HIGH SEASON,Wed,No,NONE,NOT GOOD WEATHER
470,07/14/2005,8611,9.06079573,78876.76,9.16,81,2.53,1264,yes,SUNNY/CLOUDY,MOSTLY CLOUDY,NONE,JUL,HIGH SEASON,Thu,No,NONE,GOOD WEATHER
471,07/15/2005,7165,8.87696334,65416.45,9.13,82,2.53,1242,yes,SUNNY/CLOUDY,MOSTLY CLOUDY,NONE,JUL,HIGH SEASON,Fri,No,NONE,GOOD WEATHER
472,07/16/2005,7834,8.96622851,71289.4,9.1,83,2.53,1221,yes,SUNNY/CLOUDY,MOSTLY CLOUDY,ButterflyBlast,JUL,HIGH SEASON,Sat,Yes,Have Events,GOOD WEATHER
473,07/17/2005,5036,8.5243674,45777.24,9.09,79,2.53,1201,yes,RAIN,RAIN,ButterflyBlast,JUL,HIGH SEASON,Sun,Yes,Have Events,NOT GOOD WEATHER
474,07/18/2005,4519,8.41604601,41439.23,9.17,88,2.53,1213,yes,RAIN,RAIN,NONE,JUL,HIGH SEASON,Mon,No,NONE,NOT GOOD WEATHER
475,07/19/2005,5569,8.62497078,50844.97,9.13,92,2.53,1224,yes,SUNNY/CLOUDY,PARTLY CLOUDY,NONE,JUL,HIGH SEASON,Tue,No,NONE,GOOD WEATHER
476,07/20/2005,40858,10.6178579,4085.8,0.1,92,2.53,1234,yes,SUNNY/CLOUDY,PARTLY CLOUDY,NONE,JUL,HIGH SEASON,Wed,No,NONE,GOOD WEATHER
477,07/21/2005,15222,9.63049703,139129.08,9.14,91,2.53,1243,yes,SUNNY/CLOUDY,PARTLY CLOUDY,NONE,JUL,HIGH SEASON,Thu,No,NONE,GOOD WEATHER
478,07/22/2005,6807,8.82570677,62011.77,9.11,92,2.53,1252,yes,SUNNY/CLOUDY,MOSTLY CLOUDY,NONE,JUL,HIGH SEASON,Fri,No,NONE,GOOD WEATHER
479,07/23/2005,11561,9.35539264,105320.71,9.11,87,2.53,1261,yes,SUNNY/CLOUDY,PARTLY CLOUDY,NONE,JUL,HIGH SEASON,Sat,Yes,NONE,GOOD WEATHER
480,07/24/2005,12995,9.47231995,117994.6,9.08,88,2.53,1269,yes,SUNNY/CLOUDY,PARTLY CLOUDY,NONE,JUL,HIGH SEASON,Sun,Yes,NONE,GOOD WEATHER
481,07/25/2005,5468,8.6066682,49977.52,9.14,90,2.53,1245,yes,SUNNY/CLOUDY,MOSTLY CLOUDY,NONE,JUL,HIGH SEASON,Mon,No,NONE,GOOD WEATHER
482,07/26/2005,8966,9.10119492,81769.92,9.12,89,2.53,1225,yes,SUNNY/CLOUDY,PARTLY CLOUDY,NONE,JUL,HIGH SEASON,Tue,No,NONE,GOOD WEATHER
483,07/27/2005,20134,9.91016521,2013.4,0.1,94,2.53,1212,yes,SUNNY/CLOUDY,PARTLY CLOUDY,NONE,JUL,HIGH SEASON,Wed,No,NONE,GOOD WEATHER
484,07/28/2005,12334,9.42011496,112856.1,9.15,80,2.53,1195,yes,SUNNY/CLOUDY,MOSTLY CLOUDY,NONE,JUL,HIGH SEASON,Thu,No,NONE,GOOD WEATHER
485,07/29/2005,10382,9.24782882,95202.94,9.17,83,2.53,1177,yes,SUNNY/CLOUDY,MOSTLY CLOUDY,NONE,JUL,HIGH SEASON,Fri,No,NONE,GOOD WEATHER
486,07/30/2005,12063,9.3978982,109773.3,9.1,83,2.54,1161,yes,SUNNY/CLOUDY,MOSTLY CLOUDY,NONE,JUL,HIGH SEASON,Sat,Yes,NONE,GOOD WEATHER
487,07/31/2005,12960,9.46962297,117936,9.1,80,2.54,1145,yes,SUNNY/CLOUDY,MOSTLY CLOUDY,NONE,JUL,HIGH SEASON,Sun,Yes,NONE,GOOD WEATHER
488,08/01/2005,6872,8.83521046,62947.52,9.16,82,2.55,1172,yes,SUNNY/CLOUDY,MOSTLY CLOUDY,NONE,AUG,HIGH SEASON,Mon,No,NONE,GOOD WEATHER
489,08/02/2005,5932,8.6881167,53921.88,9.09,96,2.56,1197,yes,SUNNY/CLOUDY,PARTLY CLOUDY,NONE,AUG,HIGH SEASON,Tue,No,NONE,GOOD WEATHER
490,08/03/2005,25267,10.1372545,2526.7,0.1,95,2.57,1222,yes,SUNNY/CLOUDY,Sunny,NONE,AUG,HIGH SEASON,Wed,No,NONE,GOOD WEATHER
491,08/04/2005,5327,8.58054351,48369.16,9.08,91,2.57,1245,yes,SUNNY/CLOUDY,Sunny,NONE,AUG,HIGH SEASON,Thu,No,NONE,GOOD WEATHER
492,08/05/2005,5059,8.52892411,46087.49,9.11,95,2.58,1267,yes,SUNNY/CLOUDY,PARTLY CLOUDY,NONE,AUG,HIGH SEASON,Fri,No,NONE,GOOD WEATHER
493,08/06/2005,11426,9.34364674,103976.6,9.1,86,2.59,1288,yes,SUNNY/CLOUDY,MOSTLY CLOUDY,Kidsday,AUG,HIGH SEASON,Sat,Yes,Have Events,GOOD WEATHER
494,08/07/2005,12397,9.42520979,112812.7,9.1,85,2.6,1308,yes,SUNNY/CLOUDY,MOSTLY CLOUDY,Kidsday,AUG,HIGH SEASON,Sun,Yes,Have Events,GOOD WEATHER
495,08/08/2005,5803,8.6661303,53097.45,9.15,83,2.6,1286,yes,RAIN,RAIN,NONE,AUG,HIGH SEASON,Mon,No,NONE,NOT GOOD WEATHER
496,08/09/2005,4987,8.51458981,45531.31,9.13,81,2.61,1261,yes,RAIN,RAIN,NONE,AUG,HIGH SEASON,Tue,No,NONE,NOT GOOD WEATHER
497,08/10/2005,30361,10.3209142,3036.1,0.1,86,2.62,1238,yes,SUNNY/CLOUDY,MOSTLY CLOUDY,NONE,AUG,HIGH SEASON,Wed,No,NONE,GOOD WEATHER
498,08/11/2005,6324,8.7521072,57611.64,9.11,92,2.63,1216,yes,SUNNY/CLOUDY,PARTLY CLOUDY,NONE,AUG,HIGH SEASON,Thu,No,NONE,GOOD WEATHER
499,08/12/2005,4935,8.50410795,45056.55,9.13,91,2.63,1195,yes,RAIN,RAIN,NONE,AUG,HIGH SEASON,Fri,No,NONE,NOT GOOD WEATHER
500,08/13/2005,5191,8.55468164,47186.19,9.09,94,2.64,1175,yes,SUNNY/CLOUDY,PARTLY CLOUDY,Bugmania,AUG,HIGH SEASON,Sat,Yes,Have Events,GOOD WEATHER
501,08/14/2005,5141,8.54500289,46680.28,9.08,91,2.65,1155,yes,RAIN,RAIN,Bugmania,AUG,HIGH SEASON,Sun,Yes,Have Events,NOT GOOD WEATHER
502,08/15/2005,4773,8.47073032,43577.49,9.13,80,2.66,1125,yes,SUNNY/CLOUDY,MOSTLY CLOUDY,NONE,AUG,HIGH SEASON,Mon,No,NONE,GOOD WEATHER
503,08/16/2005,6719,8.81269461,61613.23,9.17,76,2.66,1126,yes,RAIN,RAIN,NONE,AUG,HIGH SEASON,Tue,No,NONE,NOT GOOD WEATHER
504,08/17/2005,36331,10.5004267,3633.1,0.1,89,2.67,1128,yes,SUNNY/CLOUDY,PARTLY CLOUDY,NONE,AUG,HIGH SEASON,Wed,No,NONE,GOOD WEATHER
505,08/18/2005,8143,9.00491394,74508.45,9.15,81,2.68,1130,yes,SUNNY/CLOUDY,MOSTLY CLOUDY,NONE,AUG,HIGH SEASON,Thu,No,NONE,GOOD WEATHER
506,08/19/2005,4442,8.39886,40377.78,9.09,77,2.72,1131,yes,SUNNY/CLOUDY,MOSTLY CLOUDY,NONE,AUG,HIGH SEASON,Fri,No,NONE,GOOD WEATHER
507,08/20/2005,7284,8.89343544,66357.24,9.11,83,2.75,1132,yes,SUNNY/CLOUDY,MOSTLY CLOUDY,Kidsday,AUG,HIGH SEASON,Sat,Yes,Have Events,GOOD WEATHER
508,08/21/2005,7467,8.91824859,67875.03,9.09,94,2.79,1134,yes,RAIN,RAIN,Kidsday,AUG,HIGH SEASON,Sun,Yes,Have Events,NOT GOOD WEATHER
509,08/22/2005,7090,8.86644062,64660.8,9.12,89,2.83,1135,yes,SUNNY/CLOUDY,PARTLY CLOUDY,NONE,AUG,HIGH SEASON,Mon,No,NONE,GOOD WEATHER
510,08/23/2005,9229,9.13010598,84445.35,9.15,83,2.87,1105,yes,SUNNY/CLOUDY,MOSTLY CLOUDY,NONE,AUG,HIGH SEASON,Tue,No,NONE,GOOD WEATHER
511,08/24/2005,38348,10.5544577,3834.8,0.1,81,2.91,1076,yes,SUNNY/CLOUDY,PARTLY CLOUDY,NONE,AUG,HIGH SEASON,Wed,No,NONE,GOOD WEATHER
512,08/25/2005,10415,9.25100235,95297.25,9.15,83,2.95,1049,yes,SUNNY/CLOUDY,PARTLY CLOUDY,NONE,AUG,HIGH SEASON,Thu,No,NONE,GOOD WEATHER
513,08/26/2005,8024,8.99019233,73339.36,9.14,84,2.99,1024,yes,SUNNY/CLOUDY,MOSTLY CLOUDY,NONE,AUG,HIGH SEASON,Fri,No,NONE,GOOD WEATHER
514,08/27/2005,10164,9.22660734,92695.68,9.12,82,3.03,999,yes,SUNNY/CLOUDY,MOSTLY CLOUDY,NONE,AUG,HIGH SEASON,Sat,Yes,NONE,GOOD WEATHER
515,08/28/2005,6807,8.82570677,61875.63,9.09,82,3.07,983,yes,SUNNY/CLOUDY,MOSTLY CLOUDY,NONE,AUG,HIGH SEASON,Sun,Yes,NONE,GOOD WEATHER
516,08/29/2005,6079,8.71259549,55501.27,9.13,84,3.11,898,yes,SUNNY/CLOUDY,MOSTLY CLOUDY,NONE,AUG,HIGH SEASON,Mon,No,NONE,GOOD WEATHER
517,08/30/2005,2813,7.94200681,25570.17,9.09,85,3.15,849,yes,RAIN,RAIN,NONE,AUG,HIGH SEASON,Tue,No,NONE,NOT GOOD WEATHER
518,08/31/2005,13828,9.5344508,1382.8,0.1,85,3.2,823,yes,SUNNY/CLOUDY,MOSTLY CLOUDY,NONE,AUG,HIGH SEASON,Wed,No,NONE,GOOD WEATHER
519,09/01/2005,5825,8.66991428,53065.75,9.11,86,3.24,814,yes,SUNNY/CLOUDY,PARTLY CLOUDY,NONE,SEP,HIGH SEASON,Thu,No,NONE,GOOD WEATHER
520,09/02/2005,5751,8.65712903,52736.67,9.17,90,3.28,815,yes,SUNNY/CLOUDY,Sunny,NONE,SEP,HIGH SEASON,Fri,No,NONE,GOOD WEATHER
521,09/03/2005,10629,9.27134139,97149.06,9.14,83,3.33,824,yes,SUNNY/CLOUDY,PARTLY CLOUDY,RetroWeeknd,SEP,HIGH SEASON,Sat,Yes,Have Events,GOOD WEATHER
522,09/04/2005,15941,9.67664969,145381.92,9.12,83,3.37,830,yes,SUNNY/CLOUDY,PARTLY CLOUDY,RetroWeeknd,SEP,HIGH SEASON,Sun,Yes,Have Events,GOOD WEATHER
523,09/05/2005,13461,9.50755189,122629.71,9.11,80,3.42,789,yes,SUNNY/CLOUDY,PARTLY CLOUDY,RetroWeeknd,SEP,HIGH SEASON,Mon,No,Have Events,GOOD WEATHER
524,09/06/2005,3658,8.20467183,33470.7,9.15,79,3.39,752,yes,SUNNY/CLOUDY,Sunny,NONE,SEP,HIGH SEASON,Tue,No,NONE,GOOD WEATHER
525,09/07/2005,11428,9.34382176,1142.8,0.1,79,3.36,719,yes,SUNNY/CLOUDY,Sunny,NONE,SEP,HIGH SEASON,Wed,No,NONE,GOOD WEATHER
526,09/08/2005,1900,7.54960917,17594,9.26,83,3.33,688,yes,SUNNY/CLOUDY,PARTLY CLOUDY,NONE,SEP,HIGH SEASON,Thu,No,NONE,GOOD WEATHER
527,09/09/2005,1972,7.58680354,18260.72,9.26,82,3.3,660,yes,SUNNY/CLOUDY,PARTLY CLOUDY,NONE,SEP,HIGH SEASON,Fri,No,NONE,GOOD WEATHER
528,09/10/2005,7200,8.88183631,65880,9.15,80,3.27,633,yes,SUNNY/CLOUDY,PARTLY CLOUDY,Grandparents,SEP,HIGH SEASON,Sat,Yes,Have Events,GOOD WEATHER
529,09/11/2005,7629,8.93971205,69729.06,9.14,77,3.24,609,yes,SUNNY/CLOUDY,PARTLY CLOUDY,Grandparents,SEP,HIGH SEASON,Sun,Yes,Have Events,GOOD WEATHER
530,09/12/2005,1617,7.38832786,14973.42,9.26,90,3.21,616,yes,SUNNY/CLOUDY,Sunny,NONE,SEP,HIGH SEASON,Mon,No,NONE,GOOD WEATHER
531,09/13/2005,1250,7.13089883,11475,9.18,89,3.18,624,yes,SUNNY/CLOUDY,Sunny,NONE,SEP,HIGH SEASON,Tue,No,NONE,GOOD WEATHER
532,09/14/2005,4835,8.48363641,483.5,0.1,81,3.15,631,yes,SUNNY/CLOUDY,MOSTLY CLOUDY,NONE,SEP,HIGH SEASON,Wed,No,NONE,GOOD WEATHER
533,09/15/2005,576,6.35610766,5351.04,9.29,82,3.12,638,yes,SUNNY/CLOUDY,MOSTLY CLOUDY,NONE,SEP,HIGH SEASON,Thu,No,NONE,GOOD WEATHER
534,09/16/2005,785,6.66568372,7261.25,9.25,81,3.09,644,yes,RAIN,RAIN,NONE,SEP,HIGH SEASON,Fri,No,NONE,NOT GOOD WEATHER
535,09/17/2005,10212,9.23131878,93133.44,9.12,83,3.06,651,yes,SUNNY/CLOUDY,MOSTLY CLOUDY,HispanicWeekend,SEP,HIGH SEASON,Sat,Yes,Have Events,GOOD WEATHER
536,09/18/2005,12993,9.47216603,118885.95,9.15,83,3.04,656,yes,SUNNY/CLOUDY,PARTLY CLOUDY,HispanicWeekend,SEP,HIGH SEASON,Sun,Yes,Have Events,GOOD WEATHER
537,09/19/2005,1499,7.3125535,13835.77,9.23,85,3.01,631,yes,SUNNY/CLOUDY,PARTLY CLOUDY,NONE,SEP,HIGH SEASON,Mon,No,NONE,GOOD WEATHER
538,09/20/2005,960,6.86693328,8851.2,9.22,83,2.98,607,yes,SUNNY/CLOUDY,MOSTLY CLOUDY,NONE,SEP,HIGH SEASON,Tue,No,NONE,GOOD WEATHER
539,09/21/2005,6148,8.7238821,614.8,0.1,83,2.95,584,yes,SUNNY/CLOUDY,Sunny,NONE,SEP,HIGH SEASON,Wed,No,NONE,GOOD WEATHER
540,09/22/2005,1974,7.58781722,18239.76,9.24,83,2.93,562,yes,SUNNY/CLOUDY,Sunny,NONE,SEP,HIGH SEASON,Thu,No,NONE,GOOD WEATHER
541,09/23/2005,2315,7.74716497,21367.45,9.23,87,2.9,541,yes,SUNNY/CLOUDY,MOSTLY CLOUDY,NONE,SEP,HIGH SEASON,Fri,No,NONE,GOOD WEATHER
542,09/24/2005,7668,8.9448111,69855.48,9.11,73,2.89,521,yes,SUNNY/CLOUDY,PARTLY CLOUDY,NONE,SEP,HIGH SEASON,Sat,Yes,NONE,GOOD WEATHER
543,09/25/2005,6793,8.82364795,62088.02,9.14,72,2.89,502,yes,SUNNY/CLOUDY,MOSTLY CLOUDY,NONE,SEP,HIGH SEASON,Sun,Yes,NONE,GOOD WEATHER
544,09/26/2005,893,6.79458658,8197.74,9.18,80,2.88,451,yes,RAIN,RAIN,NONE,SEP,HIGH SEASON,Mon,No,NONE,NOT GOOD WEATHER
545,09/27/2005,1384,7.23273314,12885.04,9.31,77,2.87,416,yes,SUNNY/CLOUDY,PARTLY CLOUDY,NONE,SEP,HIGH SEASON,Tue,No,NONE,GOOD WEATHER
546,09/28/2005,5540,8.61974978,554,0.1,74,2.86,387,yes,SUNNY/CLOUDY,PARTLY CLOUDY,NONE,SEP,HIGH SEASON,Wed,No,NONE,GOOD WEATHER
547,09/29/2005,851,6.74641213,7931.32,9.32,75,2.86,361,yes,SUNNY/CLOUDY,MOSTLY CLOUDY,NONE,SEP,HIGH SEASON,Thu,No,NONE,GOOD WEATHER
548,09/30/2005,2132,7.66481579,19955.52,9.36,83,2.85,339,yes,SUNNY/CLOUDY,PARTLY CLOUDY,NONE,SEP,HIGH SEASON,Fri,No,NONE,GOOD WEATHER
549,10/01/2005,6288,8.74639833,57283.68,9.11,71,2.84,319,yes,SUNNY/CLOUDY,Sunny,NONE,OCT,LOW SEASON,Sat,Yes,NONE,GOOD WEATHER
550,10/02/2005,7686,8.94715577,70096.32,9.12,78,2.83,301,yes,SUNNY/CLOUDY,Sunny,NONE,OCT,LOW SEASON,Sun,Yes,NONE,GOOD WEATHER
551,10/03/2005,2657,7.88495295,24550.68,9.24,76,2.83,285,yes,SUNNY/CLOUDY,PARTLY CLOUDY,NONE,OCT,LOW SEASON,Mon,No,NONE,GOOD WEATHER
552,10/04/2005,9199,9.12685006,84722.79,9.21,74,2.82,270,yes,SUNNY/CLOUDY,MOSTLY CLOUDY,NONE,OCT,LOW SEASON,Tue,No,NONE,GOOD WEATHER
553,10/05/2005,18186,9.80840735,1818.6,0.1,76,2.81,256,yes,SUNNY/CLOUDY,PARTLY CLOUDY,NONE,OCT,LOW SEASON,Wed,No,NONE,GOOD WEATHER
554,10/06/2005,2112,7.65539064,19641.6,9.3,76,2.8,244,yes,SUNNY/CLOUDY,MOSTLY CLOUDY,NONE,OCT,LOW SEASON,Thu,No,NONE,GOOD WEATHER
555,10/07/2005,1295,7.16626597,11849.25,9.15,75,2.8,232,yes,RAIN,RAIN,NONE,OCT,LOW SEASON,Fri,No,NONE,NOT GOOD WEATHER
556,10/08/2005,373,5.92157842,3368.19,9.03,73,2.79,221,yes,RAIN,RAIN,Safari,OCT,LOW SEASON,Sat,Yes,Have Events,NOT GOOD WEATHER
557,10/09/2005,1922,7.56112159,17547.86,9.13,60,2.78,210,yes,RAIN,RAIN,Safari,OCT,LOW SEASON,Sun,Yes,Have Events,NOT GOOD WEATHER
558,10/10/2005,1973,7.58731051,18013.49,9.13,62,2.78,201,yes,RAIN,RAIN,Safari,OCT,LOW SEASON,Mon,No,Have Events,NOT GOOD WEATHER
559,10/11/2005,728,6.59030105,6690.32,9.19,64,2.77,191,yes,SUNNY/CLOUDY,MOSTLY CLOUDY,NONE,OCT,LOW SEASON,Tue,No,NONE,GOOD WEATHER
560,10/12/2005,957,6.86380339,95.7,0.1,59,2.76,183,yes,RAIN,RAIN,NONE,OCT,LOW SEASON,Wed,No,NONE,NOT GOOD WEATHER
561,10/13/2005,128,4.85203026,1173.76,9.17,61,2.75,174,yes,RAIN,RAIN,NONE,OCT,LOW SEASON,Thu,No,NONE,NOT GOOD WEATHER
562,10/14/2005,390,5.96614674,3572.4,9.16,64,2.75,166,yes,RAIN,RAIN,NONE,OCT,LOW SEASON,Fri,No,NONE,NOT GOOD WEATHER
563,10/15/2005,4165,8.33447155,38193.05,9.17,74,2.74,159,yes,SUNNY/CLOUDY,MOSTLY CLOUDY,NONE,OCT,LOW SEASON,Sat,Yes,NONE,GOOD WEATHER
564,10/16/2005,4878,8.49249058,44633.7,9.15,66,2.73,152,yes,SUNNY/CLOUDY,PARTLY CLOUDY,NONE,OCT,LOW SEASON,Sun,Yes,NONE,GOOD WEATHER
565,10/17/2005,1544,7.34213173,14374.64,9.31,65,2.73,145,yes,SUNNY/CLOUDY,PARTLY CLOUDY,NONE,OCT,LOW SEASON,Mon,No,NONE,GOOD WEATHER
566,10/18/2005,3885,8.26487826,36208.2,9.32,71,2.72,139,yes,SUNNY/CLOUDY,PARTLY CLOUDY,NONE,OCT,LOW SEASON,Tue,No,NONE,GOOD WEATHER
567,10/19/2005,8245,9.01736223,824.5,0.1,70,2.71,133,yes,SUNNY/CLOUDY,PARTLY CLOUDY,NONE,OCT,LOW SEASON,Wed,No,NONE,GOOD WEATHER
568,10/20/2005,4966,8.51036997,45339.58,9.13,61,2.71,127,yes,SUNNY/CLOUDY,MOSTLY CLOUDY,NONE,OCT,LOW SEASON,Thu,No,NONE,GOOD WEATHER
569,10/21/2005,6656,8.80327398,61501.44,9.24,55,2.7,121,yes,RAIN,RAIN,NONE,OCT,LOW SEASON,Fri,No,NONE,NOT GOOD WEATHER
570,10/22/2005,541,6.29341928,4966.38,9.18,53,2.69,116,yes,RAIN,RAIN,BooZoo,OCT,LOW SEASON,Sat,Yes,Have Events,NOT GOOD WEATHER
571,10/23/2005,4958,8.50875771,45266.54,9.13,56,2.68,111,yes,RAIN,RAIN,BooZoo,OCT,LOW SEASON,Sun,Yes,Have Events,NOT GOOD WEATHER
572,10/24/2005,1329,7.19218206,12226.8,9.2,53,2.68,106,yes,RAIN,RAIN,NONE,OCT,LOW SEASON,Mon,No,NONE,NOT GOOD WEATHER
573,10/25/2005,370,5.91350301,3378.1,9.13,52,2.67,101,yes,RAIN,RAIN,NONE,OCT,LOW SEASON,Tue,No,NONE,NOT GOOD WEATHER
574,10/26/2005,4002,8.29454952,400.2,0.1,52,2.66,97,yes,RAIN,RAIN,NONE,OCT,LOW SEASON,Wed,No,NONE,NOT GOOD WEATHER
575,10/27/2005,3224,8.0783781,29886.48,9.27,50,2.66,93,yes,SUNNY/CLOUDY,MOSTLY CLOUDY,NONE,OCT,LOW SEASON,Thu,No,NONE,GOOD WEATHER
576,10/28/2005,2719,7.90801944,25096.37,9.23,49,2.65,89,yes,SUNNY/CLOUDY,MOSTLY CLOUDY,NONE,OCT,LOW SEASON,Fri,No,NONE,GOOD WEATHER
577,10/29/2005,3477,8.15392513,31710.24,9.12,50,2.65,85,yes,SUNNY/CLOUDY,MOSTLY CLOUDY,BooZoo,OCT,LOW SEASON,Sat,Yes,Have Events,GOOD WEATHER
578,10/30/2005,8697,9.07073342,79403.61,9.13,68,2.64,81,yes,SUNNY/CLOUDY,Sunny,BooZoo,OCT,LOW SEASON,Sun,Yes,Have Events,GOOD WEATHER
579,10/31/2005,1397,7.24208236,12838.43,9.19,69,2.63,78,yes,SUNNY/CLOUDY,PARTLY CLOUDY,NONE,OCT,LOW SEASON,Mon,No,NONE,GOOD WEATHER
580,11/01/2005,2309,7.74456981,16786.43,7.27,68,2.62,75,yes,SUNNY/CLOUDY,PARTLY CLOUDY,NONE,NOV,LOW SEASON,Tue,No,NONE,GOOD WEATHER
581,11/02/2005,3800,8.24275635,380,0.1,59,2.61,71,yes,SUNNY/CLOUDY,PARTLY CLOUDY,NONE,NOV,LOW SEASON,Wed,No,NONE,GOOD WEATHER
582,11/03/2005,1659,7.41397029,12011.16,7.24,66,2.6,68,yes,SUNNY/CLOUDY,PARTLY CLOUDY,NONE,NOV,LOW SEASON,Thu,No,NONE,GOOD WEATHER
583,11/04/2005,2417,7.79028238,17329.89,7.17,65,2.59,65,yes,SUNNY/CLOUDY,PARTLY CLOUDY,NONE,NOV,LOW SEASON,Fri,No,NONE,GOOD WEATHER
584,11/05/2005,6960,8.84793475,49694.4,7.14,68,2.58,63,yes,SUNNY/CLOUDY,MOSTLY CLOUDY,NONE,NOV,LOW SEASON,Sat,Yes,NONE,GOOD WEATHER
585,11/06/2005,4763,8.468633,34150.71,7.17,67,2.57,60,yes,SUNNY/CLOUDY,MOSTLY CLOUDY,NONE,NOV,LOW SEASON,Sun,Yes,NONE,GOOD WEATHER
586,11/07/2005,1789,7.48941208,12809.24,7.16,62,2.56,58,yes,SUNNY/CLOUDY,PARTLY CLOUDY,FallFamFestvl,NOV,LOW SEASON,Mon,No,Have Events,GOOD WEATHER
587,11/08/2005,3437,8.14235428,24608.92,7.16,65,2.55,55,yes,SUNNY/CLOUDY,PARTLY CLOUDY,NONE,NOV,LOW SEASON,Tue,No,NONE,GOOD WEATHER
588,11/09/2005,1739,7.46106551,173.9,0.1,60,2.54,53,yes,RAIN,RAIN,NONE,NOV,LOW SEASON,Wed,No,NONE,NOT GOOD WEATHER
589,11/10/2005,2457,7.80669637,17542.98,7.14,62,2.53,51,yes,RAIN,RAIN,NONE,NOV,LOW SEASON,Thu,No,NONE,NOT GOOD WEATHER
590,11/11/2005,3872,8.26152645,27646.08,7.14,48,2.52,49,yes,RAIN,RAIN,NONE,NOV,LOW SEASON,Fri,No,NONE,NOT GOOD WEATHER
591,11/12/2005,3865,8.25971696,27480.15,7.11,56,2.51,47,yes,SUNNY/CLOUDY,Sunny,NONE,NOV,LOW SEASON,Sat,Yes,NONE,GOOD WEATHER
592,11/13/2005,6008,8.70084719,42897.12,7.14,64,2.5,45,yes,SUNNY/CLOUDY,MOSTLY CLOUDY,NONE,NOV,LOW SEASON,Sun,Yes,NONE,GOOD WEATHER
593,11/14/2005,1221,7.10742547,8852.25,7.25,66,2.49,43,yes,RAIN,RAIN,NONE,NOV,LOW SEASON,Mon,No,NONE,NOT GOOD WEATHER
594,11/15/2005,537,6.28599809,3861.03,7.19,62,2.48,41,yes,SUNNY/CLOUDY,MOSTLY CLOUDY,NONE,NOV,LOW SEASON,Tue,No,NONE,GOOD WEATHER
595,11/16/2005,2814,7.94236224,281.4,0.1,66,2.47,39,yes,RAIN,RAIN,NONE,NOV,LOW SEASON,Wed,No,NONE,NOT GOOD WEATHER
596,11/17/2005,695,6.54391185,5004,7.2,48,2.47,38,yes,SUNNY/CLOUDY,PARTLY CLOUDY,NONE,NOV,LOW SEASON,Thu,No,NONE,GOOD WEATHER
597,11/18/2005,1140,7.03878354,8219.4,7.21,40,2.46,36,yes,SUNNY/CLOUDY,Sunny,HolidayLights,NOV,LOW SEASON,Fri,No,Have Events,GOOD WEATHER
598,11/19/2005,2264,7.72488844,16278.16,7.19,46,2.45,35,yes,SUNNY/CLOUDY,PARTLY CLOUDY,HolidayLights,NOV,LOW SEASON,Sat,Yes,Have Events,GOOD WEATHER
599,11/20/2005,2594,7.86095636,18598.98,7.17,57,2.44,33,yes,SUNNY/CLOUDY,PARTLY CLOUDY,HolidayLights,NOV,LOW SEASON,Sun,Yes,Have Events,GOOD WEATHER
600,11/21/2005,1635,7.39939808,11870.1,7.26,51,2.43,32,yes,RAIN,RAIN,HolidayLights,NOV,LOW SEASON,Mon,No,Have Events,NOT GOOD WEATHER
601,11/22/2005,493,6.20050917,3603.83,7.31,48,2.42,31,yes,RAIN,RAIN,HolidayLights,NOV,LOW SEASON,Tue,No,Have Events,NOT GOOD WEATHER
602,11/23/2005,1261,7.13966034,126.1,0.1,37,2.41,30,yes,SUNNY/CLOUDY,PARTLY CLOUDY,HolidayLights,NOV,LOW SEASON,Wed,No,Have Events,GOOD WEATHER
603,11/24/2005,428,6.0591232,3051.64,7.13,48,2.4,28,yes,SNOW,SNOW,HolidayLights,NOV,LOW SEASON,Thu,No,Have Events,NOT GOOD WEATHER
604,11/25/2005,1518,7.32514896,10868.88,7.16,33,2.39,27,yes,SUNNY/CLOUDY,PARTLY CLOUDY,HolidayLights,NOV,LOW SEASON,Fri,No,Have Events,GOOD WEATHER
605,11/26/2005,1553,7.34794382,11119.48,7.16,40,2.38,26,yes,SUNNY/CLOUDY,MOSTLY CLOUDY,HolidayLights,NOV,LOW SEASON,Sat,Yes,Have Events,GOOD WEATHER
606,11/27/2005,1882,7.54009032,13475.12,7.16,52,2.37,25,yes,RAIN,RAIN,HolidayLights,NOV,LOW SEASON,Sun,Yes,Have Events,NOT GOOD WEATHER
607,11/28/2005,655,6.48463524,4676.7,7.14,62,2.36,24,yes,RAIN,RAIN,HolidayLights,NOV,LOW SEASON,Mon,No,Have Events,NOT GOOD WEATHER
608,11/29/2005,492,6.19847872,3498.12,7.11,60,2.36,23,yes,RAIN,RAIN,HolidayLights,NOV,LOW SEASON,Tue,No,Have Events,NOT GOOD WEATHER
609,11/30/2005,1803,7.49720722,180.3,0.1,64,2.35,22,yes,RAIN,RAIN,HolidayLights,NOV,LOW SEASON,Wed,No,Have Events,NOT GOOD WEATHER
610,12/01/2005,626,6.43935037,4488.42,7.17,47,2.34,22,yes,SUNNY/CLOUDY,PARTLY CLOUDY,HolidayLights,DEC,LOW SEASON,Thu,No,Have Events,GOOD WEATHER
611,12/02/2005,554,6.31716469,4033.12,7.28,42,2.33,21,yes,SUNNY/CLOUDY,MOSTLY CLOUDY,HolidayLights,DEC,LOW SEASON,Fri,No,Have Events,GOOD WEATHER
612,12/03/2005,591,6.38181602,4196.1,7.1,36,2.32,20,yes,SUNNY/CLOUDY,PARTLY CLOUDY,HolidayLights,DEC,LOW SEASON,Sat,Yes,Have Events,GOOD WEATHER
613,12/04/2005,171,5.14166356,1202.13,7.03,35,2.32,19,yes,SNOW,SNOW,HolidayLights,DEC,LOW SEASON,Sun,Yes,Have Events,NOT GOOD WEATHER
614,12/05/2005,166,5.11198779,1259.94,7.59,36,2.33,18,yes,SNOW,SNOW,HolidayLights,DEC,LOW SEASON,Mon,No,Have Events,NOT GOOD WEATHER
615,12/06/2005,393,5.97380961,2888.55,7.35,37,2.34,18,yes,SNOW,SNOW,HolidayLights,DEC,LOW SEASON,Tue,No,Have Events,NOT GOOD WEATHER
616,12/07/2005,696,6.54534966,69.6,0.1,32,2.35,17,yes,SNOW,SNOW,HolidayLights,DEC,LOW SEASON,Wed,No,Have Events,NOT GOOD WEATHER
617,12/08/2005,322,5.77455155,2363.48,7.34,29,2.36,16,yes,SUNNY/CLOUDY,PARTLY CLOUDY,HolidayLights,DEC,LOW SEASON,Thu,No,Have Events,GOOD WEATHER
618,12/09/2005,181,5.19849703,1276.05,7.05,37,2.36,16,yes,SNOW,SNOW,HolidayLights,DEC,LOW SEASON,Fri,No,Have Events,NOT GOOD WEATHER
619,12/10/2005,459,6.12905021,3240.54,7.06,36,2.37,15,yes,SUNNY/CLOUDY,PARTLY CLOUDY,HolidayLights,DEC,LOW SEASON,Sat,Yes,Have Events,GOOD WEATHER
620,12/11/2005,511,6.23636959,3653.65,7.15,39,2.38,15,yes,SNOW,SNOW,HolidayLights,DEC,LOW SEASON,Sun,Yes,Have Events,NOT GOOD WEATHER
621,12/12/2005,534,6.28039584,3866.16,7.24,37,2.39,14,yes,SNOW,SNOW,HolidayLights,DEC,LOW SEASON,Mon,No,Have Events,NOT GOOD WEATHER
622,12/13/2005,371,5.91620206,2656.36,7.16,26,2.4,14,yes,SUNNY/CLOUDY,Sunny,HolidayLights,DEC,LOW SEASON,Tue,No,Have Events,GOOD WEATHER
623,12/14/2005,707,6.56103067,70.7,0.1,24,2.41,13,yes,SUNNY/CLOUDY,PARTLY CLOUDY,HolidayLights,DEC,LOW SEASON,Wed,No,Have Events,GOOD WEATHER
624,12/15/2005,491,6.19644413,3437,7,40,2.41,13,yes,SNOW,SIGNIFICANTSNOW,HolidayLights,DEC,LOW SEASON,Thu,No,Have Events,NOT GOOD WEATHER
625,12/16/2005,535,6.28226675,3873.4,7.24,53,2.41,12,yes,RAIN,RAIN,HolidayLights,DEC,LOW SEASON,Fri,No,Have Events,NOT GOOD WEATHER
626,12/17/2005,875,6.77422389,6247.5,7.14,42,2.41,12,yes,SUNNY/CLOUDY,PARTLY CLOUDY,HolidayLights,DEC,LOW SEASON,Sat,Yes,Have Events,GOOD WEATHER
627,12/18/2005,671,6.50876914,4770.81,7.11,40,2.41,11,yes,SUNNY/CLOUDY,MOSTLY CLOUDY,HolidayLights,DEC,LOW SEASON,Sun,Yes,Have Events,GOOD WEATHER
628,12/19/2005,874,6.77308038,6222.88,7.12,38,2.41,11,yes,SUNNY/CLOUDY,MOSTLY CLOUDY,HolidayLights,DEC,LOW SEASON,Mon,No,Have Events,GOOD WEATHER
629,12/20/2005,392,5.97126184,2849.84,7.27,34,2.42,11,yes,SUNNY/CLOUDY,PARTLY CLOUDY,HolidayLights,DEC,LOW SEASON,Tue,No,Have Events,GOOD WEATHER
630,12/21/2005,842,6.73578001,84.2,0.1,33,2.43,10,yes,SUNNY/CLOUDY,PARTLY CLOUDY,HolidayLights,DEC,LOW SEASON,Wed,No,Have Events,GOOD WEATHER
631,12/22/2005,405,6.00388707,2928.15,7.23,36,2.43,10,yes,SUNNY/CLOUDY,PARTLY CLOUDY,HolidayLights,DEC,LOW SEASON,Thu,No,Have Events,GOOD WEATHER
632,12/23/2005,424,6.04973346,3107.92,7.33,49,2.44,10,yes,SNOW,SIGNIFICANTSNOW,HolidayLights,DEC,LOW SEASON,Fri,No,Have Events,NOT GOOD WEATHER
633,12/24/2005,568,6.34212142,4129.36,7.27,54,2.45,9,yes,SUNNY/CLOUDY,PARTLY CLOUDY,HolidayLights,DEC,LOW SEASON,Sat,Yes,Have Events,GOOD WEATHER
634,12/25/2005,446,6.10031895,3264.72,7.32,53,2.46,9,yes,RAIN,RAIN,HolidayLights,DEC,LOW SEASON,Sun,Yes,Have Events,NOT GOOD WEATHER
635,12/26/2005,792,6.67456139,5734.08,7.24,53,2.47,9,yes,SUNNY/CLOUDY,MOSTLY CLOUDY,HolidayLights,DEC,LOW SEASON,Mon,No,Have Events,GOOD WEATHER
636,12/27/2005,1851,7.52348131,13290.18,7.18,43,2.47,8,yes,SUNNY/CLOUDY,PARTLY CLOUDY,HolidayLights,DEC,LOW SEASON,Tue,No,Have Events,GOOD WEATHER
637,12/28/2005,8422,9.03860261,842.2,0.1,48,2.48,8,yes,SUNNY/CLOUDY,MOSTLY CLOUDY,HolidayLights,DEC,LOW SEASON,Wed,No,Have Events,GOOD WEATHER
638,12/29/2005,286,5.65599181,2039.18,7.13,49,2.49,8,yes,RAIN,RAIN,HolidayLights,DEC,LOW SEASON,Thu,No,Have Events,NOT GOOD WEATHER
639,12/30/2005,2964,7.99429499,21162.96,7.14,46,2.5,8,yes,SUNNY/CLOUDY,PARTLY CLOUDY,HolidayLights,DEC,LOW SEASON,Fri,No,Have Events,GOOD WEATHER
640,12/31/2005,558,6.32435896,3961.8,7.1,37,2.51,7,yes,SNOW,SIGNIFICANTSNOW,HolidayLights,DEC,LOW SEASON,Sat,Yes,Have Events,NOT GOOD WEATHER
641,01/01/2006,1091,6.99484999,7724.28,7.08,42,2.51,7,yes,SUNNY/CLOUDY,MOSTLY CLOUDY,HolidayLights,JAN,LOW SEASON,Sun,Yes,Have Events,GOOD WEATHER
642,01/02/2006,1816,7.50439156,12875.44,7.09,45,2.52,6,yes,RAIN,RAIN,HolidayLights,JAN,LOW SEASON,Mon,No,Have Events,NOT GOOD WEATHER
643,01/03/2006,53,3.97029191,374.18,7.06,41,2.53,5,no,SNOW,SIGNIFICANTSNOW,HolidayLights,JAN,LOW SEASON,Tue,No,Have Events,NOT GOOD WEATHER
644,01/04/2006,1205,7.09423485,120.5,0.1,38,2.54,5,no,SUNNY/CLOUDY,MOSTLY CLOUDY,HolidayLights,JAN,LOW SEASON,Wed,No,Have Events,GOOD WEATHER
645,01/05/2006,280,5.6347896,1990.8,7.11,50,2.55,5,no,SUNNY/CLOUDY,MOSTLY CLOUDY,HolidayLights,JAN,LOW SEASON,Thu,No,Have Events,GOOD WEATHER
646,01/06/2006,352,5.86363118,2534.4,7.2,41,2.55,4,no,SUNNY/CLOUDY,MOSTLY CLOUDY,HolidayLights,JAN,LOW SEASON,Fri,No,Have Events,GOOD WEATHER
647,01/07/2006,806,6.69208374,5762.9,7.15,36,2.56,4,no,SUNNY/CLOUDY,PARTLY CLOUDY,HolidayLights,JAN,LOW SEASON,Sat,Yes,Have Events,GOOD WEATHER
648,01/08/2006,1406,7.24850407,10081.02,7.17,46,2.57,4,no,SNOW,SIGNIFICANTSNOW,HolidayLights,JAN,LOW SEASON,Sun,Yes,Have Events,NOT GOOD WEATHER
649,01/09/2006,370,5.91350301,2693.6,7.28,58,2.58,4,no,SUNNY/CLOUDY,MOSTLY CLOUDY,NONE,JAN,LOW SEASON,Mon,No,NONE,GOOD WEATHER
650,01/10/2006,804,6.68959927,5724.48,7.12,48,2.58,4,no,SUNNY/CLOUDY,MOSTLY CLOUDY,NONE,JAN,LOW SEASON,Tue,No,NONE,GOOD WEATHER
651,01/11/2006,1009,6.91671502,100.9,0.1,53,2.59,3,no,RAIN,RAIN,NONE,JAN,LOW SEASON,Wed,No,NONE,NOT GOOD WEATHER
652,01/12/2006,864,6.76157277,6272.64,7.26,55,2.59,3,no,SUNNY/CLOUDY,PARTLY CLOUDY,NONE,JAN,LOW SEASON,Thu,No,NONE,GOOD WEATHER
653,01/13/2006,449,6.10702289,3183.41,7.09,51,2.59,3,no,SUNNY/CLOUDY,MOSTLY CLOUDY,NONE,JAN,LOW SEASON,Fri,No,NONE,GOOD WEATHER
654,01/14/2006,373,5.92157842,2648.3,7.1,55,2.59,3,no,SNOW,SIGNIFICANTSNOW,NONE,JAN,LOW SEASON,Sat,Yes,NONE,NOT GOOD WEATHER
655,01/15/2006,198,5.28826703,1413.72,7.14,32,2.6,3,no,SNOW,SNOW,NONE,JAN,LOW SEASON,Sun,Yes,NONE,NOT GOOD WEATHER
656,01/16/2006,513,6.24027585,3657.69,7.13,31,2.6,3,no,SUNNY/CLOUDY,PARTLY CLOUDY,NONE,JAN,LOW SEASON,Mon,No,NONE,GOOD WEATHER
657,01/17/2006,341,5.83188248,2438.15,7.15,44,2.59,3,no,RAIN,RAIN,NONE,JAN,LOW SEASON,Tue,No,NONE,NOT GOOD WEATHER
658,01/18/2006,338,5.8230459,33.8,0.1,56,2.59,3,no,RAIN,RAIN,NONE,JAN,LOW SEASON,Wed,No,NONE,NOT GOOD WEATHER
659,01/19/2006,334,5.81114099,2364.72,7.08,46,2.58,2,no,SUNNY/CLOUDY,PARTLY CLOUDY,NONE,JAN,LOW SEASON,Thu,No,NONE,GOOD WEATHER
660,01/20/2006,884,6.78445706,6488.56,7.34,57,2.57,2,no,SUNNY/CLOUDY,MOSTLY CLOUDY,NONE,JAN,LOW SEASON,Fri,No,NONE,GOOD WEATHER
661,01/21/2006,2189,7.6912001,15498.12,7.08,62,2.57,2,no,SUNNY/CLOUDY,PARTLY CLOUDY,NONE,JAN,LOW SEASON,Sat,Yes,NONE,GOOD WEATHER
662,01/22/2006,1886,7.54221346,13541.48,7.18,43,2.56,2,no,SUNNY/CLOUDY,MOSTLY CLOUDY,NONE,JAN,LOW SEASON,Sun,Yes,NONE,GOOD WEATHER
663,01/23/2006,201,5.30330491,1407,7,41,2.56,2,no,SNOW,SNOW,NONE,JAN,LOW SEASON,Mon,No,NONE,NOT GOOD WEATHER
664,01/24/2006,536,6.28413416,3805.6,7.1,43,2.55,2,no,SUNNY/CLOUDY,PARTLY CLOUDY,NONE,JAN,LOW SEASON,Tue,No,NONE,GOOD WEATHER
665,01/25/2006,1305,7.17395832,130.5,0.1,42,2.54,2,no,RAIN,RAIN,NONE,JAN,LOW SEASON,Wed,No,NONE,NOT GOOD WEATHER
666,01/26/2006,383,5.94803499,2784.41,7.27,35,2.54,2,no,SUNNY/CLOUDY,PARTLY CLOUDY,NONE,JAN,LOW SEASON,Thu,No,NONE,GOOD WEATHER
667,01/27/2006,452,6.11368218,3263.44,7.22,41,2.53,2,no,SUNNY/CLOUDY,Sunny,NONE,JAN,LOW SEASON,Fri,No,NONE,GOOD WEATHER
668,01/28/2006,2982,8.0003495,21261.66,7.13,56,2.52,2,no,SUNNY/CLOUDY,PARTLY CLOUDY,NONE,JAN,LOW SEASON,Sat,Yes,NONE,GOOD WEATHER
669,01/29/2006,889,6.79009724,6303.01,7.09,52,2.52,2,no,RAIN,RAIN,NONE,JAN,LOW SEASON,Sun,Yes,NONE,NOT GOOD WEATHER
670,01/30/2006,713,6.56948142,5090.82,7.14,61,2.51,2,no,RAIN,RAIN,NONE,JAN,LOW SEASON,Mon,No,NONE,NOT GOOD WEATHER
671,01/31/2006,373,5.92157842,2611,7,43,2.51,2,no,SUNNY/CLOUDY,MOSTLY CLOUDY,NONE,JAN,LOW SEASON,Tue,No,NONE,GOOD WEATHER
672,02/01/2006,1079,6.98378997,107.9,0.1,42,2.5,2,no,SUNNY/CLOUDY,MOSTLY CLOUDY,NONE,FEB,LOW SEASON,Wed,No,NONE,GOOD WEATHER
673,02/02/2006,522,6.25766759,3857.58,7.39,51,2.49,2,no,SUNNY/CLOUDY,MOSTLY CLOUDY,NONE,FEB,LOW SEASON,Thu,No,NONE,GOOD WEATHER
674,02/03/2006,372,5.91889385,2659.8,7.15,62,2.49,2,no,RAIN,RAIN,NONE,FEB,LOW SEASON,Fri,No,NONE,NOT GOOD WEATHER
675,02/04/2006,721,6.58063914,5111.89,7.09,52,2.48,2,no,RAIN,RAIN,NONE,FEB,LOW SEASON,Sat,Yes,NONE,NOT GOOD WEATHER
676,02/05/2006,1442,7.27378632,10267.04,7.12,51,2.47,2,no,RAIN,RAIN,NONE,FEB,LOW SEASON,Sun,Yes,NONE,NOT GOOD WEATHER
677,02/06/2006,363,5.89440283,2566.41,7.07,39,2.47,2,no,SUNNY/CLOUDY,PARTLY CLOUDY,NONE,FEB,LOW SEASON,Mon,No,NONE,GOOD WEATHER
678,02/07/2006,384,5.95064255,2730.24,7.11,44,2.46,2,no,SUNNY/CLOUDY,PARTLY CLOUDY,NONE,FEB,LOW SEASON,Tue,No,NONE,GOOD WEATHER
679,02/08/2006,937,6.84268328,93.7,0.1,37,2.46,2,no,SUNNY/CLOUDY,PARTLY CLOUDY,NONE,FEB,LOW SEASON,Wed,No,NONE,GOOD WEATHER
680,02/09/2006,706,6.55961524,5033.78,7.13,36,2.45,2,no,SUNNY/CLOUDY,PARTLY CLOUDY,NONE,FEB,LOW SEASON,Thu,No,NONE,GOOD WEATHER
681,02/10/2006,324,5.78074352,2310.12,7.13,38,2.44,2,no,SNOW,SIGNIFICANTSNOW,NONE,FEB,LOW SEASON,Fri,No,NONE,NOT GOOD WEATHER
682,02/11/2006,465,6.14203741,3282.9,7.06,38,2.44,1,no,SNOW,SNOW,NONE,FEB,LOW SEASON,Sat,Yes,NONE,NOT GOOD WEATHER
683,02/12/2006,1,0,0.1,0.1,30,2.43,1,no,SNOW,SIGNIFICANTSNOW,NONE,FEB,LOW SEASON,Sun,Yes,NONE,NOT GOOD WEATHER
684,02/13/2006,307,5.72684775,2225.75,7.25,36,2.43,1,no,SUNNY/CLOUDY,PARTLY CLOUDY,NONE,FEB,LOW SEASON,Mon,No,NONE,GOOD WEATHER
685,02/14/2006,391,5.96870756,2772.19,7.09,42,2.42,1,no,SUNNY/CLOUDY,MOSTLY CLOUDY,NONE,FEB,LOW SEASON,Tue,No,NONE,GOOD WEATHER
686,02/15/2006,999,6.90675478,99.9,0.1,53,2.41,1,no,SUNNY/CLOUDY,PARTLY CLOUDY,NONE,FEB,LOW SEASON,Wed,No,NONE,GOOD WEATHER
687,02/16/2006,492,6.19847872,3552.24,7.22,56,2.41,1,no,SUNNY/CLOUDY,PARTLY CLOUDY,NONE,FEB,LOW SEASON,Thu,No,NONE,GOOD WEATHER
688,02/17/2006,532,6.27664349,3830.4,7.2,57,2.4,1,no,SUNNY/CLOUDY,MOSTLY CLOUDY,NONE,FEB,LOW SEASON,Fri,No,NONE,GOOD WEATHER
689,02/18/2006,575,6.35437004,4065.25,7.07,36,2.4,1,no,SNOW,SIGNIFICANTSNOW,NONE,FEB,LOW SEASON,Sat,Yes,NONE,NOT GOOD WEATHER
690,02/19/2006,545,6.30078579,3896.75,7.15,30,2.39,1,no,SUNNY/CLOUDY,Sunny,NONE,FEB,LOW SEASON,Sun,Yes,NONE,GOOD WEATHER
691,02/20/2006,1146,7.0440329,8102.22,7.07,37,2.39,1,no,SUNNY/CLOUDY,PARTLY CLOUDY,NONE,FEB,LOW SEASON,Mon,No,NONE,GOOD WEATHER
692,02/21/2006,1232,7.11639414,8784.16,7.13,41,2.38,1,no,SUNNY/CLOUDY,PARTLY CLOUDY,NONE,FEB,LOW SEASON,Tue,No,NONE,GOOD WEATHER
693,02/22/2006,5843,8.67299964,584.3,0.1,44,2.38,1,no,SUNNY/CLOUDY,MOSTLY CLOUDY,AfroAmerican,FEB,LOW SEASON,Wed,No,Have Events,GOOD WEATHER
694,02/23/2006,1159,7.05531284,8275.26,7.14,47,2.38,1,no,SUNNY/CLOUDY,MOSTLY CLOUDY,NONE,FEB,LOW SEASON,Thu,No,NONE,GOOD WEATHER
695,02/24/2006,844,6.73815249,6051.48,7.17,40,2.38,1,no,SUNNY/CLOUDY,PARTLY CLOUDY,NONE,FEB,LOW SEASON,Fri,No,NONE,GOOD WEATHER
696,02/25/2006,692,6.53958596,4940.88,7.14,50,2.38,1,no,SUNNY/CLOUDY,MOSTLY CLOUDY,NONE,FEB,LOW SEASON,Sat,Yes,NONE,GOOD WEATHER
697,02/26/2006,515,6.2441669,3635.9,7.06,30,2.39,1,no,SUNNY/CLOUDY,PARTLY CLOUDY,NONE,FEB,LOW SEASON,Sun,Yes,NONE,GOOD WEATHER
698,02/27/2006,374,5.9242558,2651.66,7.09,32,2.39,1,no,SNOW,SIGNIFICANTSNOW,NONE,FEB,LOW SEASON,Mon,No,NONE,NOT GOOD WEATHER
699,02/28/2006,400,5.99146455,2836,7.09,34,2.4,1,no,SNOW,SNOW,NONE,FEB,LOW SEASON,Tue,No,NONE,NOT GOOD WEATHER
700,03/01/2006,1201,7.09090982,120.1,0.1,43,2.4,1,no,SUNNY/CLOUDY,PARTLY CLOUDY,NONE,MAR,LOW SEASON,Wed,No,NONE,GOOD WEATHER
701,03/02/2006,402,5.99645209,2814,7,35,2.41,1,no,SNOW,SNOW,NONE,MAR,LOW SEASON,Thu,No,NONE,NOT GOOD WEATHER
702,03/03/2006,347,5.84932478,2453.29,7.07,34,2.41,1,no,SUNNY/CLOUDY,PARTLY CLOUDY,NONE,MAR,LOW SEASON,Fri,No,NONE,GOOD WEATHER
703,03/04/2006,733,6.5971457,5262.94,7.18,39,2.42,1,no,SUNNY/CLOUDY,PARTLY CLOUDY,NONE,MAR,LOW SEASON,Sat,Yes,NONE,GOOD WEATHER
704,03/05/2006,1145,7.04315992,8186.75,7.15,46,2.42,1,no,SUNNY/CLOUDY,Sunny,NONE,MAR,LOW SEASON,Sun,Yes,NONE,GOOD WEATHER
705,03/06/2006,459,6.12905021,3268.08,7.12,43,2.43,1,no,SUNNY/CLOUDY,MOSTLY CLOUDY,NONE,MAR,LOW SEASON,Mon,No,NONE,GOOD WEATHER
706,03/07/2006,1297,7.16780918,9195.73,7.09,45,2.43,1,no,SUNNY/CLOUDY,PARTLY CLOUDY,NONE,MAR,LOW SEASON,Tue,No,NONE,GOOD WEATHER
707,03/08/2006,2419,7.79110951,241.9,0.1,47,2.44,1,no,SUNNY/CLOUDY,MOSTLY CLOUDY,NONE,MAR,LOW SEASON,Wed,No,NONE,GOOD WEATHER
708,03/09/2006,993,6.90073066,7080.09,7.13,50,2.44,1,no,RAIN,RAIN,NONE,MAR,LOW SEASON,Thu,No,NONE,NOT GOOD WEATHER
709,03/10/2006,1443,7.27447956,10346.31,7.17,71,2.45,1,no,RAIN,RAIN,NONE,MAR,LOW SEASON,Fri,No,NONE,NOT GOOD WEATHER
710,03/11/2006,11008,9.30637756,78597.12,7.14,62,2.45,1,no,SUNNY/CLOUDY,MOSTLY CLOUDY,NONE,MAR,LOW SEASON,Sat,Yes,NONE,GOOD WEATHER
711,03/12/2006,864,6.76157277,6117.12,7.08,52,2.46,1,no,RAIN,RAIN,WomensDay,MAR,LOW SEASON,Sun,Yes,Have Events,NOT GOOD WEATHER
712,03/13/2006,1060,6.96602419,7547.2,7.12,60,2.46,1,no,SUNNY/CLOUDY,MOSTLY CLOUDY,NONE,MAR,LOW SEASON,Mon,No,NONE,GOOD WEATHER
713,03/14/2006,1517,7.32448998,10770.7,7.1,61,2.47,1,no,SUNNY/CLOUDY,MOSTLY CLOUDY,NONE,MAR,LOW SEASON,Tue,No,NONE,GOOD WEATHER
714,03/15/2006,2204,7.69802917,220.4,0.1,45,2.47,1,no,SNOW,SIGNIFICANTSNOW,NONE,MAR,LOW SEASON,Wed,No,NONE,NOT GOOD WEATHER
715,03/16/2006,1018,6.9255952,7258.34,7.13,48,2.48,1,no,SUNNY/CLOUDY,PARTLY CLOUDY,NONE,MAR,LOW SEASON,Thu,No,NONE,GOOD WEATHER
716,03/17/2006,927,6.83195357,6618.78,7.14,46,2.48,1,no,SUNNY/CLOUDY,PARTLY CLOUDY,NONE,MAR,LOW SEASON,Fri,No,NONE,GOOD WEATHER
717,03/18/2006,1734,7.45818616,12311.4,7.1,42,2.49,1,no,SUNNY/CLOUDY,PARTLY CLOUDY,LivingGreen,MAR,LOW SEASON,Sat,Yes,Have Events,GOOD WEATHER
718,03/19/2006,1632,7.39756154,11636.16,7.13,43,2.49,1,no,SUNNY/CLOUDY,MOSTLY CLOUDY,LivingGreen,MAR,LOW SEASON,Sun,Yes,Have Events,GOOD WEATHER
719,03/20/2006,748,6.61740298,5295.84,7.08,42,2.5,1,no,SUNNY/CLOUDY,PARTLY CLOUDY,NONE,MAR,LOW SEASON,Mon,No,NONE,GOOD WEATHER
720,03/21/2006,592,6.38350663,4209.12,7.11,43,2.5,1,no,SUNNY/CLOUDY,PARTLY CLOUDY,NONE,MAR,LOW SEASON,Tue,No,NONE,GOOD WEATHER
721,03/22/2006,2710,7.90470391,271,0.1,45,2.5,1,no,SUNNY/CLOUDY,MOSTLY CLOUDY,NONE,MAR,LOW SEASON,Wed,No,NONE,GOOD WEATHER
722,03/23/2006,1615,7.38709024,11676.45,7.23,53,2.5,1,no,SUNNY/CLOUDY,PARTLY CLOUDY,NONE,MAR,LOW SEASON,Thu,No,NONE,GOOD WEATHER
723,03/24/2006,1813,7.50273821,12872.3,7.1,52,2.5,1,no,SUNNY/CLOUDY,MOSTLY CLOUDY,NONE,MAR,LOW SEASON,Fri,No,NONE,GOOD WEATHER
724,03/25/2006,2609,7.86672229,18784.8,7.2,47,2.52,1,no,RAIN,RAIN,NONE,MAR,LOW SEASON,Sat,Yes,NONE,NOT GOOD WEATHER
725,03/26/2006,2658,7.88532924,19403.4,7.3,51,2.54,1,no,RAIN,RAIN,NONE,MAR,LOW SEASON,Sun,Yes,NONE,NOT GOOD WEATHER
726,03/27/2006,1508,7.31853955,10842.52,7.19,58,2.55,1,no,SUNNY/CLOUDY,PARTLY CLOUDY,NONE,MAR,LOW SEASON,Mon,No,NONE,GOOD WEATHER
727,03/28/2006,2194,7.69348164,15752.92,7.18,54,2.57,1,no,SUNNY/CLOUDY,MOSTLY CLOUDY,NONE,MAR,LOW SEASON,Tue,No,NONE,GOOD WEATHER
728,03/29/2006,6392,8.76280249,639.2,0.1,59,2.59,1,no,SUNNY/CLOUDY,Sunny,NONE,MAR,LOW SEASON,Wed,No,NONE,GOOD WEATHER
729,03/30/2006,4125,8.3248213,29700,7.2,64,2.61,1,no,SUNNY/CLOUDY,PARTLY CLOUDY,NONE,MAR,LOW SEASON,Thu,No,NONE,GOOD WEATHER
730,03/31/2006,4302,8.36683531,30845.34,7.17,63,2.63,1,no,SUNNY/CLOUDY,MOSTLY CLOUDY,NONE,MAR,LOW SEASON,Fri,No,NONE,GOOD WEATHER
731,04/01/2006,3145,8.05356917,28776.75,9.15,74,2.65,1,no,RAIN,RAIN,NONE,APR,HIGH SEASON,Sat,Yes,NONE,NOT GOOD WEATHER
732,04/02/2006,7475,8.9193194,68246.75,9.13,67,2.67,1,no,SUNNY/CLOUDY,PARTLY CLOUDY,NONE,APR,HIGH SEASON,Sun,Yes,NONE,GOOD WEATHER
733,04/03/2006,885,6.78558765,8221.65,9.29,55,2.69,1,no,RAIN,RAIN,NONE,APR,HIGH SEASON,Mon,No,NONE,NOT GOOD WEATHER
734,04/04/2006,1155,7.05185562,10649.1,9.22,56,2.7,1,no,SUNNY/CLOUDY,MOSTLY CLOUDY,NONE,APR,HIGH SEASON,Tue,No,NONE,GOOD WEATHER
735,04/05/2006,3425,8.13885675,342.5,0.1,46,2.72,1,no,SNOW,SNOW,NONE,APR,HIGH SEASON,Wed,No,NONE,NOT GOOD WEATHER
736,04/06/2006,2143,7.669962,19587.02,9.14,54,2.74,1,no,SUNNY/CLOUDY,MOSTLY CLOUDY,NONE,APR,HIGH SEASON,Thu,No,NONE,GOOD WEATHER
737,04/07/2006,1085,6.98933527,9895.2,9.12,63,2.76,1,no,RAIN,RAIN,NONE,APR,HIGH SEASON,Fri,No,NONE,NOT GOOD WEATHER
738,04/08/2006,413,6.02344759,3882.2,9.4,58,2.78,1,no,SNOW,SIGNIFICANTSNOW,NONE,APR,HIGH SEASON,Sat,Yes,NONE,NOT GOOD WEATHER
739,04/09/2006,5718,8.65137437,52205.34,9.13,58,2.8,1,no,SUNNY/CLOUDY,PARTLY CLOUDY,NONE,APR,HIGH SEASON,Sun,Yes,NONE,GOOD WEATHER
740,04/10/2006,4417,8.39321601,40415.55,9.15,57,2.82,1,no,SUNNY/CLOUDY,PARTLY CLOUDY,NONE,APR,HIGH SEASON,Mon,No,NONE,GOOD WEATHER
741,04/11/2006,6499,8.7794036,59205.89,9.11,60,2.84,105,yes,SUNNY/CLOUDY,PARTLY CLOUDY,NONE,APR,HIGH SEASON,Tue,No,NONE,GOOD WEATHER
742,04/12/2006,20749,9.94025333,2074.9,0.1,58,2.86,161,yes,SUNNY/CLOUDY,MOSTLY CLOUDY,NONE,APR,HIGH SEASON,Wed,No,NONE,GOOD WEATHER
743,04/13/2006,7819,8.96431195,71465.66,9.14,75,2.88,207,yes,RAIN,RAIN,NONE,APR,HIGH SEASON,Thu,No,NONE,NOT GOOD WEATHER
744,04/14/2006,7270,8.89151157,66375.1,9.13,63,2.9,248,yes,RAIN,RAIN,NONE,APR,HIGH SEASON,Fri,No,NONE,NOT GOOD WEATHER
745,04/15/2006,13386,9.50196466,122214.18,9.13,80,2.93,285,yes,SUNNY/CLOUDY,MOSTLY CLOUDY,EASTER,APR,HIGH SEASON,Sat,Yes,Have Events,GOOD WEATHER
746,04/16/2006,17698,9.78120692,160874.82,9.09,67,2.95,319,yes,SUNNY/CLOUDY,PARTLY CLOUDY,EASTER,APR,HIGH SEASON,Sun,Yes,Have Events,GOOD WEATHER
747,04/17/2006,13525,9.5122951,124430,9.2,63,2.97,351,yes,SUNNY/CLOUDY,PARTLY CLOUDY,EASTER,APR,HIGH SEASON,Mon,No,Have Events,GOOD WEATHER
748,04/18/2006,10593,9.26794868,96608.16,9.12,72,2.99,380,yes,SUNNY/CLOUDY,PARTLY CLOUDY,EASTER,APR,HIGH SEASON,Tue,No,Have Events,GOOD WEATHER
749,04/19/2006,51297,10.8453875,5129.7,0.1,75,3.01,406,yes,SUNNY/CLOUDY,PARTLY CLOUDY,EASTER,APR,HIGH SEASON,Wed,No,Have Events,GOOD WEATHER
750,04/20/2006,17033,9.74290792,155170.63,9.11,81,3.03,431,yes,SUNNY/CLOUDY,PARTLY CLOUDY,EASTER,APR,HIGH SEASON,Thu,No,Have Events,GOOD WEATHER
751,04/21/2006,11097,9.31443008,101537.55,9.15,56,3.05,455,yes,SUNNY/CLOUDY,MOSTLY CLOUDY,NONE,APR,HIGH SEASON,Fri,No,NONE,GOOD WEATHER
752,04/22/2006,719,6.57786136,6528.52,9.08,49,3.08,476,yes,RAIN,RAIN,EarthDay,APR,HIGH SEASON,Sat,Yes,Have Events,NOT GOOD WEATHER
753,04/23/2006,337,5.82008293,3080.18,9.14,64,3.1,497,yes,RAIN,RAIN,EarthDay,APR,HIGH SEASON,Sun,Yes,Have Events,NOT GOOD WEATHER
754,04/24/2006,1058,6.96413561,9691.28,9.16,59,3.12,516,yes,RAIN,RAIN,NONE,APR,HIGH SEASON,Mon,No,NONE,NOT GOOD WEATHER
755,04/25/2006,4829,8.48239469,44281.93,9.17,70,3.12,429,yes,RAIN,RAIN,NONE,APR,HIGH SEASON,Tue,No,NONE,NOT GOOD WEATHER
756,04/26/2006,8978,9.10253242,897.8,0.1,58,3.12,392,yes,SUNNY/CLOUDY,PARTLY CLOUDY,NONE,APR,HIGH SEASON,Wed,No,NONE,GOOD WEATHER
757,04/27/2006,7578,8.93300459,69641.82,9.19,70,3.12,362,yes,SUNNY/CLOUDY,PARTLY CLOUDY,NONE,APR,HIGH SEASON,Thu,No,NONE,GOOD WEATHER
758,04/28/2006,5301,8.57565076,48557.16,9.16,62,3.12,336,yes,SUNNY/CLOUDY,PARTLY CLOUDY,NONE,APR,HIGH SEASON,Fri,No,NONE,GOOD WEATHER
759,04/29/2006,8896,9.09335702,81843.2,9.2,63,3.12,313,yes,SUNNY/CLOUDY,Sunny,NONE,APR,HIGH SEASON,Sat,Yes,NONE,GOOD WEATHER
760,04/30/2006,10691,9.27715755,97395.01,9.11,68,3.12,292,yes,SUNNY/CLOUDY,Sunny,NONE,APR,HIGH SEASON,Sun,Yes,NONE,GOOD WEATHER
761,05/01/2006,3101,8.03947992,28312.13,9.13,69,3.12,375,yes,SUNNY/CLOUDY,Sunny,NONE,MAY,HIGH SEASON,Mon,No,NONE,GOOD WEATHER
762,05/02/2006,3127,8.04782936,29018.56,9.28,70,3.13,441,yes,SUNNY/CLOUDY,MOSTLY CLOUDY,NONE,MAY,HIGH SEASON,Tue,No,NONE,GOOD WEATHER
763,05/03/2006,9935,9.20381915,993.5,0.1,71,3.14,498,yes,SUNNY/CLOUDY,MOSTLY CLOUDY,NONE,MAY,HIGH SEASON,Wed,No,NONE,GOOD WEATHER
764,05/04/2006,5791,8.66406027,53856.3,9.3,77,3.15,547,yes,SUNNY/CLOUDY,PARTLY CLOUDY,NONE,MAY,HIGH SEASON,Thu,No,NONE,GOOD WEATHER
765,05/05/2006,5202,8.55679845,48170.52,9.26,79,3.15,691,yes,SUNNY/CLOUDY,MOSTLY CLOUDY,NONE,MAY,HIGH SEASON,Fri,No,NONE,GOOD WEATHER
766,05/06/2006,7934,8.9789126,72120.06,9.09,73,3.16,765,yes,SUNNY/CLOUDY,MOSTLY CLOUDY,NONE,MAY,HIGH SEASON,Sat,Yes,NONE,GOOD WEATHER
767,05/07/2006,12391,9.42472568,112386.37,9.07,65,3.17,811,yes,SUNNY/CLOUDY,PARTLY CLOUDY,NONE,MAY,HIGH SEASON,Sun,Yes,NONE,GOOD WEATHER
768,05/08/2006,3051,8.02322468,29350.62,9.62,63,3.18,845,yes,SUNNY/CLOUDY,MOSTLY CLOUDY,NONE,MAY,HIGH SEASON,Mon,No,NONE,GOOD WEATHER
769,05/09/2006,4513,8.4147174,41880.64,9.28,62,3.19,874,yes,RAIN,RAIN,NONE,MAY,HIGH SEASON,Tue,No,NONE,NOT GOOD WEATHER
770,05/10/2006,11243,9.32750099,1124.3,0.1,68,3.2,899,yes,RAIN,RAIN,NONE,MAY,HIGH SEASON,Wed,No,NONE,NOT GOOD WEATHER
771,05/11/2006,5489,8.61050137,50279.24,9.16,61,3.2,922,yes,SUNNY/CLOUDY,MOSTLY CLOUDY,NONE,MAY,HIGH SEASON,Thu,No,NONE,GOOD WEATHER
772,05/12/2006,2096,7.64778605,19660.48,9.38,72,3.21,943,yes,RAIN,RAIN,NONE,MAY,HIGH SEASON,Fri,No,NONE,NOT GOOD WEATHER
773,05/13/2006,4561,8.42529718,41961.2,9.2,71,3.22,961,yes,SUNNY/CLOUDY,MOSTLY CLOUDY,MomsDay,MAY,HIGH SEASON,Sat,Yes,Have Events,GOOD WEATHER
774,05/14/2006,7192,8.88072458,65950.64,9.17,63,3.23,979,yes,SUNNY/CLOUDY,MOSTLY CLOUDY,MomsDay,MAY,HIGH SEASON,Sun,Yes,Have Events,GOOD WEATHER
775,05/15/2006,3749,8.22924442,34040.92,9.08,66,3.2,939,yes,RAIN,RAIN,NONE,MAY,HIGH SEASON,Mon,No,NONE,NOT GOOD WEATHER
776,05/16/2006,2920,7.9793389,27272.8,9.34,65,3.18,903,yes,RAIN,RAIN,NONE,MAY,HIGH SEASON,Tue,No,NONE,NOT GOOD WEATHER
777,05/17/2006,10104,9.22068666,1010.4,0.1,72,3.18,872,yes,SUNNY/CLOUDY,PARTLY CLOUDY,NONE,MAY,HIGH SEASON,Wed,No,NONE,GOOD WEATHER
778,05/18/2006,7052,8.86106654,66429.84,9.42,70,3.18,844,yes,SUNNY/CLOUDY,PARTLY CLOUDY,NONE,MAY,HIGH SEASON,Thu,No,NONE,GOOD WEATHER
779,05/19/2006,10462,9.25550492,97819.7,9.35,63,3.17,819,yes,RAIN,RAIN,NONE,MAY,HIGH SEASON,Fri,No,NONE,NOT GOOD WEATHER
780,05/20/2006,7683,8.94676537,71605.56,9.32,70,3.17,796,yes,SUNNY/CLOUDY,PARTLY CLOUDY,NONE,MAY,HIGH SEASON,Sat,Yes,NONE,GOOD WEATHER
781,05/21/2006,6558,8.78844096,59874.54,9.13,71,3.17,775,yes,SUNNY/CLOUDY,PARTLY CLOUDY,NONE,MAY,HIGH SEASON,Sun,Yes,NONE,GOOD WEATHER
782,05/22/2006,6293,8.74719318,57706.81,9.17,66,3.17,756,yes,SUNNY/CLOUDY,PARTLY CLOUDY,NONE,MAY,HIGH SEASON,Mon,No,NONE,GOOD WEATHER
783,05/23/2006,7998,8.98694679,74221.44,9.28,69,3.17,738,yes,SUNNY/CLOUDY,PARTLY CLOUDY,NONE,MAY,HIGH SEASON,Tue,No,NONE,GOOD WEATHER
784,05/24/2006,18506,9.82585028,1850.6,0.1,74,3.17,722,yes,SUNNY/CLOUDY,PARTLY CLOUDY,NONE,MAY,HIGH SEASON,Wed,No,NONE,GOOD WEATHER
785,05/25/2006,11145,9.31874625,103537.05,9.29,77,3.16,707,yes,SUNNY/CLOUDY,MOSTLY CLOUDY,NONE,MAY,HIGH SEASON,Thu,No,NONE,GOOD WEATHER
786,05/26/2006,7579,8.93313654,69499.43,9.17,75,3.16,693,yes,RAIN,RAIN,NONE,MAY,HIGH SEASON,Fri,No,NONE,NOT GOOD WEATHER
787,05/27/2006,10492,9.25836834,95896.88,9.14,85,3.16,680,yes,SUNNY/CLOUDY,MOSTLY CLOUDY,ButterflyBlast,MAY,HIGH SEASON,Sat,Yes,Have Events,GOOD WEATHER
788,05/28/2006,16996,9.7407333,154153.72,9.07,79,3.16,668,yes,SUNNY/CLOUDY,PARTLY CLOUDY,ButterflyBlast,MAY,HIGH SEASON,Sun,Yes,Have Events,GOOD WEATHER
789,05/29/2006,12052,9.3969859,109070.6,9.05,83,3.16,657,yes,RAIN,RAIN,ButterflyBlast,MAY,HIGH SEASON,Mon,No,Have Events,NOT GOOD WEATHER
790,05/30/2006,7735,8.95351076,73714.55,9.53,82,3.16,646,yes,SUNNY/CLOUDY,PARTLY CLOUDY,NONE,MAY,HIGH SEASON,Tue,No,NONE,GOOD WEATHER
791,05/31/2006,14375,9.57324587,1437.5,0.1,72,3.15,636,yes,SUNNY/CLOUDY,MOSTLY CLOUDY,NONE,MAY,HIGH SEASON,Wed,No,NONE,GOOD WEATHER
792,06/01/2006,8204,9.01237712,76379.24,9.31,81,3.15,626,yes,RAIN,RAIN,NONE,JUNE,HIGH SEASON,Thu,No,NONE,NOT GOOD WEATHER
793,06/02/2006,6601,8.79497643,60927.23,9.23,82,3.15,517,yes,RAIN,RAIN,NONE,JUNE,HIGH SEASON,Fri,No,NONE,NOT GOOD WEATHER
794,06/03/2006,1284,7.15773548,11697.24,9.11,70,3.15,473,yes,RAIN,RAIN,NONE,JUNE,HIGH SEASON,Sat,Yes,NONE,NOT GOOD WEATHER
795,06/04/2006,8507,9.04864463,77243.56,9.08,69,3.15,453,yes,RAIN,RAIN,NONE,JUNE,HIGH SEASON,Sun,Yes,NONE,NOT GOOD WEATHER
796,06/05/2006,8065,8.99528899,74198,9.2,71,3.15,441,yes,SUNNY/CLOUDY,MOSTLY CLOUDY,NONE,JUNE,HIGH SEASON,Mon,No,NONE,GOOD WEATHER
797,06/06/2006,7219,8.88447172,66342.61,9.19,73,3.14,432,yes,SUNNY/CLOUDY,MOSTLY CLOUDY,NONE,JUNE,HIGH SEASON,Tue,No,NONE,GOOD WEATHER
798,06/07/2006,4794,8.47512041,479.4,0.1,64,3.14,424,yes,RAIN,RAIN,NONE,JUNE,HIGH SEASON,Wed,No,NONE,NOT GOOD WEATHER
799,06/08/2006,4443,8.3990851,40875.6,9.2,67,3.14,417,yes,SUNNY/CLOUDY,MOSTLY CLOUDY,NONE,JUNE,HIGH SEASON,Thu,No,NONE,GOOD WEATHER
800,06/09/2006,9535,9.16272452,87245.25,9.15,77,3.14,411,yes,RAIN,RAIN,NONE,JUNE,HIGH SEASON,Fri,No,NONE,NOT GOOD WEATHER
801,06/10/2006,9097,9.11569997,83328.52,9.16,67,3.14,405,yes,SUNNY/CLOUDY,MOSTLY CLOUDY,NONE,JUNE,HIGH SEASON,Sat,Yes,NONE,GOOD WEATHER
802,06/11/2006,13165,9.48531707,119538.2,9.08,71,3.14,399,yes,SUNNY/CLOUDY,PARTLY CLOUDY,NONE,JUNE,HIGH SEASON,Sun,Yes,NONE,GOOD WEATHER
803,06/12/2006,5879,8.67914196,54204.38,9.22,74,3.14,430,yes,SUNNY/CLOUDY,MOSTLY CLOUDY,NONE,JUNE,HIGH SEASON,Mon,No,NONE,GOOD WEATHER
804,06/13/2006,10278,9.23776097,94763.16,9.22,82,3.14,459,yes,SUNNY/CLOUDY,PARTLY CLOUDY,NONE,JUNE,HIGH SEASON,Tue,No,NONE,GOOD WEATHER
805,06/14/2006,17048,9.74378817,1704.8,0.1,76,3.13,485,yes,SUNNY/CLOUDY,MOSTLY CLOUDY,NONE,JUNE,HIGH SEASON,Wed,No,NONE,GOOD WEATHER
806,06/15/2006,9184,9.12521812,84400.96,9.19,82,3.13,508,yes,SUNNY/CLOUDY,MOSTLY CLOUDY,NONE,JUNE,HIGH SEASON,Thu,No,NONE,GOOD WEATHER
807,06/16/2006,8870,9.09043008,81870.1,9.23,87,3.13,530,yes,SUNNY/CLOUDY,PARTLY CLOUDY,NONE,JUNE,HIGH SEASON,Fri,No,NONE,GOOD WEATHER
808,06/17/2006,9096,9.11559004,83137.44,9.14,85,3.13,549,yes,SUNNY/CLOUDY,MOSTLY CLOUDY,DadsDay,JUNE,HIGH SEASON,Sat,Yes,Have Events,GOOD WEATHER
809,06/18/2006,7213,8.88364023,65566.17,9.09,88,3.13,568,yes,SUNNY/CLOUDY,PARTLY CLOUDY,DadsDay,JUNE,HIGH SEASON,Sun,Yes,Have Events,GOOD WEATHER
810,06/19/2006,5271,8.56997538,48229.65,9.15,89,3.13,592,yes,RAIN,RAIN,NONE,JUNE,HIGH SEASON,Mon,No,NONE,NOT GOOD WEATHER
811,06/20/2006,5074,8.53188474,46427.1,9.15,86,3.14,615,yes,SUNNY/CLOUDY,MOSTLY CLOUDY,NONE,JUNE,HIGH SEASON,Tue,No,NONE,GOOD WEATHER
812,06/21/2006,18157,9.80681144,1815.7,0.1,82,3.14,637,yes,SUNNY/CLOUDY,MOSTLY CLOUDY,NONE,JUNE,HIGH SEASON,Wed,No,NONE,GOOD WEATHER
813,06/22/2006,4870,8.49084922,44852.7,9.21,88,3.15,656,yes,RAIN,RAIN,NONE,JUNE,HIGH SEASON,Thu,No,NONE,NOT GOOD WEATHER
814,06/23/2006,5298,8.57508467,48370.74,9.13,86,3.15,675,yes,SUNNY/CLOUDY,MOSTLY CLOUDY,NONE,JUNE,HIGH SEASON,Fri,No,NONE,GOOD WEATHER
815,06/24/2006,1679,7.42595366,15312.48,9.12,76,3.16,692,yes,RAIN,RAIN,NONE,JUNE,HIGH SEASON,Sat,Yes,NONE,NOT GOOD WEATHER
816,06/25/2006,2181,7.68753877,19781.67,9.07,73,3.16,707,yes,RAIN,RAIN,NONE,JUNE,HIGH SEASON,Sun,Yes,NONE,NOT GOOD WEATHER
817,06/26/2006,3324,8.10892416,30148.68,9.07,75,3.17,722,yes,SUNNY/CLOUDY,MOSTLY CLOUDY,NONE,JUNE,HIGH SEASON,Mon,No,NONE,GOOD WEATHER
818,06/27/2006,6082,8.71308887,55528.66,9.13,78,3.17,736,yes,SUNNY/CLOUDY,MOSTLY CLOUDY,NONE,JUNE,HIGH SEASON,Tue,No,NONE,GOOD WEATHER
819,06/28/2006,10778,9.2852623,1077.8,0.1,85,3.17,760,yes,RAIN,RAIN,NONE,JUNE,HIGH SEASON,Wed,No,NONE,NOT GOOD WEATHER
820,06/29/2006,5660,8.64117917,51732.4,9.14,83,3.18,782,yes,RAIN,RAIN,NONE,JUNE,HIGH SEASON,Thu,No,NONE,NOT GOOD WEATHER
821,06/30/2006,6220,8.73552519,57037.4,9.17,80,3.18,801,yes,SUNNY/CLOUDY,PARTLY CLOUDY,NONE,JUNE,HIGH SEASON,Fri,No,NONE,GOOD WEATHER
822,07/01/2006,10299,9.23980208,93823.89,9.11,86,3.19,819,yes,SUNNY/CLOUDY,PARTLY CLOUDY,CatsNDogs,JUL,HIGH SEASON,Sat,Yes,Have Events,GOOD WEATHER
823,07/02/2006,10390,9.24859908,94549,9.1,91,3.19,835,yes,SUNNY/CLOUDY,MOSTLY CLOUDY,CatsNDogs,JUL,HIGH SEASON,Sun,Yes,Have Events,GOOD WEATHER
824,07/03/2006,11715,9.36862535,106840.8,9.12,88,3.2,798,yes,SUNNY/CLOUDY,MOSTLY CLOUDY,INDEPDAY,JUL,HIGH SEASON,Mon,No,Have Events,GOOD WEATHER
825,07/04/2006,7910,8.97588306,71743.7,9.07,90,3.2,771,yes,RAIN,RAIN,INDEPDAY,JUL,HIGH SEASON,Tue,No,Have Events,NOT GOOD WEATHER
826,07/05/2006,5130,8.54286094,513,0.1,77,3.21,736,yes,RAIN,RAIN,NONE,JUL,HIGH SEASON,Wed,No,NONE,NOT GOOD WEATHER
827,07/06/2006,6962,8.84822207,63911.16,9.18,80,3.21,704,yes,RAIN,RAIN,NONE,JUL,HIGH SEASON,Thu,No,NONE,NOT GOOD WEATHER
828,07/07/2006,10879,9.2945896,99760.43,9.17,80,3.22,675,yes,SUNNY/CLOUDY,PARTLY CLOUDY,NONE,JUL,HIGH SEASON,Fri,No,NONE,GOOD WEATHER
829,07/08/2006,13837,9.53510144,126193.44,9.12,82,3.22,650,yes,SUNNY/CLOUDY,MOSTLY CLOUDY,JungleJuly,JUL,HIGH SEASON,Sat,Yes,Have Events,GOOD WEATHER
830,07/09/2006,9240,9.13129716,84176.4,9.11,85,3.22,626,yes,SUNNY/CLOUDY,MOSTLY CLOUDY,JungleJuly,JUL,HIGH SEASON,Sun,Yes,Have Events,GOOD WEATHER
831,07/10/2006,5251,8.56617381,47994.14,9.14,83,3.23,605,yes,SUNNY/CLOUDY,PARTLY CLOUDY,NONE,JUL,HIGH SEASON,Mon,No,NONE,GOOD WEATHER
832,07/11/2006,5816,8.66836802,52983.76,9.11,88,3.23,586,yes,SUNNY/CLOUDY,PARTLY CLOUDY,NONE,JUL,HIGH SEASON,Tue,No,NONE,GOOD WEATHER
833,07/12/2006,23877,10.0806709,2387.7,0.1,84,3.24,568,yes,RAIN,RAIN,NONE,JUL,HIGH SEASON,Wed,No,NONE,NOT GOOD WEATHER
834,07/13/2006,8797,9.08216603,80140.67,9.11,86,3.24,551,yes,SUNNY/CLOUDY,MOSTLY CLOUDY,NONE,JUL,HIGH SEASON,Thu,No,NONE,GOOD WEATHER
835,07/14/2006,7616,8.93800658,69762.56,9.16,81,3.24,536,yes,SUNNY/CLOUDY,PARTLY CLOUDY,NONE,JUL,HIGH SEASON,Fri,No,NONE,GOOD WEATHER
836,07/15/2006,8563,9.05520588,77837.67,9.09,83,3.24,522,yes,SUNNY/CLOUDY,MOSTLY CLOUDY,NONE,JUL,HIGH SEASON,Sat,Yes,NONE,GOOD WEATHER
837,07/16/2006,8385,9.03419967,76051.95,9.07,93,3.24,508,yes,SUNNY/CLOUDY,Sunny,NONE,JUL,HIGH SEASON,Sun,Yes,NONE,GOOD WEATHER
838,07/17/2006,3702,8.21662849,33836.28,9.14,97,3.24,496,yes,SUNNY/CLOUDY,PARTLY CLOUDY,NONE,JUL,HIGH SEASON,Mon,No,NONE,GOOD WEATHER
839,07/18/2006,4830,8.48260175,44194.5,9.15,97,3.24,484,yes,RAIN,RAIN,NONE,JUL,HIGH SEASON,Tue,No,NONE,NOT GOOD WEATHER
840,07/19/2006,27624,10.2264402,2762.4,0.1,87,3.24,474,yes,SUNNY/CLOUDY,MOSTLY CLOUDY,NONE,JUL,HIGH SEASON,Wed,No,NONE,GOOD WEATHER
841,07/20/2006,8417,9.03800875,76931.38,9.14,84,3.24,463,yes,SUNNY/CLOUDY,MOSTLY CLOUDY,NONE,JUL,HIGH SEASON,Thu,No,NONE,GOOD WEATHER
842,07/21/2006,4552,8.42332198,41468.72,9.11,87,3.24,454,yes,SNOW,SNOW,NONE,JUL,HIGH SEASON,Fri,No,NONE,NOT GOOD WEATHER
843,07/22/2006,3213,8.07496036,29206.17,9.09,82,3.24,445,yes,RAIN,RAIN,Bugmania,JUL,HIGH SEASON,Sat,Yes,Have Events,NOT GOOD WEATHER
844,07/23/2006,8833,9.08624999,80380.3,9.1,80,3.24,436,yes,RAIN,RAIN,Bugmania,JUL,HIGH SEASON,Sun,Yes,Have Events,NOT GOOD WEATHER
845,07/24/2006,6534,8.78477459,59786.1,9.15,84,3.24,429,yes,SUNNY/CLOUDY,PARTLY CLOUDY,NONE,JUL,HIGH SEASON,Mon,No,NONE,GOOD WEATHER
846,07/25/2006,8181,9.00956967,74610.72,9.12,84,3.24,422,yes,SUNNY/CLOUDY,MOSTLY CLOUDY,NONE,JUL,HIGH SEASON,Tue,No,NONE,GOOD WEATHER
847,07/26/2006,38067,10.547103,3806.7,0.1,85,3.24,415,yes,SUNNY/CLOUDY,MOSTLY CLOUDY,NONE,JUL,HIGH SEASON,Wed,No,NONE,GOOD WEATHER
848,07/27/2006,12237,9.41221943,112090.92,9.16,86,3.24,408,yes,SUNNY/CLOUDY,MOSTLY CLOUDY,NONE,JUL,HIGH SEASON,Thu,No,NONE,GOOD WEATHER
849,07/28/2006,5713,8.65049956,52045.43,9.11,93,3.24,401,yes,SUNNY/CLOUDY,MOSTLY CLOUDY,NONE,JUL,HIGH SEASON,Fri,No,NONE,GOOD WEATHER
850,07/29/2006,7676,8.94585386,69774.84,9.09,92,3.24,395,yes,SUNNY/CLOUDY,PARTLY CLOUDY,NONE,JUL,HIGH SEASON,Sat,Yes,NONE,GOOD WEATHER
851,07/30/2006,6846,8.83141982,62093.22,9.07,91,3.24,389,yes,SUNNY/CLOUDY,MOSTLY CLOUDY,NONE,JUL,HIGH SEASON,Sun,Yes,NONE,GOOD WEATHER
852,07/31/2006,4097,8.31801028,37323.67,9.11,90,3.24,384,yes,SUNNY/CLOUDY,PARTLY CLOUDY,NONE,JUL,HIGH SEASON,Mon,No,NONE,GOOD WEATHER
853,08/01/2006,2337,7.75662333,21173.22,9.06,97,3.24,379,yes,SUNNY/CLOUDY,PARTLY CLOUDY,NONE,AUG,HIGH SEASON,Tue,No,NONE,GOOD WEATHER
854,08/02/2006,6470,8.77493139,647,0.1,97,3.24,374,yes,SUNNY/CLOUDY,Sunny,NONE,AUG,HIGH SEASON,Wed,No,NONE,GOOD WEATHER
855,08/03/2006,1139,7.03790596,10524.36,9.24,99,3.24,369,yes,RAIN,RAIN,NONE,AUG,HIGH SEASON,Thu,No,NONE,NOT GOOD WEATHER
856,08/04/2006,4690,8.45318786,42679,9.1,93,3.24,364,yes,SUNNY/CLOUDY,MOSTLY CLOUDY,NONE,AUG,HIGH SEASON,Fri,No,NONE,GOOD WEATHER
857,08/05/2006,8268,9.02014792,75156.12,9.09,91,3.24,360,yes,SUNNY/CLOUDY,PARTLY CLOUDY,Kidsday,AUG,HIGH SEASON,Sat,Yes,Have Events,GOOD WEATHER
858,08/06/2006,10081,9.21840774,91636.29,9.09,83,3.24,356,yes,SUNNY/CLOUDY,MOSTLY CLOUDY,Kidsday,AUG,HIGH SEASON,Sun,Yes,Have Events,GOOD WEATHER
859,08/07/2006,4720,8.45956408,43282.4,9.17,87,3.24,536,yes,RAIN,RAIN,NONE,AUG,HIGH SEASON,Mon,No,NONE,NOT GOOD WEATHER
860,08/08/2006,9022,9.10742132,82641.52,9.16,89,3.24,590,yes,SUNNY/CLOUDY,PARTLY CLOUDY,NONE,AUG,HIGH SEASON,Tue,No,NONE,GOOD WEATHER
861,08/09/2006,32285,10.382358,3228.5,0.1,81,3.24,605,yes,SUNNY/CLOUDY,PARTLY CLOUDY,NONE,AUG,HIGH SEASON,Wed,No,NONE,GOOD WEATHER
862,08/10/2006,8219,9.01420383,75039.47,9.13,84,3.24,609,yes,RAIN,RAIN,NONE,AUG,HIGH SEASON,Thu,No,NONE,NOT GOOD WEATHER
863,08/11/2006,7637,8.94076013,69954.92,9.16,80,3.22,609,yes,SUNNY/CLOUDY,MOSTLY CLOUDY,NONE,AUG,HIGH SEASON,Fri,No,NONE,GOOD WEATHER
864,08/12/2006,13092,9.47975664,119268.12,9.11,79,3.21,608,yes,SUNNY/CLOUDY,PARTLY CLOUDY,AfricanAdventure,AUG,HIGH SEASON,Sat,Yes,Have Events,GOOD WEATHER
865,08/13/2006,15426,9.64380968,140376.6,9.1,83,3.2,607,yes,SUNNY/CLOUDY,PARTLY CLOUDY,AfricanAdventure,AUG,HIGH SEASON,Sun,Yes,Have Events,GOOD WEATHER
866,08/14/2006,8126,9.00282408,74271.64,9.14,82,3.18,648,yes,SUNNY/CLOUDY,PARTLY CLOUDY,NONE,AUG,HIGH SEASON,Mon,No,NONE,GOOD WEATHER
867,08/15/2006,4284,8.36264243,39027.24,9.11,81,3.17,686,yes,RAIN,RAIN,NONE,AUG,HIGH SEASON,Tue,No,NONE,NOT GOOD WEATHER
868,08/16/2006,32114,10.3770474,3211.4,0.1,83,3.15,719,yes,SUNNY/CLOUDY,PARTLY CLOUDY,NONE,AUG,HIGH SEASON,Wed,No,NONE,GOOD WEATHER
869,08/17/2006,9023,9.10753215,82470.22,9.14,84,3.13,750,yes,SUNNY/CLOUDY,PARTLY CLOUDY,NONE,AUG,HIGH SEASON,Thu,No,NONE,GOOD WEATHER
870,08/18/2006,7278,8.89261138,66448.14,9.13,81,3.12,778,yes,SUNNY/CLOUDY,MOSTLY CLOUDY,NONE,AUG,HIGH SEASON,Fri,No,NONE,GOOD WEATHER
871,08/19/2006,10150,9.22522898,92263.5,9.09,81,3.1,804,yes,SUNNY/CLOUDY,MOSTLY CLOUDY,NONE,AUG,HIGH SEASON,Sat,Yes,NONE,GOOD WEATHER
872,08/20/2006,8434,9.04002643,76833.74,9.11,91,3.09,828,yes,SUNNY/CLOUDY,MOSTLY CLOUDY,NONE,AUG,HIGH SEASON,Sun,Yes,NONE,GOOD WEATHER
873,08/21/2006,9006,9.1056463,82224.78,9.13,88,3.07,860,yes,SUNNY/CLOUDY,PARTLY CLOUDY,PlayWeek,AUG,HIGH SEASON,Mon,No,Have Events,GOOD WEATHER
874,08/22/2006,8805,9.08307502,80477.7,9.14,83,3.05,890,yes,SUNNY/CLOUDY,MOSTLY CLOUDY,PlayWeek,AUG,HIGH SEASON,Tue,No,Have Events,GOOD WEATHER
875,08/23/2006,36880,10.5154247,3688,0.1,89,3.04,916,yes,SUNNY/CLOUDY,PARTLY CLOUDY,PlayWeek,AUG,HIGH SEASON,Wed,No,Have Events,GOOD WEATHER
876,08/24/2006,9135,9.11986847,83402.55,9.13,80,3.02,941,yes,RAIN,RAIN,PlayWeek,AUG,HIGH SEASON,Thu,No,Have Events,NOT GOOD WEATHER
877,08/25/2006,2726,7.91059061,24752.08,9.08,78,3.01,963,yes,RAIN,RAIN,PlayWeek,AUG,HIGH SEASON,Fri,No,Have Events,NOT GOOD WEATHER
878,08/26/2006,4617,8.43750042,41968.53,9.09,71,2.99,984,yes,RAIN,RAIN,PlayWeek,AUG,HIGH SEASON,Sat,Yes,Have Events,NOT GOOD WEATHER
879,08/27/2006,1603,7.37963215,14603.33,9.11,74,2.98,1000,yes,RAIN,RAIN,PlayWeek,AUG,HIGH SEASON,Sun,Yes,Have Events,NOT GOOD WEATHER
880,08/28/2006,2427,7.79441121,22109.97,9.11,79,2.96,1017,yes,RAIN,RAIN,NONE,AUG,HIGH SEASON,Mon,No,NONE,NOT GOOD WEATHER
881,08/29/2006,925,6.82979374,8417.5,9.1,72,2.95,1032,yes,RAIN,RAIN,NONE,AUG,HIGH SEASON,Tue,No,NONE,NOT GOOD WEATHER
882,08/30/2006,15649,9.6581623,1564.9,0.1,76,2.93,1046,yes,SUNNY/CLOUDY,MOSTLY CLOUDY,NONE,AUG,HIGH SEASON,Wed,No,NONE,GOOD WEATHER
883,08/31/2006,10785,9.28591156,98682.75,9.15,73,2.92,1060,yes,SUNNY/CLOUDY,MOSTLY CLOUDY,NONE,AUG,HIGH SEASON,Thu,No,NONE,GOOD WEATHER
884,09/01/2006,7032,8.85822644,64202.16,9.13,70,2.9,1072,yes,SUNNY/CLOUDY,MOSTLY CLOUDY,NONE,SEP,HIGH SEASON,Fri,No,NONE,GOOD WEATHER
885,09/02/2006,310,5.7365723,2821,9.1,69,2.89,1084,yes,RAIN,RAIN,RetroWeeknd,SEP,HIGH SEASON,Sat,Yes,Have Events,NOT GOOD WEATHER
886,09/03/2006,11039,9.30918974,100565.29,9.11,78,2.87,1096,yes,RAIN,RAIN,RetroWeeknd,SEP,HIGH SEASON,Sun,Yes,Have Events,NOT GOOD WEATHER
887,09/04/2006,13916,9.54079454,126774.76,9.11,79,2.86,909,yes,SUNNY/CLOUDY,MOSTLY CLOUDY,RetroWeeknd,SEP,HIGH SEASON,Mon,No,Have Events,GOOD WEATHER
888,09/05/2006,1745,7.46450983,20242,11.6,71,2.84,838,yes,RAIN,RAIN,NONE,SEP,HIGH SEASON,Tue,No,NONE,NOT GOOD WEATHER
889,09/06/2006,4451,8.40088407,445.1,0.1,76,2.83,806,yes,SUNNY/CLOUDY,MOSTLY CLOUDY,NONE,SEP,HIGH SEASON,Wed,No,NONE,GOOD WEATHER
890,09/07/2006,2982,8.0003495,35157.78,11.79,80,2.81,787,yes,SUNNY/CLOUDY,PARTLY CLOUDY,NONE,SEP,HIGH SEASON,Thu,No,NONE,GOOD WEATHER
891,09/08/2006,2496,7.82244473,29427.84,11.79,80,2.8,775,yes,SUNNY/CLOUDY,PARTLY CLOUDY,NONE,SEP,HIGH SEASON,Fri,No,NONE,GOOD WEATHER
892,09/09/2006,9118,9.11800576,105859.98,11.61,81,2.78,767,yes,SUNNY/CLOUDY,PARTLY CLOUDY,Grandparents,SEP,HIGH SEASON,Sat,Yes,Have Events,GOOD WEATHER
893,09/10/2006,10270,9.2369823,119440.1,11.63,74,2.77,761,yes,SUNNY/CLOUDY,PARTLY CLOUDY,Grandparents,SEP,HIGH SEASON,Sun,Yes,Have Events,GOOD WEATHER
894,09/11/2006,1465,7.28961052,17462.8,11.92,71,2.75,922,yes,SUNNY/CLOUDY,PARTLY CLOUDY,NONE,SEP,HIGH SEASON,Mon,No,NONE,GOOD WEATHER
895,09/12/2006,1729,7.45529849,20557.81,11.89,70,2.74,894,yes,SUNNY/CLOUDY,PARTLY CLOUDY,NONE,SEP,HIGH SEASON,Tue,No,NONE,GOOD WEATHER
896,09/13/2006,4439,8.3981844,443.9,0.1,71,2.73,853,yes,SUNNY/CLOUDY,MOSTLY CLOUDY,NONE,SEP,HIGH SEASON,Wed,No,NONE,GOOD WEATHER
897,09/14/2006,117,4.76217393,1393.47,11.91,69,2.71,815,yes,RAIN,RAIN,NONE,SEP,HIGH SEASON,Thu,No,NONE,NOT GOOD WEATHER
898,09/15/2006,238,5.47227067,2836.96,11.92,68,2.7,781,yes,RAIN,RAIN,NONE,SEP,HIGH SEASON,Fri,No,NONE,NOT GOOD WEATHER
899,09/16/2006,6822,8.82790796,79203.42,11.61,79,2.68,750,yes,SUNNY/CLOUDY,MOSTLY CLOUDY,HispanicWeekend,SEP,HIGH SEASON,Sat,Yes,Have Events,GOOD WEATHER
900,09/17/2006,10154,9.225623,117786.4,11.6,81,2.67,722,yes,SUNNY/CLOUDY,PARTLY CLOUDY,HispanicWeekend,SEP,HIGH SEASON,Sun,Yes,Have Events,GOOD WEATHER
901,09/18/2006,1556,7.3498737,18578.64,11.94,78,2.67,496,yes,SUNNY/CLOUDY,MOSTLY CLOUDY,NONE,SEP,HIGH SEASON,Mon,No,NONE,GOOD WEATHER
902,09/19/2006,896,6.79794041,10734.08,11.98,77,2.66,452,yes,RAIN,RAIN,NONE,SEP,HIGH SEASON,Tue,No,NONE,NOT GOOD WEATHER
903,09/20/2006,5306,8.57659353,530.6,0.1,72,2.65,426,yes,SUNNY/CLOUDY,PARTLY CLOUDY,NONE,SEP,HIGH SEASON,Wed,No,NONE,GOOD WEATHER
904,09/21/2006,1770,7.47873483,21381.6,12.08,70,2.64,404,yes,SUNNY/CLOUDY,PARTLY CLOUDY,NONE,SEP,HIGH SEASON,Thu,No,NONE,GOOD WEATHER
905,09/22/2006,2176,7.68524361,25807.36,11.86,70,2.62,384,yes,SUNNY/CLOUDY,PARTLY CLOUDY,NONE,SEP,HIGH SEASON,Fri,No,NONE,GOOD WEATHER
906,09/23/2006,3169,8.06117136,36982.23,11.67,76,2.61,365,yes,SUNNY/CLOUDY,MOSTLY CLOUDY,NONE,SEP,HIGH SEASON,Sat,Yes,NONE,GOOD WEATHER
907,09/24/2006,6621,8.79800169,77200.86,11.66,82,2.6,348,yes,RAIN,RAIN,NONE,SEP,HIGH SEASON,Sun,Yes,NONE,NOT GOOD WEATHER
908,09/25/2006,1440,7.27239839,17251.2,11.98,73,2.59,331,yes,SUNNY/CLOUDY,PARTLY CLOUDY,NONE,SEP,HIGH SEASON,Mon,No,NONE,GOOD WEATHER
909,09/26/2006,1776,7.48211892,21436.32,12.07,73,2.58,316,yes,SUNNY/CLOUDY,PARTLY CLOUDY,NONE,SEP,HIGH SEASON,Tue,No,NONE,GOOD WEATHER
910,09/27/2006,5522,8.61649539,552.2,0.1,73,2.57,302,yes,SUNNY/CLOUDY,PARTLY CLOUDY,NONE,SEP,HIGH SEASON,Wed,No,NONE,GOOD WEATHER
911,09/28/2006,2087,7.64348291,24918.78,11.94,73,2.56,288,yes,SUNNY/CLOUDY,PARTLY CLOUDY,NONE,SEP,HIGH SEASON,Thu,No,NONE,GOOD WEATHER
912,09/29/2006,1115,7.01660968,13268.5,11.9,68,2.54,276,yes,RAIN,RAIN,NONE,SEP,HIGH SEASON,Fri,No,NONE,NOT GOOD WEATHER
913,09/30/2006,7164,8.87682376,83317.32,11.63,67,2.53,264,yes,RAIN,RAIN,NONE,SEP,HIGH SEASON,Sat,Yes,NONE,NOT GOOD WEATHER
914,10/01/2006,1542,7.34083555,17995.14,11.67,69,2.52,253,yes,RAIN,RAIN,NONE,OCT,LOW SEASON,Sun,Yes,NONE,NOT GOOD WEATHER
915,10/02/2006,12320,9.41897924,140571.2,11.41,71,2.51,200,yes,SUNNY/CLOUDY,Sunny,NONE,OCT,LOW SEASON,Mon,No,NONE,GOOD WEATHER
916,10/03/2006,1686,7.43011414,20181.42,11.97,75,2.5,183,yes,SUNNY/CLOUDY,MOSTLY CLOUDY,NONE,OCT,LOW SEASON,Tue,No,NONE,GOOD WEATHER
917,10/04/2006,6121,8.71948076,612.1,0.1,74,2.49,172,yes,RAIN,RAIN,NONE,OCT,LOW SEASON,Wed,No,NONE,NOT GOOD WEATHER
918,10/05/2006,1560,7.3524411,18361.2,11.77,67,2.48,163,yes,SUNNY/CLOUDY,MOSTLY CLOUDY,NONE,OCT,LOW SEASON,Thu,No,NONE,GOOD WEATHER
919,10/06/2006,2308,7.74413663,27349.8,11.85,58,2.47,154,yes,RAIN,RAIN,NONE,OCT,LOW SEASON,Fri,No,NONE,NOT GOOD WEATHER
920,10/07/2006,4701,8.45553053,54766.65,11.65,64,2.46,146,yes,RAIN,RAIN,ExplorersWeekend,OCT,LOW SEASON,Sat,Yes,Have Events,NOT GOOD WEATHER
921,10/08/2006,10991,9.30483204,127935.24,11.64,66,2.45,139,yes,SUNNY/CLOUDY,PARTLY CLOUDY,ExplorersWeekend,OCT,LOW SEASON,Sun,Yes,Have Events,GOOD WEATHER
922,10/09/2006,13120,9.48189306,149305.6,11.38,74,2.43,138,yes,SUNNY/CLOUDY,Sunny,ExplorersWeekend,OCT,LOW SEASON,Mon,No,Have Events,GOOD WEATHER
923,10/10/2006,3750,8.22951112,43575,11.62,76,2.42,136,yes,SUNNY/CLOUDY,PARTLY CLOUDY,NONE,OCT,LOW SEASON,Tue,No,NONE,GOOD WEATHER
924,10/11/2006,11283,9.33105245,1128.3,0.1,64,2.41,135,yes,RAIN,RAIN,NONE,OCT,LOW SEASON,Wed,No,NONE,NOT GOOD WEATHER
925,10/12/2006,2728,7.91132402,31917.6,11.7,70,2.4,133,yes,RAIN,RAIN,NONE,OCT,LOW SEASON,Thu,No,NONE,NOT GOOD WEATHER
926,10/13/2006,5068,8.53070154,60663.96,11.97,55,2.39,132,yes,SUNNY/CLOUDY,PARTLY CLOUDY,NONE,OCT,LOW SEASON,Fri,No,NONE,GOOD WEATHER
927,10/14/2006,7153,8.87528713,83618.57,11.69,60,2.38,130,yes,SUNNY/CLOUDY,Sunny,NONE,OCT,LOW SEASON,Sat,Yes,NONE,GOOD WEATHER
928,10/15/2006,4989,8.51499077,58171.74,11.66,59,2.37,128,yes,SUNNY/CLOUDY,PARTLY CLOUDY,NONE,OCT,LOW SEASON,Sun,Yes,NONE,GOOD WEATHER
929,10/16/2006,2476,7.81439963,29538.68,11.93,60,2.36,124,yes,SUNNY/CLOUDY,PARTLY CLOUDY,NONE,OCT,LOW SEASON,Mon,No,NONE,GOOD WEATHER
930,10/17/2006,1314,7.1808312,15715.44,11.96,63,2.35,120,yes,RAIN,RAIN,NONE,OCT,LOW SEASON,Tue,No,NONE,NOT GOOD WEATHER
931,10/18/2006,8275,9.0209942,827.5,0.1,75,2.34,128,yes,RAIN,RAIN,NONE,OCT,LOW SEASON,Wed,No,NONE,NOT GOOD WEATHER
932,10/19/2006,3136,8.05070338,37475.2,11.95,67,2.33,133,yes,SUNNY/CLOUDY,MOSTLY CLOUDY,NONE,OCT,LOW SEASON,Thu,No,NONE,GOOD WEATHER
933,10/20/2006,942,6.84800527,11115.6,11.8,66,2.32,137,yes,RAIN,RAIN,NONE,OCT,LOW SEASON,Fri,No,NONE,NOT GOOD WEATHER
934,10/21/2006,8425,9.03895876,98235.5,11.66,59,2.31,139,yes,SUNNY/CLOUDY,Sunny,BooZoo,OCT,LOW SEASON,Sat,Yes,Have Events,GOOD WEATHER
935,10/22/2006,6904,8.83985623,79810.24,11.56,61,2.31,140,yes,RAIN,RAIN,BooZoo,OCT,LOW SEASON,Sun,Yes,Have Events,NOT GOOD WEATHER
936,10/23/2006,2007,7.60439635,23702.67,11.81,57,2.32,137,yes,SUNNY/CLOUDY,MOSTLY CLOUDY,NONE,OCT,LOW SEASON,Mon,No,NONE,GOOD WEATHER
937,10/24/2006,3182,8.06526521,37356.68,11.74,53,2.33,134,yes,SUNNY/CLOUDY,MOSTLY CLOUDY,NONE,OCT,LOW SEASON,Tue,No,NONE,GOOD WEATHER
938,10/25/2006,4124,8.32457885,412.4,0.1,56,2.33,118,yes,SUNNY/CLOUDY,PARTLY CLOUDY,NONE,OCT,LOW SEASON,Wed,No,NONE,GOOD WEATHER
939,10/26/2006,2621,7.8713112,31294.74,11.94,52,2.34,106,yes,SUNNY/CLOUDY,PARTLY CLOUDY,NONE,OCT,LOW SEASON,Thu,No,NONE,GOOD WEATHER
940,10/27/2006,2410,7.78738203,28727.2,11.92,51,2.34,96,yes,RAIN,RAIN,NONE,OCT,LOW SEASON,Fri,No,NONE,NOT GOOD WEATHER
941,10/28/2006,361,5.88887796,4263.41,11.81,65,2.34,87,yes,RAIN,RAIN,BooZoo,OCT,LOW SEASON,Sat,Yes,Have Events,NOT GOOD WEATHER
942,10/29/2006,4151,8.33110455,47861.03,11.53,55,2.34,80,yes,SUNNY/CLOUDY,PARTLY CLOUDY,BooZoo,OCT,LOW SEASON,Sun,Yes,Have Events,GOOD WEATHER
943,10/30/2006,1217,7.10414409,14445.79,11.87,61,2.34,73,yes,SUNNY/CLOUDY,Sunny,NONE,OCT,LOW SEASON,Mon,No,NONE,GOOD WEATHER
944,10/31/2006,988,6.8956827,11609,11.75,63,2.34,67,yes,SUNNY/CLOUDY,MOSTLY CLOUDY,NONE,OCT,LOW SEASON,Tue,No,NONE,GOOD WEATHER
