Index,Date,Daily Zoo Attendance,Log attendance,Revenue,Average Ticket Price,MaxTemp,Gas price,Total Ad Stock,Ad,Weather Condition,Weather Condition refined,Holiday/Events,Month,Season,day of the week,Weekend?,Events_recode,Weather_recode_2
1.0,2004-04-01,686.0,6.530877627725885,4116.0,6.0,56.0,1.84,1.0,no,RAIN,RAIN,NONE,APR,HIGH SEASON,Thu,No,NONE,NOT GOOD WEATHER
2.0,2004-04-02,544.0,6.298949246855942,3340.16,6.14,49.0,1.85,1.0,no,RAIN,RAIN,NONE,APR,HIGH SEASON,Fri,No,NONE,NOT GOOD WEATHER
3.0,2004-04-03,1786.0,7.487733761436444,10858.880000000001,6.08,51.0,1.85,1.0,no,SUNNY/CLOUDY,MOSTLY CLOUDY,NONE,APR,HIGH SEASON,Sat,Yes,NONE,GOOD WEATHER
4.0,2004-04-04,1321.0,7.186144304522325,11981.470000000001,9.07,52.0,1.85,1.0,no,RAIN,RAIN,NONE,APR,HIGH SEASON,Sun,Yes,NONE,NOT GOOD WEATHER
5.0,2004-04-05,1029.0,6.9363427358340495,9363.9,9.1,44.0,1.85,1.0,no,SUNNY/CLOUDY,PARTLY CLOUDY,NONE,APR,HIGH SEASON,Mon,No,NONE,GOOD WEATHER
6.0,2004-04-06,2843.0,7.952615111651,25899.73,9.11,56.0,1.86,1.0,no,SUNNY/CLOUDY,Sunny,NONE,APR,HIGH SEASON,Tue,No,NONE,GOOD WEATHER
7.0,2004-04-07,21124.0,9.958165113826825,2112.4,0.1,67.0,1.86,1.0,no,RAIN,RAIN,NONE,APR,HIGH SEASON,Wed,No,NONE,NOT GOOD WEATHER
8.0,2004-04-08,10036.0,9.213933907486313,90926.16,9.06,55.0,1.86,1.0,no,SUNNY/CLOUDY,MOSTLY CLOUDY,EASTER,APR,HIGH SEASON,Thu,No,Have Events,GOOD WEATHER
9.0,2004-04-09,7126.0,8.871505346165781,64704.08,9.08,62.0,1.86,1.0,no,RAIN,RAIN,EASTER,APR,HIGH SEASON,Fri,No,Have Events,NOT GOOD WEATHER
10.0,2004-04-10,8431.0,9.039670667922676,76469.17,9.07,62.0,1.87,1.0,no,SUNNY/CLOUDY,PARTLY CLOUDY,EASTER,APR,HIGH SEASON,Sat,Yes,Have Events,GOOD WEATHER
11.0,2004-04-11,1824.0,7.508787170634276,16488.96,9.04,50.0,1.87,1.0,no,RAIN,RAIN,EASTER,APR,HIGH SEASON,Sun,Yes,Have Events,NOT GOOD WEATHER
12.0,2004-04-12,2412.0,7.788211557847076,21900.96,9.08,55.0,1.87,1.0,no,RAIN,RAIN,NONE,APR,HIGH SEASON,Mon,No,NONE,NOT GOOD WEATHER
13.0,2004-04-13,658.0,6.489204931325317,5981.22,9.09,56.0,1.88,1.0,no,RAIN,RAIN,NONE,APR,HIGH SEASON,Tue,No,NONE,NOT GOOD WEATHER
14.0,2004-04-14,3484.0,8.155936337972394,348.40000000000003,0.1,57.0,1.88,1.0,no,RAIN,RAIN,NONE,APR,HIGH SEASON,Wed,No,NONE,NOT GOOD WEATHER
15.0,2004-04-15,3511.0,8.163656176168432,31914.989999999998,9.09,61.0,1.88,1.0,no,SUNNY/CLOUDY,PARTLY CLOUDY,NONE,APR,HIGH SEASON,Thu,No,NONE,GOOD WEATHER
16.0,2004-04-16,7067.0,8.863191340690854,64168.36,9.08,64.0,1.88,1.0,no,SUNNY/CLOUDY,Sunny,NONE,APR,HIGH SEASON,Fri,No,NONE,GOOD WEATHER
17.0,2004-04-17,8710.0,9.072227069846548,79086.8,9.08,70.0,1.89,1.0,no,RAIN,RAIN,NONE,APR,HIGH SEASON,Sat,Yes,NONE,NOT GOOD WEATHER
18.0,2004-04-18,13030.0,9.47500967011889,118182.1,9.07,72.0,1.89,1.0,no,SUNNY/CLOUDY,PARTLY CLOUDY,NONE,APR,HIGH SEASON,Sun,Yes,NONE,GOOD WEATHER
19.0,2004-04-19,5208.0,8.557951183888406,47288.64,9.08,82.0,1.89,1.0,no,SUNNY/CLOUDY,MOSTLY CLOUDY,NONE,APR,HIGH SEASON,Mon,No,NONE,GOOD WEATHER
20.0,2004-04-20,9316.0,9.139488631004232,85893.52,9.22,74.0,1.9,1.0,no,SUNNY/CLOUDY,PARTLY CLOUDY,NONE,APR,HIGH SEASON,Tue,No,NONE,GOOD WEATHER
21.0,2004-04-21,10534.0,9.262363400043334,1053.4,0.1,57.0,1.9,1.0,no,SUNNY/CLOUDY,MOSTLY CLOUDY,NONE,APR,HIGH SEASON,Wed,No,NONE,GOOD WEATHER
22.0,2004-04-22,6216.0,8.734881892047483,57125.03999999999,9.19,74.0,1.9,1.0,no,RAIN,RAIN,NONE,APR,HIGH SEASON,Thu,No,NONE,NOT GOOD WEATHER
23.0,2004-04-23,3427.0,8.139440521874608,30980.079999999998,9.04,63.0,1.9,1.0,no,RAIN,RAIN,NONE,APR,HIGH SEASON,Fri,No,NONE,NOT GOOD WEATHER
24.0,2004-04-24,8009.0,8.988321188323683,72561.54000000001,9.06,70.0,1.91,1.0,no,RAIN,RAIN,PoetrySafri,APR,HIGH SEASON,Sat,Yes,Have Events,NOT GOOD WEATHER
25.0,2004-04-25,5659.0,8.641002477142523,51610.079999999994,9.12,56.0,1.91,1.0,no,SUNNY/CLOUDY,MOSTLY CLOUDY,PoetrySafri,APR,HIGH SEASON,Sun,Yes,Have Events,GOOD WEATHER
26.0,2004-04-26,1283.0,7.1569563646156364,11688.13,9.11,57.0,1.91,71.0,yes,RAIN,RAIN,NONE,APR,HIGH SEASON,Mon,No,NONE,NOT GOOD WEATHER
27.0,2004-04-27,5448.0,8.60300384782935,49849.200000000004,9.15,68.0,1.92,124.0,yes,SUNNY/CLOUDY,MOSTLY CLOUDY,NONE,APR,HIGH SEASON,Tue,No,NONE,GOOD WEATHER
28.0,2004-04-28,10428.0,9.252249775053393,1042.8,0.1,61.0,1.92,163.0,yes,RAIN,RAIN,NONE,APR,HIGH SEASON,Wed,No,NONE,NOT GOOD WEATHER
29.0,2004-04-29,7211.0,8.88336291691676,65764.31999999999,9.12,68.0,1.92,192.0,yes,SUNNY/CLOUDY,PARTLY CLOUDY,NONE,APR,HIGH SEASON,Thu,No,NONE,GOOD WEATHER
30.0,2004-04-30,8107.0,9.000483164987708,73611.56,9.08,68.0,1.92,213.0,yes,SUNNY/CLOUDY,MOSTLY CLOUDY,NONE,APR,HIGH SEASON,Fri,No,NONE,GOOD WEATHER
31.0,2004-05-01,9293.0,9.13701670755734,88283.5,9.5,68.0,1.93,228.0,yes,SUNNY/CLOUDY,MOSTLY CLOUDY,NONE,MAY,HIGH SEASON,Sat,Yes,NONE,GOOD WEATHER
32.0,2004-05-02,4101.0,8.31898612539206,37237.08,9.08,66.0,1.93,240.0,yes,SUNNY/CLOUDY,MOSTLY CLOUDY,NONE,MAY,HIGH SEASON,Sun,Yes,NONE,GOOD WEATHER
33.0,2004-05-03,2761.0,7.923348211930154,24987.050000000003,9.05,57.0,1.94,298.0,yes,RAIN,RAIN,NONE,MAY,HIGH SEASON,Mon,No,NONE,NOT GOOD WEATHER
34.0,2004-05-04,11981.0,9.3910773406399,109865.77,9.17,62.0,1.96,351.0,yes,SUNNY/CLOUDY,PARTLY CLOUDY,NONE,MAY,HIGH SEASON,Tue,No,NONE,GOOD WEATHER
35.0,2004-05-05,14678.0,9.594105053105007,1467.8000000000002,0.1,62.0,1.97,398.0,yes,RAIN,RAIN,NONE,MAY,HIGH SEASON,Wed,No,NONE,NOT GOOD WEATHER
36.0,2004-05-06,5679.0,8.644530439877432,56222.1,9.9,67.0,1.99,440.0,yes,SUNNY/CLOUDY,PARTLY CLOUDY,NONE,MAY,HIGH SEASON,Thu,No,NONE,GOOD WEATHER
37.0,2004-05-07,6208.0,8.733594061863055,56306.560000000005,9.07,82.0,1.99,479.0,yes,RAIN,RAIN,NONE,MAY,HIGH SEASON,Fri,No,NONE,NOT GOOD WEATHER
38.0,2004-05-08,5135.0,8.543835122362658,46677.15,9.09,62.0,2.0,514.0,yes,SUNNY/CLOUDY,MOSTLY CLOUDY,DeltaPrsnts,MAY,HIGH SEASON,Sat,Yes,Have Events,GOOD WEATHER
39.0,2004-05-09,6131.0,8.721113147762688,55853.409999999996,9.11,68.0,2.0,546.0,yes,SUNNY/CLOUDY,MOSTLY CLOUDY,ExtremeMoms,MAY,HIGH SEASON,Sun,Yes,Have Events,GOOD WEATHER
40.0,2004-05-10,5790.0,8.663887570567042,52920.600000000006,9.14,67.0,2.01,629.0,yes,RAIN,RAIN,NONE,MAY,HIGH SEASON,Mon,No,NONE,NOT GOOD WEATHER
41.0,2004-05-11,4983.0,8.513787398281405,45544.62,9.14,82.0,2.01,691.0,yes,RAIN,RAIN,NONE,MAY,HIGH SEASON,Tue,No,NONE,NOT GOOD WEATHER
42.0,2004-05-12,13188.0,9.487062604191621,1318.8000000000002,0.1,83.0,2.02,737.0,yes,RAIN,RAIN,NONE,MAY,HIGH SEASON,Wed,No,NONE,NOT GOOD WEATHER
43.0,2004-05-13,8978.0,9.102532419341877,81610.02,9.09,83.0,2.02,774.0,yes,RAIN,RAIN,NONE,MAY,HIGH SEASON,Thu,No,NONE,NOT GOOD WEATHER
44.0,2004-05-14,9324.0,9.140347000155648,85128.12000000001,9.13,68.0,2.03,805.0,yes,SUNNY/CLOUDY,MOSTLY CLOUDY,NONE,MAY,HIGH SEASON,Fri,No,NONE,GOOD WEATHER
45.0,2004-05-15,10048.0,9.21512888870798,91336.31999999999,9.09,84.0,2.03,832.0,yes,RAIN,RAIN,NONE,MAY,HIGH SEASON,Sat,Yes,NONE,NOT GOOD WEATHER
46.0,2004-05-16,11207.0,9.324293862052029,101871.63,9.09,81.0,2.04,855.0,yes,SUNNY/CLOUDY,MOSTLY CLOUDY,NONE,MAY,HIGH SEASON,Sun,Yes,NONE,GOOD WEATHER
47.0,2004-05-17,4758.0,8.467582690862903,43916.340000000004,9.23,68.0,2.04,877.0,yes,RAIN,RAIN,NONE,MAY,HIGH SEASON,Mon,No,NONE,NOT GOOD WEATHER
48.0,2004-05-18,13673.0,9.523178364309082,123740.65000000001,9.05,82.0,2.05,897.0,yes,SUNNY/CLOUDY,MOSTLY CLOUDY,NONE,MAY,HIGH SEASON,Tue,No,NONE,GOOD WEATHER
49.0,2004-05-19,10049.0,9.21522840604896,1004.9000000000001,0.1,71.0,2.05,916.0,yes,RAIN,RAIN,NONE,MAY,HIGH SEASON,Wed,No,NONE,NOT GOOD WEATHER
50.0,2004-05-20,9164.0,9.123038043573386,83484.04,9.11,68.0,2.06,935.0,yes,SUNNY/CLOUDY,MOSTLY CLOUDY,NONE,MAY,HIGH SEASON,Thu,No,NONE,GOOD WEATHER
51.0,2004-05-21,6469.0,8.774776816043985,58932.59,9.11,78.0,2.06,952.0,yes,SUNNY/CLOUDY,MOSTLY CLOUDY,NONE,MAY,HIGH SEASON,Fri,No,NONE,GOOD WEATHER
52.0,2004-05-22,8724.0,9.07383312732152,79213.92,9.08,80.0,2.07,968.0,yes,RAIN,RAIN,NONE,MAY,HIGH SEASON,Sat,Yes,NONE,NOT GOOD WEATHER
53.0,2004-05-23,8580.0,9.057189192482008,77820.6,9.07,84.0,2.07,984.0,yes,RAIN,RAIN,NONE,MAY,HIGH SEASON,Sun,Yes,NONE,NOT GOOD WEATHER
54.0,2004-05-24,4635.0,8.441391477999955,42085.8,9.08,73.0,2.08,992.0,yes,SUNNY/CLOUDY,MOSTLY CLOUDY,NONE,MAY,HIGH SEASON,Mon,No,NONE,GOOD WEATHER
55.0,2004-05-25,8997.0,9.104646467417119,82232.58,9.14,71.0,2.08,999.0,yes,SUNNY/CLOUDY,MOSTLY CLOUDY,NONE,MAY,HIGH SEASON,Tue,No,NONE,GOOD WEATHER
56.0,2004-05-26,10903.0,9.296793259706382,1090.3,0.1,63.0,2.09,1004.0,yes,RAIN,RAIN,NONE,MAY,HIGH SEASON,Wed,No,NONE,NOT GOOD WEATHER
57.0,2004-05-27,11705.0,9.367771379925012,107100.75,9.15,72.0,2.09,1007.0,yes,RAIN,RAIN,NONE,MAY,HIGH SEASON,Thu,No,NONE,NOT GOOD WEATHER
58.0,2004-05-28,10846.0,9.291551627401006,98156.3,9.05,78.0,2.1,1010.0,yes,RAIN,RAIN,NONE,MAY,HIGH SEASON,Fri,No,NONE,NOT GOOD WEATHER
59.0,2004-05-29,15530.0,9.650528916142733,141012.4,9.08,69.0,2.1,1012.0,yes,SUNNY/CLOUDY,Sunny,LiveLarge,MAY,HIGH SEASON,Sat,Yes,Have Events,GOOD WEATHER
60.0,2004-05-30,18350.0,9.817384853482716,166434.5,9.07,72.0,2.11,1013.0,yes,SUNNY/CLOUDY,PARTLY CLOUDY,LiveLarge,MAY,HIGH SEASON,Sun,Yes,Have Events,GOOD WEATHER
61.0,2004-05-31,7824.0,8.964951211714654,70885.44,9.06,65.0,2.11,989.0,yes,RAIN,RAIN,NONE,MAY,HIGH SEASON,Mon,No,NONE,NOT GOOD WEATHER
62.0,2004-06-01,12799.0,9.457122321855792,104439.84,8.16,67.0,2.12,967.0,yes,RAIN,RAIN,MEMDAY,JUNE,HIGH SEASON,Tue,No,Have Events,NOT GOOD WEATHER
63.0,2004-06-02,18956.0,9.849875783087478,1895.6000000000001,0.1,81.0,2.12,946.0,yes,RAIN,RAIN,NONE,JUNE,HIGH SEASON,Wed,No,NONE,NOT GOOD WEATHER
64.0,2004-06-03,11463.0,9.34687973611501,93079.56,8.12,79.0,2.13,928.0,yes,SUNNY/CLOUDY,MOSTLY CLOUDY,NONE,JUNE,HIGH SEASON,Thu,No,NONE,GOOD WEATHER
65.0,2004-06-04,11405.0,9.341807134718488,93749.1,8.22,72.0,2.13,910.0,yes,SUNNY/CLOUDY,MOSTLY CLOUDY,NONE,JUNE,HIGH SEASON,Fri,No,NONE,GOOD WEATHER
66.0,2004-06-05,6724.0,8.813438494528507,54531.64,8.11,67.0,2.14,894.0,yes,RAIN,RAIN,NONE,JUNE,HIGH SEASON,Sat,Yes,NONE,NOT GOOD WEATHER
67.0,2004-06-06,2988.0,8.002359546252707,24232.679999999997,8.11,60.0,2.14,879.0,yes,RAIN,RAIN,NONE,JUNE,HIGH SEASON,Sun,Yes,NONE,NOT GOOD WEATHER
68.0,2004-06-07,7025.0,8.857230494201946,57886.0,8.24,77.0,2.15,897.0,yes,SUNNY/CLOUDY,MOSTLY CLOUDY,NONE,JUNE,HIGH SEASON,Mon,No,NONE,GOOD WEATHER
69.0,2004-06-08,6516.0,8.782015969721936,53235.72,8.17,86.0,2.15,914.0,yes,SUNNY/CLOUDY,PARTLY CLOUDY,NONE,JUNE,HIGH SEASON,Tue,No,NONE,GOOD WEATHER
70.0,2004-06-09,20510.0,9.928667851066427,2051.0,0.1,92.0,2.16,931.0,yes,SUNNY/CLOUDY,PARTLY CLOUDY,NONE,JUNE,HIGH SEASON,Wed,No,NONE,GOOD WEATHER
71.0,2004-06-10,5728.0,8.653121708640482,46912.32,8.19,81.0,2.16,948.0,yes,RAIN,RAIN,NONE,JUNE,HIGH SEASON,Thu,No,NONE,NOT GOOD WEATHER
72.0,2004-06-11,10625.0,9.270964993792617,87018.75,8.19,71.0,2.17,964.0,yes,SUNNY/CLOUDY,MOSTLY CLOUDY,NONE,JUNE,HIGH SEASON,Fri,No,NONE,GOOD WEATHER
73.0,2004-06-12,12632.0,9.443988555935478,102950.8,8.15,75.0,2.17,979.0,yes,SUNNY/CLOUDY,PARTLY CLOUDY,NONE,JUNE,HIGH SEASON,Sat,Yes,NONE,GOOD WEATHER
74.0,2004-06-13,13694.0,9.524713059681009,112016.92,8.18,73.0,2.17,994.0,yes,SUNNY/CLOUDY,MOSTLY CLOUDY,NONE,JUNE,HIGH SEASON,Sun,Yes,NONE,GOOD WEATHER
75.0,2004-06-14,2711.0,7.905072849498666,22067.54,8.14,80.0,2.17,1026.0,yes,RAIN,RAIN,NONE,JUNE,HIGH SEASON,Mon,No,NONE,NOT GOOD WEATHER
76.0,2004-06-15,9259.0,9.133351330448047,75553.44,8.16,87.0,2.17,1055.0,yes,SUNNY/CLOUDY,MOSTLY CLOUDY,NONE,JUNE,HIGH SEASON,Tue,No,NONE,GOOD WEATHER
77.0,2004-06-16,17215.0,9.753536375772624,1721.5,0.1,85.0,2.17,1081.0,yes,SUNNY/CLOUDY,MOSTLY CLOUDY,NONE,JUNE,HIGH SEASON,Wed,No,NONE,GOOD WEATHER
78.0,2004-06-17,4397.0,8.388677769180811,36143.340000000004,8.22,84.0,2.17,1105.0,yes,RAIN,RAIN,NONE,JUNE,HIGH SEASON,Thu,No,NONE,NOT GOOD WEATHER
79.0,2004-06-18,6782.0,8.822027322685583,55341.12,8.16,88.0,2.17,1127.0,yes,SUNNY/CLOUDY,MOSTLY CLOUDY,NONE,JUNE,HIGH SEASON,Fri,No,NONE,GOOD WEATHER
80.0,2004-06-19,9007.0,9.105757331783742,73407.05,8.15,83.0,2.17,1147.0,yes,SUNNY/CLOUDY,MOSTLY CLOUDY,DadsDay,JUNE,HIGH SEASON,Sat,Yes,Have Events,GOOD WEATHER
81.0,2004-06-20,12802.0,9.45735668770195,104336.3,8.15,76.0,2.17,1165.0,yes,SUNNY/CLOUDY,PARTLY CLOUDY,DadsDay,JUNE,HIGH SEASON,Sun,Yes,Have Events,GOOD WEATHER
82.0,2004-06-21,5799.0,8.66544076787644,48827.58,8.42,80.0,2.16,1163.0,yes,SUNNY/CLOUDY,PARTLY CLOUDY,NONE,JUNE,HIGH SEASON,Mon,No,NONE,GOOD WEATHER
83.0,2004-06-22,2547.0,7.842671474979457,20579.76,8.08,76.0,2.16,1163.0,yes,RAIN,RAIN,NONE,JUNE,HIGH SEASON,Tue,No,NONE,NOT GOOD WEATHER
84.0,2004-06-23,17115.0,9.747710550964285,1711.5,0.1,82.0,2.16,1163.0,yes,SUNNY/CLOUDY,MOSTLY CLOUDY,NONE,JUNE,HIGH SEASON,Wed,No,NONE,GOOD WEATHER
85.0,2004-06-24,8188.0,9.01042494678118,66895.96,8.17,79.0,2.16,1165.0,yes,SUNNY/CLOUDY,PARTLY CLOUDY,NONE,JUNE,HIGH SEASON,Thu,No,NONE,GOOD WEATHER
86.0,2004-06-25,5800.0,8.66561319653451,47270.0,8.15,80.0,2.16,1167.0,yes,RAIN,RAIN,NONE,JUNE,HIGH SEASON,Fri,No,NONE,NOT GOOD WEATHER
87.0,2004-06-26,7503.0,8.923058219545728,60999.39000000001,8.13,80.0,2.16,1169.0,yes,SUNNY/CLOUDY,MOSTLY CLOUDY,NONE,JUNE,HIGH SEASON,Sat,Yes,NONE,GOOD WEATHER
88.0,2004-06-27,13544.0,9.51369892381297,110112.72000000002,8.13,80.0,2.16,1172.0,yes,SUNNY/CLOUDY,PARTLY CLOUDY,NONE,JUNE,HIGH SEASON,Sun,Yes,NONE,GOOD WEATHER
89.0,2004-06-28,6021.0,8.703008637464448,49311.99,8.19,81.0,2.16,1193.0,yes,SUNNY/CLOUDY,MOSTLY CLOUDY,NONE,JUNE,HIGH SEASON,Mon,No,NONE,GOOD WEATHER
90.0,2004-06-29,7110.0,8.869257522797287,57591.0,8.1,79.0,2.16,1212.0,yes,RAIN,RAIN,NONE,JUNE,HIGH SEASON,Tue,No,NONE,NOT GOOD WEATHER
91.0,2004-06-30,36874.0,10.515261974630336,3687.4,0.1,81.0,2.16,1229.0,yes,SUNNY/CLOUDY,PARTLY CLOUDY,NONE,JUNE,HIGH SEASON,Wed,No,NONE,GOOD WEATHER
92.0,2004-07-01,6574.0,8.790877754224164,53643.840000000004,8.16,80.0,2.16,1244.0,yes,SUNNY/CLOUDY,PARTLY CLOUDY,NONE,JUL,HIGH SEASON,Thu,No,NONE,GOOD WEATHER
93.0,2004-07-02,6049.0,8.707648248106914,49299.35,8.15,85.0,2.16,1257.0,yes,SUNNY/CLOUDY,PARTLY CLOUDY,SpotsStripes,JUL,HIGH SEASON,Fri,No,Have Events,GOOD WEATHER
94.0,2004-07-03,9531.0,9.162304922937626,77487.03000000001,8.13,83.0,2.16,1269.0,yes,SUNNY/CLOUDY,PARTLY CLOUDY,SpotsStripes,JUL,HIGH SEASON,Sat,Yes,Have Events,GOOD WEATHER
95.0,2004-07-04,9132.0,9.119540007649686,75704.28,8.29,80.0,2.16,1280.0,yes,SUNNY/CLOUDY,MOSTLY CLOUDY,SpotsStripes,JUL,HIGH SEASON,Sun,Yes,Have Events,GOOD WEATHER
96.0,2004-07-05,8389.0,9.034676602846295,68370.35,8.15,83.0,2.16,1289.0,yes,RAIN,RAIN,NONE,JUL,HIGH SEASON,Mon,No,NONE,NOT GOOD WEATHER
97.0,2004-07-06,6571.0,8.790421306897867,53882.2,8.2,84.0,2.16,1297.0,yes,SUNNY/CLOUDY,PARTLY CLOUDY,NONE,JUL,HIGH SEASON,Tue,No,NONE,GOOD WEATHER
98.0,2004-07-07,29935.0,10.306783643359452,2993.5,0.1,81.0,2.16,1305.0,yes,SUNNY/CLOUDY,PARTLY CLOUDY,NONE,JUL,HIGH SEASON,Wed,No,NONE,GOOD WEATHER
99.0,2004-07-08,6615.0,8.797095076549056,53978.4,8.16,89.0,2.16,1312.0,yes,SUNNY/CLOUDY,MOSTLY CLOUDY,NONE,JUL,HIGH SEASON,Thu,No,NONE,GOOD WEATHER
100.0,2004-07-09,9888.0,9.199077179697472,80982.72,8.19,81.0,2.15,1318.0,yes,SUNNY/CLOUDY,PARTLY CLOUDY,NONE,JUL,HIGH SEASON,Fri,No,NONE,GOOD WEATHER
101.0,2004-07-10,12879.0,9.46335335689267,104448.68999999999,8.11,86.0,2.15,1323.0,yes,SUNNY/CLOUDY,PARTLY CLOUDY,ExtremeSrvrs,JUL,HIGH SEASON,Sat,Yes,Have Events,GOOD WEATHER
102.0,2004-07-11,12061.0,9.397732385583243,97694.09999999999,8.1,84.0,2.15,1328.0,yes,SUNNY/CLOUDY,PARTLY CLOUDY,ExtremeSrvrs,JUL,HIGH SEASON,Sun,Yes,Have Events,GOOD WEATHER
103.0,2004-07-12,2228.0,7.708859601047175,18158.2,8.15,73.0,2.15,1364.0,yes,RAIN,RAIN,NONE,JUL,HIGH SEASON,Mon,No,NONE,NOT GOOD WEATHER
104.0,2004-07-13,3995.0,8.292798858200374,32599.2,8.16,69.0,2.15,1398.0,yes,RAIN,RAIN,NONE,JUL,HIGH SEASON,Tue,No,NONE,NOT GOOD WEATHER
105.0,2004-07-14,20831.0,9.944197540783914,2083.1,0.1,76.0,2.15,1430.0,yes,RAIN,RAIN,NONE,JUL,HIGH SEASON,Wed,No,NONE,NOT GOOD WEATHER
106.0,2004-07-15,11192.0,9.322954516345318,91438.64,8.17,81.0,2.15,1461.0,yes,SUNNY/CLOUDY,PARTLY CLOUDY,NONE,JUL,HIGH SEASON,Thu,No,NONE,GOOD WEATHER
107.0,2004-07-16,10327.0,9.242517103671403,84061.78,8.14,81.0,2.15,1490.0,yes,RAIN,RAIN,NONE,JUL,HIGH SEASON,Fri,No,NONE,NOT GOOD WEATHER
108.0,2004-07-17,11931.0,9.3868953338758,96879.71999999999,8.12,86.0,2.15,1517.0,yes,RAIN,RAIN,ExtremeSwngrs,JUL,HIGH SEASON,Sat,Yes,Have Events,NOT GOOD WEATHER
109.0,2004-07-18,5629.0,8.635687085464026,45594.9,8.1,77.0,2.15,1543.0,yes,RAIN,RAIN,ExtremeSwngrs,JUL,HIGH SEASON,Sun,Yes,Have Events,NOT GOOD WEATHER
110.0,2004-07-19,3723.0,8.222285073872717,30081.84,8.08,81.0,2.15,1537.0,yes,SUNNY/CLOUDY,MOSTLY CLOUDY,NONE,JUL,HIGH SEASON,Mon,No,NONE,GOOD WEATHER
111.0,2004-07-20,8549.0,9.053569596026234,69759.84,8.16,86.0,2.15,1530.0,yes,SUNNY/CLOUDY,PARTLY CLOUDY,NONE,JUL,HIGH SEASON,Tue,No,NONE,GOOD WEATHER
112.0,2004-07-21,34015.0,10.43455688277916,3401.5,0.1,87.0,2.14,1523.0,yes,SUNNY/CLOUDY,Sunny,NONE,JUL,HIGH SEASON,Wed,No,NONE,GOOD WEATHER
113.0,2004-07-22,12611.0,9.442324727955874,102275.20999999999,8.11,86.0,2.14,1517.0,yes,SUNNY/CLOUDY,PARTLY CLOUDY,NONE,JUL,HIGH SEASON,Thu,No,NONE,GOOD WEATHER
114.0,2004-07-23,2989.0,8.002694162283937,24240.789999999997,8.11,77.0,2.14,1511.0,yes,RAIN,RAIN,NONE,JUL,HIGH SEASON,Fri,No,NONE,NOT GOOD WEATHER
115.0,2004-07-24,4733.0,8.462314529906248,38242.64,8.08,74.0,2.14,1504.0,yes,SUNNY/CLOUDY,MOSTLY CLOUDY,Colorific,JUL,HIGH SEASON,Sat,Yes,Have Events,GOOD WEATHER
116.0,2004-07-25,9851.0,9.19532825185568,79990.12,8.12,78.0,2.14,1499.0,yes,RAIN,RAIN,Colorific,JUL,HIGH SEASON,Sun,Yes,Have Events,NOT GOOD WEATHER
117.0,2004-07-26,6582.0,8.792093929503284,53709.12,8.16,79.0,2.14,1493.0,yes,SUNNY/CLOUDY,MOSTLY CLOUDY,NONE,JUL,HIGH SEASON,Mon,No,NONE,GOOD WEATHER
118.0,2004-07-27,5753.0,8.657476736863293,46771.89000000001,8.13,73.0,2.14,1487.0,yes,RAIN,RAIN,NONE,JUL,HIGH SEASON,Tue,No,NONE,NOT GOOD WEATHER
119.0,2004-07-28,9165.0,9.123147160273806,916.5,0.1,77.0,2.13,1482.0,yes,SUNNY/CLOUDY,MOSTLY CLOUDY,NONE,JUL,HIGH SEASON,Wed,No,NONE,GOOD WEATHER
120.0,2004-07-29,11883.0,9.382864086290027,96846.45,8.15,85.0,2.13,1476.0,yes,SUNNY/CLOUDY,PARTLY CLOUDY,NONE,JUL,HIGH SEASON,Thu,No,NONE,GOOD WEATHER
121.0,2004-07-30,8497.0,9.047468439003541,68825.7,8.1,83.0,2.13,1471.0,yes,SUNNY/CLOUDY,MOSTLY CLOUDY,NONE,JUL,HIGH SEASON,Fri,No,NONE,GOOD WEATHER
122.0,2004-07-31,9860.0,9.19624144759668,79668.8,8.08,84.0,2.13,1466.0,yes,RAIN,RAIN,Kidsday,JUL,HIGH SEASON,Sat,Yes,Have Events,NOT GOOD WEATHER
123.0,2004-08-01,3435.0,8.14177220465645,27754.8,8.08,88.0,2.13,1462.0,yes,RAIN,RAIN,Kidsday,AUG,HIGH SEASON,Sun,Yes,Have Events,NOT GOOD WEATHER
124.0,2004-08-02,5430.0,8.599694412927981,44254.5,8.15,93.0,2.13,1408.0,yes,SUNNY/CLOUDY,MOSTLY CLOUDY,NONE,AUG,HIGH SEASON,Mon,No,NONE,GOOD WEATHER
125.0,2004-08-03,5672.0,8.643297068211963,46170.08,8.14,97.0,2.13,1358.0,yes,SUNNY/CLOUDY,MOSTLY CLOUDY,NONE,AUG,HIGH SEASON,Tue,No,NONE,GOOD WEATHER
126.0,2004-08-04,29079.0,10.277771543160718,2907.9,0.1,91.0,2.12,1311.0,yes,RAIN,RAIN,NONE,AUG,HIGH SEASON,Wed,No,NONE,NOT GOOD WEATHER
127.0,2004-08-05,5958.0,8.692490133273228,48498.12,8.14,99.0,2.12,1269.0,yes,RAIN,RAIN,NONE,AUG,HIGH SEASON,Thu,No,NONE,NOT GOOD WEATHER
128.0,2004-08-06,11629.0,9.361257257293044,94892.64,8.16,88.0,2.12,1229.0,yes,RAIN,RAIN,NONE,AUG,HIGH SEASON,Fri,No,NONE,NOT GOOD WEATHER
129.0,2004-08-07,15299.0,9.63554274576738,124074.88999999998,8.11,86.0,2.12,1192.0,yes,RAIN,RAIN,NONE,AUG,HIGH SEASON,Sat,Yes,NONE,NOT GOOD WEATHER
130.0,2004-08-08,15774.0,9.666118293957936,127769.4,8.1,85.0,2.12,1157.0,yes,SUNNY/CLOUDY,PARTLY CLOUDY,NONE,AUG,HIGH SEASON,Sun,Yes,NONE,GOOD WEATHER
131.0,2004-08-09,7735.0,8.953510763007166,63194.95,8.17,84.0,2.12,1157.0,yes,SUNNY/CLOUDY,PARTLY CLOUDY,NONE,AUG,HIGH SEASON,Mon,No,NONE,GOOD WEATHER
132.0,2004-08-10,7156.0,8.87570644462861,58464.52,8.17,91.0,2.12,1158.0,yes,SUNNY/CLOUDY,PARTLY CLOUDY,NONE,AUG,HIGH SEASON,Tue,No,NONE,GOOD WEATHER
133.0,2004-08-11,28712.0,10.265070432827443,2871.2000000000003,0.1,99.0,2.11,1159.0,yes,RAIN,RAIN,NONE,AUG,HIGH SEASON,Wed,No,NONE,NOT GOOD WEATHER
134.0,2004-08-12,4088.0,8.31581113188354,33276.32,8.14,94.0,2.11,1161.0,yes,RAIN,RAIN,NONE,AUG,HIGH SEASON,Thu,No,NONE,NOT GOOD WEATHER
135.0,2004-08-13,2372.0,7.771488760117616,19236.92,8.11,102.0,2.11,1163.0,yes,RAIN,RAIN,NONE,AUG,HIGH SEASON,Fri,No,NONE,NOT GOOD WEATHER
136.0,2004-08-14,7612.0,8.93748122841604,61733.31999999999,8.11,96.0,2.11,1165.0,yes,RAIN,RAIN,NONE,AUG,HIGH SEASON,Sat,Yes,NONE,NOT GOOD WEATHER
137.0,2004-08-15,4241.0,8.352554369474591,34436.92,8.12,76.0,2.11,1168.0,yes,RAIN,RAIN,NONE,AUG,HIGH SEASON,Sun,Yes,NONE,NOT GOOD WEATHER
138.0,2004-08-16,1663.0,7.416378479192928,13553.45,8.15,78.0,2.11,1140.0,yes,RAIN,RAIN,NONE,AUG,HIGH SEASON,Mon,No,NONE,NOT GOOD WEATHER
139.0,2004-08-17,10395.0,9.249080200292113,84719.25,8.15,89.0,2.11,1101.0,yes,SUNNY/CLOUDY,PARTLY CLOUDY,NONE,AUG,HIGH SEASON,Tue,No,NONE,GOOD WEATHER
140.0,2004-08-18,26739.0,10.193878452798828,2673.9,0.1,82.0,2.1,1115.0,yes,SUNNY/CLOUDY,MOSTLY CLOUDY,NONE,AUG,HIGH SEASON,Wed,No,NONE,GOOD WEATHER
141.0,2004-08-19,6041.0,8.706324840138741,49354.97,8.17,77.0,2.1,1126.0,yes,SUNNY/CLOUDY,MOSTLY CLOUDY,NONE,AUG,HIGH SEASON,Thu,No,NONE,GOOD WEATHER
142.0,2004-08-20,5892.0,8.681350777582521,48019.8,8.15,82.0,2.1,1136.0,yes,SUNNY/CLOUDY,MOSTLY CLOUDY,NONE,AUG,HIGH SEASON,Fri,No,NONE,GOOD WEATHER
143.0,2004-08-21,3848.0,8.255308811785596,31245.76,8.12,95.0,2.1,1145.0,yes,RAIN,RAIN,AnimalOlympcs,AUG,HIGH SEASON,Sat,Yes,Have Events,NOT GOOD WEATHER
144.0,2004-08-22,15925.0,9.675645480440364,129151.74999999999,8.11,91.0,2.1,1152.0,yes,SUNNY/CLOUDY,PARTLY CLOUDY,AnimalOlympcs,AUG,HIGH SEASON,Sun,Yes,Have Events,GOOD WEATHER
145.0,2004-08-23,9060.0,9.111624399037025,73839.0,8.15,84.0,2.1,1158.0,yes,SUNNY/CLOUDY,Sunny,NONE,AUG,HIGH SEASON,Mon,No,NONE,GOOD WEATHER
146.0,2004-08-24,8563.0,9.055205875026193,69874.08,8.16,80.0,2.1,1163.0,yes,SUNNY/CLOUDY,MOSTLY CLOUDY,NONE,AUG,HIGH SEASON,Tue,No,NONE,GOOD WEATHER
147.0,2004-08-25,34314.0,10.443308713143372,3431.4,0.1,84.0,2.09,1168.0,yes,SUNNY/CLOUDY,PARTLY CLOUDY,NONE,AUG,HIGH SEASON,Wed,No,NONE,GOOD WEATHER
148.0,2004-08-26,9524.0,9.161570207606754,77525.36,8.14,85.0,2.09,1171.0,yes,SUNNY/CLOUDY,PARTLY CLOUDY,NONE,AUG,HIGH SEASON,Thu,No,NONE,GOOD WEATHER
149.0,2004-08-27,6534.0,8.784774592161016,53186.76,8.14,83.0,2.08,1175.0,yes,RAIN,RAIN,NONE,AUG,HIGH SEASON,Fri,No,NONE,NOT GOOD WEATHER
150.0,2004-08-28,8787.0,9.081028635495842,71174.7,8.1,83.0,2.08,1177.0,yes,RAIN,RAIN,OutofSite,AUG,HIGH SEASON,Sat,Yes,Have Events,NOT GOOD WEATHER
151.0,2004-08-29,8011.0,8.988570876215118,64889.1,8.1,87.0,2.08,1179.0,yes,SUNNY/CLOUDY,PARTLY CLOUDY,OutofSite,AUG,HIGH SEASON,Sun,Yes,Have Events,GOOD WEATHER
152.0,2004-08-30,4313.0,8.369388996647842,35107.82,8.14,86.0,2.07,1155.0,yes,RAIN,RAIN,NONE,AUG,HIGH SEASON,Mon,No,NONE,NOT GOOD WEATHER
153.0,2004-08-31,3887.0,8.265392930852224,31562.44,8.12,87.0,2.07,1136.0,yes,RAIN,RAIN,NONE,AUG,HIGH SEASON,Tue,No,NONE,NOT GOOD WEATHER
154.0,2004-09-01,26512.0,10.185352739666344,2651.2000000000003,0.1,83.0,2.06,1122.0,yes,SUNNY/CLOUDY,Sunny,NONE,SEP,HIGH SEASON,Wed,No,NONE,GOOD WEATHER
155.0,2004-09-02,7257.0,8.889721799278137,58999.41,8.13,80.0,2.06,1112.0,yes,SUNNY/CLOUDY,PARTLY CLOUDY,NONE,SEP,HIGH SEASON,Thu,No,NONE,GOOD WEATHER
156.0,2004-09-03,6235.0,8.737933858114136,50877.6,8.16,79.0,2.05,1104.0,yes,SUNNY/CLOUDY,PARTLY CLOUDY,LABDAY,SEP,HIGH SEASON,Fri,No,Have Events,GOOD WEATHER
157.0,2004-09-04,9430.0,9.151651375627504,76571.59999999999,8.12,86.0,2.05,1098.0,yes,SUNNY/CLOUDY,MOSTLY CLOUDY,AnimalEats,SEP,HIGH SEASON,Sat,Yes,Have Events,GOOD WEATHER
158.0,2004-09-05,14194.0,9.560574619084928,115113.34,8.11,73.0,2.05,1093.0,yes,SUNNY/CLOUDY,MOSTLY CLOUDY,AnimalEats,SEP,HIGH SEASON,Sun,Yes,Have Events,GOOD WEATHER
159.0,2004-09-06,12927.0,9.467073426283948,104837.96999999999,8.11,75.0,2.04,1090.0,yes,SUNNY/CLOUDY,MOSTLY CLOUDY,AnimalEats,SEP,HIGH SEASON,Mon,No,Have Events,GOOD WEATHER
160.0,2004-09-07,2743.0,7.916807490937603,22300.590000000004,8.13,81.0,2.04,1087.0,yes,SUNNY/CLOUDY,MOSTLY CLOUDY,NONE,SEP,HIGH SEASON,Tue,No,NONE,GOOD WEATHER
161.0,2004-09-08,1093.0,6.996681488176539,109.30000000000001,0.1,76.0,2.03,1035.0,yes,RAIN,RAIN,NONE,SEP,HIGH SEASON,Wed,No,NONE,NOT GOOD WEATHER
162.0,2004-09-09,424.0,6.049733455231958,3430.16,8.09,81.0,2.03,988.0,yes,RAIN,RAIN,NONE,SEP,HIGH SEASON,Thu,No,NONE,NOT GOOD WEATHER
163.0,2004-09-10,3340.0,8.113726085970747,27321.2,8.18,83.0,2.03,944.0,yes,SUNNY/CLOUDY,PARTLY CLOUDY,NONE,SEP,HIGH SEASON,Fri,No,NONE,GOOD WEATHER
164.0,2004-09-11,8070.0,8.995908761263994,65770.5,8.15,74.0,2.02,904.0,yes,SUNNY/CLOUDY,MOSTLY CLOUDY,Grandparents,SEP,HIGH SEASON,Sat,Yes,Have Events,GOOD WEATHER
165.0,2004-09-12,8181.0,9.009569671513699,66675.15000000001,8.15,78.0,2.02,867.0,yes,SUNNY/CLOUDY,PARTLY CLOUDY,Grandparents,SEP,HIGH SEASON,Sun,Yes,Have Events,GOOD WEATHER
166.0,2004-09-13,1526.0,7.330405211844402,12558.980000000001,8.23,83.0,2.01,728.0,yes,SUNNY/CLOUDY,PARTLY CLOUDY,NONE,SEP,HIGH SEASON,Mon,No,NONE,GOOD WEATHER
167.0,2004-09-14,1355.0,7.2115567333138015,11205.849999999999,8.27,73.0,2.01,626.0,yes,SUNNY/CLOUDY,MOSTLY CLOUDY,NONE,SEP,HIGH SEASON,Tue,No,NONE,GOOD WEATHER
168.0,2004-09-15,4583.0,8.430109084509125,458.3,0.1,74.0,2.01,549.0,yes,RAIN,RAIN,NONE,SEP,HIGH SEASON,Wed,No,NONE,NOT GOOD WEATHER
169.0,2004-09-16,7071.0,8.863757191604241,57770.07,8.17,80.0,2.0,489.0,yes,SUNNY/CLOUDY,MOSTLY CLOUDY,NONE,SEP,HIGH SEASON,Thu,No,NONE,GOOD WEATHER
170.0,2004-09-17,2219.0,7.704811922932594,18240.18,8.22,78.0,2.0,441.0,yes,RAIN,RAIN,NONE,SEP,HIGH SEASON,Fri,No,NONE,NOT GOOD WEATHER
171.0,2004-09-18,1941.0,7.57095858316901,15663.87,8.07,74.0,1.99,402.0,yes,RAIN,RAIN,HispanicWeekend,SEP,HIGH SEASON,Sat,Yes,Have Events,NOT GOOD WEATHER
172.0,2004-09-19,9627.0,9.172326929777967,79422.75,8.25,69.0,1.99,369.0,yes,SUNNY/CLOUDY,Sunny,HispanicWeekend,SEP,HIGH SEASON,Sun,Yes,Have Events,GOOD WEATHER
173.0,2004-09-20,1370.0,7.222566018822171,11343.599999999999,8.28,72.0,2.0,341.0,yes,SUNNY/CLOUDY,Sunny,NONE,SEP,HIGH SEASON,Mon,No,NONE,GOOD WEATHER
174.0,2004-09-21,1441.0,7.273092595999522,12017.94,8.34,82.0,2.01,316.0,yes,SUNNY/CLOUDY,PARTLY CLOUDY,NONE,SEP,HIGH SEASON,Tue,No,NONE,GOOD WEATHER
175.0,2004-09-22,5993.0,8.698347400458186,599.3000000000001,0.1,85.0,2.03,295.0,yes,SUNNY/CLOUDY,PARTLY CLOUDY,NONE,SEP,HIGH SEASON,Wed,No,NONE,GOOD WEATHER
176.0,2004-09-23,1599.0,7.377133712833954,13287.69,8.31,84.0,2.04,275.0,yes,SUNNY/CLOUDY,Sunny,NONE,SEP,HIGH SEASON,Thu,No,NONE,GOOD WEATHER
177.0,2004-09-24,2241.0,7.714677473800927,18510.66,8.26,74.0,2.04,258.0,yes,SUNNY/CLOUDY,MOSTLY CLOUDY,NONE,SEP,HIGH SEASON,Fri,No,NONE,GOOD WEATHER
178.0,2004-09-25,7703.0,8.949365142352965,62548.35999999999,8.12,77.0,2.04,242.0,yes,SUNNY/CLOUDY,MOSTLY CLOUDY,NONE,SEP,HIGH SEASON,Sat,Yes,NONE,GOOD WEATHER
179.0,2004-09-26,9154.0,9.121946221213587,74422.02,8.13,79.0,2.04,227.0,yes,SUNNY/CLOUDY,MOSTLY CLOUDY,NONE,SEP,HIGH SEASON,Sun,Yes,NONE,GOOD WEATHER
180.0,2004-09-27,1306.0,7.174724309836376,10748.380000000001,8.23,75.0,2.04,214.0,yes,SUNNY/CLOUDY,MOSTLY CLOUDY,NONE,SEP,HIGH SEASON,Mon,No,NONE,GOOD WEATHER
181.0,2004-09-28,80.0,4.382026634673881,8.0,0.1,74.0,2.04,201.0,yes,RAIN,RAIN,NONE,SEP,HIGH SEASON,Tue,No,NONE,NOT GOOD WEATHER
182.0,2004-09-29,2498.0,7.823245690685523,249.8,0.1,67.0,2.04,189.0,yes,RAIN,RAIN,NONE,SEP,HIGH SEASON,Wed,No,NONE,NOT GOOD WEATHER
183.0,2004-09-30,1509.0,7.319202458767849,12585.06,8.34,68.0,2.04,178.0,yes,SUNNY/CLOUDY,MOSTLY CLOUDY,NONE,SEP,HIGH SEASON,Thu,No,NONE,GOOD WEATHER
184.0,2004-10-01,2908.0,7.97522083865341,23961.920000000002,8.24,71.0,2.04,168.0,yes,SUNNY/CLOUDY,Sunny,NONE,OCT,LOW SEASON,Fri,No,NONE,GOOD WEATHER
185.0,2004-10-02,3961.0,8.284251797621916,32361.37,8.17,78.0,2.03,159.0,yes,RAIN,RAIN,NONE,OCT,LOW SEASON,Sat,Yes,NONE,NOT GOOD WEATHER
186.0,2004-10-03,6069.0,8.710949125835855,49340.97,8.13,76.0,2.03,150.0,yes,SUNNY/CLOUDY,PARTLY CLOUDY,NONE,OCT,LOW SEASON,Sun,Yes,NONE,GOOD WEATHER
187.0,2004-10-04,3941.0,8.279189777195004,32158.56,8.16,74.0,2.03,141.0,yes,SUNNY/CLOUDY,PARTLY CLOUDY,NONE,OCT,LOW SEASON,Mon,No,NONE,GOOD WEATHER
188.0,2004-10-05,3348.0,8.116118431609365,27353.16,8.17,76.0,2.03,133.0,yes,SUNNY/CLOUDY,PARTLY CLOUDY,NONE,OCT,LOW SEASON,Tue,No,NONE,GOOD WEATHER
189.0,2004-10-06,4896.0,8.496173824192162,489.6,0.1,76.0,2.03,126.0,yes,SUNNY/CLOUDY,Sunny,NONE,OCT,LOW SEASON,Wed,No,NONE,GOOD WEATHER
190.0,2004-10-07,3239.0,8.08301991917133,27337.16,8.44,75.0,2.03,119.0,yes,SUNNY/CLOUDY,Sunny,NONE,OCT,LOW SEASON,Thu,No,NONE,GOOD WEATHER
191.0,2004-10-08,3565.0,8.178919332848396,29268.65,8.21,73.0,2.03,112.0,yes,SUNNY/CLOUDY,PARTLY CLOUDY,NONE,OCT,LOW SEASON,Fri,No,NONE,GOOD WEATHER
192.0,2004-10-09,6353.0,8.756682421266532,51904.01,8.17,60.0,2.03,106.0,yes,SUNNY/CLOUDY,MOSTLY CLOUDY,NONE,OCT,LOW SEASON,Sat,Yes,NONE,GOOD WEATHER
193.0,2004-10-10,7893.0,8.973731569708402,64091.159999999996,8.12,62.0,2.03,100.0,yes,RAIN,RAIN,NONE,OCT,LOW SEASON,Sun,Yes,NONE,NOT GOOD WEATHER
194.0,2004-10-11,6806.0,8.82555985506085,55468.9,8.15,64.0,2.03,95.0,yes,SUNNY/CLOUDY,PARTLY CLOUDY,ExtremeXplorers,OCT,LOW SEASON,Mon,No,Have Events,GOOD WEATHER
195.0,2004-10-12,1825.0,7.509335266016592,15074.5,8.26,59.0,2.03,90.0,yes,SUNNY/CLOUDY,PARTLY CLOUDY,NONE,OCT,LOW SEASON,Tue,No,NONE,GOOD WEATHER
196.0,2004-10-13,5706.0,8.649273531773446,570.6,0.1,61.0,2.03,85.0,yes,SUNNY/CLOUDY,PARTLY CLOUDY,NONE,OCT,LOW SEASON,Wed,No,NONE,GOOD WEATHER
197.0,2004-10-14,3391.0,8.128880142125638,27195.82,8.02,64.0,2.03,80.0,yes,SUNNY/CLOUDY,MOSTLY CLOUDY,NONE,OCT,LOW SEASON,Thu,No,NONE,GOOD WEATHER
198.0,2004-10-15,923.0,6.827629234502852,7928.57,8.59,74.0,2.03,76.0,yes,RAIN,RAIN,NONE,OCT,LOW SEASON,Fri,No,NONE,NOT GOOD WEATHER
199.0,2004-10-16,3531.0,8.169336395928386,28812.96,8.16,66.0,2.03,72.0,yes,SUNNY/CLOUDY,MOSTLY CLOUDY,NONE,OCT,LOW SEASON,Sat,Yes,NONE,GOOD WEATHER
200.0,2004-10-17,4354.0,8.378850241794492,35398.020000000004,8.13,65.0,2.03,68.0,yes,SUNNY/CLOUDY,PARTLY CLOUDY,NONE,OCT,LOW SEASON,Sun,Yes,NONE,GOOD WEATHER
201.0,2004-10-18,1317.0,7.183111701743281,10983.78,8.34,71.0,2.02,64.0,yes,RAIN,RAIN,NONE,OCT,LOW SEASON,Mon,No,NONE,NOT GOOD WEATHER
202.0,2004-10-19,720.0,6.579251212010101,5889.599999999999,8.18,70.0,2.02,61.0,yes,RAIN,RAIN,NONE,OCT,LOW SEASON,Tue,No,NONE,NOT GOOD WEATHER
203.0,2004-10-20,3755.0,8.230843564198235,375.5,0.1,61.0,2.02,58.0,yes,RAIN,RAIN,NONE,OCT,LOW SEASON,Wed,No,NONE,NOT GOOD WEATHER
204.0,2004-10-21,2330.0,7.753623546559746,19036.1,8.17,55.0,2.02,55.0,yes,RAIN,RAIN,NONE,OCT,LOW SEASON,Thu,No,NONE,NOT GOOD WEATHER
205.0,2004-10-22,12607.0,9.44200749423127,104007.75,8.25,53.0,2.02,52.0,yes,SUNNY/CLOUDY,MOSTLY CLOUDY,BooZoo,OCT,LOW SEASON,Fri,No,Have Events,GOOD WEATHER
206.0,2004-10-23,5803.0,8.666130304190608,47294.450000000004,8.15,56.0,2.02,49.0,yes,SUNNY/CLOUDY,MOSTLY CLOUDY,BooZoo,OCT,LOW SEASON,Sat,Yes,Have Events,GOOD WEATHER
207.0,2004-10-24,3907.0,8.27052509505507,31685.769999999997,8.11,53.0,2.02,46.0,yes,SUNNY/CLOUDY,MOSTLY CLOUDY,NONE,OCT,LOW SEASON,Sun,Yes,NONE,GOOD WEATHER
208.0,2004-10-25,1057.0,6.963189985870238,8762.529999999999,8.29,52.0,2.02,44.0,yes,SUNNY/CLOUDY,MOSTLY CLOUDY,NONE,OCT,LOW SEASON,Mon,No,NONE,GOOD WEATHER
209.0,2004-10-26,3906.0,8.270269111436624,32068.260000000002,8.21,52.0,2.02,42.0,yes,SUNNY/CLOUDY,MOSTLY CLOUDY,NONE,OCT,LOW SEASON,Tue,No,NONE,GOOD WEATHER
210.0,2004-10-27,5808.0,8.666991556504632,580.8000000000001,0.1,50.0,2.02,40.0,yes,SUNNY/CLOUDY,PARTLY CLOUDY,NONE,OCT,LOW SEASON,Wed,No,NONE,GOOD WEATHER
211.0,2004-10-28,4557.0,8.424419791263883,37777.53,8.29,49.0,2.02,38.0,yes,SUNNY/CLOUDY,PARTLY CLOUDY,NONE,OCT,LOW SEASON,Thu,No,NONE,GOOD WEATHER
212.0,2004-10-29,2035.0,7.618251097876695,16564.9,8.14,50.0,2.02,36.0,yes,SUNNY/CLOUDY,MOSTLY CLOUDY,NONE,OCT,LOW SEASON,Fri,No,NONE,GOOD WEATHER
213.0,2004-10-30,2813.0,7.9420068084898565,22729.04,8.08,68.0,2.02,34.0,yes,RAIN,RAIN,BooZoo,OCT,LOW SEASON,Sat,Yes,Have Events,NOT GOOD WEATHER
214.0,2004-10-31,7201.0,8.881975184248867,58328.1,8.1,69.0,2.02,32.0,yes,SUNNY/CLOUDY,PARTLY CLOUDY,BooZoo,OCT,LOW SEASON,Sun,Yes,Have Events,GOOD WEATHER
215.0,2004-11-01,1451.0,7.280008252884188,8981.69,6.19,62.0,2.02,30.0,yes,SUNNY/CLOUDY,PARTLY CLOUDY,NONE,NOV,LOW SEASON,Mon,No,NONE,GOOD WEATHER
216.0,2004-11-02,1411.0,7.252053951852814,8635.32,6.12,60.0,2.02,29.0,yes,SUNNY/CLOUDY,MOSTLY CLOUDY,NONE,NOV,LOW SEASON,Tue,No,NONE,GOOD WEATHER
217.0,2004-11-03,2940.0,7.986164860332727,294.0,0.1,59.0,2.01,27.0,yes,RAIN,RAIN,NONE,NOV,LOW SEASON,Wed,No,NONE,NOT GOOD WEATHER
218.0,2004-11-04,1230.0,7.114769448366463,7490.7,6.09,52.0,2.01,26.0,yes,RAIN,RAIN,NONE,NOV,LOW SEASON,Thu,No,NONE,NOT GOOD WEATHER
219.0,2004-11-05,2050.0,7.6255950721324535,12505.0,6.1,55.0,2.01,25.0,yes,RAIN,RAIN,NONE,NOV,LOW SEASON,Fri,No,NONE,NOT GOOD WEATHER
220.0,2004-11-06,2298.0,7.739794458408701,14063.76,6.12,60.0,2.01,23.0,yes,SUNNY/CLOUDY,PARTLY CLOUDY,NONE,NOV,LOW SEASON,Sat,Yes,NONE,GOOD WEATHER
221.0,2004-11-07,3677.0,8.209852481301272,22503.24,6.12,69.0,2.01,22.0,yes,SUNNY/CLOUDY,PARTLY CLOUDY,HarvestFstvl,NOV,LOW SEASON,Sun,Yes,Have Events,GOOD WEATHER
222.0,2004-11-08,672.0,6.51025834052315,4092.48,6.09,58.0,2.01,21.0,yes,SUNNY/CLOUDY,PARTLY CLOUDY,NONE,NOV,LOW SEASON,Mon,No,NONE,GOOD WEATHER
223.0,2004-11-09,991.0,6.898714534329988,6045.099999999999,6.1,42.0,2.01,20.0,yes,SUNNY/CLOUDY,PARTLY CLOUDY,NONE,NOV,LOW SEASON,Tue,No,NONE,GOOD WEATHER
224.0,2004-11-10,3218.0,8.076515327552329,321.8,0.1,44.0,2.01,19.0,yes,SUNNY/CLOUDY,PARTLY CLOUDY,NONE,NOV,LOW SEASON,Wed,No,NONE,GOOD WEATHER
225.0,2004-11-11,2453.0,7.8050670442584895,14963.3,6.1,57.0,2.01,18.0,yes,SUNNY/CLOUDY,MOSTLY CLOUDY,NONE,NOV,LOW SEASON,Thu,No,NONE,GOOD WEATHER
226.0,2004-11-12,606.0,6.406879986069314,3654.1800000000003,6.03,48.0,2.01,17.0,yes,RAIN,RAIN,NONE,NOV,LOW SEASON,Fri,No,NONE,NOT GOOD WEATHER
227.0,2004-11-13,866.0,6.763884908562435,5230.64,6.04,44.0,2.01,16.0,yes,SNOW,SIGNIFICANTSNOW,NONE,NOV,LOW SEASON,Sat,Yes,NONE,NOT GOOD WEATHER
228.0,2004-11-14,1174.0,7.068172000388042,7173.14,6.11,50.0,2.01,16.0,yes,SUNNY/CLOUDY,Sunny,NONE,NOV,LOW SEASON,Sun,Yes,NONE,GOOD WEATHER
229.0,2004-11-15,425.0,6.052089168924417,2639.25,6.21,60.0,2.01,15.0,yes,SUNNY/CLOUDY,Sunny,NONE,NOV,LOW SEASON,Mon,No,NONE,GOOD WEATHER
230.0,2004-11-16,753.0,6.6240652277998935,4585.7699999999995,6.09,58.0,2.01,14.0,yes,SUNNY/CLOUDY,PARTLY CLOUDY,NONE,NOV,LOW SEASON,Tue,No,NONE,GOOD WEATHER
231.0,2004-11-17,2109.0,7.653969180478774,210.9,0.1,56.0,2.01,13.0,yes,SUNNY/CLOUDY,PARTLY CLOUDY,NONE,NOV,LOW SEASON,Wed,No,NONE,GOOD WEATHER
232.0,2004-11-18,1176.0,7.069874128458572,7267.679999999999,6.18,55.0,2.01,13.0,yes,SUNNY/CLOUDY,MOSTLY CLOUDY,NONE,NOV,LOW SEASON,Thu,No,NONE,GOOD WEATHER
233.0,2004-11-19,1517.0,7.324489979348532,9344.72,6.16,62.0,2.0,12.0,yes,SUNNY/CLOUDY,MOSTLY CLOUDY,HolidayLights,NOV,LOW SEASON,Fri,No,Have Events,GOOD WEATHER
234.0,2004-11-20,397.0,5.983936280687191,2409.79,6.07,53.0,2.0,12.0,yes,RAIN,RAIN,HolidayLights,NOV,LOW SEASON,Sat,Yes,Have Events,NOT GOOD WEATHER
235.0,2004-11-21,763.0,6.637258031284457,4646.67,6.09,55.0,2.0,11.0,yes,RAIN,RAIN,HolidayLights,NOV,LOW SEASON,Sun,Yes,Have Events,NOT GOOD WEATHER
236.0,2004-11-22,1094.0,6.9975959829819265,6760.92,6.18,55.0,2.0,11.0,yes,RAIN,RAIN,NONE,NOV,LOW SEASON,Mon,No,NONE,NOT GOOD WEATHER
237.0,2004-11-23,1152.0,7.049254841255837,7061.76,6.13,54.0,2.0,10.0,yes,SUNNY/CLOUDY,MOSTLY CLOUDY,NONE,NOV,LOW SEASON,Tue,No,NONE,GOOD WEATHER
238.0,2004-11-24,617.0,6.424869023905388,61.7,0.1,56.0,2.0,10.0,yes,RAIN,RAIN,NONE,NOV,LOW SEASON,Wed,No,NONE,NOT GOOD WEATHER
239.0,2004-11-25,470.0,6.152732694704104,2857.6,6.08,65.0,2.0,9.0,yes,RAIN,RAIN,NONE,NOV,LOW SEASON,Thu,No,NONE,NOT GOOD WEATHER
240.0,2004-11-26,2563.0,7.848933726364071,15711.19,6.13,47.0,2.0,9.0,yes,SUNNY/CLOUDY,Sunny,HolidayLights,NOV,LOW SEASON,Fri,No,Have Events,GOOD WEATHER
241.0,2004-11-27,2631.0,7.875119281040293,15996.48,6.08,53.0,2.0,8.0,yes,SUNNY/CLOUDY,MOSTLY CLOUDY,HolidayLights,NOV,LOW SEASON,Sat,Yes,Have Events,GOOD WEATHER
242.0,2004-11-28,135.0,4.90527477843843,810.0,6.0,58.0,2.0,8.0,yes,RAIN,RAIN,HolidayLights,NOV,LOW SEASON,Sun,Yes,Have Events,NOT GOOD WEATHER
243.0,2004-11-29,989.0,6.8966943316227125,6062.57,6.13,50.0,2.0,8.0,yes,SUNNY/CLOUDY,PARTLY CLOUDY,HolidayLights,NOV,LOW SEASON,Mon,No,Have Events,GOOD WEATHER
244.0,2004-11-30,762.0,6.635946555686647,4739.639999999999,6.22,49.0,2.0,7.0,yes,RAIN,RAIN,HolidayLights,NOV,LOW SEASON,Tue,No,Have Events,NOT GOOD WEATHER
245.0,2004-12-01,561.0,6.329720905522696,56.1,0.1,58.0,2.0,7.0,yes,RAIN,RAIN,HolidayLights,DEC,LOW SEASON,Wed,No,Have Events,NOT GOOD WEATHER
246.0,2004-12-02,571.0,6.3473892096560105,3500.23,6.13,46.0,2.0,7.0,yes,SUNNY/CLOUDY,PARTLY CLOUDY,HolidayLights,DEC,LOW SEASON,Thu,No,Have Events,GOOD WEATHER
247.0,2004-12-03,517.0,6.248042874508429,3133.02,6.06,47.0,2.0,6.0,yes,SUNNY/CLOUDY,PARTLY CLOUDY,HolidayLights,DEC,LOW SEASON,Fri,No,Have Events,GOOD WEATHER
248.0,2004-12-04,749.0,6.618738983517219,4561.41,6.09,44.0,2.0,6.0,yes,SUNNY/CLOUDY,PARTLY CLOUDY,HolidayLights,DEC,LOW SEASON,Sat,Yes,Have Events,GOOD WEATHER
249.0,2004-12-05,1334.0,7.195937226475569,8177.42,6.13,55.0,1.99,6.0,yes,SUNNY/CLOUDY,PARTLY CLOUDY,HolidayLights,DEC,LOW SEASON,Sun,Yes,Have Events,GOOD WEATHER
250.0,2004-12-06,334.0,5.811140992976701,2037.3999999999999,6.1,42.0,1.99,6.0,yes,RAIN,RAIN,HolidayLights,DEC,LOW SEASON,Mon,No,Have Events,NOT GOOD WEATHER
251.0,2004-12-07,299.0,5.700443573390687,1994.33,6.67,49.0,1.99,5.0,no,RAIN,RAIN,HolidayLights,DEC,LOW SEASON,Tue,No,Have Events,NOT GOOD WEATHER
252.0,2004-12-08,1440.0,7.272398392570047,144.0,0.1,59.0,1.99,5.0,no,RAIN,RAIN,HolidayLights,DEC,LOW SEASON,Wed,No,Have Events,NOT GOOD WEATHER
253.0,2004-12-09,636.0,6.455198563340122,3936.84,6.19,48.0,1.99,5.0,no,RAIN,RAIN,HolidayLights,DEC,LOW SEASON,Thu,No,Have Events,NOT GOOD WEATHER
254.0,2004-12-10,308.0,5.730099782973574,1915.76,6.22,48.0,1.99,5.0,no,RAIN,RAIN,HolidayLights,DEC,LOW SEASON,Fri,No,Have Events,NOT GOOD WEATHER
255.0,2004-12-11,377.0,5.932245187448011,2299.7,6.1,52.0,1.99,5.0,no,RAIN,RAIN,HolidayLights,DEC,LOW SEASON,Sat,Yes,Have Events,NOT GOOD WEATHER
256.0,2004-12-12,705.0,6.558197802812269,4251.150000000001,6.03,46.0,1.99,4.0,no,RAIN,RAIN,HolidayLights,DEC,LOW SEASON,Sun,Yes,Have Events,NOT GOOD WEATHER
257.0,2004-12-13,423.0,6.0473721790462776,2588.76,6.12,46.0,1.99,4.0,no,RAIN,RAIN,HolidayLights,DEC,LOW SEASON,Mon,No,Have Events,NOT GOOD WEATHER
258.0,2004-12-14,542.0,6.295266001439646,3322.46,6.13,38.0,1.99,4.0,no,SUNNY/CLOUDY,PARTLY CLOUDY,HolidayLights,DEC,LOW SEASON,Tue,No,Have Events,GOOD WEATHER
259.0,2004-12-15,849.0,6.744059186311348,84.9,0.1,33.0,1.99,4.0,no,SUNNY/CLOUDY,Sunny,HolidayLights,DEC,LOW SEASON,Wed,No,Have Events,GOOD WEATHER
260.0,2004-12-16,445.0,6.09807428216624,2678.8999999999996,6.02,43.0,1.99,4.0,no,SUNNY/CLOUDY,PARTLY CLOUDY,HolidayLights,DEC,LOW SEASON,Thu,No,Have Events,GOOD WEATHER
261.0,2004-12-17,600.0,6.396929655216146,3624.0,6.04,46.0,1.99,4.0,no,SUNNY/CLOUDY,PARTLY CLOUDY,HolidayLights,DEC,LOW SEASON,Fri,No,Have Events,GOOD WEATHER
262.0,2004-12-18,688.0,6.5337888379333435,4203.68,6.11,44.0,1.99,4.0,no,SUNNY/CLOUDY,PARTLY CLOUDY,HolidayLights,DEC,LOW SEASON,Sat,Yes,Have Events,GOOD WEATHER
263.0,2004-12-19,509.0,6.2324480165505225,3089.63,6.07,46.0,1.99,3.0,no,SNOW,SNOW,HolidayLights,DEC,LOW SEASON,Sun,Yes,Have Events,NOT GOOD WEATHER
264.0,2004-12-20,320.0,5.768320995793772,1948.8,6.09,21.0,1.99,3.0,no,SNOW,SNOW,HolidayLights,DEC,LOW SEASON,Mon,No,Have Events,NOT GOOD WEATHER
265.0,2004-12-21,487.0,6.18826412308259,2965.83,6.09,38.0,1.99,3.0,no,SUNNY/CLOUDY,PARTLY CLOUDY,HolidayLights,DEC,LOW SEASON,Tue,No,Have Events,GOOD WEATHER
266.0,2004-12-22,1947.0,7.5740450053721995,194.70000000000002,0.1,48.0,1.98,3.0,no,SUNNY/CLOUDY,MOSTLY CLOUDY,HolidayLights,DEC,LOW SEASON,Wed,No,Have Events,GOOD WEATHER
267.0,2004-12-23,147.0,4.990432586778736,889.35,6.05,56.0,1.98,3.0,no,RAIN,RAIN,HolidayLights,DEC,LOW SEASON,Thu,No,Have Events,NOT GOOD WEATHER
268.0,2004-12-24,251.0,5.5254529391317835,1523.5700000000002,6.07,41.0,1.98,3.0,no,SUNNY/CLOUDY,MOSTLY CLOUDY,HolidayLights,DEC,LOW SEASON,Fri,No,Have Events,GOOD WEATHER
269.0,2004-12-25,507.0,6.2285110035911835,3107.91,6.13,33.0,1.98,3.0,no,SUNNY/CLOUDY,PARTLY CLOUDY,HolidayLights,DEC,LOW SEASON,Sat,Yes,Have Events,GOOD WEATHER
270.0,2004-12-26,524.0,6.261491684321042,3222.6000000000004,6.15,33.0,1.98,3.0,no,SNOW,SNOW,HolidayLights,DEC,LOW SEASON,Sun,Yes,Have Events,NOT GOOD WEATHER
271.0,2004-12-27,371.0,5.916202062607435,2251.9700000000003,6.07,28.0,1.98,3.0,no,SNOW,SNOW,HolidayLights,DEC,LOW SEASON,Mon,No,Have Events,NOT GOOD WEATHER
272.0,2004-12-28,931.0,6.836259277277067,5641.86,6.06,32.0,1.98,3.0,no,SUNNY/CLOUDY,MOSTLY CLOUDY,HolidayLights,DEC,LOW SEASON,Tue,No,Have Events,GOOD WEATHER
273.0,2004-12-29,4323.0,8.371704884667631,432.3,0.1,44.0,1.98,3.0,no,SUNNY/CLOUDY,MOSTLY CLOUDY,HolidayLights,DEC,LOW SEASON,Wed,No,Have Events,GOOD WEATHER
274.0,2004-12-30,2425.0,7.793586803371584,14792.5,6.1,45.0,1.98,2.0,no,SUNNY/CLOUDY,MOSTLY CLOUDY,HolidayLights,DEC,LOW SEASON,Thu,No,Have Events,GOOD WEATHER
275.0,2004-12-31,1575.0,7.362010551259734,9576.0,6.08,50.0,1.98,2.0,no,SUNNY/CLOUDY,MOSTLY CLOUDY,HolidayLights,DEC,LOW SEASON,Fri,No,Have Events,GOOD WEATHER
276.0,2005-01-01,4366.0,8.38160253710989,26545.28,6.08,60.0,1.98,2.0,no,SUNNY/CLOUDY,PARTLY CLOUDY,HolidayLights,JAN,LOW SEASON,Sat,Yes,Have Events,GOOD WEATHER
277.0,2005-01-02,1476.0,7.297091005160418,8944.56,6.06,47.0,1.98,2.0,no,SUNNY/CLOUDY,MOSTLY CLOUDY,HolidayLights,JAN,LOW SEASON,Sun,Yes,Have Events,GOOD WEATHER
278.0,2005-01-03,464.0,6.139884552226255,2816.48,6.07,55.0,1.98,2.0,no,RAIN,RAIN,HolidayLights,JAN,LOW SEASON,Mon,No,Have Events,NOT GOOD WEATHER
279.0,2005-01-04,234.0,5.455321115357702,1418.04,6.06,49.0,1.98,2.0,no,SUNNY/CLOUDY,MOSTLY CLOUDY,HolidayLights,JAN,LOW SEASON,Tue,No,Have Events,GOOD WEATHER
280.0,2005-01-05,602.0,6.400257445308821,60.2,0.1,45.0,1.98,2.0,no,SNOW,SNOW,HolidayLights,JAN,LOW SEASON,Wed,No,Have Events,NOT GOOD WEATHER
281.0,2005-01-06,266.0,5.583496308781699,1614.6200000000001,6.07,41.0,1.98,2.0,no,SNOW,SIGNIFICANTSNOW,HolidayLights,JAN,LOW SEASON,Thu,No,Have Events,NOT GOOD WEATHER
282.0,2005-01-07,529.0,6.270988431858299,3237.48,6.12,41.0,1.97,2.0,no,SUNNY/CLOUDY,MOSTLY CLOUDY,HolidayLights,JAN,LOW SEASON,Fri,No,Have Events,GOOD WEATHER
283.0,2005-01-08,105.0,4.653960350157523,641.5500000000001,6.11,42.0,1.97,2.0,no,RAIN,RAIN,HolidayLights,JAN,LOW SEASON,Sat,Yes,Have Events,NOT GOOD WEATHER
284.0,2005-01-09,1250.0,7.1308988302963465,7574.999999999999,6.06,40.0,1.97,1.0,no,SUNNY/CLOUDY,MOSTLY CLOUDY,HolidayLights,JAN,LOW SEASON,Sun,Yes,Have Events,GOOD WEATHER
285.0,2005-01-10,603.0,6.401917196727186,3696.39,6.13,47.0,1.97,1.0,no,SUNNY/CLOUDY,MOSTLY CLOUDY,NONE,JAN,LOW SEASON,Mon,No,NONE,GOOD WEATHER
286.0,2005-01-11,735.0,6.5998704992128365,4410.0,6.0,40.0,1.97,1.0,no,SNOW,SIGNIFICANTSNOW,NONE,JAN,LOW SEASON,Tue,No,NONE,NOT GOOD WEATHER
287.0,2005-01-12,380.0,5.940171252720432,38.0,0.1,42.0,1.97,1.0,no,SUNNY/CLOUDY,MOSTLY CLOUDY,NONE,JAN,LOW SEASON,Wed,No,NONE,GOOD WEATHER
288.0,2005-01-13,690.0,6.536691597591305,4215.900000000001,6.11,54.0,1.97,1.0,no,SUNNY/CLOUDY,MOSTLY CLOUDY,NONE,JAN,LOW SEASON,Thu,No,NONE,GOOD WEATHER
289.0,2005-01-14,195.0,5.272999558563747,1170.0,6.0,64.0,1.97,1.0,no,SNOW,SNOW,NONE,JAN,LOW SEASON,Fri,No,NONE,NOT GOOD WEATHER
290.0,2005-01-15,549.0,6.3080984415095305,3332.4300000000003,6.07,34.0,1.99,1.0,no,SUNNY/CLOUDY,MOSTLY CLOUDY,NONE,JAN,LOW SEASON,Sat,Yes,NONE,GOOD WEATHER
291.0,2005-01-16,478.0,6.169610732491456,2882.34,6.03,31.0,2.0,1.0,no,SUNNY/CLOUDY,MOSTLY CLOUDY,NONE,JAN,LOW SEASON,Sun,Yes,NONE,GOOD WEATHER
292.0,2005-01-17,333.0,5.808142489980444,2014.6499999999999,6.05,28.0,2.02,1.0,no,SNOW,SNOW,NONE,JAN,LOW SEASON,Mon,No,NONE,NOT GOOD WEATHER
293.0,2005-01-18,146.0,4.983606621708336,887.6800000000001,6.08,19.0,2.03,1.0,no,SUNNY/CLOUDY,PARTLY CLOUDY,NONE,JAN,LOW SEASON,Tue,No,NONE,GOOD WEATHER
294.0,2005-01-19,352.0,5.863631175598097,35.2,0.1,28.0,2.05,1.0,no,SNOW,SNOW,NONE,JAN,LOW SEASON,Wed,No,NONE,NOT GOOD WEATHER
295.0,2005-01-20,333.0,5.808142489980444,2021.3100000000002,6.07,30.0,2.05,1.0,no,SNOW,SIGNIFICANTSNOW,NONE,JAN,LOW SEASON,Thu,No,NONE,NOT GOOD WEATHER
296.0,2005-01-21,236.0,5.4638318050256105,1441.96,6.11,20.0,2.05,1.0,no,SUNNY/CLOUDY,PARTLY CLOUDY,NONE,JAN,LOW SEASON,Fri,No,NONE,GOOD WEATHER
297.0,2005-01-22,13.0,2.5649493574615367,82.03,6.31,25.0,2.04,1.0,no,SNOW,SIGNIFICANTSNOW,NONE,JAN,LOW SEASON,Sat,Yes,NONE,NOT GOOD WEATHER
298.0,2005-01-23,1.0,0.0,0.1,0.1,24.0,2.04,1.0,no,SNOW,SNOW,NONE,JAN,LOW SEASON,Sun,Yes,NONE,NOT GOOD WEATHER
299.0,2005-01-24,261.0,5.564520407322694,1566.0,6.0,23.0,2.04,1.0,no,SNOW,SNOW,NONE,JAN,LOW SEASON,Mon,No,NONE,NOT GOOD WEATHER
300.0,2005-01-25,303.0,5.713732805509369,1830.1200000000001,6.04,35.0,2.04,1.0,no,SUNNY/CLOUDY,PARTLY CLOUDY,NONE,JAN,LOW SEASON,Tue,No,NONE,GOOD WEATHER
301.0,2005-01-26,577.0,6.3578422665081,57.7,0.1,37.0,2.04,1.0,no,SNOW,SNOW,NONE,JAN,LOW SEASON,Wed,No,NONE,NOT GOOD WEATHER
302.0,2005-01-27,476.0,6.16541785423142,2875.04,6.04,20.0,2.03,1.0,no,SUNNY/CLOUDY,PARTLY CLOUDY,NONE,JAN,LOW SEASON,Thu,No,NONE,GOOD WEATHER
303.0,2005-01-28,391.0,5.968707559985366,2346.0,6.0,24.0,2.03,1.0,no,SUNNY/CLOUDY,Sunny,NONE,JAN,LOW SEASON,Fri,No,NONE,GOOD WEATHER
304.0,2005-01-29,228.0,5.429345628954441,1381.6799999999998,6.06,34.0,2.03,1.0,no,SUNNY/CLOUDY,PARTLY CLOUDY,NONE,JAN,LOW SEASON,Sat,Yes,NONE,GOOD WEATHER
305.0,2005-01-30,385.0,5.953243334287785,2336.9500000000003,6.07,38.0,2.03,1.0,no,SNOW,SNOW,NONE,JAN,LOW SEASON,Sun,Yes,NONE,NOT GOOD WEATHER
306.0,2005-01-31,235.0,5.459585514144159,1452.3,6.18,36.0,2.03,1.0,no,SUNNY/CLOUDY,Sunny,NONE,JAN,LOW SEASON,Mon,No,NONE,GOOD WEATHER
307.0,2005-02-01,199.0,5.293304824724492,1209.92,6.08,37.0,2.02,1.0,no,SUNNY/CLOUDY,Sunny,NONE,FEB,LOW SEASON,Tue,No,NONE,GOOD WEATHER
308.0,2005-02-02,927.0,6.831953565565855,92.7,0.1,41.0,2.02,1.0,no,SUNNY/CLOUDY,Sunny,NONE,FEB,LOW SEASON,Wed,No,NONE,GOOD WEATHER
309.0,2005-02-03,428.0,6.059123195581797,2580.84,6.03,40.0,2.02,1.0,no,SNOW,SIGNIFICANTSNOW,NONE,FEB,LOW SEASON,Thu,No,NONE,NOT GOOD WEATHER
310.0,2005-02-04,388.0,5.961005339623274,2355.1600000000003,6.07,46.0,2.02,1.0,no,SNOW,SNOW,NONE,FEB,LOW SEASON,Fri,No,NONE,NOT GOOD WEATHER
311.0,2005-02-05,1624.0,7.392647520721623,9890.16,6.09,54.0,2.02,1.0,no,SUNNY/CLOUDY,Sunny,NONE,FEB,LOW SEASON,Sat,Yes,NONE,GOOD WEATHER
312.0,2005-02-06,2775.0,7.928406026180535,16899.75,6.09,52.0,2.01,1.0,no,SUNNY/CLOUDY,Sunny,NONE,FEB,LOW SEASON,Sun,Yes,NONE,GOOD WEATHER
313.0,2005-02-07,719.0,6.577861357721047,4407.47,6.13,47.0,2.01,1.0,no,SUNNY/CLOUDY,MOSTLY CLOUDY,NONE,FEB,LOW SEASON,Mon,No,NONE,GOOD WEATHER
314.0,2005-02-08,585.0,6.371611847231857,3556.8,6.08,48.0,2.01,1.0,no,SUNNY/CLOUDY,MOSTLY CLOUDY,NONE,FEB,LOW SEASON,Tue,No,NONE,GOOD WEATHER
315.0,2005-02-09,1482.0,7.301147805856032,148.20000000000002,0.1,54.0,2.01,1.0,no,SUNNY/CLOUDY,MOSTLY CLOUDY,NONE,FEB,LOW SEASON,Wed,No,NONE,GOOD WEATHER
316.0,2005-02-10,285.0,5.652489180268651,1710.0,6.0,44.0,2.01,1.0,no,SNOW,SIGNIFICANTSNOW,NONE,FEB,LOW SEASON,Thu,No,NONE,NOT GOOD WEATHER
317.0,2005-02-11,695.0,6.543911845564792,4183.9,6.02,41.0,2.01,1.0,no,SUNNY/CLOUDY,PARTLY CLOUDY,NONE,FEB,LOW SEASON,Fri,No,NONE,GOOD WEATHER
318.0,2005-02-12,696.0,6.54534966033442,4182.96,6.01,42.0,2.0,1.0,no,SUNNY/CLOUDY,MOSTLY CLOUDY,NONE,FEB,LOW SEASON,Sat,Yes,NONE,GOOD WEATHER
319.0,2005-02-13,1073.0,6.9782137426306985,6480.92,6.04,41.0,2.0,1.0,no,SUNNY/CLOUDY,PARTLY CLOUDY,NONE,FEB,LOW SEASON,Sun,Yes,NONE,GOOD WEATHER
320.0,2005-02-14,757.0,6.6293632534374485,4617.7,6.1,47.0,2.0,1.0,no,RAIN,RAIN,NONE,FEB,LOW SEASON,Mon,No,NONE,NOT GOOD WEATHER
321.0,2005-02-15,405.0,6.003887067106539,2442.15,6.03,55.0,2.0,1.0,no,RAIN,RAIN,NONE,FEB,LOW SEASON,Tue,No,NONE,NOT GOOD WEATHER
322.0,2005-02-16,1368.0,7.221105098182496,136.8,0.1,51.0,2.0,1.0,no,RAIN,RAIN,NONE,FEB,LOW SEASON,Wed,No,NONE,NOT GOOD WEATHER
323.0,2005-02-17,432.0,6.068425588244111,2600.64,6.02,38.0,1.99,1.0,no,SNOW,SIGNIFICANTSNOW,NONE,FEB,LOW SEASON,Thu,No,NONE,NOT GOOD WEATHER
324.0,2005-02-18,443.0,6.093569770045136,2680.15,6.05,32.0,1.99,1.0,no,SUNNY/CLOUDY,PARTLY CLOUDY,NONE,FEB,LOW SEASON,Fri,No,NONE,GOOD WEATHER
325.0,2005-02-19,486.0,6.186208623900494,2940.2999999999997,6.05,30.0,1.99,1.0,no,SUNNY/CLOUDY,PARTLY CLOUDY,NONE,FEB,LOW SEASON,Sat,Yes,NONE,GOOD WEATHER
326.0,2005-02-20,996.0,6.903747257584598,6055.68,6.08,37.0,1.99,1.0,no,SNOW,SNOW,NONE,FEB,LOW SEASON,Sun,Yes,NONE,NOT GOOD WEATHER
327.0,2005-02-21,182.0,5.204006687076795,1102.9199999999998,6.06,37.0,2.0,1.0,no,SNOW,SNOW,NONE,FEB,LOW SEASON,Mon,No,NONE,NOT GOOD WEATHER
328.0,2005-02-22,635.0,6.453624998892692,3886.2000000000003,6.12,43.0,2.0,1.0,no,RAIN,RAIN,NONE,FEB,LOW SEASON,Tue,No,NONE,NOT GOOD WEATHER
329.0,2005-02-23,3898.0,8.268218880067506,389.8,0.1,41.0,2.01,1.0,no,SUNNY/CLOUDY,PARTLY CLOUDY,AfroAmerican,FEB,LOW SEASON,Wed,No,Have Events,GOOD WEATHER
330.0,2005-02-24,346.0,5.846438775057725,2107.14,6.09,31.0,2.01,1.0,no,SNOW,SNOW,NONE,FEB,LOW SEASON,Thu,No,NONE,NOT GOOD WEATHER
331.0,2005-02-25,279.0,5.631211781821365,1687.95,6.05,35.0,2.02,1.0,no,SNOW,SNOW,NONE,FEB,LOW SEASON,Fri,No,NONE,NOT GOOD WEATHER
332.0,2005-02-26,1700.0,7.438383530044307,10251.0,6.03,40.0,2.02,1.0,no,SNOW,SIGNIFICANTSNOW,NONE,FEB,LOW SEASON,Sat,Yes,NONE,NOT GOOD WEATHER
333.0,2005-02-27,3018.0,8.012349639327795,18198.54,6.03,37.0,2.03,1.0,no,SUNNY/CLOUDY,PARTLY CLOUDY,NONE,FEB,LOW SEASON,Sun,Yes,NONE,GOOD WEATHER
334.0,2005-02-28,305.0,5.720311776607412,1830.0,6.0,36.0,2.03,1.0,no,SNOW,SNOW,NONE,FEB,LOW SEASON,Mon,No,NONE,NOT GOOD WEATHER
335.0,2005-03-01,36.0,3.58351893845611,216.0,6.0,38.0,2.04,1.0,no,SNOW,SNOW,NONE,MAR,LOW SEASON,Tue,No,NONE,NOT GOOD WEATHER
336.0,2005-03-02,653.0,6.481577129276431,65.3,0.1,38.0,2.04,1.0,no,SUNNY/CLOUDY,MOSTLY CLOUDY,NONE,MAR,LOW SEASON,Wed,No,NONE,GOOD WEATHER
337.0,2005-03-03,769.0,6.645090969505644,4721.66,6.14,34.0,2.05,1.0,no,SUNNY/CLOUDY,MOSTLY CLOUDY,NONE,MAR,LOW SEASON,Thu,No,NONE,GOOD WEATHER
338.0,2005-03-04,362.0,5.8916442118257715,2193.72,6.06,36.0,2.05,1.0,no,SUNNY/CLOUDY,PARTLY CLOUDY,NONE,MAR,LOW SEASON,Fri,No,NONE,GOOD WEATHER
339.0,2005-03-05,1008.0,6.915723448631314,6179.04,6.13,43.0,2.06,1.0,no,SUNNY/CLOUDY,PARTLY CLOUDY,NONE,MAR,LOW SEASON,Sat,Yes,NONE,GOOD WEATHER
340.0,2005-03-06,1040.0,6.946975992135418,6302.4,6.06,48.0,2.06,1.0,no,SUNNY/CLOUDY,MOSTLY CLOUDY,NONE,MAR,LOW SEASON,Sun,Yes,NONE,GOOD WEATHER
341.0,2005-03-07,999.0,6.906754778648554,6143.85,6.15,55.0,2.07,1.0,no,SUNNY/CLOUDY,MOSTLY CLOUDY,NONE,MAR,LOW SEASON,Mon,No,NONE,GOOD WEATHER
342.0,2005-03-08,464.0,6.139884552226255,2876.8,6.2,54.0,2.07,1.0,no,SNOW,SNOW,NONE,MAR,LOW SEASON,Tue,No,NONE,NOT GOOD WEATHER
343.0,2005-03-09,542.0,6.295266001439646,54.2,0.1,30.0,2.08,1.0,no,SUNNY/CLOUDY,PARTLY CLOUDY,NONE,MAR,LOW SEASON,Wed,No,NONE,GOOD WEATHER
344.0,2005-03-10,569.0,6.343880434126331,3448.14,6.06,34.0,2.08,1.0,no,SUNNY/CLOUDY,PARTLY CLOUDY,NONE,MAR,LOW SEASON,Thu,No,NONE,GOOD WEATHER
345.0,2005-03-11,795.0,6.678342114654332,4968.75,6.25,46.0,2.09,1.0,no,SUNNY/CLOUDY,PARTLY CLOUDY,NONE,MAR,LOW SEASON,Fri,No,NONE,GOOD WEATHER
346.0,2005-03-12,666.0,6.501289670540389,4035.9599999999996,6.06,44.0,2.09,1.0,no,SNOW,SNOW,NONE,MAR,LOW SEASON,Sat,Yes,NONE,NOT GOOD WEATHER
347.0,2005-03-13,1307.0,7.175489713624222,7933.490000000001,6.07,46.0,2.1,1.0,no,SUNNY/CLOUDY,MOSTLY CLOUDY,NONE,MAR,LOW SEASON,Sun,Yes,NONE,GOOD WEATHER
348.0,2005-03-14,792.0,6.674561391814426,4862.88,6.14,41.0,2.1,1.0,no,SUNNY/CLOUDY,PARTLY CLOUDY,NONE,MAR,LOW SEASON,Mon,No,NONE,GOOD WEATHER
349.0,2005-03-15,903.0,6.805722553416985,5499.2699999999995,6.09,46.0,2.11,1.0,no,SUNNY/CLOUDY,Sunny,NONE,MAR,LOW SEASON,Tue,No,NONE,GOOD WEATHER
350.0,2005-03-16,3269.0,8.092239406724211,326.90000000000003,0.1,46.0,2.11,1.0,no,SUNNY/CLOUDY,PARTLY CLOUDY,NONE,MAR,LOW SEASON,Wed,No,NONE,GOOD WEATHER
351.0,2005-03-17,868.0,6.7661917146603505,5303.4800000000005,6.11,47.0,2.11,1.0,no,SUNNY/CLOUDY,MOSTLY CLOUDY,NONE,MAR,LOW SEASON,Thu,No,NONE,GOOD WEATHER
352.0,2005-03-18,1109.0,7.011213987350367,6775.990000000001,6.11,51.0,2.12,1.0,no,SUNNY/CLOUDY,PARTLY CLOUDY,NONE,MAR,LOW SEASON,Fri,No,NONE,GOOD WEATHER
353.0,2005-03-19,3536.0,8.170751423757535,21498.88,6.08,50.0,2.12,1.0,no,SUNNY/CLOUDY,PARTLY CLOUDY,LivingGreen,MAR,LOW SEASON,Sat,Yes,Have Events,GOOD WEATHER
354.0,2005-03-20,389.0,5.963579343618446,2353.45,6.05,43.0,2.13,1.0,no,SNOW,SIGNIFICANTSNOW,LivingGreen,MAR,LOW SEASON,Sun,Yes,Have Events,NOT GOOD WEATHER
355.0,2005-03-21,958.0,6.86484777797086,5824.64,6.08,46.0,2.13,1.0,no,SUNNY/CLOUDY,MOSTLY CLOUDY,NONE,MAR,LOW SEASON,Mon,No,NONE,GOOD WEATHER
356.0,2005-03-22,3195.0,8.069342366811636,19489.5,6.1,54.0,2.14,1.0,no,SUNNY/CLOUDY,PARTLY CLOUDY,NONE,MAR,LOW SEASON,Tue,No,NONE,GOOD WEATHER
357.0,2005-03-23,1996.0,7.59890045687141,199.60000000000002,0.1,44.0,2.14,1.0,no,SNOW,SNOW,NONE,MAR,LOW SEASON,Wed,No,NONE,NOT GOOD WEATHER
358.0,2005-03-24,1520.0,7.326465613840322,9211.199999999999,6.06,44.0,2.15,1.0,no,SNOW,SNOW,NONE,MAR,LOW SEASON,Thu,No,NONE,NOT GOOD WEATHER
359.0,2005-03-25,2104.0,7.651595573857601,12771.28,6.07,48.0,2.15,1.0,no,SUNNY/CLOUDY,MOSTLY CLOUDY,NONE,MAR,LOW SEASON,Fri,No,NONE,GOOD WEATHER
360.0,2005-03-26,5575.0,8.62604759632832,45324.75000000001,8.13,47.0,2.16,1.0,no,SUNNY/CLOUDY,MOSTLY CLOUDY,Eggstreme,MAR,LOW SEASON,Sat,Yes,Have Events,GOOD WEATHER
361.0,2005-03-27,5724.0,8.652423140676342,46135.44,8.06,46.0,2.16,1.0,no,SUNNY/CLOUDY,MOSTLY CLOUDY,Eggstreme,MAR,LOW SEASON,Sun,Yes,Have Events,GOOD WEATHER
362.0,2005-03-28,317.0,5.75890177387728,2561.36,8.08,53.0,2.18,1.0,no,RAIN,RAIN,NONE,MAR,LOW SEASON,Mon,No,NONE,NOT GOOD WEATHER
363.0,2005-03-29,2056.0,7.628517626575055,16756.4,8.15,59.0,2.21,1.0,no,RAIN,RAIN,NONE,MAR,LOW SEASON,Tue,No,NONE,NOT GOOD WEATHER
364.0,2005-03-30,13544.0,9.51369892381297,1354.4,0.1,58.0,2.23,1.0,no,SUNNY/CLOUDY,PARTLY CLOUDY,NONE,MAR,LOW SEASON,Wed,No,NONE,GOOD WEATHER
365.0,2005-03-31,4527.0,8.417814747435958,36895.05,8.15,51.0,2.26,1.0,no,SUNNY/CLOUDY,MOSTLY CLOUDY,NONE,MAR,LOW SEASON,Thu,No,NONE,GOOD WEATHER
366.0,2005-04-01,1659.0,7.413970290190444,13554.03,8.17,49.0,2.28,1.0,no,SUNNY/CLOUDY,MOSTLY CLOUDY,NONE,APR,HIGH SEASON,Fri,No,NONE,GOOD WEATHER
367.0,2005-04-02,171.0,5.14166355650266,1405.6200000000001,8.22,52.0,2.27,1.0,no,RAIN,RAIN,NONE,APR,HIGH SEASON,Sat,Yes,NONE,NOT GOOD WEATHER
368.0,2005-04-03,523.0,6.259581464064923,4251.990000000001,8.13,48.0,2.26,1.0,no,SUNNY/CLOUDY,MOSTLY CLOUDY,NONE,APR,HIGH SEASON,Sun,Yes,NONE,GOOD WEATHER
369.0,2005-04-04,1172.0,7.066466970136958,9622.12,8.21,60.0,2.24,1.0,no,SUNNY/CLOUDY,MOSTLY CLOUDY,NONE,APR,HIGH SEASON,Mon,No,NONE,GOOD WEATHER
370.0,2005-04-05,1910.0,7.554858521040676,15623.8,8.18,67.0,2.23,1.0,no,SUNNY/CLOUDY,PARTLY CLOUDY,NONE,APR,HIGH SEASON,Tue,No,NONE,GOOD WEATHER
371.0,2005-04-06,7902.0,8.974871170971337,790.2,0.1,66.0,2.22,1.0,no,SUNNY/CLOUDY,PARTLY CLOUDY,NONE,APR,HIGH SEASON,Wed,No,NONE,GOOD WEATHER
372.0,2005-04-07,1840.0,7.517520850603031,15124.800000000001,8.22,76.0,2.23,1.0,no,RAIN,RAIN,NONE,APR,HIGH SEASON,Thu,No,NONE,NOT GOOD WEATHER
373.0,2005-04-08,2000.0,7.600902459542082,16260.000000000002,8.13,63.0,2.24,1.0,no,RAIN,RAIN,NONE,APR,HIGH SEASON,Fri,No,NONE,NOT GOOD WEATHER
374.0,2005-04-09,7116.0,8.870101048785726,57710.759999999995,8.11,61.0,2.25,1.0,no,SUNNY/CLOUDY,Sunny,NONE,APR,HIGH SEASON,Sat,Yes,NONE,GOOD WEATHER
375.0,2005-04-10,11765.0,9.372884301161463,95178.84999999999,8.09,64.0,2.26,1.0,no,SUNNY/CLOUDY,PARTLY CLOUDY,NONE,APR,HIGH SEASON,Sun,Yes,NONE,GOOD WEATHER
376.0,2005-04-11,2024.0,7.6128310304073565,16536.079999999998,8.17,58.0,2.27,49.0,yes,SUNNY/CLOUDY,PARTLY CLOUDY,NONE,APR,HIGH SEASON,Mon,No,NONE,GOOD WEATHER
377.0,2005-04-12,3035.0,8.017966703493599,24765.600000000002,8.16,57.0,2.28,97.0,yes,SUNNY/CLOUDY,Sunny,NONE,APR,HIGH SEASON,Tue,No,NONE,GOOD WEATHER
378.0,2005-04-13,6826.0,8.828494129466652,682.6,0.1,54.0,2.28,142.0,yes,SUNNY/CLOUDY,PARTLY CLOUDY,NONE,APR,HIGH SEASON,Wed,No,NONE,GOOD WEATHER
379.0,2005-04-14,4174.0,8.336630087637147,33934.62,8.13,63.0,2.29,185.0,yes,SUNNY/CLOUDY,Sunny,NONE,APR,HIGH SEASON,Thu,No,NONE,GOOD WEATHER
380.0,2005-04-15,3064.0,8.027476530860483,24879.679999999997,8.12,57.0,2.3,227.0,yes,SUNNY/CLOUDY,Sunny,EASTER,APR,HIGH SEASON,Fri,No,Have Events,GOOD WEATHER
381.0,2005-04-16,9181.0,9.1248914101437,74366.09999999999,8.1,58.0,2.31,268.0,yes,SUNNY/CLOUDY,Sunny,PoetrySafri,APR,HIGH SEASON,Sat,Yes,Have Events,GOOD WEATHER
382.0,2005-04-17,16991.0,9.740439071085758,137627.1,8.1,74.0,2.32,307.0,yes,SUNNY/CLOUDY,Sunny,PoetrySafri,APR,HIGH SEASON,Sun,Yes,Have Events,GOOD WEATHER
383.0,2005-04-18,8406.0,9.036701015565063,68340.78000000001,8.13,75.0,2.33,372.0,yes,SUNNY/CLOUDY,PARTLY CLOUDY,EASTER,APR,HIGH SEASON,Mon,No,Have Events,GOOD WEATHER
384.0,2005-04-19,11429.0,9.343909263897597,92917.77,8.13,70.0,2.34,435.0,yes,SUNNY/CLOUDY,Sunny,EASTER,APR,HIGH SEASON,Tue,No,Have Events,GOOD WEATHER
385.0,2005-04-20,23929.0,10.082846391479316,2392.9,0.1,85.0,2.35,496.0,yes,RAIN,RAIN,EASTER,APR,HIGH SEASON,Wed,No,Have Events,NOT GOOD WEATHER
386.0,2005-04-21,8774.0,9.07954808172616,71332.62000000001,8.13,71.0,2.36,554.0,yes,SUNNY/CLOUDY,MOSTLY CLOUDY,EASTER,APR,HIGH SEASON,Thu,No,Have Events,GOOD WEATHER
387.0,2005-04-22,10757.0,9.283311984432006,87346.84,8.12,56.0,2.37,611.0,yes,SUNNY/CLOUDY,MOSTLY CLOUDY,NONE,APR,HIGH SEASON,Fri,No,NONE,GOOD WEATHER
388.0,2005-04-23,1087.0,6.99117688712121,8804.699999999999,8.1,55.0,2.38,665.0,yes,RAIN,RAIN,NONE,APR,HIGH SEASON,Sat,Yes,NONE,NOT GOOD WEATHER
389.0,2005-04-24,4531.0,8.418697944667139,36701.1,8.1,56.0,2.38,717.0,yes,RAIN,RAIN,NONE,APR,HIGH SEASON,Sun,Yes,NONE,NOT GOOD WEATHER
390.0,2005-04-25,4152.0,8.331345424845724,33631.2,8.1,55.0,2.37,822.0,yes,RAIN,RAIN,NONE,APR,HIGH SEASON,Mon,No,NONE,NOT GOOD WEATHER
391.0,2005-04-26,15572.0,9.653229708730347,126133.2,8.1,63.0,2.37,922.0,yes,SUNNY/CLOUDY,MOSTLY CLOUDY,NONE,APR,HIGH SEASON,Tue,No,NONE,GOOD WEATHER
392.0,2005-04-27,11757.0,9.372204086867741,1175.7,0.1,67.0,2.37,1018.0,yes,RAIN,RAIN,NONE,APR,HIGH SEASON,Wed,No,NONE,NOT GOOD WEATHER
393.0,2005-04-28,14427.0,9.576856729945773,116858.7,8.1,66.0,2.36,1110.0,yes,RAIN,RAIN,NONE,APR,HIGH SEASON,Thu,No,NONE,NOT GOOD WEATHER
394.0,2005-04-29,7076.0,8.864464055279676,57527.880000000005,8.13,60.0,2.36,1199.0,yes,SUNNY/CLOUDY,MOSTLY CLOUDY,NONE,APR,HIGH SEASON,Fri,No,NONE,GOOD WEATHER
395.0,2005-04-30,1109.0,7.011213987350367,8960.72,8.08,59.0,2.36,1284.0,yes,RAIN,RAIN,NONE,APR,HIGH SEASON,Sat,Yes,NONE,NOT GOOD WEATHER
396.0,2005-05-01,5043.0,8.525756422076725,40848.299999999996,8.1,65.0,2.35,1366.0,yes,SUNNY/CLOUDY,MOSTLY CLOUDY,NONE,MAY,HIGH SEASON,Sun,Yes,NONE,GOOD WEATHER
397.0,2005-05-02,2278.0,7.731053144007127,18679.6,8.2,62.0,2.35,1340.0,yes,RAIN,RAIN,NONE,MAY,HIGH SEASON,Mon,No,NONE,NOT GOOD WEATHER
398.0,2005-05-03,5376.0,8.589699882202986,43921.92,8.17,61.0,2.35,1316.0,yes,SUNNY/CLOUDY,PARTLY CLOUDY,NONE,MAY,HIGH SEASON,Tue,No,NONE,GOOD WEATHER
399.0,2005-05-04,9826.0,9.192787212728593,982.6,0.1,62.0,2.34,1292.0,yes,SUNNY/CLOUDY,PARTLY CLOUDY,NONE,MAY,HIGH SEASON,Wed,No,NONE,GOOD WEATHER
400.0,2005-05-05,6982.0,8.851090687664982,57461.86,8.23,60.0,2.34,1269.0,yes,SUNNY/CLOUDY,PARTLY CLOUDY,NONE,MAY,HIGH SEASON,Thu,No,NONE,GOOD WEATHER
401.0,2005-05-06,3902.0,8.269244521183056,31840.32,8.16,56.0,2.34,1247.0,yes,RAIN,RAIN,NONE,MAY,HIGH SEASON,Fri,No,NONE,NOT GOOD WEATHER
402.0,2005-05-07,2527.0,7.834788107388194,20569.780000000002,8.14,63.0,2.34,1226.0,yes,RAIN,RAIN,MomsDay,MAY,HIGH SEASON,Sat,Yes,Have Events,NOT GOOD WEATHER
403.0,2005-05-08,7036.0,8.85879510585745,57554.479999999996,8.18,64.0,2.33,1205.0,yes,RAIN,RAIN,MomsDay,MAY,HIGH SEASON,Sun,Yes,Have Events,NOT GOOD WEATHER
404.0,2005-05-09,4230.0,8.349957272040324,34812.9,8.23,65.0,2.33,1290.0,yes,SUNNY/CLOUDY,PARTLY CLOUDY,MomsDay,MAY,HIGH SEASON,Mon,No,Have Events,GOOD WEATHER
405.0,2005-05-10,6532.0,8.784468454090355,53431.759999999995,8.18,62.0,2.33,1371.0,yes,SUNNY/CLOUDY,PARTLY CLOUDY,NONE,MAY,HIGH SEASON,Tue,No,NONE,GOOD WEATHER
406.0,2005-05-11,15549.0,9.651751606857816,1554.9,0.1,66.0,2.33,1449.0,yes,SUNNY/CLOUDY,PARTLY CLOUDY,NONE,MAY,HIGH SEASON,Wed,No,NONE,GOOD WEATHER
407.0,2005-05-12,7308.0,8.896724917497897,60364.08,8.26,69.0,2.32,1524.0,yes,RAIN,RAIN,NONE,MAY,HIGH SEASON,Thu,No,NONE,NOT GOOD WEATHER
408.0,2005-05-13,9587.0,9.168163293076997,79092.75,8.25,60.0,2.32,1597.0,yes,SUNNY/CLOUDY,PARTLY CLOUDY,NONE,MAY,HIGH SEASON,Fri,No,NONE,GOOD WEATHER
409.0,2005-05-14,7947.0,8.98054977794018,64768.05,8.15,69.0,2.32,1666.0,yes,SUNNY/CLOUDY,MOSTLY CLOUDY,NONE,MAY,HIGH SEASON,Sat,Yes,NONE,GOOD WEATHER
410.0,2005-05-15,6022.0,8.70317470904168,48958.86000000001,8.13,78.0,2.32,1732.0,yes,RAIN,RAIN,NONE,MAY,HIGH SEASON,Sun,Yes,NONE,NOT GOOD WEATHER
411.0,2005-05-16,4729.0,8.461469042643875,38635.93,8.17,67.0,2.31,1692.0,yes,SUNNY/CLOUDY,MOSTLY CLOUDY,NONE,MAY,HIGH SEASON,Mon,No,NONE,GOOD WEATHER
412.0,2005-05-17,6825.0,8.82834762005316,56306.25,8.25,68.0,2.31,1654.0,yes,SUNNY/CLOUDY,PARTLY CLOUDY,NONE,MAY,HIGH SEASON,Tue,No,NONE,GOOD WEATHER
413.0,2005-05-18,12885.0,9.463819123086465,1288.5,0.1,69.0,2.31,1617.0,yes,SUNNY/CLOUDY,PARTLY CLOUDY,NONE,MAY,HIGH SEASON,Wed,No,NONE,GOOD WEATHER
414.0,2005-05-19,10040.0,9.214332393245721,82629.2,8.23,68.0,2.31,1582.0,yes,SUNNY/CLOUDY,PARTLY CLOUDY,NONE,MAY,HIGH SEASON,Thu,No,NONE,GOOD WEATHER
415.0,2005-05-20,4504.0,8.412721169819527,36932.799999999996,8.2,57.0,2.3,1548.0,yes,SUNNY/CLOUDY,MOSTLY CLOUDY,NONE,MAY,HIGH SEASON,Fri,No,NONE,GOOD WEATHER
416.0,2005-05-21,10709.0,9.278839788400875,87171.26000000001,8.14,69.0,2.3,1515.0,yes,RAIN,RAIN,NONE,MAY,HIGH SEASON,Sat,Yes,NONE,NOT GOOD WEATHER
417.0,2005-05-22,6873.0,8.835355971121606,56083.68,8.16,64.0,2.3,1484.0,yes,SUNNY/CLOUDY,MOSTLY CLOUDY,NONE,MAY,HIGH SEASON,Sun,Yes,NONE,GOOD WEATHER
418.0,2005-05-23,4388.0,8.38662882139512,36113.240000000005,8.23,64.0,2.3,1461.0,yes,RAIN,RAIN,NONE,MAY,HIGH SEASON,Mon,No,NONE,NOT GOOD WEATHER
419.0,2005-05-24,6693.0,8.808817483100642,54681.81,8.17,62.0,2.29,1439.0,yes,SUNNY/CLOUDY,MOSTLY CLOUDY,NONE,MAY,HIGH SEASON,Tue,No,NONE,GOOD WEATHER
420.0,2005-05-25,5753.0,8.657476736863293,575.3000000000001,0.1,52.0,2.29,1467.0,yes,RAIN,RAIN,NONE,MAY,HIGH SEASON,Wed,No,NONE,NOT GOOD WEATHER
421.0,2005-05-26,8693.0,9.070273383079064,70674.09000000001,8.13,59.0,2.29,1484.0,yes,SUNNY/CLOUDY,MOSTLY CLOUDY,NONE,MAY,HIGH SEASON,Thu,No,NONE,GOOD WEATHER
422.0,2005-05-27,12507.0,9.434043766548907,101806.98000000001,8.14,75.0,2.29,1513.0,yes,SUNNY/CLOUDY,PARTLY CLOUDY,NONE,MAY,HIGH SEASON,Fri,No,NONE,GOOD WEATHER
423.0,2005-05-28,14294.0,9.567595147779924,115924.34,8.11,77.0,2.28,1531.0,yes,SUNNY/CLOUDY,MOSTLY CLOUDY,ButterflyBlast,MAY,HIGH SEASON,Sat,Yes,Have Events,GOOD WEATHER
424.0,2005-05-29,18284.0,9.813781639451635,148283.24,8.11,77.0,2.28,1540.0,yes,SUNNY/CLOUDY,MOSTLY CLOUDY,ButterflyBlast,MAY,HIGH SEASON,Sun,Yes,Have Events,GOOD WEATHER
425.0,2005-05-30,17378.0,9.762960317399152,140761.8,8.1,76.0,2.28,1511.0,yes,SUNNY/CLOUDY,PARTLY CLOUDY,ButterflyBlast,MAY,HIGH SEASON,Mon,No,Have Events,GOOD WEATHER
426.0,2005-05-31,8888.0,9.092457331319466,72259.44,8.13,77.0,2.28,1479.0,yes,SUNNY/CLOUDY,PARTLY CLOUDY,NONE,MAY,HIGH SEASON,Tue,No,NONE,GOOD WEATHER
427.0,2005-06-01,15848.0,9.670798588378387,1584.8000000000002,0.1,65.0,2.27,1445.0,yes,SUNNY/CLOUDY,MOSTLY CLOUDY,NONE,JUNE,HIGH SEASON,Wed,No,NONE,GOOD WEATHER
428.0,2005-06-02,14000.0,9.546812608597396,114520.0,8.18,66.0,2.27,1410.0,yes,SUNNY/CLOUDY,MOSTLY CLOUDY,NONE,JUNE,HIGH SEASON,Thu,No,NONE,GOOD WEATHER
429.0,2005-06-03,11063.0,9.311361486034912,91159.12,8.24,68.0,2.27,1375.0,yes,RAIN,RAIN,NONE,JUNE,HIGH SEASON,Fri,No,NONE,NOT GOOD WEATHER
430.0,2005-06-04,11087.0,9.313528529772352,90469.92,8.16,81.0,2.27,1339.0,yes,SUNNY/CLOUDY,MOSTLY CLOUDY,NONE,JUNE,HIGH SEASON,Sat,Yes,NONE,GOOD WEATHER
431.0,2005-06-05,15008.0,9.616338671246005,121564.79999999999,8.1,86.0,2.26,1304.0,yes,SUNNY/CLOUDY,PARTLY CLOUDY,NONE,JUNE,HIGH SEASON,Sun,Yes,NONE,GOOD WEATHER
432.0,2005-06-06,9139.0,9.120306249272202,74665.63,8.17,85.0,2.26,1300.0,yes,RAIN,RAIN,NONE,JUNE,HIGH SEASON,Mon,No,NONE,NOT GOOD WEATHER
433.0,2005-06-07,6581.0,8.791941988456118,53964.2,8.2,89.0,2.26,1296.0,yes,SUNNY/CLOUDY,PARTLY CLOUDY,NONE,JUNE,HIGH SEASON,Tue,No,NONE,GOOD WEATHER
434.0,2005-06-08,20053.0,9.906134047477034,2005.3000000000002,0.1,91.0,2.27,1291.0,yes,SUNNY/CLOUDY,PARTLY CLOUDY,NONE,JUNE,HIGH SEASON,Wed,No,NONE,GOOD WEATHER
435.0,2005-06-09,10485.0,9.25770094333602,85976.99999999999,8.2,82.0,2.27,1285.0,yes,SUNNY/CLOUDY,PARTLY CLOUDY,NONE,JUNE,HIGH SEASON,Thu,No,NONE,GOOD WEATHER
436.0,2005-06-10,9588.0,9.168267595554275,78238.08,8.16,81.0,2.28,1280.0,yes,RAIN,RAIN,NONE,JUNE,HIGH SEASON,Fri,No,NONE,NOT GOOD WEATHER
437.0,2005-06-11,7758.0,8.956479847999912,62994.95999999999,8.12,81.0,2.28,1274.0,yes,SUNNY/CLOUDY,MOSTLY CLOUDY,NONE,JUNE,HIGH SEASON,Sat,Yes,NONE,GOOD WEATHER
438.0,2005-06-12,7160.0,8.87626525995469,58139.2,8.12,87.0,2.29,1268.0,yes,SUNNY/CLOUDY,MOSTLY CLOUDY,NONE,JUNE,HIGH SEASON,Sun,Yes,NONE,GOOD WEATHER
439.0,2005-06-13,4938.0,8.504715669905124,40047.18,8.11,88.0,2.29,1254.0,yes,SUNNY/CLOUDY,MOSTLY CLOUDY,NONE,JUNE,HIGH SEASON,Mon,No,NONE,GOOD WEATHER
440.0,2005-06-14,6489.0,8.77786371462117,52820.46000000001,8.14,94.0,2.3,1242.0,yes,SUNNY/CLOUDY,PARTLY CLOUDY,NONE,JUNE,HIGH SEASON,Tue,No,NONE,GOOD WEATHER
441.0,2005-06-15,17949.0,9.795289682058142,1794.9,0.1,82.0,2.3,1230.0,yes,RAIN,RAIN,NONE,JUNE,HIGH SEASON,Wed,No,NONE,NOT GOOD WEATHER
442.0,2005-06-16,7500.0,8.922658299524402,61725.0,8.23,70.0,2.31,1231.0,yes,RAIN,RAIN,NONE,JUNE,HIGH SEASON,Thu,No,NONE,NOT GOOD WEATHER
443.0,2005-06-17,9622.0,9.171807422259398,78515.52,8.16,76.0,2.31,1232.0,yes,SUNNY/CLOUDY,PARTLY CLOUDY,NONE,JUNE,HIGH SEASON,Fri,No,NONE,GOOD WEATHER
444.0,2005-06-18,10500.0,9.259130536145614,85259.99999999999,8.12,77.0,2.32,1232.0,yes,SUNNY/CLOUDY,MOSTLY CLOUDY,DadsDay,JUNE,HIGH SEASON,Sat,Yes,Have Events,GOOD WEATHER
445.0,2005-06-19,13192.0,9.487365864239434,107646.72,8.16,71.0,2.32,1233.0,yes,SUNNY/CLOUDY,MOSTLY CLOUDY,DadsDay,JUNE,HIGH SEASON,Sun,Yes,Have Events,GOOD WEATHER
446.0,2005-06-20,7192.0,8.880724576151456,58902.479999999996,8.19,73.0,2.33,1241.0,yes,SUNNY/CLOUDY,PARTLY CLOUDY,NONE,JUNE,HIGH SEASON,Mon,No,NONE,GOOD WEATHER
447.0,2005-06-21,6024.0,8.703506769479729,49637.76,8.24,78.0,2.33,1248.0,yes,SUNNY/CLOUDY,PARTLY CLOUDY,NONE,JUNE,HIGH SEASON,Tue,No,NONE,GOOD WEATHER
448.0,2005-06-22,15911.0,9.674765972907856,1591.1000000000001,0.1,84.0,2.34,1254.0,yes,RAIN,RAIN,NONE,JUNE,HIGH SEASON,Wed,No,NONE,NOT GOOD WEATHER
449.0,2005-06-23,6666.0,8.804775258867686,54727.86000000001,8.21,76.0,2.34,1260.0,yes,SUNNY/CLOUDY,PARTLY CLOUDY,NONE,JUNE,HIGH SEASON,Thu,No,NONE,GOOD WEATHER
450.0,2005-06-24,6432.0,8.769040810858803,52678.079999999994,8.19,80.0,2.35,1265.0,yes,SUNNY/CLOUDY,PARTLY CLOUDY,NONE,JUNE,HIGH SEASON,Fri,No,NONE,GOOD WEATHER
451.0,2005-06-25,6822.0,8.82790796297859,55462.86000000001,8.13,88.0,2.35,1269.0,yes,SUNNY/CLOUDY,PARTLY CLOUDY,NONE,JUNE,HIGH SEASON,Sat,Yes,NONE,GOOD WEATHER
452.0,2005-06-26,7130.0,8.872066513408342,57753.0,8.1,86.0,2.35,1273.0,yes,SUNNY/CLOUDY,PARTLY CLOUDY,NONE,JUNE,HIGH SEASON,Sun,Yes,NONE,GOOD WEATHER
453.0,2005-06-27,5713.0,8.650499558724462,46446.69,8.13,76.0,2.36,1248.0,yes,RAIN,RAIN,NONE,JUNE,HIGH SEASON,Mon,No,NONE,NOT GOOD WEATHER
454.0,2005-06-28,2964.0,7.994294986415977,24097.320000000003,8.13,85.0,2.37,1220.0,yes,SUNNY/CLOUDY,MOSTLY CLOUDY,NONE,JUNE,HIGH SEASON,Tue,No,NONE,GOOD WEATHER
455.0,2005-06-29,20774.0,9.941457483787756,2077.4,0.1,86.0,2.38,1193.0,yes,RAIN,RAIN,NONE,JUNE,HIGH SEASON,Wed,No,NONE,NOT GOOD WEATHER
456.0,2005-06-30,4073.0,8.312135107648412,33357.869999999995,8.19,79.0,2.39,1168.0,yes,RAIN,RAIN,NONE,JUNE,HIGH SEASON,Thu,No,NONE,NOT GOOD WEATHER
457.0,2005-07-01,4511.0,8.414274137408396,41410.979999999996,9.18,80.0,2.4,1212.0,yes,RAIN,RAIN,NONE,JUL,HIGH SEASON,Fri,No,NONE,NOT GOOD WEATHER
458.0,2005-07-02,11966.0,9.389824573949976,109010.26,9.11,84.0,2.41,1235.0,yes,RAIN,RAIN,Bugmania,JUL,HIGH SEASON,Sat,Yes,Have Events,NOT GOOD WEATHER
459.0,2005-07-03,15139.0,9.625029474611878,138067.68,9.12,78.0,2.42,1243.0,yes,SUNNY/CLOUDY,PARTLY CLOUDY,Bugmania,JUL,HIGH SEASON,Sun,Yes,Have Events,GOOD WEATHER
460.0,2005-07-04,12026.0,9.394826251599515,109917.64000000001,9.14,79.0,2.43,1274.0,yes,SUNNY/CLOUDY,PARTLY CLOUDY,Bugmania,JUL,HIGH SEASON,Mon,No,Have Events,GOOD WEATHER
461.0,2005-07-05,5741.0,8.655388690167637,52644.97,9.17,79.0,2.44,1297.0,yes,SUNNY/CLOUDY,MOSTLY CLOUDY,NONE,JUL,HIGH SEASON,Tue,No,NONE,GOOD WEATHER
462.0,2005-07-06,19359.0,9.87091270660395,1935.9,0.1,80.0,2.45,1315.0,yes,RAIN,RAIN,NONE,JUL,HIGH SEASON,Wed,No,NONE,NOT GOOD WEATHER
463.0,2005-07-07,7791.0,8.960724500330858,71521.38,9.18,75.0,2.46,1330.0,yes,RAIN,RAIN,NONE,JUL,HIGH SEASON,Thu,No,NONE,NOT GOOD WEATHER
464.0,2005-07-08,589.0,6.3784261836515865,5348.12,9.08,68.0,2.48,1342.0,yes,RAIN,RAIN,NONE,JUL,HIGH SEASON,Fri,No,NONE,NOT GOOD WEATHER
465.0,2005-07-09,15364.0,9.639782389465795,140426.96000000002,9.14,83.0,2.49,1352.0,yes,RAIN,RAIN,TigerTales,JUL,HIGH SEASON,Sat,Yes,Have Events,NOT GOOD WEATHER
466.0,2005-07-10,16357.0,9.702411219258526,149012.27,9.11,93.0,2.5,1360.0,yes,SUNNY/CLOUDY,PARTLY CLOUDY,TigerTales,JUL,HIGH SEASON,Sun,Yes,Have Events,GOOD WEATHER
467.0,2005-07-11,4358.0,8.379768515504566,39832.12,9.14,94.0,2.51,1335.0,yes,SUNNY/CLOUDY,PARTLY CLOUDY,NONE,JUL,HIGH SEASON,Mon,No,NONE,GOOD WEATHER
468.0,2005-07-12,12443.0,9.428913494775632,113853.45000000001,9.15,86.0,2.52,1311.0,yes,RAIN,RAIN,NONE,JUL,HIGH SEASON,Tue,No,NONE,NOT GOOD WEATHER
469.0,2005-07-13,25152.0,10.132692695228933,2515.2000000000003,0.1,79.0,2.53,1287.0,yes,RAIN,RAIN,NONE,JUL,HIGH SEASON,Wed,No,NONE,NOT GOOD WEATHER
470.0,2005-07-14,8611.0,9.060795734696166,78876.76,9.16,81.0,2.53,1264.0,yes,SUNNY/CLOUDY,MOSTLY CLOUDY,NONE,JUL,HIGH SEASON,Thu,No,NONE,GOOD WEATHER
471.0,2005-07-15,7165.0,8.876963340262272,65416.450000000004,9.13,82.0,2.53,1242.0,yes,SUNNY/CLOUDY,MOSTLY CLOUDY,NONE,JUL,HIGH SEASON,Fri,No,NONE,GOOD WEATHER
472.0,2005-07-16,7834.0,8.966228514225776,71289.4,9.1,83.0,2.53,1221.0,yes,SUNNY/CLOUDY,MOSTLY CLOUDY,ButterflyBlast,JUL,HIGH SEASON,Sat,Yes,Have Events,GOOD WEATHER
473.0,2005-07-17,5036.0,8.524367395164237,45777.24,9.09,79.0,2.53,1201.0,yes,RAIN,RAIN,ButterflyBlast,JUL,HIGH SEASON,Sun,Yes,Have Events,NOT GOOD WEATHER
474.0,2005-07-18,4519.0,8.41604600941128,41439.23,9.17,88.0,2.53,1213.0,yes,RAIN,RAIN,NONE,JUL,HIGH SEASON,Mon,No,NONE,NOT GOOD WEATHER
475.0,2005-07-19,5569.0,8.624970783589669,50844.97,9.13,92.0,2.53,1224.0,yes,SUNNY/CLOUDY,PARTLY CLOUDY,NONE,JUL,HIGH SEASON,Tue,No,NONE,GOOD WEATHER
476.0,2005-07-20,40858.0,10.617857919547598,4085.8,0.1,92.0,2.53,1234.0,yes,SUNNY/CLOUDY,PARTLY CLOUDY,NONE,JUL,HIGH SEASON,Wed,No,NONE,GOOD WEATHER
477.0,2005-07-21,15222.0,9.630497028827337,139129.08000000002,9.14,91.0,2.53,1243.0,yes,SUNNY/CLOUDY,PARTLY CLOUDY,NONE,JUL,HIGH SEASON,Thu,No,NONE,GOOD WEATHER
478.0,2005-07-22,6807.0,8.825706773447951,62011.77,9.11,92.0,2.53,1252.0,yes,SUNNY/CLOUDY,MOSTLY CLOUDY,NONE,JUL,HIGH SEASON,Fri,No,NONE,GOOD WEATHER
479.0,2005-07-23,11561.0,9.355392643675321,105320.70999999999,9.11,87.0,2.53,1261.0,yes,SUNNY/CLOUDY,PARTLY CLOUDY,NONE,JUL,HIGH SEASON,Sat,Yes,NONE,GOOD WEATHER
480.0,2005-07-24,12995.0,9.47231994707559,117994.6,9.08,88.0,2.53,1269.0,yes,SUNNY/CLOUDY,PARTLY CLOUDY,NONE,JUL,HIGH SEASON,Sun,Yes,NONE,GOOD WEATHER
481.0,2005-07-25,5468.0,8.60666819784384,49977.520000000004,9.14,90.0,2.53,1245.0,yes,SUNNY/CLOUDY,MOSTLY CLOUDY,NONE,JUL,HIGH SEASON,Mon,No,NONE,GOOD WEATHER
482.0,2005-07-26,8966.0,9.101194924715385,81769.92,9.12,89.0,2.53,1225.0,yes,SUNNY/CLOUDY,PARTLY CLOUDY,NONE,JUL,HIGH SEASON,Tue,No,NONE,GOOD WEATHER
483.0,2005-07-27,20134.0,9.910165207289369,2013.4,0.1,94.0,2.53,1212.0,yes,SUNNY/CLOUDY,PARTLY CLOUDY,NONE,JUL,HIGH SEASON,Wed,No,NONE,GOOD WEATHER
484.0,2005-07-28,12334.0,9.420114955551439,112856.1,9.15,80.0,2.53,1195.0,yes,SUNNY/CLOUDY,MOSTLY CLOUDY,NONE,JUL,HIGH SEASON,Thu,No,NONE,GOOD WEATHER
485.0,2005-07-29,10382.0,9.247828816387175,95202.94,9.17,83.0,2.53,1177.0,yes,SUNNY/CLOUDY,MOSTLY CLOUDY,NONE,JUL,HIGH SEASON,Fri,No,NONE,GOOD WEATHER
486.0,2005-07-30,12063.0,9.397898195565384,109773.3,9.1,83.0,2.54,1161.0,yes,SUNNY/CLOUDY,MOSTLY CLOUDY,NONE,JUL,HIGH SEASON,Sat,Yes,NONE,GOOD WEATHER
487.0,2005-07-31,12960.0,9.469622969906265,117936.0,9.1,80.0,2.54,1145.0,yes,SUNNY/CLOUDY,MOSTLY CLOUDY,NONE,JUL,HIGH SEASON,Sun,Yes,NONE,GOOD WEATHER
488.0,2005-08-01,6872.0,8.835210463664092,62947.520000000004,9.16,82.0,2.55,1172.0,yes,SUNNY/CLOUDY,MOSTLY CLOUDY,NONE,AUG,HIGH SEASON,Mon,No,NONE,GOOD WEATHER
489.0,2005-08-02,5932.0,8.688116703257823,53921.88,9.09,96.0,2.56,1197.0,yes,SUNNY/CLOUDY,PARTLY CLOUDY,NONE,AUG,HIGH SEASON,Tue,No,NONE,GOOD WEATHER
490.0,2005-08-03,25267.0,10.137254475487468,2526.7000000000003,0.1,95.0,2.57,1222.0,yes,SUNNY/CLOUDY,Sunny,NONE,AUG,HIGH SEASON,Wed,No,NONE,GOOD WEATHER
491.0,2005-08-04,5327.0,8.580543506917,48369.16,9.08,91.0,2.57,1245.0,yes,SUNNY/CLOUDY,Sunny,NONE,AUG,HIGH SEASON,Thu,No,NONE,GOOD WEATHER
492.0,2005-08-05,5059.0,8.528924114291936,46087.49,9.11,95.0,2.58,1267.0,yes,SUNNY/CLOUDY,PARTLY CLOUDY,NONE,AUG,HIGH SEASON,Fri,No,NONE,GOOD WEATHER
493.0,2005-08-06,11426.0,9.343646739284408,103976.59999999999,9.1,86.0,2.59,1288.0,yes,SUNNY/CLOUDY,MOSTLY CLOUDY,Kidsday,AUG,HIGH SEASON,Sat,Yes,Have Events,GOOD WEATHER
494.0,2005-08-07,12397.0,9.425209786838147,112812.7,9.1,85.0,2.6,1308.0,yes,SUNNY/CLOUDY,MOSTLY CLOUDY,Kidsday,AUG,HIGH SEASON,Sun,Yes,Have Events,GOOD WEATHER
495.0,2005-08-08,5803.0,8.666130304190608,53097.450000000004,9.15,83.0,2.6,1286.0,yes,RAIN,RAIN,NONE,AUG,HIGH SEASON,Mon,No,NONE,NOT GOOD WEATHER
496.0,2005-08-09,4987.0,8.514589805546123,45531.310000000005,9.13,81.0,2.61,1261.0,yes,RAIN,RAIN,NONE,AUG,HIGH SEASON,Tue,No,NONE,NOT GOOD WEATHER
497.0,2005-08-10,30361.0,10.320914169043537,3036.1000000000004,0.1,86.0,2.62,1238.0,yes,SUNNY/CLOUDY,MOSTLY CLOUDY,NONE,AUG,HIGH SEASON,Wed,No,NONE,GOOD WEATHER
498.0,2005-08-11,6324.0,8.752107198329362,57611.64,9.11,92.0,2.63,1216.0,yes,SUNNY/CLOUDY,PARTLY CLOUDY,NONE,AUG,HIGH SEASON,Thu,No,NONE,GOOD WEATHER
499.0,2005-08-12,4935.0,8.504107951867582,45056.55,9.13,91.0,2.63,1195.0,yes,RAIN,RAIN,NONE,AUG,HIGH SEASON,Fri,No,NONE,NOT GOOD WEATHER
500.0,2005-08-13,5191.0,8.55468163582723,47186.19,9.09,94.0,2.64,1175.0,yes,SUNNY/CLOUDY,PARTLY CLOUDY,Bugmania,AUG,HIGH SEASON,Sat,Yes,Have Events,GOOD WEATHER
501.0,2005-08-14,5141.0,8.545002892055505,46680.28,9.08,91.0,2.65,1155.0,yes,RAIN,RAIN,Bugmania,AUG,HIGH SEASON,Sun,Yes,Have Events,NOT GOOD WEATHER
502.0,2005-08-15,4773.0,8.470730317005897,43577.490000000005,9.13,80.0,2.66,1125.0,yes,SUNNY/CLOUDY,MOSTLY CLOUDY,NONE,AUG,HIGH SEASON,Mon,No,NONE,GOOD WEATHER
503.0,2005-08-16,6719.0,8.81269461292015,61613.229999999996,9.17,76.0,2.66,1126.0,yes,RAIN,RAIN,NONE,AUG,HIGH SEASON,Tue,No,NONE,NOT GOOD WEATHER
504.0,2005-08-17,36331.0,10.50042665029748,3633.1000000000004,0.1,89.0,2.67,1128.0,yes,SUNNY/CLOUDY,PARTLY CLOUDY,NONE,AUG,HIGH SEASON,Wed,No,NONE,GOOD WEATHER
505.0,2005-08-18,8143.0,9.004913941467132,74508.45,9.15,81.0,2.68,1130.0,yes,SUNNY/CLOUDY,MOSTLY CLOUDY,NONE,AUG,HIGH SEASON,Thu,No,NONE,GOOD WEATHER
506.0,2005-08-19,4442.0,8.398860004454372,40377.78,9.09,77.0,2.72,1131.0,yes,SUNNY/CLOUDY,MOSTLY CLOUDY,NONE,AUG,HIGH SEASON,Fri,No,NONE,GOOD WEATHER
507.0,2005-08-20,7284.0,8.8934354408475,66357.23999999999,9.11,83.0,2.75,1132.0,yes,SUNNY/CLOUDY,MOSTLY CLOUDY,Kidsday,AUG,HIGH SEASON,Sat,Yes,Have Events,GOOD WEATHER
508.0,2005-08-21,7467.0,8.918248591035702,67875.03,9.09,94.0,2.79,1134.0,yes,RAIN,RAIN,Kidsday,AUG,HIGH SEASON,Sun,Yes,Have Events,NOT GOOD WEATHER
509.0,2005-08-22,7090.0,8.866440619526173,64660.799999999996,9.12,89.0,2.83,1135.0,yes,SUNNY/CLOUDY,PARTLY CLOUDY,NONE,AUG,HIGH SEASON,Mon,No,NONE,GOOD WEATHER
510.0,2005-08-23,9229.0,9.130105979265577,84445.35,9.15,83.0,2.87,1105.0,yes,SUNNY/CLOUDY,MOSTLY CLOUDY,NONE,AUG,HIGH SEASON,Tue,No,NONE,GOOD WEATHER
511.0,2005-08-24,38348.0,10.554457654196888,3834.8,0.1,81.0,2.91,1076.0,yes,SUNNY/CLOUDY,PARTLY CLOUDY,NONE,AUG,HIGH SEASON,Wed,No,NONE,GOOD WEATHER
512.0,2005-08-25,10415.0,9.251002353695073,95297.25,9.15,83.0,2.95,1049.0,yes,SUNNY/CLOUDY,PARTLY CLOUDY,NONE,AUG,HIGH SEASON,Thu,No,NONE,GOOD WEATHER
513.0,2005-08-26,8024.0,8.990192329641772,73339.36,9.14,84.0,2.99,1024.0,yes,SUNNY/CLOUDY,MOSTLY CLOUDY,NONE,AUG,HIGH SEASON,Fri,No,NONE,GOOD WEATHER
514.0,2005-08-27,10164.0,9.226607344440055,92695.68,9.12,82.0,3.03,999.0,yes,SUNNY/CLOUDY,MOSTLY CLOUDY,NONE,AUG,HIGH SEASON,Sat,Yes,NONE,GOOD WEATHER
515.0,2005-08-28,6807.0,8.825706773447951,61875.63,9.09,82.0,3.07,983.0,yes,SUNNY/CLOUDY,MOSTLY CLOUDY,NONE,AUG,HIGH SEASON,Sun,Yes,NONE,GOOD WEATHER
516.0,2005-08-29,6079.0,8.712595487748722,55501.270000000004,9.13,84.0,3.11,898.0,yes,SUNNY/CLOUDY,MOSTLY CLOUDY,NONE,AUG,HIGH SEASON,Mon,No,NONE,GOOD WEATHER
517.0,2005-08-30,2813.0,7.9420068084898565,25570.17,9.09,85.0,3.15,849.0,yes,RAIN,RAIN,NONE,AUG,HIGH SEASON,Tue,No,NONE,NOT GOOD WEATHER
518.0,2005-08-31,13828.0,9.534450801041515,1382.8000000000002,0.1,85.0,3.2,823.0,yes,SUNNY/CLOUDY,MOSTLY CLOUDY,NONE,AUG,HIGH SEASON,Wed,No,NONE,GOOD WEATHER
519.0,2005-09-01,5825.0,8.669914278433902,53065.75,9.11,86.0,3.24,814.0,yes,SUNNY/CLOUDY,PARTLY CLOUDY,NONE,SEP,HIGH SEASON,Thu,No,NONE,GOOD WEATHER
520.0,2005-09-02,5751.0,8.657129031713755,52736.67,9.17,90.0,3.28,815.0,yes,SUNNY/CLOUDY,Sunny,NONE,SEP,HIGH SEASON,Fri,No,NONE,GOOD WEATHER
521.0,2005-09-03,10629.0,9.271341393533582,97149.06000000001,9.14,83.0,3.33,824.0,yes,SUNNY/CLOUDY,PARTLY CLOUDY,RetroWeeknd,SEP,HIGH SEASON,Sat,Yes,Have Events,GOOD WEATHER
522.0,2005-09-04,15941.0,9.676649685633647,145381.91999999998,9.12,83.0,3.37,830.0,yes,SUNNY/CLOUDY,PARTLY CLOUDY,RetroWeeknd,SEP,HIGH SEASON,Sun,Yes,Have Events,GOOD WEATHER
523.0,2005-09-05,13461.0,9.507551894644093,122629.70999999999,9.11,80.0,3.42,789.0,yes,SUNNY/CLOUDY,PARTLY CLOUDY,RetroWeeknd,SEP,HIGH SEASON,Mon,No,Have Events,GOOD WEATHER
524.0,2005-09-06,3658.0,8.204671828950811,33470.700000000004,9.15,79.0,3.39,752.0,yes,SUNNY/CLOUDY,Sunny,NONE,SEP,HIGH SEASON,Tue,No,NONE,GOOD WEATHER
525.0,2005-09-07,11428.0,9.343821763350663,1142.8,0.1,79.0,3.36,719.0,yes,SUNNY/CLOUDY,Sunny,NONE,SEP,HIGH SEASON,Wed,No,NONE,GOOD WEATHER
526.0,2005-09-08,1900.0,7.549609165154532,17594.0,9.26,83.0,3.33,688.0,yes,SUNNY/CLOUDY,PARTLY CLOUDY,NONE,SEP,HIGH SEASON,Thu,No,NONE,GOOD WEATHER
527.0,2005-09-09,1972.0,7.586803535162581,18260.72,9.26,82.0,3.3,660.0,yes,SUNNY/CLOUDY,PARTLY CLOUDY,NONE,SEP,HIGH SEASON,Fri,No,NONE,GOOD WEATHER
528.0,2005-09-10,7200.0,8.881836305004146,65880.0,9.15,80.0,3.27,633.0,yes,SUNNY/CLOUDY,PARTLY CLOUDY,Grandparents,SEP,HIGH SEASON,Sat,Yes,Have Events,GOOD WEATHER
529.0,2005-09-11,7629.0,8.93971205409023,69729.06,9.14,77.0,3.24,609.0,yes,SUNNY/CLOUDY,PARTLY CLOUDY,Grandparents,SEP,HIGH SEASON,Sun,Yes,Have Events,GOOD WEATHER
530.0,2005-09-12,1617.0,7.388327859577107,14973.42,9.26,90.0,3.21,616.0,yes,SUNNY/CLOUDY,Sunny,NONE,SEP,HIGH SEASON,Mon,No,NONE,GOOD WEATHER
531.0,2005-09-13,1250.0,7.1308988302963465,11475.0,9.18,89.0,3.18,624.0,yes,SUNNY/CLOUDY,Sunny,NONE,SEP,HIGH SEASON,Tue,No,NONE,GOOD WEATHER
532.0,2005-09-14,4835.0,8.483636407887394,483.5,0.1,81.0,3.15,631.0,yes,SUNNY/CLOUDY,MOSTLY CLOUDY,NONE,SEP,HIGH SEASON,Wed,No,NONE,GOOD WEATHER
533.0,2005-09-15,576.0,6.3561076606958915,5351.039999999999,9.29,82.0,3.12,638.0,yes,SUNNY/CLOUDY,MOSTLY CLOUDY,NONE,SEP,HIGH SEASON,Thu,No,NONE,GOOD WEATHER
534.0,2005-09-16,785.0,6.665683717782408,7261.25,9.25,81.0,3.09,644.0,yes,RAIN,RAIN,NONE,SEP,HIGH SEASON,Fri,No,NONE,NOT GOOD WEATHER
535.0,2005-09-17,10212.0,9.231318778361375,93133.43999999999,9.12,83.0,3.06,651.0,yes,SUNNY/CLOUDY,MOSTLY CLOUDY,HispanicWeekend,SEP,HIGH SEASON,Sat,Yes,Have Events,GOOD WEATHER
536.0,2005-09-18,12993.0,9.472166029882736,118885.95000000001,9.15,83.0,3.04,656.0,yes,SUNNY/CLOUDY,PARTLY CLOUDY,HispanicWeekend,SEP,HIGH SEASON,Sun,Yes,Have Events,GOOD WEATHER
537.0,2005-09-19,1499.0,7.312553498102598,13835.77,9.23,85.0,3.01,631.0,yes,SUNNY/CLOUDY,PARTLY CLOUDY,NONE,SEP,HIGH SEASON,Mon,No,NONE,GOOD WEATHER
538.0,2005-09-20,960.0,6.866933284461882,8851.2,9.22,83.0,2.98,607.0,yes,SUNNY/CLOUDY,MOSTLY CLOUDY,NONE,SEP,HIGH SEASON,Tue,No,NONE,GOOD WEATHER
539.0,2005-09-21,6148.0,8.723882104658486,614.8000000000001,0.1,83.0,2.95,584.0,yes,SUNNY/CLOUDY,Sunny,NONE,SEP,HIGH SEASON,Wed,No,NONE,GOOD WEATHER
540.0,2005-09-22,1974.0,7.587817219993427,18239.760000000002,9.24,83.0,2.93,562.0,yes,SUNNY/CLOUDY,Sunny,NONE,SEP,HIGH SEASON,Thu,No,NONE,GOOD WEATHER
541.0,2005-09-23,2315.0,7.747164966520335,21367.45,9.23,87.0,2.9,541.0,yes,SUNNY/CLOUDY,MOSTLY CLOUDY,NONE,SEP,HIGH SEASON,Fri,No,NONE,GOOD WEATHER
542.0,2005-09-24,7668.0,8.944811104165534,69855.48,9.11,73.0,2.89,521.0,yes,SUNNY/CLOUDY,PARTLY CLOUDY,NONE,SEP,HIGH SEASON,Sat,Yes,NONE,GOOD WEATHER
543.0,2005-09-25,6793.0,8.823647949191303,62088.020000000004,9.14,72.0,2.89,502.0,yes,SUNNY/CLOUDY,MOSTLY CLOUDY,NONE,SEP,HIGH SEASON,Sun,Yes,NONE,GOOD WEATHER
544.0,2005-09-26,893.0,6.794586580876499,8197.74,9.18,80.0,2.88,451.0,yes,RAIN,RAIN,NONE,SEP,HIGH SEASON,Mon,No,NONE,NOT GOOD WEATHER
545.0,2005-09-27,1384.0,7.232733136177615,12885.04,9.31,77.0,2.87,416.0,yes,SUNNY/CLOUDY,PARTLY CLOUDY,NONE,SEP,HIGH SEASON,Tue,No,NONE,GOOD WEATHER
546.0,2005-09-28,5540.0,8.61974977974133,554.0,0.1,74.0,2.86,387.0,yes,SUNNY/CLOUDY,PARTLY CLOUDY,NONE,SEP,HIGH SEASON,Wed,No,NONE,GOOD WEATHER
547.0,2005-09-29,851.0,6.7464121285733745,7931.320000000001,9.32,75.0,2.86,361.0,yes,SUNNY/CLOUDY,MOSTLY CLOUDY,NONE,SEP,HIGH SEASON,Thu,No,NONE,GOOD WEATHER
548.0,2005-09-30,2132.0,7.664815785285735,19955.52,9.36,83.0,2.85,339.0,yes,SUNNY/CLOUDY,PARTLY CLOUDY,NONE,SEP,HIGH SEASON,Fri,No,NONE,GOOD WEATHER
549.0,2005-10-01,6288.0,8.746398334109042,57283.67999999999,9.11,71.0,2.84,319.0,yes,SUNNY/CLOUDY,Sunny,NONE,OCT,LOW SEASON,Sat,Yes,NONE,GOOD WEATHER
550.0,2005-10-02,7686.0,8.94715577112479,70096.31999999999,9.12,78.0,2.83,301.0,yes,SUNNY/CLOUDY,Sunny,NONE,OCT,LOW SEASON,Sun,Yes,NONE,GOOD WEATHER
551.0,2005-10-03,2657.0,7.884952945759814,24550.68,9.24,76.0,2.83,285.0,yes,SUNNY/CLOUDY,PARTLY CLOUDY,NONE,OCT,LOW SEASON,Mon,No,NONE,GOOD WEATHER
552.0,2005-10-04,9199.0,9.126850061477157,84722.79000000001,9.21,74.0,2.82,270.0,yes,SUNNY/CLOUDY,MOSTLY CLOUDY,NONE,OCT,LOW SEASON,Tue,No,NONE,GOOD WEATHER
553.0,2005-10-05,18186.0,9.808407346285858,1818.6000000000001,0.1,76.0,2.81,256.0,yes,SUNNY/CLOUDY,PARTLY CLOUDY,NONE,OCT,LOW SEASON,Wed,No,NONE,GOOD WEATHER
554.0,2005-10-06,2112.0,7.655390644826152,19641.600000000002,9.3,76.0,2.8,244.0,yes,SUNNY/CLOUDY,MOSTLY CLOUDY,NONE,OCT,LOW SEASON,Thu,No,NONE,GOOD WEATHER
555.0,2005-10-07,1295.0,7.166265974133638,11849.25,9.15,75.0,2.8,232.0,yes,RAIN,RAIN,NONE,OCT,LOW SEASON,Fri,No,NONE,NOT GOOD WEATHER
556.0,2005-10-08,373.0,5.921578419643816,3368.1899999999996,9.03,73.0,2.79,221.0,yes,RAIN,RAIN,Safari,OCT,LOW SEASON,Sat,Yes,Have Events,NOT GOOD WEATHER
557.0,2005-10-09,1922.0,7.561121589530238,17547.86,9.13,60.0,2.78,210.0,yes,RAIN,RAIN,Safari,OCT,LOW SEASON,Sun,Yes,Have Events,NOT GOOD WEATHER
558.0,2005-10-10,1973.0,7.587310506022615,18013.49,9.13,62.0,2.78,201.0,yes,RAIN,RAIN,Safari,OCT,LOW SEASON,Mon,No,Have Events,NOT GOOD WEATHER
559.0,2005-10-11,728.0,6.590301048196686,6690.32,9.19,64.0,2.77,191.0,yes,SUNNY/CLOUDY,MOSTLY CLOUDY,NONE,OCT,LOW SEASON,Tue,No,NONE,GOOD WEATHER
560.0,2005-10-12,957.0,6.863803391452954,95.7,0.1,59.0,2.76,183.0,yes,RAIN,RAIN,NONE,OCT,LOW SEASON,Wed,No,NONE,NOT GOOD WEATHER
561.0,2005-10-13,128.0,4.852030263919617,1173.76,9.17,61.0,2.75,174.0,yes,RAIN,RAIN,NONE,OCT,LOW SEASON,Thu,No,NONE,NOT GOOD WEATHER
562.0,2005-10-14,390.0,5.966146739123692,3572.4,9.16,64.0,2.75,166.0,yes,RAIN,RAIN,NONE,OCT,LOW SEASON,Fri,No,NONE,NOT GOOD WEATHER
563.0,2005-10-15,4165.0,8.334471554600944,38193.05,9.17,74.0,2.74,159.0,yes,SUNNY/CLOUDY,MOSTLY CLOUDY,NONE,OCT,LOW SEASON,Sat,Yes,NONE,GOOD WEATHER
564.0,2005-10-16,4878.0,8.492490578775866,44633.700000000004,9.15,66.0,2.73,152.0,yes,SUNNY/CLOUDY,PARTLY CLOUDY,NONE,OCT,LOW SEASON,Sun,Yes,NONE,GOOD WEATHER
565.0,2005-10-17,1544.0,7.342131730584722,14374.640000000001,9.31,65.0,2.73,145.0,yes,SUNNY/CLOUDY,PARTLY CLOUDY,NONE,OCT,LOW SEASON,Mon,No,NONE,GOOD WEATHER
566.0,2005-10-18,3885.0,8.264878262801748,36208.200000000004,9.32,71.0,2.72,139.0,yes,SUNNY/CLOUDY,PARTLY CLOUDY,NONE,OCT,LOW SEASON,Tue,No,NONE,GOOD WEATHER
567.0,2005-10-19,8245.0,9.0173622349937,824.5,0.1,70.0,2.71,133.0,yes,SUNNY/CLOUDY,PARTLY CLOUDY,NONE,OCT,LOW SEASON,Wed,No,NONE,GOOD WEATHER
568.0,2005-10-20,4966.0,8.510369966068112,45339.58,9.13,61.0,2.71,127.0,yes,SUNNY/CLOUDY,MOSTLY CLOUDY,NONE,OCT,LOW SEASON,Thu,No,NONE,GOOD WEATHER
569.0,2005-10-21,6656.0,8.803273982501045,61501.44,9.24,55.0,2.7,121.0,yes,RAIN,RAIN,NONE,OCT,LOW SEASON,Fri,No,NONE,NOT GOOD WEATHER
570.0,2005-10-22,541.0,6.293419278846481,4966.38,9.18,53.0,2.69,116.0,yes,RAIN,RAIN,BooZoo,OCT,LOW SEASON,Sat,Yes,Have Events,NOT GOOD WEATHER
571.0,2005-10-23,4958.0,8.508757712595136,45266.54,9.13,56.0,2.68,111.0,yes,RAIN,RAIN,BooZoo,OCT,LOW SEASON,Sun,Yes,Have Events,NOT GOOD WEATHER
572.0,2005-10-24,1329.0,7.192182058713246,12226.8,9.2,53.0,2.68,106.0,yes,RAIN,RAIN,NONE,OCT,LOW SEASON,Mon,No,NONE,NOT GOOD WEATHER
573.0,2005-10-25,370.0,5.91350300563827,3378.1000000000004,9.13,52.0,2.67,101.0,yes,RAIN,RAIN,NONE,OCT,LOW SEASON,Tue,No,NONE,NOT GOOD WEATHER
574.0,2005-10-26,4002.0,8.294549515143679,400.20000000000005,0.1,52.0,2.66,97.0,yes,RAIN,RAIN,NONE,OCT,LOW SEASON,Wed,No,NONE,NOT GOOD WEATHER
575.0,2005-10-27,3224.0,8.07837810362652,29886.48,9.27,50.0,2.66,93.0,yes,SUNNY/CLOUDY,MOSTLY CLOUDY,NONE,OCT,LOW SEASON,Thu,No,NONE,GOOD WEATHER
576.0,2005-10-28,2719.0,7.908019444632471,25096.370000000003,9.23,49.0,2.65,89.0,yes,SUNNY/CLOUDY,MOSTLY CLOUDY,NONE,OCT,LOW SEASON,Fri,No,NONE,GOOD WEATHER
577.0,2005-10-29,3477.0,8.153925132007862,31710.239999999998,9.12,50.0,2.65,85.0,yes,SUNNY/CLOUDY,MOSTLY CLOUDY,BooZoo,OCT,LOW SEASON,Sat,Yes,Have Events,GOOD WEATHER
578.0,2005-10-30,8697.0,9.070733417589766,79403.61,9.13,68.0,2.64,81.0,yes,SUNNY/CLOUDY,Sunny,BooZoo,OCT,LOW SEASON,Sun,Yes,Have Events,GOOD WEATHER
579.0,2005-10-31,1397.0,7.242082359256962,12838.429999999998,9.19,69.0,2.63,78.0,yes,SUNNY/CLOUDY,PARTLY CLOUDY,NONE,OCT,LOW SEASON,Mon,No,NONE,GOOD WEATHER
580.0,2005-11-01,2309.0,7.744569809354496,16786.43,7.27,68.0,2.62,75.0,yes,SUNNY/CLOUDY,PARTLY CLOUDY,NONE,NOV,LOW SEASON,Tue,No,NONE,GOOD WEATHER
581.0,2005-11-02,3800.0,8.242756345714477,380.0,0.1,59.0,2.61,71.0,yes,SUNNY/CLOUDY,PARTLY CLOUDY,NONE,NOV,LOW SEASON,Wed,No,NONE,GOOD WEATHER
582.0,2005-11-03,1659.0,7.413970290190444,12011.16,7.24,66.0,2.6,68.0,yes,SUNNY/CLOUDY,PARTLY CLOUDY,NONE,NOV,LOW SEASON,Thu,No,NONE,GOOD WEATHER
583.0,2005-11-04,2417.0,7.790282380703483,17329.89,7.17,65.0,2.59,65.0,yes,SUNNY/CLOUDY,PARTLY CLOUDY,NONE,NOV,LOW SEASON,Fri,No,NONE,GOOD WEATHER
584.0,2005-11-05,6960.0,8.847934753328465,49694.399999999994,7.14,68.0,2.58,63.0,yes,SUNNY/CLOUDY,MOSTLY CLOUDY,NONE,NOV,LOW SEASON,Sat,Yes,NONE,GOOD WEATHER
585.0,2005-11-06,4763.0,8.46863300080086,34150.71,7.17,67.0,2.57,60.0,yes,SUNNY/CLOUDY,MOSTLY CLOUDY,NONE,NOV,LOW SEASON,Sun,Yes,NONE,GOOD WEATHER
586.0,2005-11-07,1789.0,7.489412083508719,12809.24,7.16,62.0,2.56,58.0,yes,SUNNY/CLOUDY,PARTLY CLOUDY,FallFamFestvl,NOV,LOW SEASON,Mon,No,Have Events,GOOD WEATHER
587.0,2005-11-08,3437.0,8.142354276849835,24608.920000000002,7.16,65.0,2.55,55.0,yes,SUNNY/CLOUDY,PARTLY CLOUDY,NONE,NOV,LOW SEASON,Tue,No,NONE,GOOD WEATHER
588.0,2005-11-09,1739.0,7.461065514354283,173.9,0.1,60.0,2.54,53.0,yes,RAIN,RAIN,NONE,NOV,LOW SEASON,Wed,No,NONE,NOT GOOD WEATHER
589.0,2005-11-10,2457.0,7.806696372521179,17542.98,7.14,62.0,2.53,51.0,yes,RAIN,RAIN,NONE,NOV,LOW SEASON,Thu,No,NONE,NOT GOOD WEATHER
590.0,2005-11-11,3872.0,8.261526448396468,27646.079999999998,7.14,48.0,2.52,49.0,yes,RAIN,RAIN,NONE,NOV,LOW SEASON,Fri,No,NONE,NOT GOOD WEATHER
591.0,2005-11-12,3865.0,8.259716961021523,27480.15,7.11,56.0,2.51,47.0,yes,SUNNY/CLOUDY,Sunny,NONE,NOV,LOW SEASON,Sat,Yes,NONE,GOOD WEATHER
592.0,2005-11-13,6008.0,8.700847193443972,42897.119999999995,7.14,64.0,2.5,45.0,yes,SUNNY/CLOUDY,MOSTLY CLOUDY,NONE,NOV,LOW SEASON,Sun,Yes,NONE,GOOD WEATHER
593.0,2005-11-14,1221.0,7.107425474110705,8852.25,7.25,66.0,2.49,43.0,yes,RAIN,RAIN,NONE,NOV,LOW SEASON,Mon,No,NONE,NOT GOOD WEATHER
594.0,2005-11-15,537.0,6.285998094508865,3861.03,7.19,62.0,2.48,41.0,yes,SUNNY/CLOUDY,MOSTLY CLOUDY,NONE,NOV,LOW SEASON,Tue,No,NONE,GOOD WEATHER
595.0,2005-11-16,2814.0,7.942362237674335,281.40000000000003,0.1,66.0,2.47,39.0,yes,RAIN,RAIN,NONE,NOV,LOW SEASON,Wed,No,NONE,NOT GOOD WEATHER
596.0,2005-11-17,695.0,6.543911845564792,5004.0,7.2,48.0,2.47,38.0,yes,SUNNY/CLOUDY,PARTLY CLOUDY,NONE,NOV,LOW SEASON,Thu,No,NONE,GOOD WEATHER
597.0,2005-11-18,1140.0,7.038783541388542,8219.4,7.21,40.0,2.46,36.0,yes,SUNNY/CLOUDY,Sunny,HolidayLights,NOV,LOW SEASON,Fri,No,Have Events,GOOD WEATHER
598.0,2005-11-19,2264.0,7.724888439323074,16278.160000000002,7.19,46.0,2.45,35.0,yes,SUNNY/CLOUDY,PARTLY CLOUDY,HolidayLights,NOV,LOW SEASON,Sat,Yes,Have Events,GOOD WEATHER
599.0,2005-11-20,2594.0,7.860956364876389,18598.98,7.17,57.0,2.44,33.0,yes,SUNNY/CLOUDY,PARTLY CLOUDY,HolidayLights,NOV,LOW SEASON,Sun,Yes,Have Events,GOOD WEATHER
600.0,2005-11-21,1635.0,7.399398083331354,11870.1,7.26,51.0,2.43,32.0,yes,RAIN,RAIN,HolidayLights,NOV,LOW SEASON,Mon,No,Have Events,NOT GOOD WEATHER
601.0,2005-11-22,493.0,6.20050917404269,3603.83,7.31,48.0,2.42,31.0,yes,RAIN,RAIN,HolidayLights,NOV,LOW SEASON,Tue,No,Have Events,NOT GOOD WEATHER
602.0,2005-11-23,1261.0,7.13966033596492,126.10000000000001,0.1,37.0,2.41,30.0,yes,SUNNY/CLOUDY,PARTLY CLOUDY,HolidayLights,NOV,LOW SEASON,Wed,No,Have Events,GOOD WEATHER
603.0,2005-11-24,428.0,6.059123195581797,3051.64,7.13,48.0,2.4,28.0,yes,SNOW,SNOW,HolidayLights,NOV,LOW SEASON,Thu,No,Have Events,NOT GOOD WEATHER
604.0,2005-11-25,1518.0,7.325148957955575,10868.880000000001,7.16,33.0,2.39,27.0,yes,SUNNY/CLOUDY,PARTLY CLOUDY,HolidayLights,NOV,LOW SEASON,Fri,No,Have Events,GOOD WEATHER
605.0,2005-11-26,1553.0,7.347943823148687,11119.48,7.16,40.0,2.38,26.0,yes,SUNNY/CLOUDY,MOSTLY CLOUDY,HolidayLights,NOV,LOW SEASON,Sat,Yes,Have Events,GOOD WEATHER
606.0,2005-11-27,1882.0,7.540090320145325,13475.12,7.16,52.0,2.37,25.0,yes,RAIN,RAIN,HolidayLights,NOV,LOW SEASON,Sun,Yes,Have Events,NOT GOOD WEATHER
607.0,2005-11-28,655.0,6.484635235635252,4676.7,7.14,62.0,2.36,24.0,yes,RAIN,RAIN,HolidayLights,NOV,LOW SEASON,Mon,No,Have Events,NOT GOOD WEATHER
608.0,2005-11-29,492.0,6.198478716492308,3498.1200000000003,7.11,60.0,2.36,23.0,yes,RAIN,RAIN,HolidayLights,NOV,LOW SEASON,Tue,No,Have Events,NOT GOOD WEATHER
609.0,2005-11-30,1803.0,7.497207223203318,180.3,0.1,64.0,2.35,22.0,yes,RAIN,RAIN,HolidayLights,NOV,LOW SEASON,Wed,No,Have Events,NOT GOOD WEATHER
610.0,2005-12-01,626.0,6.439350371100098,4488.42,7.17,47.0,2.34,22.0,yes,SUNNY/CLOUDY,PARTLY CLOUDY,HolidayLights,DEC,LOW SEASON,Thu,No,Have Events,GOOD WEATHER
611.0,2005-12-02,554.0,6.317164686747284,4033.1200000000003,7.28,42.0,2.33,21.0,yes,SUNNY/CLOUDY,MOSTLY CLOUDY,HolidayLights,DEC,LOW SEASON,Fri,No,Have Events,GOOD WEATHER
612.0,2005-12-03,591.0,6.3818160174060985,4196.099999999999,7.1,36.0,2.32,20.0,yes,SUNNY/CLOUDY,PARTLY CLOUDY,HolidayLights,DEC,LOW SEASON,Sat,Yes,Have Events,GOOD WEATHER
613.0,2005-12-04,171.0,5.14166355650266,1202.13,7.03,35.0,2.32,19.0,yes,SNOW,SNOW,HolidayLights,DEC,LOW SEASON,Sun,Yes,Have Events,NOT GOOD WEATHER
614.0,2005-12-05,166.0,5.111987788356544,1259.94,7.59,36.0,2.33,18.0,yes,SNOW,SNOW,HolidayLights,DEC,LOW SEASON,Mon,No,Have Events,NOT GOOD WEATHER
615.0,2005-12-06,393.0,5.973809611869261,2888.5499999999997,7.35,37.0,2.34,18.0,yes,SNOW,SNOW,HolidayLights,DEC,LOW SEASON,Tue,No,Have Events,NOT GOOD WEATHER
616.0,2005-12-07,696.0,6.54534966033442,69.60000000000001,0.1,32.0,2.35,17.0,yes,SNOW,SNOW,HolidayLights,DEC,LOW SEASON,Wed,No,Have Events,NOT GOOD WEATHER
617.0,2005-12-08,322.0,5.7745515455444085,2363.48,7.34,29.0,2.36,16.0,yes,SUNNY/CLOUDY,PARTLY CLOUDY,HolidayLights,DEC,LOW SEASON,Thu,No,Have Events,GOOD WEATHER
618.0,2005-12-09,181.0,5.198497031265826,1276.05,7.05,37.0,2.36,16.0,yes,SNOW,SNOW,HolidayLights,DEC,LOW SEASON,Fri,No,Have Events,NOT GOOD WEATHER
619.0,2005-12-10,459.0,6.129050210060545,3240.54,7.06,36.0,2.37,15.0,yes,SUNNY/CLOUDY,PARTLY CLOUDY,HolidayLights,DEC,LOW SEASON,Sat,Yes,Have Events,GOOD WEATHER
620.0,2005-12-11,511.0,6.236369590203704,3653.65,7.15,39.0,2.38,15.0,yes,SNOW,SNOW,HolidayLights,DEC,LOW SEASON,Sun,Yes,Have Events,NOT GOOD WEATHER
621.0,2005-12-12,534.0,6.280395838960195,3866.1600000000003,7.24,37.0,2.39,14.0,yes,SNOW,SNOW,HolidayLights,DEC,LOW SEASON,Mon,No,Have Events,NOT GOOD WEATHER
622.0,2005-12-13,371.0,5.916202062607435,2656.36,7.16,26.0,2.4,14.0,yes,SUNNY/CLOUDY,Sunny,HolidayLights,DEC,LOW SEASON,Tue,No,Have Events,GOOD WEATHER
623.0,2005-12-14,707.0,6.561030665896573,70.7,0.1,24.0,2.41,13.0,yes,SUNNY/CLOUDY,PARTLY CLOUDY,HolidayLights,DEC,LOW SEASON,Wed,No,Have Events,GOOD WEATHER
624.0,2005-12-15,491.0,6.19644412779452,3437.0,7.0,40.0,2.41,13.0,yes,SNOW,SIGNIFICANTSNOW,HolidayLights,DEC,LOW SEASON,Thu,No,Have Events,NOT GOOD WEATHER
625.0,2005-12-16,535.0,6.282266746896006,3873.4,7.24,53.0,2.41,12.0,yes,RAIN,RAIN,HolidayLights,DEC,LOW SEASON,Fri,No,Have Events,NOT GOOD WEATHER
626.0,2005-12-17,875.0,6.774223886357614,6247.5,7.14,42.0,2.41,12.0,yes,SUNNY/CLOUDY,PARTLY CLOUDY,HolidayLights,DEC,LOW SEASON,Sat,Yes,Have Events,GOOD WEATHER
627.0,2005-12-18,671.0,6.508769136971682,4770.81,7.11,40.0,2.41,11.0,yes,SUNNY/CLOUDY,MOSTLY CLOUDY,HolidayLights,DEC,LOW SEASON,Sun,Yes,Have Events,GOOD WEATHER
628.0,2005-12-19,874.0,6.773080375655535,6222.88,7.12,38.0,2.41,11.0,yes,SUNNY/CLOUDY,MOSTLY CLOUDY,HolidayLights,DEC,LOW SEASON,Mon,No,Have Events,GOOD WEATHER
629.0,2005-12-20,392.0,5.971261839790462,2849.8399999999997,7.27,34.0,2.42,11.0,yes,SUNNY/CLOUDY,PARTLY CLOUDY,HolidayLights,DEC,LOW SEASON,Tue,No,Have Events,GOOD WEATHER
630.0,2005-12-21,842.0,6.7357800142423265,84.2,0.1,33.0,2.43,10.0,yes,SUNNY/CLOUDY,PARTLY CLOUDY,HolidayLights,DEC,LOW SEASON,Wed,No,Have Events,GOOD WEATHER
631.0,2005-12-22,405.0,6.003887067106539,2928.15,7.23,36.0,2.43,10.0,yes,SUNNY/CLOUDY,PARTLY CLOUDY,HolidayLights,DEC,LOW SEASON,Thu,No,Have Events,GOOD WEATHER
632.0,2005-12-23,424.0,6.049733455231958,3107.92,7.33,49.0,2.44,10.0,yes,SNOW,SIGNIFICANTSNOW,HolidayLights,DEC,LOW SEASON,Fri,No,Have Events,NOT GOOD WEATHER
633.0,2005-12-24,568.0,6.342121418721152,4129.36,7.27,54.0,2.45,9.0,yes,SUNNY/CLOUDY,PARTLY CLOUDY,HolidayLights,DEC,LOW SEASON,Sat,Yes,Have Events,GOOD WEATHER
634.0,2005-12-25,446.0,6.100318952020064,3264.7200000000003,7.32,53.0,2.46,9.0,yes,RAIN,RAIN,HolidayLights,DEC,LOW SEASON,Sun,Yes,Have Events,NOT GOOD WEATHER
635.0,2005-12-26,792.0,6.674561391814426,5734.08,7.24,53.0,2.47,9.0,yes,SUNNY/CLOUDY,MOSTLY CLOUDY,HolidayLights,DEC,LOW SEASON,Mon,No,Have Events,GOOD WEATHER
636.0,2005-12-27,1851.0,7.523481312573497,13290.18,7.18,43.0,2.47,8.0,yes,SUNNY/CLOUDY,PARTLY CLOUDY,HolidayLights,DEC,LOW SEASON,Tue,No,Have Events,GOOD WEATHER
637.0,2005-12-28,8422.0,9.038602608721874,842.2,0.1,48.0,2.48,8.0,yes,SUNNY/CLOUDY,MOSTLY CLOUDY,HolidayLights,DEC,LOW SEASON,Wed,No,Have Events,GOOD WEATHER
638.0,2005-12-29,286.0,5.655991810819852,2039.18,7.13,49.0,2.49,8.0,yes,RAIN,RAIN,HolidayLights,DEC,LOW SEASON,Thu,No,Have Events,NOT GOOD WEATHER
639.0,2005-12-30,2964.0,7.994294986415977,21162.96,7.14,46.0,2.5,8.0,yes,SUNNY/CLOUDY,PARTLY CLOUDY,HolidayLights,DEC,LOW SEASON,Fri,No,Have Events,GOOD WEATHER
640.0,2005-12-31,558.0,6.324358962381311,3961.7999999999997,7.1,37.0,2.51,7.0,yes,SNOW,SIGNIFICANTSNOW,HolidayLights,DEC,LOW SEASON,Sat,Yes,Have Events,NOT GOOD WEATHER
641.0,2006-01-01,1091.0,6.994849985833071,7724.28,7.08,42.0,2.51,7.0,yes,SUNNY/CLOUDY,MOSTLY CLOUDY,HolidayLights,JAN,LOW SEASON,Sun,Yes,Have Events,GOOD WEATHER
642.0,2006-01-02,1816.0,7.504391559161238,12875.44,7.09,45.0,2.52,6.0,yes,RAIN,RAIN,HolidayLights,JAN,LOW SEASON,Mon,No,Have Events,NOT GOOD WEATHER
643.0,2006-01-03,53.0,3.970291913552122,374.18,7.06,41.0,2.53,5.0,no,SNOW,SIGNIFICANTSNOW,HolidayLights,JAN,LOW SEASON,Tue,No,Have Events,NOT GOOD WEATHER
644.0,2006-01-04,1205.0,7.094234845924755,120.5,0.1,38.0,2.54,5.0,no,SUNNY/CLOUDY,MOSTLY CLOUDY,HolidayLights,JAN,LOW SEASON,Wed,No,Have Events,GOOD WEATHER
645.0,2006-01-05,280.0,5.634789603169249,1990.8000000000002,7.11,50.0,2.55,5.0,no,SUNNY/CLOUDY,MOSTLY CLOUDY,HolidayLights,JAN,LOW SEASON,Thu,No,Have Events,GOOD WEATHER
646.0,2006-01-06,352.0,5.863631175598097,2534.4,7.2,41.0,2.55,4.0,no,SUNNY/CLOUDY,MOSTLY CLOUDY,HolidayLights,JAN,LOW SEASON,Fri,No,Have Events,GOOD WEATHER
647.0,2006-01-07,806.0,6.692083742506628,5762.900000000001,7.15,36.0,2.56,4.0,no,SUNNY/CLOUDY,PARTLY CLOUDY,HolidayLights,JAN,LOW SEASON,Sat,Yes,Have Events,GOOD WEATHER
648.0,2006-01-08,1406.0,7.2485040723706105,10081.02,7.17,46.0,2.57,4.0,no,SNOW,SIGNIFICANTSNOW,HolidayLights,JAN,LOW SEASON,Sun,Yes,Have Events,NOT GOOD WEATHER
649.0,2006-01-09,370.0,5.91350300563827,2693.6,7.28,58.0,2.58,4.0,no,SUNNY/CLOUDY,MOSTLY CLOUDY,NONE,JAN,LOW SEASON,Mon,No,NONE,GOOD WEATHER
650.0,2006-01-10,804.0,6.6895992691789665,5724.4800000000005,7.12,48.0,2.58,4.0,no,SUNNY/CLOUDY,MOSTLY CLOUDY,NONE,JAN,LOW SEASON,Tue,No,NONE,GOOD WEATHER
651.0,2006-01-11,1009.0,6.9167150203536085,100.9,0.1,53.0,2.59,3.0,no,RAIN,RAIN,NONE,JAN,LOW SEASON,Wed,No,NONE,NOT GOOD WEATHER
652.0,2006-01-12,864.0,6.761572768804055,6272.639999999999,7.26,55.0,2.59,3.0,no,SUNNY/CLOUDY,PARTLY CLOUDY,NONE,JAN,LOW SEASON,Thu,No,NONE,GOOD WEATHER
653.0,2006-01-13,449.0,6.1070228877422545,3183.41,7.09,51.0,2.59,3.0,no,SUNNY/CLOUDY,MOSTLY CLOUDY,NONE,JAN,LOW SEASON,Fri,No,NONE,GOOD WEATHER
654.0,2006-01-14,373.0,5.921578419643816,2648.2999999999997,7.1,55.0,2.59,3.0,no,SNOW,SIGNIFICANTSNOW,NONE,JAN,LOW SEASON,Sat,Yes,NONE,NOT GOOD WEATHER
655.0,2006-01-15,198.0,5.288267030694535,1413.72,7.14,32.0,2.6,3.0,no,SNOW,SNOW,NONE,JAN,LOW SEASON,Sun,Yes,NONE,NOT GOOD WEATHER
656.0,2006-01-16,513.0,6.240275845170769,3657.69,7.13,31.0,2.6,3.0,no,SUNNY/CLOUDY,PARTLY CLOUDY,NONE,JAN,LOW SEASON,Mon,No,NONE,GOOD WEATHER
657.0,2006-01-17,341.0,5.831882477283517,2438.15,7.15,44.0,2.59,3.0,no,RAIN,RAIN,NONE,JAN,LOW SEASON,Tue,No,NONE,NOT GOOD WEATHER
658.0,2006-01-18,338.0,5.823045895483019,33.800000000000004,0.1,56.0,2.59,3.0,no,RAIN,RAIN,NONE,JAN,LOW SEASON,Wed,No,NONE,NOT GOOD WEATHER
659.0,2006-01-19,334.0,5.811140992976701,2364.72,7.08,46.0,2.58,2.0,no,SUNNY/CLOUDY,PARTLY CLOUDY,NONE,JAN,LOW SEASON,Thu,No,NONE,GOOD WEATHER
660.0,2006-01-20,884.0,6.784457062637643,6488.5599999999995,7.34,57.0,2.57,2.0,no,SUNNY/CLOUDY,MOSTLY CLOUDY,NONE,JAN,LOW SEASON,Fri,No,NONE,GOOD WEATHER
661.0,2006-01-21,2189.0,7.691200097522863,15498.12,7.08,62.0,2.57,2.0,no,SUNNY/CLOUDY,PARTLY CLOUDY,NONE,JAN,LOW SEASON,Sat,Yes,NONE,GOOD WEATHER
662.0,2006-01-22,1886.0,7.542213463193403,13541.48,7.18,43.0,2.56,2.0,no,SUNNY/CLOUDY,MOSTLY CLOUDY,NONE,JAN,LOW SEASON,Sun,Yes,NONE,GOOD WEATHER
663.0,2006-01-23,201.0,5.303304908059076,1407.0,7.0,41.0,2.56,2.0,no,SNOW,SNOW,NONE,JAN,LOW SEASON,Mon,No,NONE,NOT GOOD WEATHER
664.0,2006-01-24,536.0,6.284134161070802,3805.6,7.1,43.0,2.55,2.0,no,SUNNY/CLOUDY,PARTLY CLOUDY,NONE,JAN,LOW SEASON,Tue,No,NONE,GOOD WEATHER
665.0,2006-01-25,1305.0,7.173958319756794,130.5,0.1,42.0,2.54,2.0,no,RAIN,RAIN,NONE,JAN,LOW SEASON,Wed,No,NONE,NOT GOOD WEATHER
666.0,2006-01-26,383.0,5.948034989180646,2784.41,7.27,35.0,2.54,2.0,no,SUNNY/CLOUDY,PARTLY CLOUDY,NONE,JAN,LOW SEASON,Thu,No,NONE,GOOD WEATHER
667.0,2006-01-27,452.0,6.113682179832232,3263.44,7.22,41.0,2.53,2.0,no,SUNNY/CLOUDY,Sunny,NONE,JAN,LOW SEASON,Fri,No,NONE,GOOD WEATHER
668.0,2006-01-28,2982.0,8.000349495324684,21261.66,7.13,56.0,2.52,2.0,no,SUNNY/CLOUDY,PARTLY CLOUDY,NONE,JAN,LOW SEASON,Sat,Yes,NONE,GOOD WEATHER
669.0,2006-01-29,889.0,6.790097235513905,6303.01,7.09,52.0,2.52,2.0,no,RAIN,RAIN,NONE,JAN,LOW SEASON,Sun,Yes,NONE,NOT GOOD WEATHER
670.0,2006-01-30,713.0,6.569481420414296,5090.82,7.14,61.0,2.51,2.0,no,RAIN,RAIN,NONE,JAN,LOW SEASON,Mon,No,NONE,NOT GOOD WEATHER
671.0,2006-01-31,373.0,5.921578419643816,2611.0,7.0,43.0,2.51,2.0,no,SUNNY/CLOUDY,MOSTLY CLOUDY,NONE,JAN,LOW SEASON,Tue,No,NONE,GOOD WEATHER
672.0,2006-02-01,1079.0,6.983789965258135,107.9,0.1,42.0,2.5,2.0,no,SUNNY/CLOUDY,MOSTLY CLOUDY,NONE,FEB,LOW SEASON,Wed,No,NONE,GOOD WEATHER
673.0,2006-02-02,522.0,6.257667587882639,3857.58,7.39,51.0,2.49,2.0,no,SUNNY/CLOUDY,MOSTLY CLOUDY,NONE,FEB,LOW SEASON,Thu,No,NONE,GOOD WEATHER
674.0,2006-02-03,372.0,5.918893854273146,2659.8,7.15,62.0,2.49,2.0,no,RAIN,RAIN,NONE,FEB,LOW SEASON,Fri,No,NONE,NOT GOOD WEATHER
675.0,2006-02-04,721.0,6.580639137284949,5111.89,7.09,52.0,2.48,2.0,no,RAIN,RAIN,NONE,FEB,LOW SEASON,Sat,Yes,NONE,NOT GOOD WEATHER
676.0,2006-02-05,1442.0,7.273786317844895,10267.04,7.12,51.0,2.47,2.0,no,RAIN,RAIN,NONE,FEB,LOW SEASON,Sun,Yes,NONE,NOT GOOD WEATHER
677.0,2006-02-06,363.0,5.8944028342648505,2566.4100000000003,7.07,39.0,2.47,2.0,no,SUNNY/CLOUDY,PARTLY CLOUDY,NONE,FEB,LOW SEASON,Mon,No,NONE,GOOD WEATHER
678.0,2006-02-07,384.0,5.950642552587727,2730.2400000000002,7.11,44.0,2.46,2.0,no,SUNNY/CLOUDY,PARTLY CLOUDY,NONE,FEB,LOW SEASON,Tue,No,NONE,GOOD WEATHER
679.0,2006-02-08,937.0,6.842683282238422,93.7,0.1,37.0,2.46,2.0,no,SUNNY/CLOUDY,PARTLY CLOUDY,NONE,FEB,LOW SEASON,Wed,No,NONE,GOOD WEATHER
680.0,2006-02-09,706.0,6.559615237493242,5033.78,7.13,36.0,2.45,2.0,no,SUNNY/CLOUDY,PARTLY CLOUDY,NONE,FEB,LOW SEASON,Thu,No,NONE,GOOD WEATHER
681.0,2006-02-10,324.0,5.780743515792329,2310.12,7.13,38.0,2.44,2.0,no,SNOW,SIGNIFICANTSNOW,NONE,FEB,LOW SEASON,Fri,No,NONE,NOT GOOD WEATHER
682.0,2006-02-11,465.0,6.142037405587356,3282.8999999999996,7.06,38.0,2.44,1.0,no,SNOW,SNOW,NONE,FEB,LOW SEASON,Sat,Yes,NONE,NOT GOOD WEATHER
683.0,2006-02-12,1.0,0.0,0.1,0.1,30.0,2.43,1.0,no,SNOW,SIGNIFICANTSNOW,NONE,FEB,LOW SEASON,Sun,Yes,NONE,NOT GOOD WEATHER
684.0,2006-02-13,307.0,5.726847747587197,2225.75,7.25,36.0,2.43,1.0,no,SUNNY/CLOUDY,PARTLY CLOUDY,NONE,FEB,LOW SEASON,Mon,No,NONE,GOOD WEATHER
685.0,2006-02-14,391.0,5.968707559985366,2772.19,7.09,42.0,2.42,1.0,no,SUNNY/CLOUDY,MOSTLY CLOUDY,NONE,FEB,LOW SEASON,Tue,No,NONE,GOOD WEATHER
686.0,2006-02-15,999.0,6.906754778648554,99.9,0.1,53.0,2.41,1.0,no,SUNNY/CLOUDY,PARTLY CLOUDY,NONE,FEB,LOW SEASON,Wed,No,NONE,GOOD WEATHER
687.0,2006-02-16,492.0,6.198478716492308,3552.24,7.22,56.0,2.41,1.0,no,SUNNY/CLOUDY,PARTLY CLOUDY,NONE,FEB,LOW SEASON,Thu,No,NONE,GOOD WEATHER
688.0,2006-02-17,532.0,6.2766434893416445,3830.4,7.2,57.0,2.4,1.0,no,SUNNY/CLOUDY,MOSTLY CLOUDY,NONE,FEB,LOW SEASON,Fri,No,NONE,GOOD WEATHER
689.0,2006-02-18,575.0,6.354370040797351,4065.25,7.07,36.0,2.4,1.0,no,SNOW,SIGNIFICANTSNOW,NONE,FEB,LOW SEASON,Sat,Yes,NONE,NOT GOOD WEATHER
690.0,2006-02-19,545.0,6.300785794663244,3896.75,7.15,30.0,2.39,1.0,no,SUNNY/CLOUDY,Sunny,NONE,FEB,LOW SEASON,Sun,Yes,NONE,GOOD WEATHER
691.0,2006-02-20,1146.0,7.044032897274685,8102.22,7.07,37.0,2.39,1.0,no,SUNNY/CLOUDY,PARTLY CLOUDY,NONE,FEB,LOW SEASON,Mon,No,NONE,GOOD WEATHER
692.0,2006-02-21,1232.0,7.116394144093465,8784.16,7.13,41.0,2.38,1.0,no,SUNNY/CLOUDY,PARTLY CLOUDY,NONE,FEB,LOW SEASON,Tue,No,NONE,GOOD WEATHER
693.0,2006-02-22,5843.0,8.672999642554437,584.3000000000001,0.1,44.0,2.38,1.0,no,SUNNY/CLOUDY,MOSTLY CLOUDY,AfroAmerican,FEB,LOW SEASON,Wed,No,Have Events,GOOD WEATHER
694.0,2006-02-23,1159.0,7.055312843339752,8275.26,7.14,47.0,2.38,1.0,no,SUNNY/CLOUDY,MOSTLY CLOUDY,NONE,FEB,LOW SEASON,Thu,No,NONE,GOOD WEATHER
695.0,2006-02-24,844.0,6.738152494595957,6051.48,7.17,40.0,2.38,1.0,no,SUNNY/CLOUDY,PARTLY CLOUDY,NONE,FEB,LOW SEASON,Fri,No,NONE,GOOD WEATHER
696.0,2006-02-25,692.0,6.539585955617669,4940.88,7.14,50.0,2.38,1.0,no,SUNNY/CLOUDY,MOSTLY CLOUDY,NONE,FEB,LOW SEASON,Sat,Yes,NONE,GOOD WEATHER
697.0,2006-02-26,515.0,6.244166900663736,3635.8999999999996,7.06,30.0,2.39,1.0,no,SUNNY/CLOUDY,PARTLY CLOUDY,NONE,FEB,LOW SEASON,Sun,Yes,NONE,GOOD WEATHER
698.0,2006-02-27,374.0,5.924255797414532,2651.66,7.09,32.0,2.39,1.0,no,SNOW,SIGNIFICANTSNOW,NONE,FEB,LOW SEASON,Mon,No,NONE,NOT GOOD WEATHER
699.0,2006-02-28,400.0,5.991464547107982,2836.0,7.09,34.0,2.4,1.0,no,SNOW,SNOW,NONE,FEB,LOW SEASON,Tue,No,NONE,NOT GOOD WEATHER
700.0,2006-03-01,1201.0,7.0909098220799835,120.10000000000001,0.1,43.0,2.4,1.0,no,SUNNY/CLOUDY,PARTLY CLOUDY,NONE,MAR,LOW SEASON,Wed,No,NONE,GOOD WEATHER
701.0,2006-03-02,402.0,5.996452088619021,2814.0,7.0,35.0,2.41,1.0,no,SNOW,SNOW,NONE,MAR,LOW SEASON,Thu,No,NONE,NOT GOOD WEATHER
702.0,2006-03-03,347.0,5.849324779946859,2453.29,7.07,34.0,2.41,1.0,no,SUNNY/CLOUDY,PARTLY CLOUDY,NONE,MAR,LOW SEASON,Fri,No,NONE,GOOD WEATHER
703.0,2006-03-04,733.0,6.597145701886651,5262.94,7.18,39.0,2.42,1.0,no,SUNNY/CLOUDY,PARTLY CLOUDY,NONE,MAR,LOW SEASON,Sat,Yes,NONE,GOOD WEATHER
704.0,2006-03-05,1145.0,7.0431599159883405,8186.75,7.15,46.0,2.42,1.0,no,SUNNY/CLOUDY,Sunny,NONE,MAR,LOW SEASON,Sun,Yes,NONE,GOOD WEATHER
705.0,2006-03-06,459.0,6.129050210060545,3268.08,7.12,43.0,2.43,1.0,no,SUNNY/CLOUDY,MOSTLY CLOUDY,NONE,MAR,LOW SEASON,Mon,No,NONE,GOOD WEATHER
706.0,2006-03-07,1297.0,7.167809184316444,9195.73,7.09,45.0,2.43,1.0,no,SUNNY/CLOUDY,PARTLY CLOUDY,NONE,MAR,LOW SEASON,Tue,No,NONE,GOOD WEATHER
707.0,2006-03-08,2419.0,7.791109510610028,241.9,0.1,47.0,2.44,1.0,no,SUNNY/CLOUDY,MOSTLY CLOUDY,NONE,MAR,LOW SEASON,Wed,No,NONE,GOOD WEATHER
708.0,2006-03-09,993.0,6.900730664045173,7080.09,7.13,50.0,2.44,1.0,no,RAIN,RAIN,NONE,MAR,LOW SEASON,Thu,No,NONE,NOT GOOD WEATHER
709.0,2006-03-10,1443.0,7.274479558773871,10346.31,7.17,71.0,2.45,1.0,no,RAIN,RAIN,NONE,MAR,LOW SEASON,Fri,No,NONE,NOT GOOD WEATHER
710.0,2006-03-11,11008.0,9.306377560173125,78597.12,7.14,62.0,2.45,1.0,no,SUNNY/CLOUDY,MOSTLY CLOUDY,NONE,MAR,LOW SEASON,Sat,Yes,NONE,GOOD WEATHER
711.0,2006-03-12,864.0,6.761572768804055,6117.12,7.08,52.0,2.46,1.0,no,RAIN,RAIN,WomensDay,MAR,LOW SEASON,Sun,Yes,Have Events,NOT GOOD WEATHER
712.0,2006-03-13,1060.0,6.966024187106113,7547.2,7.12,60.0,2.46,1.0,no,SUNNY/CLOUDY,MOSTLY CLOUDY,NONE,MAR,LOW SEASON,Mon,No,NONE,GOOD WEATHER
713.0,2006-03-14,1517.0,7.324489979348532,10770.699999999999,7.1,61.0,2.47,1.0,no,SUNNY/CLOUDY,MOSTLY CLOUDY,NONE,MAR,LOW SEASON,Tue,No,NONE,GOOD WEATHER
714.0,2006-03-15,2204.0,7.698029170272805,220.4,0.1,45.0,2.47,1.0,no,SNOW,SIGNIFICANTSNOW,NONE,MAR,LOW SEASON,Wed,No,NONE,NOT GOOD WEATHER
715.0,2006-03-16,1018.0,6.925595197110468,7258.34,7.13,48.0,2.48,1.0,no,SUNNY/CLOUDY,PARTLY CLOUDY,NONE,MAR,LOW SEASON,Thu,No,NONE,GOOD WEATHER
716.0,2006-03-17,927.0,6.831953565565855,6618.78,7.14,46.0,2.48,1.0,no,SUNNY/CLOUDY,PARTLY CLOUDY,NONE,MAR,LOW SEASON,Fri,No,NONE,GOOD WEATHER
717.0,2006-03-18,1734.0,7.458186157340487,12311.4,7.1,42.0,2.49,1.0,no,SUNNY/CLOUDY,PARTLY CLOUDY,LivingGreen,MAR,LOW SEASON,Sat,Yes,Have Events,GOOD WEATHER
718.0,2006-03-19,1632.0,7.397561535524052,11636.16,7.13,43.0,2.49,1.0,no,SUNNY/CLOUDY,MOSTLY CLOUDY,LivingGreen,MAR,LOW SEASON,Sun,Yes,Have Events,GOOD WEATHER
719.0,2006-03-20,748.0,6.617402977974478,5295.84,7.08,42.0,2.5,1.0,no,SUNNY/CLOUDY,PARTLY CLOUDY,NONE,MAR,LOW SEASON,Mon,No,NONE,GOOD WEATHER
720.0,2006-03-21,592.0,6.3835066348840055,4209.12,7.11,43.0,2.5,1.0,no,SUNNY/CLOUDY,PARTLY CLOUDY,NONE,MAR,LOW SEASON,Tue,No,NONE,GOOD WEATHER
721.0,2006-03-22,2710.0,7.904703913873747,271.0,0.1,45.0,2.5,1.0,no,SUNNY/CLOUDY,MOSTLY CLOUDY,NONE,MAR,LOW SEASON,Wed,No,NONE,GOOD WEATHER
722.0,2006-03-23,1615.0,7.387090235656757,11676.45,7.23,53.0,2.5,1.0,no,SUNNY/CLOUDY,PARTLY CLOUDY,NONE,MAR,LOW SEASON,Thu,No,NONE,GOOD WEATHER
723.0,2006-03-24,1813.0,7.502738210754851,12872.3,7.1,52.0,2.5,1.0,no,SUNNY/CLOUDY,MOSTLY CLOUDY,NONE,MAR,LOW SEASON,Fri,No,NONE,GOOD WEATHER
724.0,2006-03-25,2609.0,7.866722285136729,18784.8,7.2,47.0,2.52,1.0,no,RAIN,RAIN,NONE,MAR,LOW SEASON,Sat,Yes,NONE,NOT GOOD WEATHER
725.0,2006-03-26,2658.0,7.885329239273191,19403.399999999998,7.3,51.0,2.54,1.0,no,RAIN,RAIN,NONE,MAR,LOW SEASON,Sun,Yes,NONE,NOT GOOD WEATHER
726.0,2006-03-27,1508.0,7.318539548567902,10842.52,7.19,58.0,2.55,1.0,no,SUNNY/CLOUDY,PARTLY CLOUDY,NONE,MAR,LOW SEASON,Mon,No,NONE,GOOD WEATHER
727.0,2006-03-28,2194.0,7.693481640835175,15752.92,7.18,54.0,2.57,1.0,no,SUNNY/CLOUDY,MOSTLY CLOUDY,NONE,MAR,LOW SEASON,Tue,No,NONE,GOOD WEATHER
728.0,2006-03-29,6392.0,8.76280248744611,639.2,0.1,59.0,2.59,1.0,no,SUNNY/CLOUDY,Sunny,NONE,MAR,LOW SEASON,Wed,No,NONE,GOOD WEATHER
729.0,2006-03-30,4125.0,8.324821298768782,29700.0,7.2,64.0,2.61,1.0,no,SUNNY/CLOUDY,PARTLY CLOUDY,NONE,MAR,LOW SEASON,Thu,No,NONE,GOOD WEATHER
730.0,2006-03-31,4302.0,8.366835309827675,30845.34,7.17,63.0,2.63,1.0,no,SUNNY/CLOUDY,MOSTLY CLOUDY,NONE,MAR,LOW SEASON,Fri,No,NONE,GOOD WEATHER
731.0,2006-04-01,3145.0,8.05356916913454,28776.75,9.15,74.0,2.65,1.0,no,RAIN,RAIN,NONE,APR,HIGH SEASON,Sat,Yes,NONE,NOT GOOD WEATHER
732.0,2006-04-02,7475.0,8.919319398258887,68246.75,9.13,67.0,2.67,1.0,no,SUNNY/CLOUDY,PARTLY CLOUDY,NONE,APR,HIGH SEASON,Sun,Yes,NONE,GOOD WEATHER
733.0,2006-04-03,885.0,6.785587645007929,8221.65,9.29,55.0,2.69,1.0,no,RAIN,RAIN,NONE,APR,HIGH SEASON,Mon,No,NONE,NOT GOOD WEATHER
734.0,2006-04-04,1155.0,7.051855622955894,10649.1,9.22,56.0,2.7,1.0,no,SUNNY/CLOUDY,MOSTLY CLOUDY,NONE,APR,HIGH SEASON,Tue,No,NONE,GOOD WEATHER
735.0,2006-04-05,3425.0,8.138856750696325,342.5,0.1,46.0,2.72,1.0,no,SNOW,SNOW,NONE,APR,HIGH SEASON,Wed,No,NONE,NOT GOOD WEATHER
736.0,2006-04-06,2143.0,7.669961995473577,19587.02,9.14,54.0,2.74,1.0,no,SUNNY/CLOUDY,MOSTLY CLOUDY,NONE,APR,HIGH SEASON,Thu,No,NONE,GOOD WEATHER
737.0,2006-04-07,1085.0,6.98933526597456,9895.199999999999,9.12,63.0,2.76,1.0,no,RAIN,RAIN,NONE,APR,HIGH SEASON,Fri,No,NONE,NOT GOOD WEATHER
738.0,2006-04-08,413.0,6.023447592961033,3882.2000000000003,9.4,58.0,2.78,1.0,no,SNOW,SIGNIFICANTSNOW,NONE,APR,HIGH SEASON,Sat,Yes,NONE,NOT GOOD WEATHER
739.0,2006-04-09,5718.0,8.651374372882257,52205.340000000004,9.13,58.0,2.8,1.0,no,SUNNY/CLOUDY,PARTLY CLOUDY,NONE,APR,HIGH SEASON,Sun,Yes,NONE,GOOD WEATHER
740.0,2006-04-10,4417.0,8.393216011596527,40415.55,9.15,57.0,2.82,1.0,no,SUNNY/CLOUDY,PARTLY CLOUDY,NONE,APR,HIGH SEASON,Mon,No,NONE,GOOD WEATHER
741.0,2006-04-11,6499.0,8.77940359789435,59205.89,9.11,60.0,2.84,105.0,yes,SUNNY/CLOUDY,PARTLY CLOUDY,NONE,APR,HIGH SEASON,Tue,No,NONE,GOOD WEATHER
742.0,2006-04-12,20749.0,9.940253331726451,2074.9,0.1,58.0,2.86,161.0,yes,SUNNY/CLOUDY,MOSTLY CLOUDY,NONE,APR,HIGH SEASON,Wed,No,NONE,GOOD WEATHER
743.0,2006-04-13,7819.0,8.964311948124514,71465.66,9.14,75.0,2.88,207.0,yes,RAIN,RAIN,NONE,APR,HIGH SEASON,Thu,No,NONE,NOT GOOD WEATHER
744.0,2006-04-14,7270.0,8.891511570527564,66375.1,9.13,63.0,2.9,248.0,yes,RAIN,RAIN,NONE,APR,HIGH SEASON,Fri,No,NONE,NOT GOOD WEATHER
745.0,2006-04-15,13386.0,9.501964663660587,122214.18000000001,9.13,80.0,2.93,285.0,yes,SUNNY/CLOUDY,MOSTLY CLOUDY,EASTER,APR,HIGH SEASON,Sat,Yes,Have Events,GOOD WEATHER
746.0,2006-04-16,17698.0,9.781206917827296,160874.82,9.09,67.0,2.95,319.0,yes,SUNNY/CLOUDY,PARTLY CLOUDY,EASTER,APR,HIGH SEASON,Sun,Yes,Have Events,GOOD WEATHER
747.0,2006-04-17,13525.0,9.512295103714683,124429.99999999999,9.2,63.0,2.97,351.0,yes,SUNNY/CLOUDY,PARTLY CLOUDY,EASTER,APR,HIGH SEASON,Mon,No,Have Events,GOOD WEATHER
748.0,2006-04-18,10593.0,9.267948684596496,96608.15999999999,9.12,72.0,2.99,380.0,yes,SUNNY/CLOUDY,PARTLY CLOUDY,EASTER,APR,HIGH SEASON,Tue,No,Have Events,GOOD WEATHER
749.0,2006-04-19,51297.0,10.845387549916703,5129.700000000001,0.1,75.0,3.01,406.0,yes,SUNNY/CLOUDY,PARTLY CLOUDY,EASTER,APR,HIGH SEASON,Wed,No,Have Events,GOOD WEATHER
750.0,2006-04-20,17033.0,9.742907917860578,155170.63,9.11,81.0,3.03,431.0,yes,SUNNY/CLOUDY,PARTLY CLOUDY,EASTER,APR,HIGH SEASON,Thu,No,Have Events,GOOD WEATHER
751.0,2006-04-21,11097.0,9.314430080500564,101537.55,9.15,56.0,3.05,455.0,yes,SUNNY/CLOUDY,MOSTLY CLOUDY,NONE,APR,HIGH SEASON,Fri,No,NONE,GOOD WEATHER
752.0,2006-04-22,719.0,6.577861357721047,6528.52,9.08,49.0,3.08,476.0,yes,RAIN,RAIN,EarthDay,APR,HIGH SEASON,Sat,Yes,Have Events,NOT GOOD WEATHER
753.0,2006-04-23,337.0,5.820082930352362,3080.1800000000003,9.14,64.0,3.1,497.0,yes,RAIN,RAIN,EarthDay,APR,HIGH SEASON,Sun,Yes,Have Events,NOT GOOD WEATHER
754.0,2006-04-24,1058.0,6.964135612418245,9691.28,9.16,59.0,3.12,516.0,yes,RAIN,RAIN,NONE,APR,HIGH SEASON,Mon,No,NONE,NOT GOOD WEATHER
755.0,2006-04-25,4829.0,8.482394685873542,44281.93,9.17,70.0,3.12,429.0,yes,RAIN,RAIN,NONE,APR,HIGH SEASON,Tue,No,NONE,NOT GOOD WEATHER
756.0,2006-04-26,8978.0,9.102532419341877,897.8000000000001,0.1,58.0,3.12,392.0,yes,SUNNY/CLOUDY,PARTLY CLOUDY,NONE,APR,HIGH SEASON,Wed,No,NONE,GOOD WEATHER
757.0,2006-04-27,7578.0,8.933004591578547,69641.81999999999,9.19,70.0,3.12,362.0,yes,SUNNY/CLOUDY,PARTLY CLOUDY,NONE,APR,HIGH SEASON,Thu,No,NONE,GOOD WEATHER
758.0,2006-04-28,5301.0,8.575650760987806,48557.16,9.16,62.0,3.12,336.0,yes,SUNNY/CLOUDY,PARTLY CLOUDY,NONE,APR,HIGH SEASON,Fri,No,NONE,GOOD WEATHER
759.0,2006-04-29,8896.0,9.093357016490364,81843.2,9.2,63.0,3.12,313.0,yes,SUNNY/CLOUDY,Sunny,NONE,APR,HIGH SEASON,Sat,Yes,NONE,GOOD WEATHER
760.0,2006-04-30,10691.0,9.2771575450135,97395.01,9.11,68.0,3.12,292.0,yes,SUNNY/CLOUDY,Sunny,NONE,APR,HIGH SEASON,Sun,Yes,NONE,GOOD WEATHER
761.0,2006-05-01,3101.0,8.03947991910045,28312.13,9.13,69.0,3.12,375.0,yes,SUNNY/CLOUDY,Sunny,NONE,MAY,HIGH SEASON,Mon,No,NONE,GOOD WEATHER
762.0,2006-05-02,3127.0,8.047829357457841,29018.559999999998,9.28,70.0,3.13,441.0,yes,SUNNY/CLOUDY,MOSTLY CLOUDY,NONE,MAY,HIGH SEASON,Tue,No,NONE,GOOD WEATHER
763.0,2006-05-03,9935.0,9.203819154985917,993.5,0.1,71.0,3.14,498.0,yes,SUNNY/CLOUDY,MOSTLY CLOUDY,NONE,MAY,HIGH SEASON,Wed,No,NONE,GOOD WEATHER
764.0,2006-05-04,5791.0,8.66406026722579,53856.3,9.3,77.0,3.15,547.0,yes,SUNNY/CLOUDY,PARTLY CLOUDY,NONE,MAY,HIGH SEASON,Thu,No,NONE,GOOD WEATHER
765.0,2006-05-05,5202.0,8.556798446008598,48170.52,9.26,79.0,3.15,691.0,yes,SUNNY/CLOUDY,MOSTLY CLOUDY,NONE,MAY,HIGH SEASON,Fri,No,NONE,GOOD WEATHER
766.0,2006-05-06,7934.0,8.978912601074276,72120.06,9.09,73.0,3.16,765.0,yes,SUNNY/CLOUDY,MOSTLY CLOUDY,NONE,MAY,HIGH SEASON,Sat,Yes,NONE,GOOD WEATHER
767.0,2006-05-07,12391.0,9.424725681616493,112386.37000000001,9.07,65.0,3.17,811.0,yes,SUNNY/CLOUDY,PARTLY CLOUDY,NONE,MAY,HIGH SEASON,Sun,Yes,NONE,GOOD WEATHER
768.0,2006-05-08,3051.0,8.02322468471667,29350.62,9.62,63.0,3.18,845.0,yes,SUNNY/CLOUDY,MOSTLY CLOUDY,NONE,MAY,HIGH SEASON,Mon,No,NONE,GOOD WEATHER
769.0,2006-05-09,4513.0,8.414717399827001,41880.64,9.28,62.0,3.19,874.0,yes,RAIN,RAIN,NONE,MAY,HIGH SEASON,Tue,No,NONE,NOT GOOD WEATHER
770.0,2006-05-10,11243.0,9.32750099174976,1124.3,0.1,68.0,3.2,899.0,yes,RAIN,RAIN,NONE,MAY,HIGH SEASON,Wed,No,NONE,NOT GOOD WEATHER
771.0,2006-05-11,5489.0,8.610501368549889,50279.24,9.16,61.0,3.2,922.0,yes,SUNNY/CLOUDY,MOSTLY CLOUDY,NONE,MAY,HIGH SEASON,Thu,No,NONE,GOOD WEATHER
772.0,2006-05-12,2096.0,7.647786045440933,19660.480000000003,9.38,72.0,3.21,943.0,yes,RAIN,RAIN,NONE,MAY,HIGH SEASON,Fri,No,NONE,NOT GOOD WEATHER
773.0,2006-05-13,4561.0,8.4252971767117,41961.2,9.2,71.0,3.22,961.0,yes,SUNNY/CLOUDY,MOSTLY CLOUDY,MomsDay,MAY,HIGH SEASON,Sat,Yes,Have Events,GOOD WEATHER
774.0,2006-05-14,7192.0,8.880724576151456,65950.64,9.17,63.0,3.23,979.0,yes,SUNNY/CLOUDY,MOSTLY CLOUDY,MomsDay,MAY,HIGH SEASON,Sun,Yes,Have Events,GOOD WEATHER
775.0,2006-05-15,3749.0,8.229244416735913,34040.92,9.08,66.0,3.2,939.0,yes,RAIN,RAIN,NONE,MAY,HIGH SEASON,Mon,No,NONE,NOT GOOD WEATHER
776.0,2006-05-16,2920.0,7.979338895262328,27272.8,9.34,65.0,3.18,903.0,yes,RAIN,RAIN,NONE,MAY,HIGH SEASON,Tue,No,NONE,NOT GOOD WEATHER
777.0,2006-05-17,10104.0,9.220686664030326,1010.4000000000001,0.1,72.0,3.18,872.0,yes,SUNNY/CLOUDY,PARTLY CLOUDY,NONE,MAY,HIGH SEASON,Wed,No,NONE,GOOD WEATHER
778.0,2006-05-18,7052.0,8.861066543517762,66429.84,9.42,70.0,3.18,844.0,yes,SUNNY/CLOUDY,PARTLY CLOUDY,NONE,MAY,HIGH SEASON,Thu,No,NONE,GOOD WEATHER
779.0,2006-05-19,10462.0,9.255504923930557,97819.7,9.35,63.0,3.17,819.0,yes,RAIN,RAIN,NONE,MAY,HIGH SEASON,Fri,No,NONE,NOT GOOD WEATHER
780.0,2006-05-20,7683.0,8.946765374867635,71605.56,9.32,70.0,3.17,796.0,yes,SUNNY/CLOUDY,PARTLY CLOUDY,NONE,MAY,HIGH SEASON,Sat,Yes,NONE,GOOD WEATHER
781.0,2006-05-21,6558.0,8.788440957404594,59874.54000000001,9.13,71.0,3.17,775.0,yes,SUNNY/CLOUDY,PARTLY CLOUDY,NONE,MAY,HIGH SEASON,Sun,Yes,NONE,GOOD WEATHER
782.0,2006-05-22,6293.0,8.747193183526933,57706.81,9.17,66.0,3.17,756.0,yes,SUNNY/CLOUDY,PARTLY CLOUDY,NONE,MAY,HIGH SEASON,Mon,No,NONE,GOOD WEATHER
783.0,2006-05-23,7998.0,8.986946789406764,74221.43999999999,9.28,69.0,3.17,738.0,yes,SUNNY/CLOUDY,PARTLY CLOUDY,NONE,MAY,HIGH SEASON,Tue,No,NONE,GOOD WEATHER
784.0,2006-05-24,18506.0,9.825850282808975,1850.6000000000001,0.1,74.0,3.17,722.0,yes,SUNNY/CLOUDY,PARTLY CLOUDY,NONE,MAY,HIGH SEASON,Wed,No,NONE,GOOD WEATHER
785.0,2006-05-25,11145.0,9.31874624581997,103537.04999999999,9.29,77.0,3.16,707.0,yes,SUNNY/CLOUDY,MOSTLY CLOUDY,NONE,MAY,HIGH SEASON,Thu,No,NONE,GOOD WEATHER
786.0,2006-05-26,7579.0,8.93313654381203,69499.43,9.17,75.0,3.16,693.0,yes,RAIN,RAIN,NONE,MAY,HIGH SEASON,Fri,No,NONE,NOT GOOD WEATHER
787.0,2006-05-27,10492.0,9.258368340986765,95896.88,9.14,85.0,3.16,680.0,yes,SUNNY/CLOUDY,MOSTLY CLOUDY,ButterflyBlast,MAY,HIGH SEASON,Sat,Yes,Have Events,GOOD WEATHER
788.0,2006-05-28,16996.0,9.740733301234702,154153.72,9.07,79.0,3.16,668.0,yes,SUNNY/CLOUDY,PARTLY CLOUDY,ButterflyBlast,MAY,HIGH SEASON,Sun,Yes,Have Events,GOOD WEATHER
789.0,2006-05-29,12052.0,9.396985900250192,109070.6,9.05,83.0,3.16,657.0,yes,RAIN,RAIN,ButterflyBlast,MAY,HIGH SEASON,Mon,No,Have Events,NOT GOOD WEATHER
790.0,2006-05-30,7735.0,8.953510763007166,73714.54999999999,9.53,82.0,3.16,646.0,yes,SUNNY/CLOUDY,PARTLY CLOUDY,NONE,MAY,HIGH SEASON,Tue,No,NONE,GOOD WEATHER
791.0,2006-05-31,14375.0,9.573245865665552,1437.5,0.1,72.0,3.15,636.0,yes,SUNNY/CLOUDY,MOSTLY CLOUDY,NONE,MAY,HIGH SEASON,Wed,No,NONE,GOOD WEATHER
792.0,2006-06-01,8204.0,9.012377119192271,76379.24,9.31,81.0,3.15,626.0,yes,RAIN,RAIN,NONE,JUNE,HIGH SEASON,Thu,No,NONE,NOT GOOD WEATHER
793.0,2006-06-02,6601.0,8.79497643168877,60927.23,9.23,82.0,3.15,517.0,yes,RAIN,RAIN,NONE,JUNE,HIGH SEASON,Fri,No,NONE,NOT GOOD WEATHER
794.0,2006-06-03,1284.0,7.157735484249907,11697.24,9.11,70.0,3.15,473.0,yes,RAIN,RAIN,NONE,JUNE,HIGH SEASON,Sat,Yes,NONE,NOT GOOD WEATHER
795.0,2006-06-04,8507.0,9.048644632975885,77243.56,9.08,69.0,3.15,453.0,yes,RAIN,RAIN,NONE,JUNE,HIGH SEASON,Sun,Yes,NONE,NOT GOOD WEATHER
796.0,2006-06-05,8065.0,8.99528899055931,74198.0,9.2,71.0,3.15,441.0,yes,SUNNY/CLOUDY,MOSTLY CLOUDY,NONE,JUNE,HIGH SEASON,Mon,No,NONE,GOOD WEATHER
797.0,2006-06-06,7219.0,8.88447171813916,66342.61,9.19,73.0,3.14,432.0,yes,SUNNY/CLOUDY,MOSTLY CLOUDY,NONE,JUNE,HIGH SEASON,Tue,No,NONE,GOOD WEATHER
798.0,2006-06-07,4794.0,8.475120414994329,479.40000000000003,0.1,64.0,3.14,424.0,yes,RAIN,RAIN,NONE,JUNE,HIGH SEASON,Wed,No,NONE,NOT GOOD WEATHER
799.0,2006-06-08,4443.0,8.399085102935908,40875.6,9.2,67.0,3.14,417.0,yes,SUNNY/CLOUDY,MOSTLY CLOUDY,NONE,JUNE,HIGH SEASON,Thu,No,NONE,GOOD WEATHER
800.0,2006-06-09,9535.0,9.16272451803452,87245.25,9.15,77.0,3.14,411.0,yes,RAIN,RAIN,NONE,JUNE,HIGH SEASON,Fri,No,NONE,NOT GOOD WEATHER
801.0,2006-06-10,9097.0,9.115699967822062,83328.52,9.16,67.0,3.14,405.0,yes,SUNNY/CLOUDY,MOSTLY CLOUDY,NONE,JUNE,HIGH SEASON,Sat,Yes,NONE,GOOD WEATHER
802.0,2006-06-11,13165.0,9.48531707193041,119538.2,9.08,71.0,3.14,399.0,yes,SUNNY/CLOUDY,PARTLY CLOUDY,NONE,JUNE,HIGH SEASON,Sun,Yes,NONE,GOOD WEATHER
803.0,2006-06-12,5879.0,8.679141958402255,54204.380000000005,9.22,74.0,3.14,430.0,yes,SUNNY/CLOUDY,MOSTLY CLOUDY,NONE,JUNE,HIGH SEASON,Mon,No,NONE,GOOD WEATHER
804.0,2006-06-13,10278.0,9.237760967552175,94763.16,9.22,82.0,3.14,459.0,yes,SUNNY/CLOUDY,PARTLY CLOUDY,NONE,JUNE,HIGH SEASON,Tue,No,NONE,GOOD WEATHER
805.0,2006-06-14,17048.0,9.743788173778453,1704.8000000000002,0.1,76.0,3.13,485.0,yes,SUNNY/CLOUDY,MOSTLY CLOUDY,NONE,JUNE,HIGH SEASON,Wed,No,NONE,GOOD WEATHER
806.0,2006-06-15,9184.0,9.125218118559348,84400.95999999999,9.19,82.0,3.13,508.0,yes,SUNNY/CLOUDY,MOSTLY CLOUDY,NONE,JUNE,HIGH SEASON,Thu,No,NONE,GOOD WEATHER
807.0,2006-06-16,8870.0,9.090430075303626,81870.1,9.23,87.0,3.13,530.0,yes,SUNNY/CLOUDY,PARTLY CLOUDY,NONE,JUNE,HIGH SEASON,Fri,No,NONE,GOOD WEATHER
808.0,2006-06-17,9096.0,9.115590035430372,83137.44,9.14,85.0,3.13,549.0,yes,SUNNY/CLOUDY,MOSTLY CLOUDY,DadsDay,JUNE,HIGH SEASON,Sat,Yes,Have Events,GOOD WEATHER
809.0,2006-06-18,7213.0,8.883640232503673,65566.17,9.09,88.0,3.13,568.0,yes,SUNNY/CLOUDY,PARTLY CLOUDY,DadsDay,JUNE,HIGH SEASON,Sun,Yes,Have Events,GOOD WEATHER
810.0,2006-06-19,5271.0,8.569975376855206,48229.65,9.15,89.0,3.13,592.0,yes,RAIN,RAIN,NONE,JUNE,HIGH SEASON,Mon,No,NONE,NOT GOOD WEATHER
811.0,2006-06-20,5074.0,8.531884740159228,46427.1,9.15,86.0,3.14,615.0,yes,SUNNY/CLOUDY,MOSTLY CLOUDY,NONE,JUNE,HIGH SEASON,Tue,No,NONE,GOOD WEATHER
812.0,2006-06-21,18157.0,9.806811440270668,1815.7,0.1,82.0,3.14,637.0,yes,SUNNY/CLOUDY,MOSTLY CLOUDY,NONE,JUNE,HIGH SEASON,Wed,No,NONE,GOOD WEATHER
813.0,2006-06-22,4870.0,8.490849216076635,44852.700000000004,9.21,88.0,3.15,656.0,yes,RAIN,RAIN,NONE,JUNE,HIGH SEASON,Thu,No,NONE,NOT GOOD WEATHER
814.0,2006-06-23,5298.0,8.575084669832014,48370.740000000005,9.13,86.0,3.15,675.0,yes,SUNNY/CLOUDY,MOSTLY CLOUDY,NONE,JUNE,HIGH SEASON,Fri,No,NONE,GOOD WEATHER
815.0,2006-06-24,1679.0,7.425953657077541,15312.48,9.12,76.0,3.16,692.0,yes,RAIN,RAIN,NONE,JUNE,HIGH SEASON,Sat,Yes,NONE,NOT GOOD WEATHER
816.0,2006-06-25,2181.0,7.687538766201629,19781.670000000002,9.07,73.0,3.16,707.0,yes,RAIN,RAIN,NONE,JUNE,HIGH SEASON,Sun,Yes,NONE,NOT GOOD WEATHER
817.0,2006-06-26,3324.0,8.10892415597534,30148.68,9.07,75.0,3.17,722.0,yes,SUNNY/CLOUDY,MOSTLY CLOUDY,NONE,JUNE,HIGH SEASON,Mon,No,NONE,GOOD WEATHER
818.0,2006-06-27,6082.0,8.71308886823731,55528.66,9.13,78.0,3.17,736.0,yes,SUNNY/CLOUDY,MOSTLY CLOUDY,NONE,JUNE,HIGH SEASON,Tue,No,NONE,GOOD WEATHER
819.0,2006-06-28,10778.0,9.285262298493443,1077.8,0.1,85.0,3.17,760.0,yes,RAIN,RAIN,NONE,JUNE,HIGH SEASON,Wed,No,NONE,NOT GOOD WEATHER
820.0,2006-06-29,5660.0,8.641179171197228,51732.4,9.14,83.0,3.18,782.0,yes,RAIN,RAIN,NONE,JUNE,HIGH SEASON,Thu,No,NONE,NOT GOOD WEATHER
821.0,2006-06-30,6220.0,8.735525185733225,57037.4,9.17,80.0,3.18,801.0,yes,SUNNY/CLOUDY,PARTLY CLOUDY,NONE,JUNE,HIGH SEASON,Fri,No,NONE,GOOD WEATHER
822.0,2006-07-01,10299.0,9.239802082125802,93823.89,9.11,86.0,3.19,819.0,yes,SUNNY/CLOUDY,PARTLY CLOUDY,CatsNDogs,JUL,HIGH SEASON,Sat,Yes,Have Events,GOOD WEATHER
823.0,2006-07-02,10390.0,9.248599084093273,94549.0,9.1,91.0,3.19,835.0,yes,SUNNY/CLOUDY,MOSTLY CLOUDY,CatsNDogs,JUL,HIGH SEASON,Sun,Yes,Have Events,GOOD WEATHER
824.0,2006-07-03,11715.0,9.368625350941896,106840.79999999999,9.12,88.0,3.2,798.0,yes,SUNNY/CLOUDY,MOSTLY CLOUDY,INDEPDAY,JUL,HIGH SEASON,Mon,No,Have Events,GOOD WEATHER
825.0,2006-07-04,7910.0,8.9758830607617,71743.7,9.07,90.0,3.2,771.0,yes,RAIN,RAIN,INDEPDAY,JUL,HIGH SEASON,Tue,No,Have Events,NOT GOOD WEATHER
826.0,2006-07-05,5130.0,8.542860938164814,513.0,0.1,77.0,3.21,736.0,yes,RAIN,RAIN,NONE,JUL,HIGH SEASON,Wed,No,NONE,NOT GOOD WEATHER
827.0,2006-07-06,6962.0,8.848222068371385,63911.159999999996,9.18,80.0,3.21,704.0,yes,RAIN,RAIN,NONE,JUL,HIGH SEASON,Thu,No,NONE,NOT GOOD WEATHER
828.0,2006-07-07,10879.0,9.294589604421082,99760.43,9.17,80.0,3.22,675.0,yes,SUNNY/CLOUDY,PARTLY CLOUDY,NONE,JUL,HIGH SEASON,Fri,No,NONE,GOOD WEATHER
829.0,2006-07-08,13837.0,9.535101442669385,126193.43999999999,9.12,82.0,3.22,650.0,yes,SUNNY/CLOUDY,MOSTLY CLOUDY,JungleJuly,JUL,HIGH SEASON,Sat,Yes,Have Events,GOOD WEATHER
830.0,2006-07-09,9240.0,9.131297164635729,84176.4,9.11,85.0,3.22,626.0,yes,SUNNY/CLOUDY,MOSTLY CLOUDY,JungleJuly,JUL,HIGH SEASON,Sun,Yes,Have Events,GOOD WEATHER
831.0,2006-07-10,5251.0,8.566173813637858,47994.14,9.14,83.0,3.23,605.0,yes,SUNNY/CLOUDY,PARTLY CLOUDY,NONE,JUL,HIGH SEASON,Mon,No,NONE,GOOD WEATHER
832.0,2006-07-11,5816.0,8.668368019213355,52983.759999999995,9.11,88.0,3.23,586.0,yes,SUNNY/CLOUDY,PARTLY CLOUDY,NONE,JUL,HIGH SEASON,Tue,No,NONE,GOOD WEATHER
833.0,2006-07-12,23877.0,10.080670931473959,2387.7000000000003,0.1,84.0,3.24,568.0,yes,RAIN,RAIN,NONE,JUL,HIGH SEASON,Wed,No,NONE,NOT GOOD WEATHER
834.0,2006-07-13,8797.0,9.082166033252674,80140.67,9.11,86.0,3.24,551.0,yes,SUNNY/CLOUDY,MOSTLY CLOUDY,NONE,JUL,HIGH SEASON,Thu,No,NONE,GOOD WEATHER
835.0,2006-07-14,7616.0,8.938006576471201,69762.56,9.16,81.0,3.24,536.0,yes,SUNNY/CLOUDY,PARTLY CLOUDY,NONE,JUL,HIGH SEASON,Fri,No,NONE,GOOD WEATHER
836.0,2006-07-15,8563.0,9.055205875026193,77837.67,9.09,83.0,3.24,522.0,yes,SUNNY/CLOUDY,MOSTLY CLOUDY,NONE,JUL,HIGH SEASON,Sat,Yes,NONE,GOOD WEATHER
837.0,2006-07-16,8385.0,9.034199674257309,76051.95,9.07,93.0,3.24,508.0,yes,SUNNY/CLOUDY,Sunny,NONE,JUL,HIGH SEASON,Sun,Yes,NONE,GOOD WEATHER
838.0,2006-07-17,3702.0,8.216628493133443,33836.28,9.14,97.0,3.24,496.0,yes,SUNNY/CLOUDY,PARTLY CLOUDY,NONE,JUL,HIGH SEASON,Mon,No,NONE,GOOD WEATHER
839.0,2006-07-18,4830.0,8.482601746646619,44194.5,9.15,97.0,3.24,484.0,yes,RAIN,RAIN,NONE,JUL,HIGH SEASON,Tue,No,NONE,NOT GOOD WEATHER
840.0,2006-07-19,27624.0,10.226440239069829,2762.4,0.1,87.0,3.24,474.0,yes,SUNNY/CLOUDY,MOSTLY CLOUDY,NONE,JUL,HIGH SEASON,Wed,No,NONE,GOOD WEATHER
841.0,2006-07-20,8417.0,9.038008749211576,76931.38,9.14,84.0,3.24,463.0,yes,SUNNY/CLOUDY,MOSTLY CLOUDY,NONE,JUL,HIGH SEASON,Thu,No,NONE,GOOD WEATHER
842.0,2006-07-21,4552.0,8.423321975806166,41468.719999999994,9.11,87.0,3.24,454.0,yes,SNOW,SNOW,NONE,JUL,HIGH SEASON,Fri,No,NONE,NOT GOOD WEATHER
843.0,2006-07-22,3213.0,8.074960359115858,29206.17,9.09,82.0,3.24,445.0,yes,RAIN,RAIN,Bugmania,JUL,HIGH SEASON,Sat,Yes,Have Events,NOT GOOD WEATHER
844.0,2006-07-23,8833.0,9.086249986745132,80380.3,9.1,80.0,3.24,436.0,yes,RAIN,RAIN,Bugmania,JUL,HIGH SEASON,Sun,Yes,Have Events,NOT GOOD WEATHER
845.0,2006-07-24,6534.0,8.784774592161016,59786.100000000006,9.15,84.0,3.24,429.0,yes,SUNNY/CLOUDY,PARTLY CLOUDY,NONE,JUL,HIGH SEASON,Mon,No,NONE,GOOD WEATHER
846.0,2006-07-25,8181.0,9.009569671513699,74610.71999999999,9.12,84.0,3.24,422.0,yes,SUNNY/CLOUDY,MOSTLY CLOUDY,NONE,JUL,HIGH SEASON,Tue,No,NONE,GOOD WEATHER
847.0,2006-07-26,38067.0,10.547103044065024,3806.7000000000003,0.1,85.0,3.24,415.0,yes,SUNNY/CLOUDY,MOSTLY CLOUDY,NONE,JUL,HIGH SEASON,Wed,No,NONE,GOOD WEATHER
848.0,2006-07-27,12237.0,9.412219427985669,112090.92,9.16,86.0,3.24,408.0,yes,SUNNY/CLOUDY,MOSTLY CLOUDY,NONE,JUL,HIGH SEASON,Thu,No,NONE,GOOD WEATHER
849.0,2006-07-28,5713.0,8.650499558724462,52045.43,9.11,93.0,3.24,401.0,yes,SUNNY/CLOUDY,MOSTLY CLOUDY,NONE,JUL,HIGH SEASON,Fri,No,NONE,GOOD WEATHER
850.0,2006-07-29,7676.0,8.94585385712759,69774.84,9.09,92.0,3.24,395.0,yes,SUNNY/CLOUDY,PARTLY CLOUDY,NONE,JUL,HIGH SEASON,Sat,Yes,NONE,GOOD WEATHER
851.0,2006-07-30,6846.0,8.831419819090131,62093.22,9.07,91.0,3.24,389.0,yes,SUNNY/CLOUDY,MOSTLY CLOUDY,NONE,JUL,HIGH SEASON,Sun,Yes,NONE,GOOD WEATHER
852.0,2006-07-31,4097.0,8.318010277546872,37323.67,9.11,90.0,3.24,384.0,yes,SUNNY/CLOUDY,PARTLY CLOUDY,NONE,JUL,HIGH SEASON,Mon,No,NONE,GOOD WEATHER
853.0,2006-08-01,2337.0,7.756623334538858,21173.22,9.06,97.0,3.24,379.0,yes,SUNNY/CLOUDY,PARTLY CLOUDY,NONE,AUG,HIGH SEASON,Tue,No,NONE,GOOD WEATHER
854.0,2006-08-02,6470.0,8.774931387494947,647.0,0.1,97.0,3.24,374.0,yes,SUNNY/CLOUDY,Sunny,NONE,AUG,HIGH SEASON,Wed,No,NONE,GOOD WEATHER
855.0,2006-08-03,1139.0,7.037905963447182,10524.36,9.24,99.0,3.24,369.0,yes,RAIN,RAIN,NONE,AUG,HIGH SEASON,Thu,No,NONE,NOT GOOD WEATHER
856.0,2006-08-04,4690.0,8.453187861440325,42679.0,9.1,93.0,3.24,364.0,yes,SUNNY/CLOUDY,MOSTLY CLOUDY,NONE,AUG,HIGH SEASON,Fri,No,NONE,GOOD WEATHER
857.0,2006-08-05,8268.0,9.020147920801659,75156.12,9.09,91.0,3.24,360.0,yes,SUNNY/CLOUDY,PARTLY CLOUDY,Kidsday,AUG,HIGH SEASON,Sat,Yes,Have Events,GOOD WEATHER
858.0,2006-08-06,10081.0,9.218407743053941,91636.29,9.09,83.0,3.24,356.0,yes,SUNNY/CLOUDY,MOSTLY CLOUDY,Kidsday,AUG,HIGH SEASON,Sun,Yes,Have Events,GOOD WEATHER
859.0,2006-08-07,4720.0,8.459564078579602,43282.4,9.17,87.0,3.24,536.0,yes,RAIN,RAIN,NONE,AUG,HIGH SEASON,Mon,No,NONE,NOT GOOD WEATHER
860.0,2006-08-08,9022.0,9.107421317968342,82641.52,9.16,89.0,3.24,590.0,yes,SUNNY/CLOUDY,PARTLY CLOUDY,NONE,AUG,HIGH SEASON,Tue,No,NONE,GOOD WEATHER
861.0,2006-08-09,32285.0,10.382358005060567,3228.5,0.1,81.0,3.24,605.0,yes,SUNNY/CLOUDY,PARTLY CLOUDY,NONE,AUG,HIGH SEASON,Wed,No,NONE,GOOD WEATHER
862.0,2006-08-10,8219.0,9.0142038261485,75039.47,9.13,84.0,3.24,609.0,yes,RAIN,RAIN,NONE,AUG,HIGH SEASON,Thu,No,NONE,NOT GOOD WEATHER
863.0,2006-08-11,7637.0,8.940760134888384,69954.92,9.16,80.0,3.22,609.0,yes,SUNNY/CLOUDY,MOSTLY CLOUDY,NONE,AUG,HIGH SEASON,Fri,No,NONE,GOOD WEATHER
864.0,2006-08-12,13092.0,9.47975663562107,119268.12,9.11,79.0,3.21,608.0,yes,SUNNY/CLOUDY,PARTLY CLOUDY,AfricanAdventure,AUG,HIGH SEASON,Sat,Yes,Have Events,GOOD WEATHER
865.0,2006-08-13,15426.0,9.643809676493944,140376.6,9.1,83.0,3.2,607.0,yes,SUNNY/CLOUDY,PARTLY CLOUDY,AfricanAdventure,AUG,HIGH SEASON,Sun,Yes,Have Events,GOOD WEATHER
866.0,2006-08-14,8126.0,9.002824076547672,74271.64,9.14,82.0,3.18,648.0,yes,SUNNY/CLOUDY,PARTLY CLOUDY,NONE,AUG,HIGH SEASON,Mon,No,NONE,GOOD WEATHER
867.0,2006-08-15,4284.0,8.36264243156764,39027.24,9.11,81.0,3.17,686.0,yes,RAIN,RAIN,NONE,AUG,HIGH SEASON,Tue,No,NONE,NOT GOOD WEATHER
868.0,2006-08-16,32114.0,10.37704735110963,3211.4,0.1,83.0,3.15,719.0,yes,SUNNY/CLOUDY,PARTLY CLOUDY,NONE,AUG,HIGH SEASON,Wed,No,NONE,GOOD WEATHER
869.0,2006-08-17,9023.0,9.107532151994501,82470.22,9.14,84.0,3.13,750.0,yes,SUNNY/CLOUDY,PARTLY CLOUDY,NONE,AUG,HIGH SEASON,Thu,No,NONE,GOOD WEATHER
870.0,2006-08-18,7278.0,8.892611378172106,66448.14,9.13,81.0,3.12,778.0,yes,SUNNY/CLOUDY,MOSTLY CLOUDY,NONE,AUG,HIGH SEASON,Fri,No,NONE,GOOD WEATHER
871.0,2006-08-19,10150.0,9.225228984469933,92263.5,9.09,81.0,3.1,804.0,yes,SUNNY/CLOUDY,MOSTLY CLOUDY,NONE,AUG,HIGH SEASON,Sat,Yes,NONE,GOOD WEATHER
872.0,2006-08-20,8434.0,9.040026434306505,76833.73999999999,9.11,91.0,3.09,828.0,yes,SUNNY/CLOUDY,MOSTLY CLOUDY,NONE,AUG,HIGH SEASON,Sun,Yes,NONE,GOOD WEATHER
873.0,2006-08-21,9006.0,9.105646300861517,82224.78000000001,9.13,88.0,3.07,860.0,yes,SUNNY/CLOUDY,PARTLY CLOUDY,PlayWeek,AUG,HIGH SEASON,Mon,No,Have Events,GOOD WEATHER
874.0,2006-08-22,8805.0,9.083075020930307,80477.70000000001,9.14,83.0,3.05,890.0,yes,SUNNY/CLOUDY,MOSTLY CLOUDY,PlayWeek,AUG,HIGH SEASON,Tue,No,Have Events,GOOD WEATHER
875.0,2006-08-23,36880.0,10.51542467767053,3688.0,0.1,89.0,3.04,916.0,yes,SUNNY/CLOUDY,PARTLY CLOUDY,PlayWeek,AUG,HIGH SEASON,Wed,No,Have Events,GOOD WEATHER
876.0,2006-08-24,9135.0,9.119868468812108,83402.55,9.13,80.0,3.02,941.0,yes,RAIN,RAIN,PlayWeek,AUG,HIGH SEASON,Thu,No,Have Events,NOT GOOD WEATHER
877.0,2006-08-25,2726.0,7.9105906122564775,24752.08,9.08,78.0,3.01,963.0,yes,RAIN,RAIN,PlayWeek,AUG,HIGH SEASON,Fri,No,Have Events,NOT GOOD WEATHER
878.0,2006-08-26,4617.0,8.43750042250699,41968.53,9.09,71.0,2.99,984.0,yes,RAIN,RAIN,PlayWeek,AUG,HIGH SEASON,Sat,Yes,Have Events,NOT GOOD WEATHER
879.0,2006-08-27,1603.0,7.3796321526095525,14603.33,9.11,74.0,2.98,1000.0,yes,RAIN,RAIN,PlayWeek,AUG,HIGH SEASON,Sun,Yes,Have Events,NOT GOOD WEATHER
880.0,2006-08-28,2427.0,7.794411205726601,22109.969999999998,9.11,79.0,2.96,1017.0,yes,RAIN,RAIN,NONE,AUG,HIGH SEASON,Mon,No,NONE,NOT GOOD WEATHER
881.0,2006-08-29,925.0,6.829793737512425,8417.5,9.1,72.0,2.95,1032.0,yes,RAIN,RAIN,NONE,AUG,HIGH SEASON,Tue,No,NONE,NOT GOOD WEATHER
882.0,2006-08-30,15649.0,9.658162296163171,1564.9,0.1,76.0,2.93,1046.0,yes,SUNNY/CLOUDY,MOSTLY CLOUDY,NONE,AUG,HIGH SEASON,Wed,No,NONE,GOOD WEATHER
883.0,2006-08-31,10785.0,9.285911558823257,98682.75,9.15,73.0,2.92,1060.0,yes,SUNNY/CLOUDY,MOSTLY CLOUDY,NONE,AUG,HIGH SEASON,Thu,No,NONE,GOOD WEATHER
884.0,2006-09-01,7032.0,8.858226439365012,64202.16,9.13,70.0,2.9,1072.0,yes,SUNNY/CLOUDY,MOSTLY CLOUDY,NONE,SEP,HIGH SEASON,Fri,No,NONE,GOOD WEATHER
885.0,2006-09-02,310.0,5.736572297479192,2821.0,9.1,69.0,2.89,1084.0,yes,RAIN,RAIN,RetroWeeknd,SEP,HIGH SEASON,Sat,Yes,Have Events,NOT GOOD WEATHER
886.0,2006-09-03,11039.0,9.309189736018352,100565.29,9.11,78.0,2.87,1096.0,yes,RAIN,RAIN,RetroWeeknd,SEP,HIGH SEASON,Sun,Yes,Have Events,NOT GOOD WEATHER
887.0,2006-09-04,13916.0,9.540794536271832,126774.76,9.11,79.0,2.86,909.0,yes,SUNNY/CLOUDY,MOSTLY CLOUDY,RetroWeeknd,SEP,HIGH SEASON,Mon,No,Have Events,GOOD WEATHER
888.0,2006-09-05,1745.0,7.4645098346365275,20242.0,11.6,71.0,2.84,838.0,yes,RAIN,RAIN,NONE,SEP,HIGH SEASON,Tue,No,NONE,NOT GOOD WEATHER
889.0,2006-09-06,4451.0,8.400884069015854,445.1,0.1,76.0,2.83,806.0,yes,SUNNY/CLOUDY,MOSTLY CLOUDY,NONE,SEP,HIGH SEASON,Wed,No,NONE,GOOD WEATHER
890.0,2006-09-07,2982.0,8.000349495324684,35157.78,11.79,80.0,2.81,787.0,yes,SUNNY/CLOUDY,PARTLY CLOUDY,NONE,SEP,HIGH SEASON,Thu,No,NONE,GOOD WEATHER
891.0,2006-09-08,2496.0,7.822444729489319,29427.839999999997,11.79,80.0,2.8,775.0,yes,SUNNY/CLOUDY,PARTLY CLOUDY,NONE,SEP,HIGH SEASON,Fri,No,NONE,GOOD WEATHER
892.0,2006-09-09,9118.0,9.118005760773388,105859.98,11.61,81.0,2.78,767.0,yes,SUNNY/CLOUDY,PARTLY CLOUDY,Grandparents,SEP,HIGH SEASON,Sat,Yes,Have Events,GOOD WEATHER
893.0,2006-09-10,10270.0,9.236982302922604,119440.1,11.63,74.0,2.77,761.0,yes,SUNNY/CLOUDY,PARTLY CLOUDY,Grandparents,SEP,HIGH SEASON,Sun,Yes,Have Events,GOOD WEATHER
894.0,2006-09-11,1465.0,7.289610521451167,17462.8,11.92,71.0,2.75,922.0,yes,SUNNY/CLOUDY,PARTLY CLOUDY,NONE,SEP,HIGH SEASON,Mon,No,NONE,GOOD WEATHER
895.0,2006-09-12,1729.0,7.455298485683291,20557.81,11.89,70.0,2.74,894.0,yes,SUNNY/CLOUDY,PARTLY CLOUDY,NONE,SEP,HIGH SEASON,Tue,No,NONE,GOOD WEATHER
896.0,2006-09-13,4439.0,8.398184404834035,443.90000000000003,0.1,71.0,2.73,853.0,yes,SUNNY/CLOUDY,MOSTLY CLOUDY,NONE,SEP,HIGH SEASON,Wed,No,NONE,GOOD WEATHER
897.0,2006-09-14,117.0,4.762173934797756,1393.47,11.91,69.0,2.71,815.0,yes,RAIN,RAIN,NONE,SEP,HIGH SEASON,Thu,No,NONE,NOT GOOD WEATHER
898.0,2006-09-15,238.0,5.472270673671475,2836.96,11.92,68.0,2.7,781.0,yes,RAIN,RAIN,NONE,SEP,HIGH SEASON,Fri,No,NONE,NOT GOOD WEATHER
899.0,2006-09-16,6822.0,8.82790796297859,79203.42,11.61,79.0,2.68,750.0,yes,SUNNY/CLOUDY,MOSTLY CLOUDY,HispanicWeekend,SEP,HIGH SEASON,Sat,Yes,Have Events,GOOD WEATHER
900.0,2006-09-17,10154.0,9.22562299550734,117786.4,11.6,81.0,2.67,722.0,yes,SUNNY/CLOUDY,PARTLY CLOUDY,HispanicWeekend,SEP,HIGH SEASON,Sun,Yes,Have Events,GOOD WEATHER
901.0,2006-09-18,1556.0,7.349873704738337,18578.64,11.94,78.0,2.67,496.0,yes,SUNNY/CLOUDY,MOSTLY CLOUDY,NONE,SEP,HIGH SEASON,Mon,No,NONE,GOOD WEATHER
902.0,2006-09-19,896.0,6.79794041297493,10734.08,11.98,77.0,2.66,452.0,yes,RAIN,RAIN,NONE,SEP,HIGH SEASON,Tue,No,NONE,NOT GOOD WEATHER
903.0,2006-09-20,5306.0,8.576593534697684,530.6,0.1,72.0,2.65,426.0,yes,SUNNY/CLOUDY,PARTLY CLOUDY,NONE,SEP,HIGH SEASON,Wed,No,NONE,GOOD WEATHER
904.0,2006-09-21,1770.0,7.478734825567875,21381.6,12.08,70.0,2.64,404.0,yes,SUNNY/CLOUDY,PARTLY CLOUDY,NONE,SEP,HIGH SEASON,Thu,No,NONE,GOOD WEATHER
905.0,2006-09-22,2176.0,7.685243607975833,25807.36,11.86,70.0,2.62,384.0,yes,SUNNY/CLOUDY,PARTLY CLOUDY,NONE,SEP,HIGH SEASON,Fri,No,NONE,GOOD WEATHER
906.0,2006-09-23,3169.0,8.06117135969092,36982.23,11.67,76.0,2.61,365.0,yes,SUNNY/CLOUDY,MOSTLY CLOUDY,NONE,SEP,HIGH SEASON,Sat,Yes,NONE,GOOD WEATHER
907.0,2006-09-24,6621.0,8.798001694924846,77200.86,11.66,82.0,2.6,348.0,yes,RAIN,RAIN,NONE,SEP,HIGH SEASON,Sun,Yes,NONE,NOT GOOD WEATHER
908.0,2006-09-25,1440.0,7.272398392570047,17251.2,11.98,73.0,2.59,331.0,yes,SUNNY/CLOUDY,PARTLY CLOUDY,NONE,SEP,HIGH SEASON,Mon,No,NONE,GOOD WEATHER
909.0,2006-09-26,1776.0,7.4821189235521155,21436.32,12.07,73.0,2.58,316.0,yes,SUNNY/CLOUDY,PARTLY CLOUDY,NONE,SEP,HIGH SEASON,Tue,No,NONE,GOOD WEATHER
910.0,2006-09-27,5522.0,8.6164953924901,552.2,0.1,73.0,2.57,302.0,yes,SUNNY/CLOUDY,PARTLY CLOUDY,NONE,SEP,HIGH SEASON,Wed,No,NONE,GOOD WEATHER
911.0,2006-09-28,2087.0,7.643482907077201,24918.78,11.94,73.0,2.56,288.0,yes,SUNNY/CLOUDY,PARTLY CLOUDY,NONE,SEP,HIGH SEASON,Thu,No,NONE,GOOD WEATHER
912.0,2006-09-29,1115.0,7.016609683894219,13268.5,11.9,68.0,2.54,276.0,yes,RAIN,RAIN,NONE,SEP,HIGH SEASON,Fri,No,NONE,NOT GOOD WEATHER
913.0,2006-09-30,7164.0,8.876823763180603,83317.32,11.63,67.0,2.53,264.0,yes,RAIN,RAIN,NONE,SEP,HIGH SEASON,Sat,Yes,NONE,NOT GOOD WEATHER
914.0,2006-10-01,1542.0,7.340835554123275,17995.14,11.67,69.0,2.52,253.0,yes,RAIN,RAIN,NONE,OCT,LOW SEASON,Sun,Yes,NONE,NOT GOOD WEATHER
915.0,2006-10-02,12320.0,9.41897923708751,140571.2,11.41,71.0,2.51,200.0,yes,SUNNY/CLOUDY,Sunny,NONE,OCT,LOW SEASON,Mon,No,NONE,GOOD WEATHER
916.0,2006-10-03,1686.0,7.430114138561801,20181.420000000002,11.97,75.0,2.5,183.0,yes,SUNNY/CLOUDY,MOSTLY CLOUDY,NONE,OCT,LOW SEASON,Tue,No,NONE,GOOD WEATHER
917.0,2006-10-04,6121.0,8.71948076085107,612.1,0.1,74.0,2.49,172.0,yes,RAIN,RAIN,NONE,OCT,LOW SEASON,Wed,No,NONE,NOT GOOD WEATHER
918.0,2006-10-05,1560.0,7.352441100243583,18361.2,11.77,67.0,2.48,163.0,yes,SUNNY/CLOUDY,MOSTLY CLOUDY,NONE,OCT,LOW SEASON,Thu,No,NONE,GOOD WEATHER
919.0,2006-10-06,2308.0,7.744136627627991,27349.8,11.85,58.0,2.47,154.0,yes,RAIN,RAIN,NONE,OCT,LOW SEASON,Fri,No,NONE,NOT GOOD WEATHER
920.0,2006-10-07,4701.0,8.45553053102413,54766.65,11.65,64.0,2.46,146.0,yes,RAIN,RAIN,ExplorersWeekend,OCT,LOW SEASON,Sat,Yes,Have Events,NOT GOOD WEATHER
921.0,2006-10-08,10991.0,9.3048320350689,127935.24,11.64,66.0,2.45,139.0,yes,SUNNY/CLOUDY,PARTLY CLOUDY,ExplorersWeekend,OCT,LOW SEASON,Sun,Yes,Have Events,GOOD WEATHER
922.0,2006-10-09,13120.0,9.48189306249808,149305.6,11.38,74.0,2.43,138.0,yes,SUNNY/CLOUDY,Sunny,ExplorersWeekend,OCT,LOW SEASON,Mon,No,Have Events,GOOD WEATHER
923.0,2006-10-10,3750.0,8.229511118964457,43575.0,11.62,76.0,2.42,136.0,yes,SUNNY/CLOUDY,PARTLY CLOUDY,NONE,OCT,LOW SEASON,Tue,No,NONE,GOOD WEATHER
924.0,2006-10-11,11283.0,9.331052447138447,1128.3,0.1,64.0,2.41,135.0,yes,RAIN,RAIN,NONE,OCT,LOW SEASON,Wed,No,NONE,NOT GOOD WEATHER
925.0,2006-10-12,2728.0,7.911324018963353,31917.6,11.7,70.0,2.4,133.0,yes,RAIN,RAIN,NONE,OCT,LOW SEASON,Thu,No,NONE,NOT GOOD WEATHER
926.0,2006-10-13,5068.0,8.53070154144103,60663.96000000001,11.97,55.0,2.39,132.0,yes,SUNNY/CLOUDY,PARTLY CLOUDY,NONE,OCT,LOW SEASON,Fri,No,NONE,GOOD WEATHER
927.0,2006-10-14,7153.0,8.875287128108384,83618.56999999999,11.69,60.0,2.38,130.0,yes,SUNNY/CLOUDY,Sunny,NONE,OCT,LOW SEASON,Sat,Yes,NONE,GOOD WEATHER
928.0,2006-10-15,4989.0,8.514990767861038,58171.74,11.66,59.0,2.37,128.0,yes,SUNNY/CLOUDY,PARTLY CLOUDY,NONE,OCT,LOW SEASON,Sun,Yes,NONE,GOOD WEATHER
929.0,2006-10-16,2476.0,7.814399633804487,29538.68,11.93,60.0,2.36,124.0,yes,SUNNY/CLOUDY,PARTLY CLOUDY,NONE,OCT,LOW SEASON,Mon,No,NONE,GOOD WEATHER
930.0,2006-10-17,1314.0,7.1808311990445555,15715.44,11.96,63.0,2.35,120.0,yes,RAIN,RAIN,NONE,OCT,LOW SEASON,Tue,No,NONE,NOT GOOD WEATHER
931.0,2006-10-18,8275.0,9.020994200245264,827.5,0.1,75.0,2.34,128.0,yes,RAIN,RAIN,NONE,OCT,LOW SEASON,Wed,No,NONE,NOT GOOD WEATHER
932.0,2006-10-19,3136.0,8.0507033814703,37475.2,11.95,67.0,2.33,133.0,yes,SUNNY/CLOUDY,MOSTLY CLOUDY,NONE,OCT,LOW SEASON,Thu,No,NONE,GOOD WEATHER
933.0,2006-10-20,942.0,6.848005274576363,11115.6,11.8,66.0,2.32,137.0,yes,RAIN,RAIN,NONE,OCT,LOW SEASON,Fri,No,NONE,NOT GOOD WEATHER
934.0,2006-10-21,8425.0,9.038958755220563,98235.5,11.66,59.0,2.31,139.0,yes,SUNNY/CLOUDY,Sunny,BooZoo,OCT,LOW SEASON,Sat,Yes,Have Events,GOOD WEATHER
935.0,2006-10-22,6904.0,8.839856232763264,79810.24,11.56,61.0,2.31,140.0,yes,RAIN,RAIN,BooZoo,OCT,LOW SEASON,Sun,Yes,Have Events,NOT GOOD WEATHER
936.0,2006-10-23,2007.0,7.604396348796338,23702.670000000002,11.81,57.0,2.32,137.0,yes,SUNNY/CLOUDY,MOSTLY CLOUDY,NONE,OCT,LOW SEASON,Mon,No,NONE,GOOD WEATHER
937.0,2006-10-24,3182.0,8.065265208897733,37356.68,11.74,53.0,2.33,134.0,yes,SUNNY/CLOUDY,MOSTLY CLOUDY,NONE,OCT,LOW SEASON,Tue,No,NONE,GOOD WEATHER
938.0,2006-10-25,4124.0,8.32457884513685,412.40000000000003,0.1,56.0,2.33,118.0,yes,SUNNY/CLOUDY,PARTLY CLOUDY,NONE,OCT,LOW SEASON,Wed,No,NONE,GOOD WEATHER
939.0,2006-10-26,2621.0,7.8713112033234065,31294.739999999998,11.94,52.0,2.34,106.0,yes,SUNNY/CLOUDY,PARTLY CLOUDY,NONE,OCT,LOW SEASON,Thu,No,NONE,GOOD WEATHER
940.0,2006-10-27,2410.0,7.787382026484701,28727.2,11.92,51.0,2.34,96.0,yes,RAIN,RAIN,NONE,OCT,LOW SEASON,Fri,No,NONE,NOT GOOD WEATHER
941.0,2006-10-28,361.0,5.8888779583328805,4263.41,11.81,65.0,2.34,87.0,yes,RAIN,RAIN,BooZoo,OCT,LOW SEASON,Sat,Yes,Have Events,NOT GOOD WEATHER
942.0,2006-10-29,4151.0,8.33110454805304,47861.03,11.53,55.0,2.34,80.0,yes,SUNNY/CLOUDY,PARTLY CLOUDY,BooZoo,OCT,LOW SEASON,Sun,Yes,Have Events,GOOD WEATHER
943.0,2006-10-30,1217.0,7.104144092987527,14445.789999999999,11.87,61.0,2.34,73.0,yes,SUNNY/CLOUDY,Sunny,NONE,OCT,LOW SEASON,Mon,No,NONE,GOOD WEATHER
944.0,2006-10-31,988.0,6.895682697747868,11609.0,11.75,63.0,2.34,67.0,yes,SUNNY/CLOUDY,MOSTLY CLOUDY,NONE,OCT,LOW SEASON,Tue,No,NONE,GOOD WEATHER
