Make/Model,MPG_City,MPG_Hwy,Weight(lb),Seating,Horsepower,HP/Pound,Displacement,Cylinders,Origin,Transmission,EPA_Class,Length,Fuel,HEV,Turbocharger,Make,Model,GP1000M_City,GP1000M_Hwy,h GP1000M_City,Residual GP1000M_City,Residual GP1000M_City 2,Residual GP1000M_City 3
Acura_RL,16.0,24.0,4014.0,5.0,290.0,0.07224713502740408,3.5,6.0,3.0,A-S,midsize,193.6,gas,no,no,Acura,RL,62.5,41.666666666666664,0.009014286569825176,-0.5324811457713281,-0.4883782016091587,-0.27868137248417924
Acura_TL,17.0,26.0,3674.0,5.0,286.0,0.07784431137724551,3.5,6.0,3.0,A-S,midsize,189.3,gas,no,no,Acura,TL,58.8235294117647,38.46153846153846,0.009579469351925822,-1.4407699987026987,-1.2919936757253794,-1.0238922866802227
Acura_TL,18.0,27.0,3559.0,5.0,286.0,0.08035965158752459,3.5,6.0,3.0,M,midsize,189.3,gas,no,no,Acura,TL,55.55555555555556,37.03703703703704,0.011179849421888283,-5.017500504792395,-4.510458065230004,-3.8353925836449676
Acura_TSX,20.0,28.0,3345.0,5.0,205.0,0.061285500747384154,2.4,4.0,3.0,A-S,compact,186.2,gas,no,no,Acura,TSX,50.0,35.714285714285715,0.010817531871521763,-1.1940185038114777,-1.3641823306360337,-1.4679021906285854
Acura_TSX,19.0,28.0,3257.0,5.0,205.0,0.06294135707706479,2.4,4.0,3.0,M,compact,186.2,gas,no,no,Acura,TSX,52.63157894736842,35.714285714285715,0.01066433741237028,0.8891787225368049,1.0683290203098181,1.3664526963625718
Acura_MDX,15.0,20.0,4588.0,7.0,300.0,0.06538796861377506,3.7,6.0,3.0,A-S,suv4,190.7,gas,no,no,Acura,MDX,66.66666666666667,50.0,0.009362704306065226,-2.6571665569982486,-2.740178776710465,-2.573570253340023
Acura_RDX,17.0,22.0,3935.0,5.0,240.0,0.060991105463786534,2.3,4.0,3.0,A-S,suv4,180.7,gas,no,yes,Acura,RDX,58.8235294117647,45.45454545454545,0.00897797026562259,-1.1764568844439722,-1.3357153339573102,-1.338360995372085
Aston_Martin_V8_Vantage,12.0,19.0,3770.0,2.0,420.0,0.11140583554376658,4.3,8.0,2.0,M,2-seater,172.5,gas,no,no,Aston_Martin,V8_Vantage,83.33333333333333,52.63157894736842,0.022272581366775734,7.788481441540341,9.002824511640853,10.437461678461716
Aston_Martin_DB9_Coupe,11.0,18.0,3880.0,4.0,470.0,0.1211340206185567,5.9,12.0,2.0,A-S,minicompact,185.5,gas,no,no,Aston_Martin,DB9_Vantage,90.9090909090909,55.55555555555556,0.02387953471347263,13.39933729144326,14.486310829591176,15.741886467894531
Aston_Martin_DB9_Coupe,10.0,16.0,3880.0,4.0,470.0,0.1211340206185567,5.9,12.0,2.0,M,minicompact,185.5,gas,no,no,Aston_Martin,DB9_Vantage,100.0,62.5,0.025005867740921447,21.160864429469896,22.567975229441302,
Audi_R8,13.0,20.0,3616.0,2.0,420.0,0.1161504424778761,4.2,8.0,2.0,M,2-seater,174.4,gas,no,no,Audi,R8,76.92307692307692,50.0,0.02153076374843683,2.9983642346249013,4.257773249723073,5.714576165854737
Audi_TT_Roadster,22.0,29.0,2965.0,2.0,200.0,0.06745362563237774,2.0,4.0,2.0,A-S,2-seater,164.5,gas,no,yes,Audi,TT_Roadster,45.45454545454545,34.48275862068966,0.01530110247885088,-4.855764220030693,-4.858508969829465,-4.83726563825558
Audi_TT_Roadster_Quattro,18.0,24.0,3218.0,2.0,250.0,0.07768800497203232,3.2,6.0,2.0,A-S,2-seater,164.5,gas,no,no,Audi,TT_Roadster_Quattro,55.55555555555556,41.666666666666664,0.01606655450261622,-1.051876000094282,-0.8682568203770487,-0.619869612881466
Audi_A4_Cabriolet,21.0,30.0,3428.0,4.0,200.0,0.058343057176196034,2.0,4.0,2.0,AV,subcompact,180.0,gas,no,yes,Audi,A4_Cabriolet,47.61904761904762,33.333333333333336,0.05429875953690958,-1.536402409182486,-1.4328312902498297,-1.3040369443163442
Audi_A5_Quattro,18.0,27.0,3913.0,5.0,265.0,0.06772297469971889,3.2,6.0,2.0,A-S,subcompact,182.1,gas,no,no,Audi,A5_Quattro,55.55555555555556,37.03703703703704,0.008271719941304108,-6.088346254861946,-6.109603094633279,-5.975701411485566
Audi_A5_Quattro,16.0,27.0,3737.0,5.0,265.0,0.0709124966550709,3.2,6.0,2.0,M,subcompact,182.1,gas,no,no,Audi,A5_Quattro,62.5,37.03703703703704,0.009008646349667424,1.0887167004246834,1.4459508480249994,1.9983852883855846
Audi_S5_Quattro,14.0,21.0,4067.0,5.0,354.0,0.08704204573395623,4.2,8.0,2.0,A-S,subcompact,182.5,gas,no,no,Audi,S5_Quattro,71.42857142857143,47.61904761904762,0.010725839888145764,1.2591559606563436,1.6666181976874554,2.259554745366515
Audi_S5_Quattro,14.0,21.0,3891.0,5.0,354.0,0.09097918272937548,4.2,8.0,2.0,M,subcompact,182.5,gas,no,no,Audi,S5_Quattro,71.42857142857143,47.61904761904762,0.012373649110574576,1.4917744714985304,2.277727695901305,3.289197000793223
Audi_A4_Quattro,19.0,27.0,3660.0,5.0,200.0,0.0546448087431694,2.0,4.0,2.0,A-S,compact,180.6,gas,no,yes,Audi,A4_Quattro,52.63157894736842,37.03703703703704,0.009419862567505282,-1.699720905199193,-1.9836841357547783,-2.153905743720898
Audi_A4_Quattro,20.0,28.0,3549.0,5.0,200.0,0.05635390250774866,2.0,4.0,2.0,M,compact,180.6,gas,no,yes,Audi,A4_Quattro,50.0,35.714285714285715,0.00927644037108309,-4.67555651298737,-4.602579847993056,-4.366595964381453
Audi_A6,18.0,27.0,3858.0,5.0,255.0,0.0660964230171073,3.1,6.0,2.0,AV,midsize,193.5,gas,no,no,Audi,A6,55.55555555555556,37.03703703703704,0.05712066977621548,-0.07267235347276824,0.14301629960532836,0.4428751599901304
Audi_A8,16.0,23.0,4321.0,5.0,350.0,0.08099976857208979,4.2,8.0,2.0,A-S,midsize,199.3,gas,no,no,Audi,A8,62.5,43.47826086956522,0.011034000409743894,-7.359036019272395,-7.110404342141862,-6.649900835926005
Audi_S6,14.0,19.0,4486.0,5.0,435.0,0.09696834596522515,5.2,10.0,2.0,A-S,midsize,193.5,gas,no,no,Audi,S6,71.42857142857143,52.63157894736842,0.014259549878706498,-7.556311235291005,-6.88466943352347,-5.966253349553341
Audi_A3,22.0,29.0,3307.0,5.0,200.0,0.06047777441790142,2.0,4.0,2.0,A-S,smallwagon,168.7,gas,no,yes,Audi,A3,45.45454545454545,34.48275862068966,0.012857752792089241,-7.330892515950978,-7.460278097099838,-7.519458110146722
Audi_A3,20.0,29.0,3263.0,5.0,200.0,0.06129328838492185,2.0,4.0,2.0,M,smallwagon,168.7,gas,no,yes,Audi,A3,50.0,34.48275862068966,0.010172215566956681,-3.7243198074477277,-3.518979695386058,-3.1846607829714415
Audi_Q7,14.0,20.0,5027.0,6.0,280.0,0.05569922418937736,3.6,6.0,2.0,A-S,suv4,200.2,gas,no,no,Audi,Q7,71.42857142857143,50.0,0.014063790665830293,1.0962545219269657,0.7296227553216568,0.6677227297212482
Bentley_Azure,9.0,15.0,5929.0,5.0,450.0,0.07589812784617979,6.7,8.0,2.0,A-S,compact,212.6,gas,no,yes,Bentley,Azure,111.11111111111111,66.66666666666667,0.022018678835131467,20.651300009215916,20.865330696186007,
Bentley_Continental_GT,10.0,17.0,5170.0,4.0,552.0,0.10676982591876209,6.0,12.0,2.0,A-S,compact,189.1,gas,no,yes,Bentley,Continental_GT,100.0,58.8235294117647,0.029696729712790006,4.876734281886641,5.967851060423172,7.4166438407265645
Bentley_Arnage_T,10.0,15.0,5687.0,4.0,500.0,0.08791981712678038,6.7,8.0,2.0,A-S,midsize,212.6,gas,no,yes,Bentley,Arnage_T,100.0,66.66666666666667,0.022553130059064667,7.63619332125667,8.200707790846977,9.178242514692755
Bentley_Continental_Flying_Spur,10.0,17.0,5368.0,5.0,552.0,0.10283159463487332,6.0,12.0,2.0,A-S,midsize,208.3,gas,no,yes,Bentley,Continental_Flying_Spur,100.0,58.8235294117647,0.026305997440951467,5.68004424102395,6.6449465281851445,7.985043590091621
BMW_Z4,19.0,28.0,3086.0,2.0,215.0,0.06966947504860661,3.0,6.0,2.0,A-S,2-seater,161.1,gas,no,no,BMW,Z4,52.63157894736842,35.714285714285715,0.017924469151853462,-0.4215624955058175,-0.3726258820353152,-0.2791940249594802
BMW_Z4,18.0,28.0,3020.0,2.0,215.0,0.07119205298013245,3.0,6.0,2.0,M,2-seater,161.1,gas,no,no,BMW,Z4,55.55555555555556,35.714285714285715,0.013306806374394365,1.7587823336956063,2.149738856070158,2.640841943899396
BMW_135i,18.0,26.0,3384.0,4.0,300.0,0.08865248226950355,3.0,6.0,2.0,A-S,subcompact,172.2,gas,no,yes,BMW,135i,55.55555555555556,38.46153846153846,0.01326694949582715,-5.549981209108594,-5.175442502569901,-4.711943945878126
BMW_135i,17.0,25.0,3373.0,4.0,300.0,0.08894159501927068,3.0,6.0,2.0,M,subcompact,172.2,gas,no,yes,BMW,135i,58.8235294117647,40.0,0.011255164989736954,-3.513764276799101,-2.815441200590172,-1.9647021763747148
BMW_328ci,19.0,28.0,3417.0,4.0,230.0,0.06731050629206907,3.0,6.0,2.0,A-S,subcompact,181.1,gas,no,no,BMW,328ci,52.63157894736842,35.714285714285715,0.009165544677523365,-1.9074617311031759,-1.9502858416860676,-1.9111999427475581
BMW_328ci,18.0,28.0,3351.0,4.0,230.0,0.06863622799164429,3.0,6.0,2.0,M,subcompact,181.1,gas,no,no,BMW,328ci,55.55555555555556,35.714285714285715,0.008479788760704736,0.27288309809824796,0.5720788964194057,1.008836026111318
BMW_650i_Coupe,15.0,22.0,3814.0,4.0,360.0,0.09438909281594127,4.8,8.0,2.0,M,subcompact,190.2,gas,no,no,BMW,650i_Coupe,66.66666666666667,45.45454545454545,0.013861624087828556,-2.0460731904311587,-1.226450232111958,-0.19589490993749337
BMW_M3_Coupe,14.0,20.0,3704.0,4.0,414.0,0.11177105831533478,4.0,8.0,2.0,M,subcompact,181.6,gas,no,no,BMW,M3_Coupe,71.42857142857143,50.0,0.018539653071874464,-1.8307217656962536,-0.6556317588712517,0.7247875256407355
BMW_M3,14.0,20.0,3726.0,4.0,414.0,0.1111111111111111,4.0,8.0,2.0,M,compact,180.3,gas,no,no,BMW,M3,71.42857142857143,50.0,0.018592836094627852,-2.199343106217853,-1.0274464549210762,0.35361763169488825
BMW_328i,19.0,28.0,3406.0,5.0,230.0,0.06752789195537287,3.0,6.0,2.0,A-S,compact,178.2,gas,no,no,BMW,328i,52.63157894736842,35.714285714285715,0.009345288382120748,-2.196588024745374,-2.226616954805067,-2.1746990482605923
BMW_328i,18.0,28.0,3340.0,5.0,230.0,0.0688622754491018,3.0,6.0,2.0,M,compact,178.2,gas,no,no,BMW,328i,55.55555555555556,35.714285714285715,0.008218404290092787,-0.01624319554395015,0.2957477833004063,0.7453369205982838
BMW_535i,17.0,26.0,3703.0,5.0,300.0,0.08101539292465569,3.0,6.0,2.0,A-S,midsize,191.1,gas,no,yes,BMW,535i,58.8235294117647,38.46153846153846,0.010346999385221604,-2.5925814700857543,-2.3834290888909493,-2.0504622895331863
BMW_535i,17.0,26.0,3660.0,5.0,300.0,0.08196721311475409,3.0,6.0,2.0,M,midsize,191.1,gas,no,yes,BMW,535i,58.8235294117647,38.46153846153846,0.011959641125434205,-3.5403383096718457,-2.9967917905253216,-2.2705157159465728
BMW_M5,11.0,17.0,4012.0,5.0,500.0,0.12462612163509472,5.0,10.0,2.0,M,midsize,191.5,gas,no,no,BMW,M5,90.9090909090909,58.8235294117647,0.029410317949369002,9.267582412344211,10.774149317232599,12.532687867363833
BMW_750i,15.0,23.0,4486.0,5.0,360.0,0.08024966562639323,4.8,8.0,2.0,A-S,large,198.4,gas,no,no,BMW,750i,66.66666666666667,43.47826086956522,0.010369949235432965,-5.587120302780292,-5.336306704315334,-4.848735489928131
BMW_328i_Sport_Wagon,18.0,27.0,3593.0,5.0,230.0,0.064013359309769,3.0,6.0,2.0,A-S,smallwagon,178.2,gas,no,no,BMW,328i_Sport_Wagon,55.55555555555556,37.03703703703704,0.009051588647806794,-0.9322369092656686,-1.0242666727202803,-1.0078133611568987
BMW_328i_Sport_Wagon,17.0,27.0,3527.0,5.0,230.0,0.0652112276722427,3.0,6.0,2.0,M,smallwagon,178.2,gas,no,no,BMW,328i_Sport_Wagon,58.8235294117647,37.03703703703704,0.00857029973889359,1.5921051679577616,1.8420953134071993,2.256219855723998
BMW_535xi_Sport_Wagon,16.0,24.0,4145.0,5.0,300.0,0.07237635705669482,3.0,6.0,2.0,A-S,midsizewagon,191.2,gas,no,yes,BMW,535xi_Sport_Wagon,62.5,41.666666666666664,0.008138984054690337,-2.8255257939273406,-2.7632362879024868,-2.5144654415864096
BMW_535xi_Sport_Wagon,16.0,23.0,4100.0,5.0,300.0,0.07317073170731707,3.0,6.0,2.0,M,midsizewagon,191.2,gas,no,yes,BMW,535xi_Sport_Wagon,62.5,43.47826086956522,0.01146235605427275,-3.7555326282438415,-3.358185873749676,-2.715726451731527
BMW_X3_3.0si,17.0,24.0,4067.0,5.0,260.0,0.06392918613228424,3.0,6.0,2.0,A-S,suv4,179.9,gas,no,no,BMW,X3_3.0si,58.8235294117647,41.666666666666664,0.00954262426934793,-4.075345738059745,-4.167746911482055,-4.082411876154708
BMW_X3_3.0si,16.0,23.0,4012.0,5.0,260.0,0.06480558325024925,3.0,6.0,2.0,M,suv4,179.9,gas,no,no,BMW,X3_3.0si,62.5,43.47826086956522,0.011053945734098689,-1.2401319577929542,-0.9941603301579747,-0.5132402167231547
BMW_X5_3.0si,15.0,21.0,4982.0,5.0,260.0,0.05218787635487756,3.0,6.0,2.0,A-S,suv4,191.1,gas,no,no,BMW,X5_3.0si,66.66666666666667,47.61904761904762,0.01541450365931452,-2.8591756135162427,-3.290280336315206,-3.4199765040315384
BMW_X6,13.0,18.0,4894.0,4.0,300.0,0.06129955046996322,4.4,8.0,2.0,A-S,suv4,192.0,gas,no,yes,BMW,X6,76.92307692307692,55.55555555555556,0.011921062098089623,5.056864175719497,4.868295186650286,4.972053629019442
Bugatti_Veyron,8.0,14.0,4154.0,2.0,1001.0,0.2409725565719788,8.0,16.0,2.0,A-S,2-seater,175.6,gas,no,yes,Bugatti,Veyron,125.0,71.42857142857143,0.2142717615150011,,,
Buick_Lacrosse_CX,17.0,28.0,3552.0,5.0,200.0,0.05630630630630631,3.8,6.0,1.0,A,midsize,198.1,gas,no,no,Buick,Lacrosse_CX,58.8235294117647,35.714285714285715,0.011209623069956993,5.759169985226244,5.614193348716633,5.388849078815966
Buick_Lucerne_CX,16.0,25.0,3764.0,5.0,197.0,0.052337938363443144,3.8,6.0,1.0,A,large,203.2,gas,no,no,Buick,Lucerne_CX,62.5,40.0,0.013513316595158451,8.477393665472121,8.22982447961892,7.9288689526562095
Buick_Enclave_CX,16.0,24.0,4780.0,7.0,275.0,0.05753138075313807,3.6,6.0,1.0,A,suv2,201.8,gas,no,no,Buick,Enclave_CX,62.5,41.666666666666664,0.007720538154799641,-7.047040641116581,-7.205467699372932,-7.26472461323182
Buick_Enclave_CX,16.0,22.0,4985.0,7.0,275.0,0.055165496489468405,3.6,6.0,1.0,A,suv4,201.8,gas,no,no,Buick,Enclave_CX,62.5,45.45454545454545,0.009030040076729525,-8.8664161812504,-9.092812067560018,-9.190947280729702
Cadillac_XLR,15.0,24.0,3647.0,2.0,320.0,0.08774335069920483,4.6,8.0,1.0,A-S,2-seater,177.7,gas,no,no,Cadillac,XLR,66.66666666666667,41.666666666666664,0.01122740082326812,2.33979961099962,2.717888455464383,3.221179083853606
Cadillac_CTS,18.0,26.0,3872.0,5.0,304.0,0.07851239669421488,3.6,6.0,1.0,A-S,midsize,191.6,gas,no,no,Cadillac,CTS,55.55555555555556,38.46153846153846,0.009342178039739118,-7.617889206211956,-7.444727124864151,-7.12365391882927
Cadillac_CTS,16.0,25.0,3861.0,5.0,304.0,0.07873607873607874,3.6,6.0,1.0,M,midsize,191.6,gas,no,no,Cadillac,CTS,62.5,40.0,0.011593204984190981,-1.905201685667194,-1.4082552346491255,-0.6999415610905757
Cadillac_STS,15.0,24.0,3995.0,5.0,320.0,0.08010012515644556,4.6,8.0,1.0,A-S,midsize,196.7,gas,no,no,Cadillac,STS,66.66666666666667,41.666666666666664,0.010992390522650157,1.785186669908427,1.9879586357423022,2.354847103099061
Cadillac_STS_AWD,14.0,21.0,4221.0,5.0,320.0,0.07581141909500118,4.6,8.0,1.0,A-S,midsize,196.7,gas,no,no,Cadillac,STS,71.42857142857143,47.61904761904762,0.009646235428266741,4.541340836348596,4.66918131369448,4.99320882668907
Cadillac_DTS,15.0,23.0,4009.0,5.0,275.0,0.06859565976552756,4.6,8.0,1.0,A,large,207.6,gas,no,no,Cadillac,DTS,66.66666666666667,43.47826086956522,0.014281215934656678,4.735755702230179,4.814661603152977,4.880133314830765
Cadillac_Escalade,12.0,19.0,5511.0,8.0,403.0,0.07312647432407911,6.2,8.0,1.0,A,suv2,202.5,gas,no,no,Cadillac,Escalade,83.33333333333333,52.63157894736842,0.013167657438863096,-2.9804507753332103,-2.6916195136651595,-2.1877835902656386
Cadillac_Escalade_AWD,12.0,18.0,5708.0,8.0,403.0,0.07060266292922214,6.2,8.0,1.0,A,suv4,202.5,gas,no,no,Cadillac,Escalade_AWD,83.33333333333333,55.55555555555556,0.015451132657950499,-4.728826294388639,-4.505311418703457,-4.038836592690444
Cadillac_SRX,15.0,22.0,4164.0,7.0,255.0,0.061239193083573486,3.6,6.0,1.0,A-S,suv2,194.9,gas,no,no,Cadillac,SRX,66.66666666666667,45.45454545454545,0.00953140108913842,5.3125287583601875,5.11362436654354,5.097468781446658
Cadillac_SRX,13.0,20.0,4302.0,7.0,320.0,0.07438400743840075,4.6,8.0,1.0,A-S,suv2,194.9,gas,no,no,Cadillac,SRX,76.92307692307692,50.0,0.008849238157672898,9.07691857235777,9.183581187816173,9.498916872336679
Cadillac_SRX_AWD,14.0,22.0,4320.0,7.0,255.0,0.059027777777777776,3.6,6.0,1.0,A-S,suv4,194.9,gas,no,no,Cadillac,SRX_AWD,71.42857142857143,45.45454545454545,0.009681224992142419,8.689933109236293,8.4393060970474,8.3935650744262
Cadillac_SRX_AWD,13.0,20.0,4442.0,7.0,320.0,0.07203962179198559,4.6,8.0,1.0,A-S,suv4,194.9,gas,no,no,Cadillac,SRX_AWD,76.92307692307692,50.0,0.008796418937505372,7.834418203485896,7.89466308271281,8.183447733557628
Chevrolet_Corvette,16.0,26.0,3217.0,2.0,430.0,0.1336649051911719,6.2,8.0,1.0,M,2-seater,174.6,gas,no,no,Chevrolet,Corvette,62.5,38.46153846153846,0.025857266164311027,-8.667263375052471,-7.222145231260114,-5.635387885242608
Chevrolet_Corvette,15.0,24.0,3162.0,2.0,505.0,0.15970904490828589,7.0,8.0,1.0,M,2-seater,175.6,gas,no,no,Chevrolet,Corvette,66.66666666666667,41.666666666666664,0.041133959696863155,-9.956728360133027,-8.091158069939098,-6.084987347751792
Chevrolet_Aveo5,23.0,32.0,2359.0,5.0,103.0,0.043662568885120816,1.6,4.0,1.0,A,subcompact,152.7,gas,no,no,Chevrolet,Aveo5,43.47826086956522,31.25,0.023903423943860077,2.8075086054562064,2.6770120723107382,2.3124055011576914
Chevrolet_Aveo5,24.0,34.0,2343.0,5.0,103.0,0.04396073410157917,1.6,4.0,1.0,M,subcompact,152.7,gas,no,no,Chevrolet,Aveo5,41.666666666666664,29.41176470588235,0.017509381041274936,1.8339365386154114,1.8704996384976482,1.9048409975009335
Chevrolet_Aveo,23.0,32.0,2542.0,5.0,103.0,0.04051927616050354,1.6,4.0,1.0,A,compact,169.7,gas,no,no,Chevrolet,Aveo,43.47826086956522,31.25,0.013538191737291292,3.450546049020673,3.2057482705846425,2.743442762543502
Chevrolet_Aveo,24.0,34.0,2531.0,5.0,103.0,0.04069537732121691,1.6,4.0,1.0,M,compact,169.7,gas,no,no,Chevrolet,Aveo,41.666666666666664,29.41176470588235,0.011748182553730568,2.4325989690058876,2.353203047303552,2.2888972182160643
Chevrolet_Cobalt,24.0,33.0,3216.0,5.0,148.0,0.046019900497512436,2.2,4.0,1.0,M,subcompact,180.5,gas,no,no,Chevrolet,Cobalt,41.666666666666664,30.303030303030305,0.010714895454210465,-5.853034158388603,-5.950391447824309,-5.937013889639516
Chevrolet_Malibu,22.0,32.0,3436.0,5.0,169.0,0.04918509895227008,2.4,4.0,1.0,A-S,midsize,191.8,gas,no,no,Chevrolet,Malibu,45.45454545454545,31.25,0.014245328705692274,-2.8830108743733263,-3.2955896087312198,-3.6354085355679544
Chevrolet_Malibu,17.0,26.0,3649.0,5.0,252.0,0.06906001644286106,3.6,6.0,1.0,A-S,midsize,191.8,gas,no,no,Chevrolet,Malibu,58.8235294117647,38.46153846153846,0.010357288854715742,1.8696988056143127,1.8351095017186552,1.9116032156989888
Chevrolet_Malibu_Hybrid,24.0,32.0,3415.0,5.0,164.0,0.04802342606149341,2.4,4.0,1.0,A,midsize,191.8,gas,yes,no,Chevrolet,Malibu_Hybrid,41.666666666666664,31.25,0.10591344623529231,11.39746259856313,11.198105862250664,10.785534740210721
Chevrolet_Impala_FFV,18.0,29.0,3674.0,5.0,211.0,0.05743059335873707,3.5,6.0,1.0,A,large,200.4,gas,no,no,Chevrolet,Impala_FFV,55.55555555555556,34.48275862068966,0.011587577429265191,0.8237954479874361,0.6905681321180239,0.49409154333920213
Chevrolet_Impala_FFV,14.0,21.0,3674.0,5.0,211.0,0.05743059335873707,3.5,6.0,1.0,A,large,200.4,E85,no,no,Chevrolet,Impala_FFV,71.42857142857143,47.61904761904762,0.048648796915980744,-9.51406218207184,-9.495871730301928,-9.607450534255364
Chevrolet_Impala_FFV,18.0,28.0,3729.0,5.0,233.0,0.06248323947438992,3.9,6.0,1.0,A,large,200.4,gas,no,no,Chevrolet,Impala_FFV,55.55555555555556,35.714285714285715,0.010802385630925983,-1.447098031293109,-1.4796520260000605,-1.565504207826102
Chevrolet_Impala_FFV,13.0,20.0,3729.0,5.0,233.0,0.06248323947438992,3.9,6.0,1.0,A,large,200.4,E85,no,no,Chevrolet,Impala_FFV,76.92307692307692,50.0,0.04832007437231875,-6.290450166846895,-6.171586393914524,-6.172540790915178
Chevrolet_Uplander_FFV,16.0,23.0,4104.0,7.0,240.0,0.05847953216374269,3.9,6.0,1.0,A,minivan,191.0,gas,no,no,Chevrolet,Uplander_FFV,62.5,43.47826086956522,0.004782730050023505,0.3483682196708031,0.2589680138169328,0.1753459378766209
Chevrolet_Uplander_FFV,12.0,17.0,4104.0,7.0,240.0,0.05847953216374269,3.9,6.0,1.0,A,minivan,191.0,E85,no,no,Chevrolet,Uplander_FFV,83.33333333333333,58.8235294117647,0.04493218681296625,-5.0291719500710315,-4.967154388285564,-4.965878679400504
Chevrolet_Avalanche_1500_FFV,14.0,20.0,5605.0,5.0,320.0,0.057091882247992866,5.3,8.0,1.0,A,suv2,221.3,gas,no,no,Chevrolet,Avalanche_1500_FFV,71.42857142857143,50.0,0.021362722643310548,-6.486348740936521,-6.7365991211870835,-6.776961246329449
Chevrolet_Avalanche_1500_FFV,11.0,15.0,5605.0,5.0,320.0,0.057091882247992866,5.3,8.0,1.0,A,suv2,221.3,E85,no,no,Chevrolet,Avalanche_1500_FFV,90.9090909090909,66.66666666666667,0.05017864548953792,-13.216702763492208,-13.315535376103426,-13.270999716420434
Chevrolet_Equinox,17.0,24.0,3699.0,5.0,185.0,0.05001351716680184,3.4,6.0,1.0,A,suv2,188.8,gas,no,no,Chevrolet,Equinox,58.8235294117647,41.666666666666664,0.006068123568655593,4.4297969793508045,4.184344419521636,3.883044793444654
Chevrolet_HHR,19.0,28.0,3353.0,5.0,260.0,0.07754249925439904,2.0,4.0,1.0,A,suv2,176.5,gas,no,yes,Chevrolet,HHR,52.63157894736842,35.714285714285715,0.008717151645768147,-6.409380953139426,-6.095943832258385,-5.873359148041246
Chevrolet_HHR,21.0,29.0,3280.0,5.0,260.0,0.07926829268292683,2.0,4.0,1.0,M,suv2,176.5,gas,no,yes,Chevrolet,HHR,47.61904761904762,34.48275862068966,0.008733470318570856,-10.078014995218922,-9.578619591558812,-8.946276913474513
Chevrolet_Suburban_1500_FFV,14.0,20.0,5608.0,7.0,320.0,0.05706134094151213,5.3,8.0,1.0,A,suv2,222.4,gas,no,no,Chevrolet,Suburban_1500_FFV,71.42857142857143,50.0,0.022351213264267786,-6.366274971293521,-6.620989975921873,-6.665997065736207
Chevrolet_Suburban_1500_FFV,11.0,15.0,5608.0,7.0,320.0,0.05706134094151213,5.3,8.0,1.0,A,suv2,222.4,E85,no,no,Chevrolet,Suburban_1500_FFV,90.9090909090909,66.66666666666667,0.05078518068606888,-13.096628993849208,-13.199926230838216,-13.160035535827191
Chevrolet_Tahoe_1500,14.0,19.0,5270.0,7.0,295.0,0.055977229601518026,4.8,8.0,1.0,A,suv2,202.0,gas,no,no,Chevrolet,Tahoe_1500,71.42857142857143,52.63157894736842,0.011110823544945922,-4.061246484375914,-4.274667557009806,-4.317544027467676
Chevrolet_Tahoe_1500_FFV,14.0,20.0,5270.0,7.0,320.0,0.06072106261859583,5.3,8.0,1.0,A,suv2,202.0,gas,no,no,Chevrolet,Tahoe_1500_FFV,71.42857142857143,50.0,0.010347804548965911,-6.087119591610673,-6.165416959248816,-6.070730736317472
Chevrolet_Tahoe_1500_FFV,11.0,15.0,5270.0,7.0,320.0,0.06072106261859583,5.3,8.0,1.0,A,suv2,202.0,E85,no,no,Chevrolet,Tahoe_1500_FFV,90.9090909090909,66.66666666666667,0.046438277247450505,-12.81747361416636,-12.744353214165159,-12.564769206408457
Chevrolet_Tahoe_Hybrid,21.0,22.0,5270.0,7.0,332.0,0.06299810246679317,6.0,8.0,1.0,AV,suv2,202.0,gas,yes,no,Chevrolet,Tahoe_Hybrid,47.61904761904762,45.45454545454545,0.06390529530812854,-6.144585086912855,-5.932783198660466,-5.54697695386141
Chevrolet_Trailblazer,14.0,20.0,4523.0,5.0,285.0,0.06301127570196773,4.2,6.0,1.0,A,suv4,191.8,gas,no,no,Chevrolet,Trailblazer,71.42857142857143,50.0,0.005587207489785789,2.0184319712733014,2.0308091747205452,2.1123721223122374
Chevrolet_Trailblazer,13.0,19.0,4523.0,5.0,300.0,0.06632765863365023,5.3,8.0,1.0,A,suv4,191.8,gas,no,no,Chevrolet,Trailblazer,76.92307692307692,52.63157894736842,0.005646663109584428,6.297413601437938,6.390865027882612,6.554965591507866
Chevrolet_Trailblazer,12.0,16.0,4496.0,5.0,390.0,0.08674377224199288,6.0,8.0,1.0,A,suv2,191.8,gas,no,no,Chevrolet,Trailblazer,83.33333333333333,62.5,0.00971459875113994,5.65415189678879,6.243000653205655,6.907447469526687
Chrysler_Crossfire_Roadster,19.0,25.0,3140.0,2.0,215.0,0.06847133757961783,3.2,6.0,1.0,A,2-seater,159.8,gas,no,no,Chrysler,Crossfire_Roadster,52.63157894736842,40.0,0.018563093996625375,-3.099587967124428,-2.9060719645271007,-2.828823324474527
Chrysler_Crossfire_Roadster,15.0,23.0,3061.0,2.0,215.0,0.07023848415550474,3.2,6.0,1.0,M,2-seater,159.8,gas,no,no,Chrysler,Crossfire_Roadster,66.66666666666667,43.47826086956522,0.014526266667984709,12.332647054223912,12.714110671153115,13.202255206516078
Chrysler_Sebring_Convertible_FFV,18.0,26.0,3847.0,4.0,186.0,0.048349363140109174,2.7,6.0,1.0,A,subcompact,193.8,gas,no,no,Chrysler,Sebring_Convertible_FFV,55.55555555555556,38.46153846153846,0.007183643490306445,0.43410043411749655,0.1292101050890082,-0.213182584990399
Chrysler_Sebring_Convertible_FFV,13.0,19.0,3847.0,4.0,186.0,0.048349363140109174,2.7,6.0,1.0,A,subcompact,193.8,E85,no,no,Chrysler,Sebring_Convertible_FFV,76.92307692307692,52.63157894736842,0.04550348183129481,-4.409251701436304,-4.562724262825455,-4.82021916807949
Chrysler_Sebring_FFV,19.0,27.0,3324.0,5.0,189.0,0.05685920577617329,2.7,6.0,1.0,A,midsize,190.6,gas,no,no,Chrysler,Sebring_FFV,52.63157894736842,37.03703703703704,0.008909185243535407,1.481885350924209,1.376707691867992,1.161867095926297
Chrysler_Sebring_FFV,13.0,20.0,3324.0,5.0,189.0,0.05685920577617329,2.7,6.0,1.0,A,midsize,190.6,E85,no,no,Chrysler,Sebring_FFV,76.92307692307692,50.0,0.04946118631530827,-0.43749017644245214,-0.3912500678593318,-0.5211928789756541
Chrysler_300_SRT-8,18.0,26.0,3725.0,5.0,178.0,0.04778523489932886,2.7,6.0,1.0,A,large,196.8,gas,no,no,Chrysler,300_SRT-8,55.55555555555556,38.46153846153846,0.009547951967477937,2.5652177250074004,2.2480740284950613,1.8736822041942318
Chrysler_300_SRT-8,17.0,24.0,3762.0,5.0,250.0,0.06645401382243488,3.5,6.0,1.0,A,large,196.8,gas,no,no,Chrysler,300_SRT-8,58.8235294117647,41.666666666666664,0.008101556259562777,-0.32969806510713084,-0.2699530358071911,-0.2551813620470398
Chrysler_300_SRT-8,15.0,23.0,4096.0,5.0,340.0,0.0830078125,5.7,8.0,1.0,A,large,196.8,gas,no,no,Chrysler,300_SRT-8,66.66666666666667,43.47826086956522,0.008500916892694534,-2.7439548762732073,-2.308503965426567,-1.8618497758057515
Chrysler_Town_and_Country_FFV,17.0,24.0,4335.0,7.0,175.0,0.040369088811995385,3.3,6.0,1.0,A,minivan,202.5,gas,no,no,Chrysler,Town_and_Country_FFV,58.8235294117647,41.666666666666664,0.012093313159671767,1.4227111396029315,0.8691231960543675,0.34141603861981196
Chrysler_Town_and_Country_FFV,11.0,17.0,4335.0,7.0,175.0,0.040369088811995385,3.3,6.0,1.0,A,minivan,202.5,E85,no,no,Chrysler,Town_and_Country_FFV,90.9090909090909,58.8235294117647,0.04616609840539439,7.297399133853986,6.895228957944738,6.452419585335562
Chrysler_Aspen_FFV,14.0,19.0,4866.0,7.0,302.0,0.062063296341964655,4.7,8.0,1.0,A,suv2,202.1,gas,no,no,Chrysler,Aspen_FFV,71.42857142857143,52.63157894736842,0.00763188969792878,-1.0296536374384857,-1.0716071989017593,-0.9997179647550354
Chrysler_Aspen_FFV,9.0,12.0,4866.0,7.0,302.0,0.062063296341964655,4.7,8.0,1.0,A,suv2,202.1,E85,no,no,Chrysler,Aspen_FFV,111.11111111111111,83.33333333333333,0.04404319549009143,12.442012542026035,12.551476748202091,12.708263767174188
Chrysler_Pacifica,15.0,22.0,4355.0,5.0,200.0,0.045924225028702644,3.8,6.0,1.0,A,suv2,198.5,gas,no,no,Chrysler,Pacifica,66.66666666666667,45.45454545454545,0.008414915510652023,6.529025134401749,6.116547821950867,5.737432222005104
Chrysler_PT_Cruiser,19.0,24.0,3152.0,5.0,150.0,0.04758883248730964,2.4,4.0,1.0,A,suv2,168.9,gas,no,no,Chrysler,PT_Cruiser,52.63157894736842,41.666666666666664,0.01077379441528322,3.2747810579605883,3.084290743306312,2.7678808258892786
Chrysler_PT_Cruiser,21.0,26.0,3076.0,5.0,150.0,0.04876462938881664,2.4,4.0,1.0,M,suv2,168.9,gas,no,no,Chrysler,PT_Cruiser,47.61904761904762,38.46153846153846,0.010485967368986045,-0.3672279762145223,-0.3707653423133124,-0.2768483151415708
Chrysler_Aspen,13.0,18.0,5043.0,7.0,335.0,0.06642871306761848,5.7,8.0,1.0,A,suv4,202.1,gas,no,no,Chrysler,Aspen,76.92307692307692,55.55555555555556,0.008380689664875048,0.21982388915765227,0.29754833748179976,0.5174522343266403
Dodge_Viper_Coupe,13.0,22.0,3445.0,2.0,600.0,0.1741654571843251,8.4,10.0,1.0,M,2-seater,175.7,gas,no,no,Dodge,Viper_Coupe,76.92307692307692,45.45454545454545,0.06060460972376401,-9.896925404358711,-7.612030624202291,-5.137163231931638
Dodge_Avenger_SXT_FFV,19.0,27.0,3465.0,5.0,189.0,0.05454545454545454,2.7,6.0,1.0,A,midsize,190.9,gas,no,no,Dodge,Avenger_SXT_FFV,52.63157894736842,37.03703703703704,0.007807303612238515,0.27051873693044826,0.117645434038117,-0.1250474859880768
Dodge_Avenger_SXT_FFV,13.0,20.0,3465.0,5.0,189.0,0.05454545454545454,2.7,6.0,1.0,A,midsize,190.9,E85,no,no,Dodge,Avenger_SXT_FFV,76.92307692307692,50.0,0.047970680051423936,-1.6488567904361986,-1.6503123256892138,-1.808107460890028
Dodge_Caliber,24.0,29.0,2966.0,5.0,148.0,0.049898853674983146,1.8,4.0,1.0,M,midsize,173.8,gas,no,no,Dodge,Caliber,41.666666666666664,34.48275862068966,0.009564516434226972,-4.527812417477598,-4.521145689823811,-4.435528941078985
Dodge_Caliber,21.0,25.0,3308.0,5.0,173.0,0.05229746070133011,2.4,4.0,1.0,AV,midsize,173.8,gas,no,no,Dodge,Caliber,47.61904761904762,40.0,0.05507483874955532,0.8896932075397359,0.9066753046132092,0.9326338673623198
Dodge_Challenger,13.0,18.0,4140.0,5.0,425.0,0.10265700483091787,6.1,8.0,1.0,A,midsize,197.7,gas,no,no,Dodge,Challenger,76.92307692307692,55.55555555555556,0.016339681631701127,0.3540129721464922,1.231456991554083,2.1341448076096583
Dodge_Charger,18.0,26.0,3727.0,5.0,186.0,0.04990609068956265,2.7,6.0,1.0,A,large,200.1,gas,no,no,Dodge,Charger,55.55555555555556,38.46153846153846,0.01154853053948052,2.3392846580649262,2.0543075608293933,1.7113284560809703
Dodge_Charger,17.0,24.0,3800.0,5.0,250.0,0.06578947368421052,3.5,6.0,1.0,A,large,200.1,gas,no,no,Dodge,Charger,58.8235294117647,41.666666666666664,0.009875639169974422,-0.2268518325872506,-0.19011577892580078,-0.19477885615727075
Dodge_Charger,15.0,23.0,4031.0,5.0,335.0,0.08310592904986355,5.7,8.0,1.0,A,large,200.1,gas,no,no,Dodge,Charger,66.66666666666667,43.47826086956522,0.010316249069346271,-1.321808750922088,-0.9022413650570371,-0.4830004903300278
Dodge_Charger,13.0,18.0,4160.0,5.0,425.0,0.10216346153846154,6.1,8.0,1.0,A,large,200.1,gas,no,no,Dodge,Charger,76.92307692307692,55.55555555555556,0.01701689877390563,0.49658297955394914,1.3598250750189038,2.2498267649174295
Dodge_Caravan,16.0,23.0,4483.0,7.0,251.0,0.05598929288422931,4.0,6.0,1.0,A,minivan,202.5,gas,no,no,Dodge,Caravan,62.5,43.47826086956522,0.007965216036807499,-2.3729729081056803,-2.564854966769076,-2.702439771900387
Dodge_Caravan_FFV,17.0,24.0,4321.0,7.0,175.0,0.040499884286044896,3.3,6.0,1.0,A,minivan,202.5,gas,no,no,Dodge,Caravan_FFV,58.8235294117647,41.666666666666664,0.012066950858664726,1.5469611764901217,0.9980150065647067,0.47296295249772413
Dodge_Caravan_FFV,11.0,17.0,4321.0,7.0,175.0,0.040499884286044896,3.3,6.0,1.0,A,minivan,202.5,E85,no,no,Dodge,Caravan_FFV,90.9090909090909,58.8235294117647,0.04616814470723597,7.421649170741176,7.024120768455077,6.583966499213474
Dodge_Durango_FFV,14.0,19.0,4944.0,8.0,303.0,0.06128640776699029,4.7,8.0,1.0,A,suv2,200.8,gas,no,no,Dodge,Durango_FFV,71.42857142857143,52.63157894736842,0.007812701370515839,-1.9763100497982435,-2.034619113082499,-1.9672029825664907
Dodge_Durango_FFV,9.0,12.0,4944.0,8.0,303.0,0.06128640776699029,4.7,8.0,1.0,A,suv2,200.8,E85,no,no,Dodge,Durango_FFV,111.11111111111111,83.33333333333333,0.04453575970716844,11.495356129666277,11.588464834021352,11.740778749362732
Dodge_Magnum,18.0,26.0,3842.0,5.0,178.0,0.0463300364393545,2.7,6.0,1.0,A,suv2,197.7,gas,no,no,Dodge,Magnum,55.55555555555556,38.46153846153846,0.009524372471203784,1.6468686892746973,1.2880939704456509,0.8881781474967525
Dodge_Magnum,17.0,24.0,3879.0,5.0,250.0,0.06444960041247744,3.5,6.0,1.0,A,suv2,197.7,gas,no,no,Dodge,Magnum,58.8235294117647,41.666666666666664,0.007638111311972621,-1.248047100839834,-1.2299330938565873,-1.2406854187445333
Dodge_Magnum,15.0,23.0,4159.0,5.0,340.0,0.08175042077422458,5.7,8.0,1.0,A,suv2,197.7,gas,no,no,Dodge,Magnum,66.66666666666667,43.47826086956522,0.008320911556209766,-3.1830537697267545,-2.771329897221804,-2.339958593259894
Dodge_Nitro,16.0,22.0,3982.0,5.0,210.0,0.052737317930688095,3.7,6.0,1.0,A,suv2,178.9,gas,no,no,Dodge,Nitro,62.5,45.45454545454545,0.007391958433604694,2.2484797167764867,2.0755503511163838,1.8948265259088473
Dodge_Nitro,15.0,20.0,4151.0,5.0,260.0,0.06263550951577933,4.0,6.0,1.0,A,suv4,178.9,gas,no,no,Dodge,Nitro,66.66666666666667,50.0,0.008058132514451127,0.8635247236925778,0.9048099292873957,0.9671606002069524
Ford_Mustang,15.0,22.0,3500.0,4.0,300.0,0.08571428571428572,4.6,8.0,1.0,A,subcompact,187.6,gas,no,no,Ford,Mustang,66.66666666666667,45.45454545454545,0.009245807283491253,4.560008435246175,5.005889824281276,5.379565546335407
Ford_Mustang,15.0,23.0,3450.0,4.0,300.0,0.08695652173913043,4.6,8.0,1.0,M,subcompact,187.6,gas,no,no,Ford,Mustang,66.66666666666667,43.47826086956522,0.011570204520430095,5.699780660887072,6.323994561748975,7.103066322137813
Ford_Focus,24.0,33.0,2642.0,5.0,140.0,0.05299015897047691,2.0,4.0,1.0,A,compact,175.0,gas,no,no,Ford,Focus,41.666666666666664,30.303030303030305,0.01188454773981724,-1.5400192333367997,-1.634708345701938,-1.9320250678873379
Ford_Focus,24.0,35.0,2623.0,5.0,140.0,0.0533739992375143,2.0,4.0,1.0,M,compact,175.0,gas,no,no,Ford,Focus,41.666666666666664,28.571428571428573,0.010850705929242347,-0.6753720893746546,-0.6020069029357131,-0.49980674424314486
Ford_Fusion,20.0,28.0,3158.0,5.0,160.0,0.0506649778340722,2.3,4.0,1.0,A,midsize,190.2,gas,no,no,Ford,Fusion,50.0,35.714285714285715,0.010905925828456498,2.6202246353075083,2.4146034545442348,2.0731542610918083
Ford_Fusion,20.0,29.0,3101.0,5.0,160.0,0.051596259271202836,2.3,4.0,1.0,M,midsize,190.2,gas,no,no,Ford,Fusion,50.0,34.48275862068966,0.01557199088491509,3.8221218793920144,3.7971540972670823,3.862428493833171
Ford_Fusion,18.0,26.0,3280.0,5.0,221.0,0.06737804878048781,3.0,6.0,1.0,A,midsize,190.2,gas,no,no,Ford,Fusion,55.55555555555556,38.46153846153846,0.009333396015779438,2.149899487764756,2.233530405617941,2.204596854689278
Ford_Taurus,17.0,24.0,3814.0,5.0,263.0,0.06895647614053488,3.5,6.0,1.0,A,large,201.8,gas,no,no,Ford,Taurus,58.8235294117647,41.666666666666664,0.011172375942751122,-1.17783959266324,-1.0808436493202436,-1.022928523643813
Ford_Edge,16.0,24.0,4078.0,5.0,265.0,0.06498283472290338,3.5,6.0,1.0,A,suv2,185.7,gas,no,no,Ford,Edge,62.5,41.666666666666664,0.005041618299492796,-2.1535762017876294,-2.0825133744738764,-2.0040028744646605
Ford_Escape,20.0,26.0,3313.0,5.0,153.0,0.04618170842137036,2.3,4.0,1.0,A,suv2,174.7,gas,no,no,Ford,Escape,50.0,38.46153846153846,0.008267898763214836,-0.25527544122867596,-0.5012274533025547,-0.8531552461599787
Ford_Escape,22.0,28.0,3272.0,5.0,153.0,0.04676039119804401,2.3,4.0,1.0,M,suv2,174.7,gas,no,no,Ford,Escape,45.45454545454545,35.714285714285715,0.010196279541454805,-3.740832784755497,-3.8114362823317762,-3.759674889019344
Ford_Escape_Hybrid,34.0,30.0,3638.0,5.0,133.0,0.0365585486531061,2.3,4.0,1.0,AV,suv2,174.7,gas,yes,no,Ford,Escape_Hybrid,29.41176470588235,33.333333333333336,0.05954929999595272,2.617289299826087,2.380722742139337,2.08219839543575
Ford_Expedition,12.0,18.0,5578.0,9.0,300.0,0.053782717820007174,5.4,8.0,1.0,A,suv2,206.5,gas,no,no,Ford,Expedition,83.33333333333333,55.55555555555556,0.015174044326966934,5.3049713501148545,5.00226071358324,4.911809905192541
Ford_Explorer,14.0,20.0,4460.0,5.0,210.0,0.04708520179372197,4.0,6.0,1.0,A,suv2,193.4,gas,no,no,Ford,Explorer,71.42857142857143,50.0,0.007356715714711651,8.868556499038917,8.491403356291919,8.16629744130585
Ford_Explorer,13.0,20.0,4542.0,5.0,292.0,0.06428885953324527,4.6,8.0,1.0,A,suv2,193.4,gas,no,no,Ford,Explorer,76.92307692307692,50.0,0.005529062669559895,6.990447985760866,7.029313064178609,7.139861463784882
Ford_Edge,15.0,22.0,4288.0,5.0,265.0,0.06180037313432836,3.5,6.0,1.0,A,suv4,185.7,gas,no,no,Ford,Edge,66.66666666666667,45.45454545454545,0.005766180107333107,0.14933991157121795,0.15077613453773608,0.18946008403344194
Ford_Escape,19.0,24.0,3465.0,5.0,153.0,0.04415584415584416,2.3,4.0,1.0,A,suv4,174.7,gas,no,no,Ford,Escape,52.63157894736842,41.666666666666664,0.008535867805129231,1.0273031056502688,0.7309546942393439,0.3502000648197594
Ford_Escape,17.0,22.0,3547.0,5.0,200.0,0.05638567803777841,3.0,6.0,1.0,A,suv4,174.7,gas,no,no,Ford,Escape,58.8235294117647,45.45454545454545,0.007703522201310918,2.6828619123916795,2.6133585351514483,2.475670449579269
Ford_Escape_Hybrid,29.0,27.0,3794.0,5.0,133.0,0.03505535055350553,2.3,4.0,1.0,AV,suv4,174.7,gas,no,no,Ford,Escape_Hybrid,34.48275862068966,37.03703703703704,0.05953701347877163,-13.198423827216182,-13.561614570948478,-13.85126125502967
Ford_Explorer,13.0,19.0,4632.0,5.0,210.0,0.04533678756476684,4.0,6.0,1.0,A,suv4,193.4,gas,no,no,Ford,Explorer,76.92307692307692,52.63157894736842,0.00884755594509578,12.836561540358943,12.402380893098979,12.044655136739948
Ford_Explorer,13.0,19.0,4712.0,5.0,292.0,0.06196943972835314,4.6,8.0,1.0,A,suv4,193.4,gas,no,no,Ford,Explorer,76.92307692307692,52.63157894736842,0.006469542770909845,5.481697537844994,5.46419822226737,5.542506080981752
GMC_Acadia,16.0,24.0,4722.0,7.0,275.0,0.05823803473104617,3.6,6.0,1.0,A,suv2,200.7,gas,no,no,GMC,Acadia,62.5,41.666666666666664,0.007177383197717685,-6.678989265845644,-6.814716160490406,-6.858897346447591
GMC_Envoy,14.0,20.0,4404.0,5.0,285.0,0.06471389645776567,4.2,6.0,1.0,A,suv2,191.6,gas,no,no,GMC,Envoy,71.42857142857143,50.0,0.005132425916641552,3.047884779805784,3.100347960613675,3.2052203802752217
GMC_Envoy,14.0,20.0,4612.0,5.0,300.0,0.06504770164787511,5.3,8.0,1.0,A,suv2,191.6,gas,no,no,GMC,Envoy,71.42857142857143,50.0,0.006121458735181967,-0.013639632573287486,0.05093427740240486,0.19889706306506127
GMC_Yukon_1500,14.0,19.0,5270.0,6.0,295.0,0.055977229601518026,4.8,8.0,1.0,A,suv2,202.0,gas,no,no,GMC,Yukon_1500,71.42857142857143,52.63157894736842,0.011110823544945922,-4.061246484375914,-4.274667557009806,-4.317544027467676
GMC_Yukon_1500,12.0,19.0,5635.0,7.0,380.0,0.06743566992014197,6.2,8.0,1.0,A,suv2,202.0,gas,no,no,GMC,Yukon_1500,83.33333333333333,52.63157894736842,0.014299121014779835,-2.283829105913867,-2.1588472510229195,-1.8032329017547255
GMC_Yukon_1500_FFV,14.0,20.0,5270.0,5.0,320.0,0.06072106261859583,5.3,8.0,1.0,A,suv2,202.0,gas,no,no,GMC,Yukon_1500_FFV,71.42857142857143,50.0,0.010347804548965911,-6.087119591610673,-6.165416959248816,-6.070730736317472
GMC_Yukon_1500_FFV,11.0,15.0,5270.0,5.0,320.0,0.06072106261859583,5.3,8.0,1.0,A,suv2,202.0,E85,no,no,GMC,Yukon_1500_FFV,90.9090909090909,66.66666666666667,0.046438277247450505,-12.81747361416636,-12.744353214165159,-12.564769206408457
GMC_Yukon_Hybrid,21.0,22.0,5270.0,7.0,332.0,0.06299810246679317,6.0,8.0,1.0,AV,suv2,202.0,gas,yes,no,GMC,Yukon_Hybrid,47.61904761904762,45.45454545454545,0.06390529530812854,-6.144585086912855,-5.932783198660466,-5.54697695386141
GMC_Acadia,16.0,22.0,4936.0,7.0,275.0,0.05571312803889789,3.6,6.0,1.0,A,suv4,200.7,gas,no,no,GMC,Acadia,62.5,45.45454545454545,0.00847200652653103,-8.578239829692649,-8.78491954971986,-8.869685887152698
GMC_Yukon_Denali,12.0,17.0,5635.0,7.0,380.0,0.06743566992014197,6.2,8.0,1.0,A,suv4,202.0,gas,no,no,GMC,Yukon_Denali,83.33333333333333,58.8235294117647,0.014299121014779835,-2.283829105913867,-2.1588472510229195,-1.8032329017547255
GMC_Yukon_XL_1500_FFV,14.0,19.0,5771.0,7.0,310.0,0.053716860162883386,5.3,8.0,1.0,A,suv4,222.4,gas,no,no,GMC,Yukon_XL_1500_FFV,71.42857142857143,52.63157894736842,0.02408305231232647,-7.002551157871849,-7.365359151682327,-7.496304308060445
GMC_Yukon_XL_1500_FFV,11.0,14.0,5771.0,7.0,310.0,0.053716860162883386,5.3,8.0,1.0,A,suv4,222.4,E85,no,no,GMC,Yukon_XL_1500_FFV,90.9090909090909,71.42857142857143,0.05192804675673578,-13.732905180427537,-13.94429540659867,-13.99034277815143
GMC_Yukon_1500_Hybrid,20.0,20.0,5527.0,7.0,332.0,0.06006875339243713,6.0,8.0,1.0,AV,suv4,202.0,gas,yes,no,GMC,Yukon_1500_Hybrid,50.0,50.0,0.06621902557386022,-6.044508383103846,-5.9179161963621425,-5.580850063381995
Honda_S2000,18.0,25.0,2864.0,2.0,237.0,0.08275139664804469,2.2,4.0,3.0,M,2-seater,162.2,gas,no,no,Honda,S2000,55.55555555555556,40.0,0.012809855364742329,1.50721318790508,2.0653312324467237,2.7029989140324417
Honda_Civic,25.0,36.0,2690.0,5.0,140.0,0.05204460966542751,1.8,4.0,3.0,A,subcompact,176.7,gas,no,no,Honda,Civic,40.0,27.77777777777778,0.011523024801223856,-3.405969733900548,-3.521936161980996,-3.834655389999263
Honda_Civic,26.0,34.0,2628.0,5.0,140.0,0.0532724505327245,1.8,4.0,3.0,M,subcompact,176.7,gas,no,no,Honda,Civic,38.46153846153846,29.41176470588235,0.011363850659644252,-3.6981590151035775,-3.631814268251702,-3.536861655048753
Honda_Civic,21.0,29.0,2945.0,5.0,197.0,0.06689303904923599,2.0,4.0,3.0,M,subcompact,176.7,gas,no,no,Honda,Civic,47.61904761904762,34.48275862068966,0.008838510470402615,-1.9730163773210023,-1.7036926001172716,-1.3552161722382365
Honda_Accord_Coupe,21.0,30.0,3283.0,5.0,190.0,0.057873895826987515,2.4,4.0,3.0,A,compact,190.9,gas,no,no,Honda,Accord_Coupe,47.61904761904762,33.333333333333336,0.009485509367306213,-3.207797036146303,-3.2949223337378584,-3.497596402250103
Honda_Accord_Coupe,22.0,31.0,3221.0,5.0,190.0,0.05898789195901894,2.4,4.0,3.0,M,compact,190.9,gas,no,no,Honda,Accord_Coupe,45.45454545454545,32.25806451612903,0.014224062267204584,-4.1260269433899595,-4.030841066049192,-3.8258432933402347
Honda_Accord_Coupe,19.0,28.0,3569.0,5.0,268.0,0.07509106192210703,3.5,6.0,3.0,A,compact,190.9,gas,no,no,Honda,Accord_Coupe,52.63157894736842,35.714285714285715,0.007690574687157781,-7.054240555950507,-6.814604697971113,-6.6423231319035665
Honda_Accord_Coupe,17.0,25.0,3446.0,5.0,268.0,0.07777132907719095,3.5,6.0,3.0,M,compact,190.9,gas,no,no,Honda,Accord_Coupe,58.8235294117647,40.0,0.012309737827409989,0.92535732642704,1.3675292301253492,1.9590513020870617
Honda_Civic_Hybrid,40.0,45.0,2877.0,5.0,110.0,0.03823427181091415,1.3,4.0,3.0,AV,compact,176.7,gas,yes,no,Honda,Civic_Hybrid,25.0,22.22222222222222,0.06165792122314176,7.089929907768035,6.97505407779034,6.6868849517648385
Honda_Accord,21.0,31.0,3408.0,5.0,190.0,0.05575117370892019,2.4,4.0,3.0,A,large,194.1,gas,no,no,Honda,Accord,47.61904761904762,32.25806451612903,0.010047971658602151,-3.8904122853582663,-4.029076415321647,-4.267314259029767
Honda_Accord,22.0,31.0,3349.0,5.0,190.0,0.05673335323977307,2.4,4.0,3.0,M,large,194.1,gas,no,no,Honda,Accord,45.45454545454545,32.25806451612903,0.01609003813052711,-4.835267200506323,-4.792614821313769,-4.623749774522302
Honda_Accord,19.0,29.0,3567.0,5.0,268.0,0.0751331651247547,3.5,6.0,3.0,A,large,194.1,gas,no,no,Honda,Accord,52.63157894736842,34.48275862068966,0.009108923707788416,-6.609730470542978,-6.379525927068258,-6.2187225556479575
Honda_Fit,27.0,34.0,2514.0,5.0,109.0,0.04335719968178202,1.5,4.0,3.0,A,smallwagon,157.4,gas,no,no,Honda,Fit,37.03703703703704,29.41176470588235,0.019444384652100258,-4.868746313499599,-5.033030409311003,-5.411433417304117
Honda_Fit,28.0,34.0,2432.0,5.0,109.0,0.04481907894736842,1.5,4.0,3.0,M,smallwagon,157.4,gas,no,no,Honda,Fit,35.714285714285715,29.41176470588235,0.014525755309999685,-4.767725326296421,-4.743067141999575,-4.710005303960685
Honda_Odyssey,16.0,23.0,4385.0,7.0,244.0,0.0556442417331813,3.5,6.0,3.0,A,minivan,202.1,gas,no,no,Honda,Odyssey,62.5,43.47826086956522,0.007999136917749342,-0.9893231898869033,-1.1852856674592331,-1.3413201162755328
Honda_CR-V,20.0,27.0,3389.0,5.0,166.0,0.048982000590144584,2.4,4.0,3.0,A,suv2,177.9,gas,no,no,Honda,CR-V,50.0,37.03703703703704,0.007054451997560128,-1.556469577097559,-1.767449887264462,-2.0741159929688777
Honda_Element,20.0,25.0,3499.0,4.0,166.0,0.04744212632180623,2.4,4.0,3.0,A,suv2,169.3,gas,no,no,Honda,Element,50.0,40.0,0.011319720694751637,-3.679637582296138,-3.899960203683257,-4.195620817689807
Honda_Element,18.0,23.0,3433.0,4.0,166.0,0.04835420914651908,2.4,4.0,3.0,M,suv2,169.3,gas,no,no,Honda,Element,55.55555555555556,43.47826086956522,0.012332300615284779,3.157690241057125,3.1210050156375146,3.233774843814338
Honda_Pilot,16.0,22.0,4310.0,8.0,250.0,0.058004640371229696,3.5,6.0,3.0,A,suv2,190.9,gas,no,no,Honda,Pilot,62.5,45.45454545454545,0.005070089733158756,-2.303567818496049,-2.4069034748816875,-2.4741978762949373
Honda_CR-V,20.0,26.0,3501.0,5.0,166.0,0.047415024278777494,2.4,4.0,3.0,A,suv4,177.9,gas,no,no,Honda,CR-V,50.0,38.46153846153846,0.007086655186306235,-2.550469872195052,-2.798584371347161,-3.1264913039921183
Honda_Element,19.0,24.0,3645.0,4.0,166.0,0.045541838134430725,2.4,4.0,3.0,A,suv4,169.3,gas,no,no,Honda,Element,52.63157894736842,41.666666666666664,0.012364444045846301,-2.3438090196083934,-2.6125387087797804,-2.9358882579052477
Honda_Element,18.0,23.0,3567.0,4.0,166.0,0.04653770675637791,2.4,4.0,3.0,M,suv4,169.3,gas,no,no,Honda,Element,55.55555555555556,43.47826086956522,0.013860814490214535,1.9684398879940517,1.8873262578957153,1.9746829538401087
Honda_Pilot,15.0,20.0,4504.0,8.0,250.0,0.05550621669626998,3.5,6.0,3.0,A,suv4,190.9,gas,no,no,Honda,Pilot,66.66666666666667,50.0,0.0061131610157610945,0.14134833701960758,-0.026309039572552706,-0.1303955876506535
Hummer_H3,13.0,18.0,4689.0,5.0,242.0,0.05161015141821284,3.7,5.0,1.0,M,suv4,186.7,gas,no,no,Hummer,H3,76.92307692307692,55.55555555555556,0.019430981712255536,9.54006198902708,9.44283098568765,9.671115569888585
Hummer_H3,13.0,16.0,4840.0,5.0,300.0,0.06198347107438017,5.3,8.0,1.0,A,suv4,186.7,gas,no,no,Hummer,H3,76.92307692307692,62.5,0.010084694442615338,2.80388888848681,2.8083252877722487,2.9312046080069223
Hyundai_Tiburon,20.0,27.0,2972.0,4.0,138.0,0.046433378196500674,2.0,4.0,3.0,A,subcompact,173.0,gas,no,no,Hyundai,Tiburon,50.0,37.03703703703704,0.009689841656140683,3.759908029005416,3.5513048004767356,3.1878094178970215
Hyundai_Tiburon,20.0,28.0,2898.0,4.0,138.0,0.047619047619047616,2.0,4.0,3.0,M,subcompact,173.0,gas,no,no,Hyundai,Tiburon,50.0,35.714285714285715,0.0099290362464072,5.112680317881512,5.090366927390711,5.1368191889187
Hyundai_Tiburon,17.0,24.0,3010.0,4.0,172.0,0.05714285714285714,2.7,6.0,3.0,A,subcompact,173.0,gas,no,no,Hyundai,Tiburon,58.8235294117647,41.666666666666664,0.009201783643752485,9.490999914808476,9.45356582523975,9.26994899652884
Hyundai_Tiburon,17.0,24.0,2969.0,4.0,172.0,0.057931963624115866,2.7,6.0,3.0,M,subcompact,173.0,gas,no,no,Hyundai,Tiburon,58.8235294117647,41.666666666666664,0.008835508789471584,10.550897116736188,10.688811541665075,10.908883899124021
Hyundai_Accent,24.0,33.0,2403.0,5.0,110.0,0.04577611319184353,1.6,4.0,3.0,A,compact,168.5,gas,no,no,Hyundai,Accent,41.666666666666664,30.303030303030305,0.01479998900142692,2.1452977122817387,1.9882061616005728,1.595226151816675
Hyundai_Accent,27.0,32.0,2365.0,5.0,110.0,0.046511627906976744,1.6,4.0,3.0,M,compact,168.5,gas,no,no,Hyundai,Accent,37.03703703703704,31.25,0.011961982377909198,-1.4510597233245335,-1.433797425284503,-1.4236571996201732
Hyundai_Elantra,25.0,33.0,2747.0,5.0,138.0,0.050236621769202766,2.0,4.0,3.0,A,midsize,177.4,gas,no,no,Hyundai,Elantra,40.0,30.303030303030305,0.011035117352308863,-3.6564212679751478,-3.804304397680262,-4.141432531939792
Hyundai_Elantra,24.0,33.0,2723.0,5.0,138.0,0.050679397723099526,2.0,4.0,3.0,M,midsize,177.4,gas,no,no,Hyundai,Elantra,41.666666666666664,30.303030303030305,0.011140010673405303,-1.0807324441723338,-1.0589034987793866,-0.9955665009582475
Hyundai_Azera,18.0,26.0,3629.0,5.0,234.0,0.06448057316065031,3.3,6.0,3.0,A,large,192.7,gas,no,no,Hyundai,Azera,55.55555555555556,38.46153846153846,0.00705879809304449,-1.6675241349344532,-1.6372279453520875,-1.6700804977360022
Hyundai_Azera,17.0,26.0,3629.0,5.0,263.0,0.0724717553044916,3.8,6.0,3.0,A,large,192.7,gas,no,no,Hyundai,Azera,58.8235294117647,38.46153846153846,0.007605418603327745,-0.7495630831176285,-0.5625233957402003,-0.43580322379261816
Hyundai_Sonata,19.0,28.0,3458.0,5.0,234.0,0.06766917293233082,3.3,6.0,3.0,A,large,188.9,gas,no,no,Hyundai,Sonata,52.63157894736842,35.714285714285715,0.007132365686397281,-3.580652887734722,-3.481673619184221,-3.4680152049708255
Hyundai_Sonata,21.0,31.0,3253.0,5.0,162.0,0.04980018444512758,2.4,4.0,3.0,M,large,188.9,gas,no,no,Hyundai,Sonata,47.61904761904762,32.25806451612903,0.013758749196905874,-0.2432720331846241,-0.30372545808166507,-0.2514557752107365
Hyundai_Entourage,16.0,23.0,5898.0,7.0,250.0,0.0423872499152255,3.8,6.0,3.0,A,minivan,202.0,gas,no,no,Hyundai,Entourage,62.5,43.47826086956522,0.026211023039202714,-14.916747974578612,-15.58160841872899,-15.99119808834692
Hyundai_Santa_Fe,18.0,24.0,3793.0,5.0,185.0,0.04877405747429475,2.7,6.0,3.0,A,suv2,184.1,gas,no,no,Hyundai,Santa_Fe,55.55555555555556,41.666666666666664,0.005800541619062398,-0.2992309922320402,-0.5610235596365953,-0.8627346123546644
Hyundai_Santa_Fe,17.0,24.0,3723.0,5.0,185.0,0.049691109320440505,2.7,6.0,3.0,M,suv2,184.1,gas,no,no,Hyundai,Santa_Fe,58.8235294117647,41.666666666666664,0.011226652772880626,4.286015142314007,4.20918619191216,4.3166641823395935
Hyundai_Santa_Fe,17.0,24.0,3846.0,5.0,242.0,0.06292251690067603,3.3,6.0,3.0,A,suv2,184.1,gas,no,no,Hyundai,Santa_Fe,58.8235294117647,41.666666666666664,0.004989826826636441,-2.1206229601624997,-2.0919059088929544,-2.0900254834322567
Hyundai_Tucson,19.0,25.0,3266.0,5.0,140.0,0.04286589099816289,2.0,4.0,3.0,A,suv2,170.3,gas,no,no,Hyundai,Tucson,52.63157894736842,40.0,0.01050318375875549,3.260087535547733,2.973334128445117,2.5750913521321337
Hyundai_Tucson,20.0,25.0,3240.0,5.0,140.0,0.043209876543209874,2.0,4.0,3.0,M,suv2,170.3,gas,no,no,Hyundai,Tucson,50.0,40.0,0.011625042591716045,1.5552807505850694,1.438902529098094,1.441504185346865
Hyundai_Veracruz,16.0,23.0,4266.0,7.0,260.0,0.06094702297233943,3.8,6.0,3.0,A,suv2,190.6,gas,no,no,Hyundai,Veracruz,62.5,43.47826086956522,0.004828459810413018,-2.763425702971716,-2.7971770936262033,-2.7999901669316927
Hyundai_Santa_Fe,17.0,23.0,3969.0,5.0,185.0,0.046611237087427565,2.7,6.0,3.0,A,suv4,184.1,gas,no,no,Hyundai,Santa_Fe,58.8235294117647,43.47826086956522,0.00641393246657012,1.4067424002524618,1.0865961072997479,0.7515066122465299
Hyundai_Santa_Fe,17.0,24.0,4022.0,5.0,242.0,0.06016907011437096,3.3,6.0,3.0,A,suv4,184.1,gas,no,no,Hyundai,Santa_Fe,58.8235294117647,41.666666666666664,0.00520947663510269,-3.6826234238871436,-3.712260098165757,-3.743758115040208
Hyundai_Tucson,17.0,23.0,3548.0,5.0,173.0,0.04875986471251409,2.7,6.0,3.0,A,suv4,170.3,gas,no,no,Hyundai,Tucson,58.8235294117647,43.47826086956522,0.010711414809612968,4.275134755380783,4.073246055891971,3.803104667020321
Hyundai_Veracruz,15.0,22.0,4431.0,7.0,260.0,0.05867749943579328,3.8,6.0,3.0,A,suv4,190.6,gas,no,no,Hyundai,Veracruz,66.66666666666667,45.45454545454545,0.005482481403073886,-0.06113447104688419,-0.1495924794027843,-0.18369784239746423
Infiniti_G37_Coupe,18.0,24.0,3616.0,4.0,330.0,0.09126106194690266,3.7,6.0,3.0,A-S,subcompact,183.1,gas,no,no,Infiniti,G37_Coupe,55.55555555555556,41.666666666666664,0.011095602318334475,-8.586378026093897,-8.160995828833215,-7.616810488660583
Infiniti_G37_Coupe,17.0,26.0,3668.0,4.0,330.0,0.08996728462377317,3.7,6.0,3.0,M,subcompact,183.1,gas,no,no,Infiniti,G37_Coupe,58.8235294117647,38.46153846153846,0.011049608740875082,-7.109286259776759,-6.381007674149991,-5.461529831607727
Infiniti_G35,17.0,24.0,3497.0,4.0,306.0,0.08750357449242208,3.5,6.0,3.0,A-S,midsize,187.0,gas,no,no,Infiniti,G35,58.8235294117647,41.666666666666664,0.011286018825354698,-1.7973268257302024,-1.474510889964563,-1.054268679008885
Infiniti_G35,17.0,25.0,3532.0,4.0,306.0,0.08663646659116647,3.5,6.0,3.0,M,midsize,187.0,gas,no,no,Infiniti,G35,58.8235294117647,40.0,0.011109304422893714,-3.4373338708306065,-2.805985107299364,-2.0072263398848804
Infiniti_M35,16.0,23.0,3876.0,5.0,275.0,0.07094943240454077,3.5,6.0,3.0,A-S,large,194.1,gas,no,no,Infiniti,M35,62.5,43.47826086956522,0.009866553032816375,1.9744743446933626,1.9816804376622414,2.133158650334501
Infiniti_M45,16.0,21.0,3990.0,5.0,325.0,0.08145363408521303,4.5,8.0,3.0,A-S,large,194.1,gas,no,no,Infiniti,M45,62.5,47.61904761904762,0.010045292468030806,-3.0890221701432665,-2.849365966685653,-2.4443824946565798
Infiniti_EX35,17.0,24.0,3790.0,4.0,297.0,0.07836411609498681,3.5,6.0,3.0,A-S,smallwagon,182.3,gas,no,no,Infiniti,EX35,58.8235294117647,41.666666666666664,0.008725218695966373,-4.295192146824398,-4.103340248933094,-3.7707724321062273
Infiniti_FX35,15.0,22.0,4151.0,5.0,275.0,0.06624909660322814,3.5,6.0,3.0,A-S,suv2,189.1,gas,no,no,Infiniti,FX35,66.66666666666667,45.45454545454545,0.007985407328523719,3.033702661574779,2.965503597471958,3.08335533013355
Infiniti_QX56,12.0,18.0,5705.0,7.0,320.0,0.056091148115687994,5.6,8.0,3.0,A,suv2,206.9,gas,no,no,Infiniti,QX56,83.33333333333333,55.55555555555556,0.016078931286143787,2.6104925397248167,2.3725115461948576,2.36654312507585
Infiniti_FX35,15.0,20.0,4314.0,5.0,275.0,0.06374594343996291,3.5,6.0,3.0,A-S,suv4,189.1,gas,no,no,Infiniti,FX35,66.66666666666667,50.0,0.00844558099121678,1.58707723210253,1.464834660815896,1.5517734042693831
Infiniti_FX45,13.0,17.0,4488.0,5.0,320.0,0.07130124777183601,4.5,8.0,3.0,A-S,suv4,189.1,gas,no,no,Infiniti,FX45,76.92307692307692,58.8235294117647,0.008906844697304808,6.652665437035154,6.715954919710313,7.017507369410339
Infiniti_QX56,12.0,17.0,6011.0,7.0,320.0,0.053235734486774246,5.6,8.0,3.0,A,suv4,206.9,gas,no,no,Infiniti,QX56,83.33333333333333,58.8235294117647,0.021632734070770963,-0.10525826652371961,-0.4446951692453638,-0.508696563969778
Isuzu_Ascender,14.0,20.0,4417.0,5.0,285.0,0.06452343219379669,4.2,6.0,3.0,A,suv2,191.6,gas,no,no,Isuzu,Ascender,71.42857142857143,50.0,0.005172954690801465,2.9325097455534035,2.9806627079969275,3.0830696745314583
Isuzu_Ascender,14.0,20.0,4594.0,5.0,285.0,0.062037440139312144,4.2,6.0,3.0,A,suv4,191.6,gas,no,no,Isuzu,Ascender,71.42857142857143,50.0,0.00601809865703317,1.3616342791939502,1.351101960830519,1.4199408347893723
Jaguar_XK,16.0,25.0,3671.0,4.0,300.0,0.08172160174339417,4.2,8.0,2.0,A,minicompact,188.6,gas,no,no,Jaguar,XK,62.5,40.0,0.007675455626648047,-0.9909211569280671,-0.6048902249665744,-0.267350161272482
Jaguar_XKR,15.0,23.0,3814.0,4.0,420.0,0.11012060828526482,4.2,8.0,2.0,A,minicompact,188.6,gas,no,no,Jaguar,XKR,66.66666666666667,43.47826086956522,0.018253015176692384,-7.817570781764516,-6.830358467831317,-5.859637460266271
Jaguar_X-Type,16.0,22.0,3516.0,5.0,227.0,0.06456200227531285,3.0,6.0,2.0,A,compact,183.8,gas,no,no,Jaguar,X-Type,62.5,45.45454545454545,0.005753898091728512,5.660113604384421,5.718116020405191,5.701155049379004
Jaguar_S-Type,17.0,26.0,3760.0,5.0,235.0,0.0625,3.0,6.0,2.0,A,midsize,193.1,gas,no,no,Jaguar,S-Type,58.8235294117647,38.46153846153846,0.0062719558128118795,0.41013446184384605,0.4011400575959385,0.34746364454575485
Jaguar_S-Type,16.0,24.0,3868.0,5.0,300.0,0.07755946225439504,4.2,8.0,2.0,A,midsize,193.1,gas,no,no,Jaguar,S-Type,62.5,41.666666666666664,0.007010476277578909,-2.1391653132895385,-1.8326460524985038,-1.5491416887150962
Jaguar_XJ8,16.0,25.0,3726.0,5.0,300.0,0.08051529790660225,4.2,8.0,2.0,A,large,200.4,gas,no,no,Jaguar,XJ8,62.5,40.0,0.01243691874186316,0.09463149366658286,0.4252036941246118,0.7085884813033445
Jaguar_XJR,15.0,22.0,3958.0,5.0,400.0,0.10106114199090449,4.2,8.0,2.0,A,large,200.4,gas,no,no,Jaguar,XJR,66.66666666666667,45.45454545454545,0.017173309942197658,-5.901194879879213,-5.107048679478922,-4.317411974548719
Jeep_Commander,14.0,19.0,4649.0,5.0,210.0,0.04517100451710045,3.7,6.0,1.0,A,suv2,188.5,gas,no,no,Jeep,Commander,71.42857142857143,52.63157894736842,0.010026081332199305,6.5377046283506814,6.113344630006537,5.7705516089735625
Jeep_Commander,13.0,19.0,5055.0,7.0,330.0,0.06528189910979229,5.7,8.0,1.0,A,suv2,188.5,gas,no,no,Jeep,Commander,76.92307692307692,52.63157894736842,0.011803213462105954,-1.2952318615991345,-1.2056095110350356,-0.965099601459201
Jeep_Commander_FFV,14.0,19.0,4936.0,7.0,305.0,0.06179092382495948,4.7,8.0,1.0,A,suv2,188.5,gas,no,no,Jeep,Commander_FFV,71.42857142857143,52.63157894736842,0.01026356851547017,-3.707738935328763,-3.7137852139636465,-3.5882696191527117
Jeep_Commander_FFV,9.0,13.0,4936.0,7.0,305.0,0.06179092382495948,4.7,8.0,1.0,A,suv2,188.5,E85,no,no,Jeep,Commander_FFV,111.11111111111111,76.92307692307692,0.05125738961954976,9.763927244135758,9.909298733140218,10.119712112776512
Jeep_Compass,21.0,25.0,3153.0,5.0,172.0,0.0545512210593086,2.4,4.0,1.0,AV,suv2,173.4,gas,no,no,Jeep,Compass,47.61904761904762,40.0,0.05495434049556236,2.2930085302057392,2.3572385473206054,2.4085725765089663
Jeep_Compass,23.0,28.0,3071.0,5.0,172.0,0.05600781504395962,2.4,4.0,1.0,M,suv2,173.4,gas,no,no,Jeep,Compass,43.47826086956522,35.714285714285715,0.00887534468224453,-5.646276684195556,-5.543442698791694,-5.344196852758934
Jeep_Grand_Cherokee,15.0,20.0,4316.0,5.0,210.0,0.04865616311399444,3.7,6.0,1.0,A,suv2,188.0,gas,no,no,Jeep,Grand_Cherokee,66.66666666666667,50.0,0.0067105336706807135,4.66449448131246,4.3521196380572675,4.074332880738076
Jeep_Grand_Cherokee,13.0,19.0,4593.0,5.0,330.0,0.07184846505551927,5.7,8.0,1.0,A,suv2,188.0,gas,no,no,Jeep,Grand_Cherokee,76.92307692307692,52.63157894736842,0.0075961813370943945,2.738338093156514,2.982716227194274,3.3126972815136497
Jeep_Grand_Cherokee_FFV,14.0,19.0,4460.0,5.0,305.0,0.06838565022421525,4.7,8.0,1.0,A,suv2,188.0,gas,no,no,Jeep,Grand_Cherokee_FFV,71.42857142857143,52.63157894736842,0.0062677584362923755,0.4500810563140618,0.6034323347760164,0.8210741776980228
Jeep_Grand_Cherokee_FFV,9.0,13.0,4460.0,5.0,305.0,0.06838565022421525,4.7,8.0,1.0,A,suv2,188.0,E85,no,no,Jeep,Grand_Cherokee_FFV,111.11111111111111,76.92307692307692,0.048398321067530725,13.921747235778582,14.226516281879867,14.529055909627246
Jeep_Patriot,23.0,28.0,3108.0,5.0,173.0,0.05566280566280566,2.4,4.0,1.0,M,suv2,173.6,gas,no,no,Jeep,Patriot,43.47826086956522,35.714285714285715,0.008892781491413357,-6.0290142009639,-5.933673713499573,-5.736683512076759
Jeep_Commander,14.0,19.0,4826.0,5.0,210.0,0.0435142975549109,3.7,6.0,1.0,A,suv4,188.5,gas,no,no,Jeep,Commander,71.42857142857143,52.63157894736842,0.012620765096152255,4.966829161991242,4.483783882840129,4.107422769231476
Jeep_Commander,13.0,17.0,5239.0,7.0,330.0,0.06298912006108036,5.7,8.0,1.0,A,suv4,188.5,gas,no,no,Jeep,Commander,76.92307692307692,58.8235294117647,0.014590167699103044,-2.9282323464021687,-2.8996161634565993,-2.6940018981402147
Jeep_Commander_FFV,13.0,18.0,5119.0,7.0,305.0,0.059581949599531156,4.7,8.0,1.0,A,suv4,188.5,gas,no,no,Jeep,Commander_FFV,76.92307692307692,55.55555555555556,0.012907661282413822,0.1626410770084874,0.09592018601388475,0.18672978680588415
Jeep_Commander_FFV,9.0,12.0,5119.0,7.0,305.0,0.059581949599531156,4.7,8.0,1.0,A,suv4,188.5,E85,no,no,Jeep,Commander_FFV,111.11111111111111,83.33333333333333,0.05353014136354369,8.139801761967519,8.22449863861226,8.400206024229618
Jeep_Compass,21.0,24.0,3305.0,5.0,172.0,0.052042360060514374,2.4,4.0,1.0,AV,suv4,173.4,gas,no,no,Jeep,Compass,47.61904761904762,41.666666666666664,0.05519396905306857,0.9440081297162806,0.9578417474940863,0.9803489401203009
Jeep_Compass,22.0,27.0,3177.0,5.0,172.0,0.054139124960654705,2.4,4.0,1.0,M,suv4,173.4,gas,no,no,Jeep,Compass,45.45454545454545,37.03703703703704,0.009118800127948528,-4.610742378504028,-4.54305325053258,-4.363910329997118
Jeep_Grand_Cherokee,15.0,19.0,4488.0,5.0,210.0,0.04679144385026738,3.7,6.0,1.0,A,suv4,188.0,gas,no,no,Jeep,Grand_Cherokee,66.66666666666667,52.63157894736842,0.008271796084469856,3.137994028127025,2.7685916803588313,2.4581850816666844
Jeep_Grand_Cherokee,13.0,18.0,4730.0,5.0,330.0,0.06976744186046512,5.7,8.0,1.0,A,suv4,186.7,gas,no,no,Jeep,Grand_Cherokee,76.92307692307692,55.55555555555556,0.009194543360015815,1.3490914496329935,1.5521473733809614,1.860963452142144
Jeep_Grand_Cherokee,11.0,14.0,4819.0,5.0,425.0,0.08819257107283669,6.1,8.0,1.0,A,suv4,186.7,gas,no,no,Jeep,Grand_Cherokee,90.9090909090909,71.42857142857143,0.015384956145047968,6.84691239365776,7.5339299783566815,8.348605420588811
Jeep_Grand_Cherokee_FFV,14.0,19.0,4695.0,5.0,305.0,0.06496272630457935,4.7,8.0,1.0,A,suv4,188.0,gas,no,no,Jeep,Grand_Cherokee_FFV,71.42857142857143,52.63157894736842,0.007881991501826998,-1.6355445628637284,-1.5601087702189318,-1.3870347338239526
Jeep_Grand_Cherokee_FFV,9.0,12.0,4695.0,5.0,305.0,0.06496272630457935,4.7,8.0,1.0,A,suv4,188.0,E85,no,no,Jeep,Grand_Cherokee_FFV,111.11111111111111,83.33333333333333,0.0495356954423922,11.836121616600792,12.062975176884919,12.32094699810527
Jeep_Liberty,15.0,21.0,4269.0,5.0,210.0,0.049191848208011243,3.7,6.0,1.0,A,suv4,176.9,gas,no,no,Jeep,Liberty,66.66666666666667,47.61904761904762,0.011423591281499402,3.6012955771696085,3.3395188678738705,3.1117763580864093
Jeep_Liberty,16.0,22.0,4198.0,5.0,210.0,0.050023820867079564,3.7,6.0,1.0,M,suv4,176.9,gas,no,no,Jeep,Liberty,62.5,45.45454545454545,0.016556019636943878,0.7607761914746334,0.6842946544403716,0.8659308380389987
Jeep_Patriot,22.0,27.0,3251.0,5.0,173.0,0.05321439557059366,2.4,4.0,1.0,M,suv4,173.6,gas,no,no,Jeep,Patriot,45.45454545454545,37.03703703703704,0.009336260028546527,-5.321854992759924,-5.2739269073034905,-5.104056690277979
Jeep_Wrangler,15.0,19.0,3785.0,4.0,202.0,0.053368560105680314,3.8,6.0,1.0,A,suv4,162.9,gas,no,no,Jeep,Wrangler,66.66666666666667,52.63157894736842,0.019487708456526885,6.6780008961240895,6.577620455959618,6.449525141895599
Jeep_Wrangler,15.0,19.0,3760.0,4.0,202.0,0.05372340425531915,3.8,6.0,1.0,M,suv4,162.9,gas,no,no,Jeep,Wrangler,66.66666666666667,52.63157894736842,0.020084662153727378,7.59589805589502,7.665561246087407,7.938120714344613
Kia_Rio,25.0,35.0,2403.0,5.0,110.0,0.04577611319184353,1.6,4.0,3.0,A,compact,166.9,gas,no,no,Kia,Rio,40.0,28.571428571428573,0.015103884482591281,0.26525100554611925,0.1132066673760832,-0.2738445948436592
Kia_Rio,27.0,32.0,2365.0,5.0,110.0,0.046511627906976744,1.6,4.0,3.0,M,compact,166.9,gas,no,no,Kia,Rio,37.03703703703704,31.25,0.011902494799050431,-1.6644397633934886,-1.6421302528423283,-1.6260612796138432
Kia_Optima,21.0,31.0,3179.0,5.0,162.0,0.050959421201635734,2.4,4.0,3.0,A,midsize,186.4,gas,no,no,Kia,Optima,47.61904761904762,32.25806451612903,0.008842660174986468,-0.6159502447182064,-0.8057370598026168,-1.1260831173703778
Kia_Optima,21.0,31.0,3142.0,5.0,162.0,0.051559516231699555,2.4,4.0,3.0,M,midsize,186.4,gas,no,no,Kia,Optima,47.61904761904762,32.25806451612903,0.012574560167722553,0.408446946670324,0.39268242504834205,0.4752669526882798
Kia_Optima,20.0,28.0,3287.0,5.0,185.0,0.05628232430787952,2.7,6.0,3.0,A,midsize,186.4,gas,no,no,Kia,Optima,50.0,35.714285714285715,0.0075946081328689685,-1.0573014069801019,-1.158582381418448,-1.3728529870464925
Kia_Spectra,24.0,32.0,2767.0,5.0,138.0,0.04987350921575714,2.0,4.0,3.0,A,midsize,177.2,gas,no,no,Kia,Spectra,41.666666666666664,31.25,0.010814319455739801,-2.1939271590130787,-2.3478104923302254,-2.6879905379550593
Kia_Spectra,23.0,30.0,2701.0,5.0,138.0,0.05109218807848945,2.0,4.0,3.0,M,midsize,177.2,gas,no,no,Kia,Spectra,43.47826086956522,33.333333333333336,0.011182279588002159,0.8994393116831816,0.9291933743335434,0.9974437708920831
Kia_Amanti,17.0,24.0,3770.0,5.0,264.0,0.070026525198939,3.8,6.0,3.0,A,large,196.9,gas,no,no,Kia,Amanti,58.8235294117647,41.666666666666664,0.008306247970415896,-1.5218507737326732,-1.38940436248744,-1.2994853290764041
Kia_Rondo,19.0,26.0,3333.0,5.0,162.0,0.048604860486048604,2.4,4.0,3.0,A,midsizewagon,179.0,gas,no,no,Kia,Rondo,52.63157894736842,38.46153846153846,0.007060377320929987,2.0429479925245673,1.8254450254495538,1.503313288322758
Kia_Sedona,16.0,23.0,4365.0,6.0,250.0,0.0572737686139748,3.8,6.0,3.0,A,minivan,189.4,gas,no,no,Kia,Sedona,62.5,43.47826086956522,0.00546795921574058,-2.9917367509746384,-3.1085761848649014,-3.1807431486664797
Kia_Sorento,16.0,22.0,4068.0,5.0,242.0,0.059488692232055065,3.3,6.0,3.0,A,suv2,180.7,gas,no,no,Kia,Sorento,62.5,45.45454545454545,0.00659270033754796,-0.8678355419991703,-0.9019984315962191,-0.9296217709617096
Kia_Sorento,15.0,21.0,4083.0,5.0,262.0,0.0641685035513103,3.8,6.0,3.0,A,suv2,180.7,gas,no,no,Kia,Sorento,66.66666666666667,47.61904761904762,0.006715379254854879,1.545007599357703,1.6139703448752982,1.6935524066130938
Kia_Sportage,19.0,25.0,3254.0,5.0,140.0,0.0430239704978488,2.0,4.0,3.0,A,suv2,171.3,gas,no,no,Kia,Sportage,52.63157894736842,40.0,0.00997378280810352,3.4999500922084295,3.214020840391896,2.81434839973781
Kia_Sportage,20.0,25.0,3230.0,5.0,140.0,0.043343653250773995,2.0,4.0,3.0,M,suv2,171.3,gas,no,no,Kia,Sportage,50.0,40.0,0.011269699519622393,1.7773933019761472,1.6611761252576898,1.661968816684272
Kia_Sportage,17.0,23.0,3351.0,5.0,173.0,0.051626380185019395,2.7,6.0,3.0,A,suv2,171.3,gas,no,no,Kia,Sportage,58.8235294117647,43.47826086956522,0.009339966429850488,6.156872799479309,6.01714597815392,5.780660219441174
Kia_Sorento,15.0,22.0,4274.0,5.0,242.0,0.056621431913897985,3.3,6.0,3.0,A,suv4,180.7,gas,no,no,Kia,Sorento,66.66666666666667,45.45454545454545,0.008080386730572492,1.4705805818988864,1.3681173089897811,1.3014260200729382
Kia_Sorento,15.0,20.0,4290.0,5.0,262.0,0.061072261072261075,3.8,6.0,3.0,A,suv4,180.7,gas,no,no,Kia,Sorento,66.66666666666667,50.0,0.008036617140828565,-0.29211794604570684,-0.2917871390989717,-0.25146267715305726
Kia_Sportage,19.0,24.0,3411.0,5.0,140.0,0.04104368220463207,2.0,4.0,3.0,M,suv4,171.3,gas,no,no,Kia,Sportage,52.63157894736842,41.666666666666664,0.012832762880422498,2.8025967724459306,2.6263680938853184,2.5928340917740655
Kia_Sportage,17.0,21.0,3527.0,5.0,173.0,0.04905018429259994,2.7,6.0,3.0,A,suv4,171.3,gas,no,no,Kia,Sportage,58.8235294117647,47.61904761904762,0.009932246244073536,4.5948723357546655,4.396791788881117,4.1269275878332365
Lamborghini_Gallardo_Coupe,11.0,17.0,2998.0,2.0,530.0,0.17678452301534356,5.0,10.0,2.0,A-S,2-seater,169.3,gas,no,no,Lamborghini,Gallardo_Coupe,90.9090909090909,58.8235294117647,0.05657845159493845,14.204521252274418,15.959326447345816,17.77235263102716
Lamborghini_Gallardo_Coupe,10.0,17.0,3153.0,2.0,520.0,0.1649222962258167,5.0,10.0,2.0,M,2-seater,169.3,gas,no,no,Lamborghini,Gallardo_Coupe,100.0,58.8235294117647,0.04682279127764677,21.400772224801102,23.37027413458425,
Lamborghini_Murcielago_Coupe,8.0,13.0,3671.0,2.0,632.0,0.17216017433941705,6.5,12.0,2.0,M,2-seater,181.5,gas,no,no,Lamborghini,Murcielago_Coupe,125.0,76.92307692307692,0.06439742089269915,34.354632145089255,,
Land_Rover_LR2,15.0,22.0,4255.0,5.0,230.0,0.05405405405405406,3.2,6.0,2.0,A-S,suv4,177.1,gas,no,no,Land_Rover,LR2,66.66666666666667,45.45454545454545,0.013585987187206286,4.156923680061041,3.8488742938845704,3.7438551601605283
Land_Rover_LR3,12.0,17.0,5796.0,7.0,300.0,0.051759834368530024,4.4,8.0,2.0,A-S,suv4,190.9,gas,no,no,Land_Rover,LR3,83.33333333333333,58.8235294117647,0.030117372946953325,3.315169431839692,2.8310075579375393,2.767777497289501
Land_Rover_Range_Rover,12.0,18.0,5842.0,5.0,400.0,0.06846970215679561,4.2,8.0,2.0,A-S,suv4,195.8,gas,no,yes,Land_Rover,Range_Rover,83.33333333333333,55.55555555555556,0.023243799105419204,-4.543096745588926,-4.5174724297280875,-4.057332417299321
Land_Rover_Range_Rover,12.0,18.0,5698.0,5.0,305.0,0.05352755352755353,4.4,8.0,2.0,A-S,suv4,195.8,gas,no,no,Land_Rover,Range_Rover,83.33333333333333,55.55555555555556,0.024238789518598994,4.433221441314259,3.9931196354579157,3.9578310476454703
Lexus_SC430,16.0,23.0,3840.0,4.0,288.0,0.075,4.3,8.0,3.0,A-S,minicompact,178.5,gas,no,no,Lexus,SC430,62.5,43.47826086956522,0.00942649529128266,-0.8399349668883218,-0.7013182360213719,-0.41367472537672967
Lexus_IS250,21.0,29.0,3435.0,5.0,204.0,0.059388646288209605,2.5,6.0,3.0,A-S,subcompact,180.1,gas,no,no,Lexus,IS250,47.61904761904762,34.48275862068966,0.009411373197757483,-5.106197600369299,-5.2923638509866535,-5.396051390275069
Lexus_IS250,18.0,26.0,3455.0,5.0,204.0,0.05904486251808973,2.5,6.0,3.0,M,subcompact,180.1,gas,no,no,Lexus,IS250,55.55555555555556,38.46153846153846,0.008798678124597017,1.3234283305601906,1.450768236590413,1.7284420073689049
Lexus_IS350,18.0,25.0,3527.0,5.0,306.0,0.08675928551176637,3.5,6.0,3.0,A-S,subcompact,180.1,gas,no,no,Lexus,IS350,55.55555555555556,40.0,0.010533700467350325,-6.251752183780724,-5.917116801824683,-5.476996374214771
Lexus_ISF,16.0,23.0,3780.0,4.0,416.0,0.11005291005291006,5.0,8.0,3.0,A-S,subcompact,183.5,gas,no,no,Lexus,ISF,62.5,43.47826086956522,0.017648409641909904,-10.01309249262684,-9.17852161575118,-8.1937054366593
Lexus_GS450h,22.0,25.0,4134.0,5.0,340.0,0.0822447992259313,3.5,6.0,3.0,A-S,compact,190.0,gas,yes,no,Lexus,GS450h,45.45454545454545,40.0,0.1013279101671636,-3.672580681205531,-3.311759164284048,-2.874818395372877
Lexus_ES350,19.0,27.0,3580.0,5.0,272.0,0.07597765363128492,3.5,6.0,3.0,A-S,midsize,191.1,gas,no,no,Lexus,ES350,52.63157894736842,37.03703703703704,0.010775062801204698,-5.423928730298819,-5.3253336018672925,-5.123110039518977
Lexus_GS460,17.0,24.0,3945.0,5.0,342.0,0.08669201520912548,4.6,8.0,3.0,A-S,midsize,190.0,gas,no,no,Lexus,GS460,58.8235294117647,41.666666666666664,0.009981740894558193,-8.29049770540896,-7.931103913848624,-7.4088511338573895
Lexus_LS600h,20.0,22.0,5049.0,5.0,438.0,0.08674985145573381,5.0,8.0,3.0,A-S,midsize,202.8,gas,yes,no,Lexus,LS600h,50.0,45.45454545454545,0.10363701537234415,-13.482135806400748,-12.935380127783759,-12.18015355139466
Lexus_RX350,18.0,23.0,3870.0,5.0,270.0,0.06976744186046512,3.5,6.0,3.0,A-S,suv2,186.2,gas,no,no,Lexus,RX350,55.55555555555556,43.47826086956522,0.007932588794621975,-5.565109410335836,-5.558018115039566,-5.403641348503903
Lexus_RX400h,27.0,24.0,4190.0,5.0,268.0,0.0639618138424821,3.3,6.0,3.0,AV,suv2,187.2,gas,yes,no,Lexus,RX400h,37.03703703703704,41.666666666666664,0.05824429120897068,-3.9291230394572807,-3.6584714407658865,-3.365162516291015
Lexus_GX470,14.0,18.0,4959.0,8.0,263.0,0.05303488606573906,4.7,8.0,3.0,A,suv4,188.2,gas,no,no,Lexus,GX470,71.42857142857143,55.55555555555556,0.01178780762281523,-0.5484059332876683,-0.7881394549218754,-0.8969795003690137
Lexus_LX570,12.0,18.0,5995.0,8.0,383.0,0.06388657214345288,5.7,8.0,3.0,A-S,suv4,196.5,gas,no,no,Lexus,LX570,83.33333333333333,55.55555555555556,0.026551727410202328,-4.430024668263371,-4.549220581869122,-4.214233514807063
Lexus_RX350,17.0,22.0,4090.0,5.0,270.0,0.06601466992665037,3.5,6.0,3.0,A-S,suv4,186.2,gas,no,no,Lexus,RX350,58.8235294117647,45.45454545454545,0.007990818799752754,-4.249636133782495,-4.315486995421423,-4.2028332818047005
Lexus_RX400h,26.0,24.0,4365.0,5.0,268.0,0.06139747995418098,3.3,6.0,3.0,AV,suv4,187.2,gas,yes,no,Lexus,RX400h,38.46153846153846,41.666666666666664,0.0584200745024324,-4.0577470760457075,-3.8451176476436615,-3.584997515263396
Lincoln_MKZ,18.0,28.0,3469.0,5.0,263.0,0.07581435572211012,3.5,6.0,1.0,A,midsize,190.5,gas,no,no,Lincoln,MKZ,55.55555555555556,35.714285714285715,0.008434533260558198,-2.8909340728537387,-2.643905626866065,-2.478689388531272
Lincoln_Town_Car_FFV,15.0,23.0,4413.0,6.0,239.0,0.05415816904600045,4.6,8.0,1.0,A,large,215.4,gas,no,no,Lincoln,Town_Car_FFV,66.66666666666667,43.47826086956522,0.01964881680196028,5.107739607525573,4.833513887708953,4.595373979352637
Lincoln_Town_Car_FFV,11.0,16.0,4413.0,6.0,239.0,0.05415816904600045,4.6,8.0,1.0,A,large,215.4,E85,no,no,Lincoln,Town_Car_FFV,90.9090909090909,62.5,0.05080800087010745,3.1392903468746454,3.0164823946973627,2.8632402711664184
Lincoln_MKX,16.0,24.0,4210.0,5.0,265.0,0.06294536817102138,3.5,6.0,1.0,A,suv2,186.5,gas,no,no,Lincoln,MKX,62.5,41.666666666666664,0.005204976905930268,-3.2183865295466347,-3.19361260264958,-3.1431003081738
Lincoln_Navigator,12.0,18.0,5777.0,7.0,300.0,0.05193006750908776,5.4,8.0,1.0,A,suv2,208.4,gas,no,no,Lincoln,Navigator,83.33333333333333,55.55555555555556,0.01847629008733249,3.7922346233717406,3.4175509254826437,3.282319331491948
Lincoln_MKX,15.0,22.0,4400.0,5.0,265.0,0.060227272727272727,3.5,6.0,1.0,A,suv4,186.5,gas,no,no,Lincoln,MKX,66.66666666666667,45.45454545454545,0.006182663061127743,-0.7379703634917973,-0.7761919357660503,-0.7617131869929779
Maserati_Gran_Turismo,13.0,19.0,4145.0,4.0,405.0,0.097708082026538,4.2,8.0,2.0,A,subcompact,197.7,gas,no,no,Maserati,Gran_Turismo,76.92307692307692,52.63157894736842,0.013923656875643401,1.9303364447603002,2.698023723877327,3.4897131340187855
Maserati_Quattroporte,12.0,18.0,4387.0,5.0,400.0,0.09117848187827672,4.2,8.0,2.0,A,large,198.9,gas,no,no,Maserati,Quattroporte,83.33333333333333,55.55555555555556,0.0114777293788976,6.758051868893986,7.4146926249997875,8.128527577579504
Maybach_57,10.0,16.0,5864.0,4.0,550.0,0.09379263301500682,5.5,12.0,2.0,A,large,225.3,gas,no,yes,Maybach,57,100.0,62.5,0.03253785354999848,1.6818716616916731,2.5762685240958803,3.7375418969239576
Maybach_57S,10.0,16.0,6017.0,4.0,612.0,0.1017118165198604,6.0,12.0,2.0,A,large,225.5,gas,no,yes,Maybach,57S,100.0,62.5,0.040284164814913676,-4.6734965423661805,-3.4953517477322436,-2.0226804755471193
Mazda_MX-5,22.0,27.0,2441.0,2.0,166.0,0.0680049160180254,2.0,4.0,3.0,M,2-seater,157.3,gas,no,no,Mazda,MX-5,45.45454545454545,37.03703703703704,0.013950129587340447,0.2603324532505411,0.5904041383904897,0.9357726119147074
Mazda_RX-8,16.0,23.0,3083.0,4.0,232.0,0.07525137852740837,1.3,2.0,3.0,A-S,subcompact,174.3,gas,no,no,Mazda,RX-8,62.5,43.47826086956522,0.011533439764455049,9.856275182679454,9.956451078106554,10.095082350004411
Mazda_RX-8,16.0,22.0,3053.0,4.0,232.0,0.07599082869308876,1.3,2.0,3.0,M,subcompact,174.3,gas,no,no,Mazda,RX-8,62.5,45.45454545454545,0.008639891056901987,8.793143308840982,9.223403123855448,9.752878217847247
Mazda_3,23.0,31.0,2811.0,5.0,148.0,0.05265030238349342,2.0,4.0,3.0,A-S,compact,177.4,gas,no,no,Mazda,3,43.47826086956522,32.25806451612903,0.01404138875124763,0.46889423685244935,0.19545853964611837,-0.08802292122233979
Mazda_3,24.0,32.0,2780.0,5.0,148.0,0.053237410071942444,2.0,4.0,3.0,M,compact,177.4,gas,no,no,Mazda,3,41.666666666666664,31.25,0.010531483351475017,-2.396956837249796,-2.33997705960995,-2.2324250481439236
Mazda_6,18.0,25.0,3422.0,5.0,212.0,0.061952074810052604,3.0,6.0,3.0,A-S,midsize,186.8,gas,no,no,Mazda,6,55.55555555555556,40.0,0.010361627650944717,3.190934893864693,3.0311832448199354,2.949154590118205
Mazda_6,17.0,25.0,3364.0,5.0,212.0,0.06302021403091558,3.0,6.0,3.0,M,midsize,186.8,gas,no,no,Mazda,6,58.8235294117647,40.0,0.010450526647028995,5.644276950009733,5.823892767798654,6.138018141925997
Mazda_5,21.0,27.0,3475.0,6.0,153.0,0.04402877697841727,2.3,4.0,3.0,A-S,minivan,181.5,gas,no,no,Mazda,5,47.61904761904762,37.03703703703704,0.011620101682421712,-1.1417090319419998,-1.6212061620497806,-2.0182952595924704
Mazda_5,22.0,28.0,3417.0,6.0,153.0,0.04477611940298507,2.3,4.0,3.0,M,minivan,181.5,gas,no,no,Mazda,5,45.45454545454545,35.714285714285715,0.01117704434398859,-4.120842996508287,-4.260972659782375,-4.261907728495991
Mazda_CX-7,17.0,23.0,3710.0,5.0,244.0,0.06576819407008086,2.3,4.0,3.0,A-S,suv2,184.0,gas,no,yes,Mazda,CX-7,58.8235294117647,43.47826086956522,0.008227377499839449,0.9363753438705018,0.8629267445814364,0.9127343763795039
Mazda_CX-9,16.0,22.0,4312.0,7.0,270.0,0.06261595547309833,3.7,6.0,3.0,A-S,suv2,199.8,gas,no,no,Mazda,CX-9,62.5,45.45454545454545,0.011120886829448652,-0.7296857898864317,-0.9120432253228401,-0.891886219401421
Mazda_Tribute,20.0,26.0,3300.0,5.0,153.0,0.046363636363636364,2.3,4.0,3.0,A,suv2,174.9,gas,no,no,Mazda,Tribute,50.0,38.46153846153846,0.008200797668657174,-0.11322790196767585,-0.3555005972410967,-0.705704030417003
Mazda_Tribute,22.0,28.0,3233.0,5.0,153.0,0.04732446643983916,2.3,4.0,3.0,M,suv2,174.9,gas,no,no,Mazda,Tribute,45.45454545454545,35.714285714285715,0.009991278718836216,-3.3680351769897072,-3.426338921036823,-3.367922261788827
Mazda_Tribute_Hybrid,34.0,30.0,3597.0,5.0,133.0,0.0369752571587434,2.3,4.0,3.0,AV,suv2,174.9,gas,yes,no,Mazda,Tribute_Hybrid,29.41176470588235,33.333333333333336,0.05932774906774376,3.0078369128614675,2.7842332192214734,2.49274343893455
Mazda_CX-7,16.0,22.0,3929.0,5.0,244.0,0.06210231611096971,2.3,4.0,3.0,A-S,suv4,184.0,gas,no,yes,Mazda,CX-7,62.5,45.45454545454545,0.008248674364320214,2.6692203550847893,2.5231611541193075,2.531435383239007
Mazda_CX-9,15.0,21.0,4528.0,7.0,270.0,0.05962897526501767,3.7,6.0,3.0,A-S,suv4,199.8,gas,no,no,Mazda,CX-9,66.66666666666667,47.61904761904762,0.011246720260170807,1.51998030766363,1.2660069363272015,1.2451994902918528
Mazda_Tribute_Hybrid,29.0,27.0,3764.0,5.0,133.0,0.035334750265674814,2.3,4.0,3.0,AV,suv4,174.9,gas,yes,no,Mazda,Tribute_Hybrid,34.48275862068966,37.03703703703704,0.060118125455151654,6.59670538765733,6.317731965798345,5.994570595341145
Mercedes-Benz_SL550,14.0,21.0,4220.0,2.0,382.0,0.09052132701421801,5.5,8.0,2.0,A,2-seater,178.5,gas,no,no,Mercedes-Benz,SL550,71.42857142857143,47.61904761904762,0.014830333339062146,-4.926551469526686,-4.2474780932818135,-3.525425158329057
Mercedes-Benz_SL600,11.0,18.0,4455.0,2.0,510.0,0.11447811447811448,5.5,12.0,2.0,A,2-seater,178.5,gas,no,yes,Mercedes-Benz,SL600,90.9090909090909,55.55555555555556,0.03275583973772153,2.0958720827730275,3.3888633427789614,4.7706694613575
Mercedes-Benz_SLK280,18.0,24.0,3255.0,2.0,228.0,0.07004608294930875,3.0,6.0,2.0,A,2-seater,160.7,gas,no,no,Mercedes-Benz,SLK280,55.55555555555556,41.666666666666664,0.018358396933796328,-2.1296644051624725,-1.9068519877664514,-1.7832154453184828
Mercedes-Benz_SLK280,17.0,25.0,3215.0,2.0,228.0,0.07091757387247279,3.0,6.0,2.0,M,2-seater,160.7,gas,no,no,Mercedes-Benz,SLK280,58.8235294117647,40.0,0.01502269349488511,2.1893316503396036,2.587161026974428,3.11429710535171
Mercedes-Benz_SLK350,17.0,23.0,3295.0,2.0,268.0,0.08133535660091047,3.5,6.0,2.0,A,2-seater,160.7,gas,no,no,Mercedes-Benz,SLK350,58.8235294117647,43.47826086956522,0.020559887255063608,-2.4580876259209035,-2.032339490883558,-1.6961886486344468
Mercedes-Benz_CLK350,17.0,25.0,3585.0,4.0,268.0,0.07475592747559275,3.5,6.0,2.0,A,subcompact,183.2,gas,no,no,Mercedes-Benz,CLK350,58.8235294117647,40.0,0.0064907428695226005,-2.0311815765428847,-1.7725608924943757,-1.5747816326229866
Mercedes-Benz_CLK550,15.0,22.0,3720.0,4.0,382.0,0.10268817204301076,5.5,8.0,2.0,A,subcompact,183.2,gas,no,no,Mercedes-Benz,CLK550,66.66666666666667,45.45454545454545,0.014739307020875832,-4.624151046329288,-3.794126227437701,-2.9946638681844036
Mercedes-Benz_CLK63_AMG,12.0,19.0,3948.0,4.0,500.0,0.12664640324214793,6.2,8.0,2.0,A-S,subcompact,183.2,gas,no,no,Mercedes-Benz,CLK63_AMG,83.33333333333333,52.63157894736842,0.028546514646462892,2.482298000238515,3.7161295947678923,5.132406823405063
Mercedes-Benz_C300,18.0,26.0,3527.0,5.0,228.0,0.06464417351857102,3.0,6.0,2.0,M,compact,182.3,gas,no,no,Mercedes-Benz,C300,55.55555555555556,38.46153846153846,0.008700012309881752,-0.967012486995884,-0.7407657200059035,-0.3528386087933839
Mercedes-Benz_C300_FFV,18.0,25.0,3560.0,5.0,228.0,0.06404494382022471,3.0,6.0,2.0,A,compact,182.3,gas,no,no,Mercedes-Benz,C300_FFV,55.55555555555556,40.0,0.005630392379092148,-1.9559096678452192,-1.9023589732824675,-1.916603846315489
Mercedes-Benz_C300_FFV,13.0,19.0,3560.0,5.0,228.0,0.06404494382022471,3.0,6.0,2.0,A,compact,182.3,E85,no,no,Mercedes-Benz,C300_FFV,76.92307692307692,52.63157894736842,0.04954664060126149,-6.79926180339902,-6.594293341196931,-6.523640429404566
Mercedes-Benz_CL550,14.0,21.0,4485.0,4.0,382.0,0.08517279821627648,5.5,8.0,2.0,A,compact,199.4,gas,no,no,Mercedes-Benz,CL550,71.42857142857143,47.61904761904762,0.009505100922280341,-4.491150394347642,-3.96586837511056,-3.37151701895786
Mercedes-Benz_CL600,11.0,17.0,4895.0,4.0,510.0,0.1041879468845761,5.5,12.0,2.0,A,compact,199.4,gas,no,yes,Mercedes-Benz,CL600,90.9090909090909,58.8235294117647,0.021570726959744567,0.9781476968622229,2.0593254295709897,3.280241177254908
Mercedes-Benz_E350,17.0,24.0,3740.0,5.0,268.0,0.07165775401069518,3.5,6.0,2.0,A,midsize,191.0,gas,no,no,Mercedes-Benz,E350,58.8235294117647,41.666666666666664,0.006220547482290551,-2.3665792896005584,-2.183954831657303,-2.0444740034449325
Mercedes-Benz_E550,15.0,22.0,3885.0,5.0,382.0,0.09832689832689832,5.5,8.0,2.0,A,midsize,191.0,gas,no,no,Mercedes-Benz,E550,66.66666666666667,45.45454545454545,0.01275938945618961,-5.048298785734971,-4.29758574553658,-3.5583183203477233
Mercedes-Benz_S550,14.0,21.0,4465.0,5.0,382.0,0.08555431131019037,5.5,8.0,2.0,A,large,205.0,gas,no,no,Mercedes-Benz,S550,71.42857142857143,47.61904761904762,0.011954184483598463,-3.5668202014102803,-3.0525723207862825,-2.47517857629731
Mercedes-Benz_S600,11.0,17.0,4960.0,5.0,510.0,0.1028225806451613,5.5,12.0,2.0,A,large,205.0,gas,no,yes,Mercedes-Benz,S600,90.9090909090909,58.8235294117647,0.021783398604004838,1.1481026658416482,2.190064062939669,3.377901928513893
Mercedes-Benz_G500,12.0,15.0,5510.0,5.0,292.0,0.052994555353902,5.0,8.0,2.0,A,suv4,185.6,gas,no,no,Mercedes-Benz,G500,83.33333333333333,66.66666666666667,0.02375559809163588,3.7694741501955065,3.511998899090159,3.4678685102284703
Mercedes-Benz_GL450,13.0,18.0,5280.0,7.0,335.0,0.0634469696969697,4.6,8.0,2.0,A,suv4,200.6,gas,no,no,Mercedes-Benz,GL450,76.92307692307692,55.55555555555556,0.01029055468502598,-2.0835955228543668,-2.0797179091357947,-1.899202918457675
Mercedes-Benz_ML350,15.0,20.0,4705.0,5.0,268.0,0.05696068012752391,3.5,6.0,2.0,A,suv4,188.5,gas,no,no,Mercedes-Benz,ML350,66.66666666666667,50.0,0.00810323198085261,-3.4212258898874808,-3.5506659871340673,-3.5849339729743406
Mercedes-Benz_R350,15.0,19.0,4938.0,6.0,268.0,0.05427298501417578,3.5,6.0,2.0,A,suv4,203.0,gas,no,no,Mercedes-Benz,R350,66.66666666666667,52.63157894736842,0.009216667699127348,-3.5553448906707246,-3.8077777265990704,-3.939963493285447
Mercury_Milan,20.0,28.0,3174.0,5.0,160.0,0.05040957781978576,2.3,4.0,1.0,A,midsize,191.4,gas,no,no,Mercury,Milan,50.0,35.714285714285715,0.0114616378390105,2.638259623202458,2.423548148915067,2.0746179909408724
Mercury_Milan,20.0,29.0,3117.0,5.0,160.0,0.05133140840551813,2.3,4.0,1.0,M,midsize,191.4,gas,no,no,Mercury,Milan,50.0,34.48275862068966,0.016484780718015964,3.8401568672869644,3.806098791637929,3.8638922236822495
Mercury_Milan,18.0,26.0,3303.0,5.0,221.0,0.06690887072358462,3.0,6.0,1.0,A,midsize,191.4,gas,no,no,Mercury,Milan,55.55555555555556,38.46153846153846,0.009667584195370806,2.105809457216111,2.178029194733618,2.1402871275994
Mercury_Grand_Marquis_FFV,15.0,23.0,4135.0,5.0,224.0,0.054171704957678354,4.6,8.0,1.0,A,large,211.1,gas,no,no,Mercury,Grand_Marquis_FFV,66.66666666666667,43.47826086956522,0.017379935650413986,8.217055346655258,7.967492149410255,7.715470900969372
Mercury_Grand_Marquis_FFV,11.0,16.0,4135.0,5.0,224.0,0.054171704957678354,4.6,8.0,1.0,A,large,211.1,E85,no,no,Mercury,Grand_Marquis_FFV,90.9090909090909,62.5,0.05018521155513291,6.2486060860043295,6.150460656398664,5.983337192783154
Mercury_Sable,18.0,28.0,3670.0,5.0,263.0,0.07166212534059946,3.5,6.0,1.0,A,large,202.1,gas,no,no,Mercury,Sable,55.55555555555556,35.714285714285715,0.013288674883367744,-3.127804311948381,-2.9840107636845445,-2.8998976435385444
Mercury_Mariner,20.0,26.0,3326.0,5.0,153.0,0.046001202645820805,2.3,4.0,1.0,A,suv2,175.2,gas,no,no,Mercury,Mariner,50.0,38.46153846153846,0.008114815016344347,-0.3039692129595295,-0.5558086973074836,-0.9120546769057327
Mercury_Mariner,18.0,24.0,3383.0,5.0,200.0,0.05911912503694945,3.0,6.0,1.0,A,suv2,175.2,gas,no,no,Mercury,Mariner,55.55555555555556,41.666666666666664,0.007437948445198236,0.9370697508111334,0.9203641821037962,0.8119260023664694
Mercury_Mariner_Hybrid,34.0,30.0,3637.0,5.0,133.0,0.03656860049491339,2.3,4.0,1.0,AV,suv2,175.2,gas,yes,no,Mercury,Mariner_Hybrid,29.41176470588235,33.333333333333336,0.05936808755572186,2.6928455649824237,2.4550333086447615,2.1548458785679223
Mercury_Mountaineer,14.0,20.0,4567.0,7.0,210.0,0.04598204510619663,4.0,6.0,1.0,A,suv2,193.5,gas,no,no,Mercury,Mountaineer,71.42857142857143,50.0,0.008220863616495298,7.932267469619703,7.519322463399554,7.1735534259529175
Mercury_Mountaineer,13.0,20.0,4732.0,7.0,292.0,0.06170752324598478,4.6,8.0,1.0,A,suv2,193.5,gas,no,no,Mercury,Mountaineer,76.92307692307692,50.0,0.006597966554886319,5.317533737653335,5.293087866117816,5.367232173298646
Mercury_Mariner,19.0,24.0,3466.0,5.0,153.0,0.04414310444316215,2.3,4.0,1.0,A,suv4,175.2,gas,no,no,Mercury,Mariner,52.63157894736842,41.666666666666664,0.008340853716031781,1.085109365537015,0.7868521449575709,0.40405513168363427
Mercury_Mariner,17.0,22.0,3526.0,5.0,200.0,0.05672149744753262,3.0,6.0,1.0,A,suv4,175.2,gas,no,no,Mercury,Mariner,58.8235294117647,45.45454545454545,0.0074419567490587625,2.935918230243992,2.87180025952879,2.7362420953941466
Mercury_Mariner_Hybrid,29.0,27.0,3800.0,5.0,133.0,0.035,2.3,4.0,1.0,AV,suv4,175.2,gas,yes,no,Mercury,Mariner_Hybrid,34.48275862068966,37.03703703703704,0.060221128705840093,6.317214050317482,6.025358286795999,5.694257867511055
Mercury_Mountaineer,13.0,19.0,4725.0,7.0,210.0,0.044444444444444446,4.0,6.0,1.0,A,suv4,193.5,gas,no,no,Mercury,Mountaineer,76.92307692307692,52.63157894736842,0.009857431434600737,12.024522547826948,11.559191810716968,11.18345803526492
Mini_Cooper,26.0,34.0,2634.0,4.0,118.0,0.044798785117691725,1.6,4.0,2.0,A-S,minicompact,145.6,gas,no,no,Mini,Cooper,38.46153846153846,29.41176470588235,0.03421658304575961,-4.786833272503777,-5.063418786239154,-5.3605735287613925
Mini_Cooper,28.0,37.0,2546.0,4.0,118.0,0.046347211311861744,1.6,4.0,2.0,M,minicompact,145.6,gas,no,no,Mini,Cooper,35.714285714285715,27.027027027027028,0.025596990132227625,-8.082467740776643,-8.009739129914436,-7.9050503363913975
Mini_Cooper_S,23.0,32.0,2723.0,4.0,172.0,0.06316562614763128,1.6,4.0,2.0,A-S,minicompact,146.2,gas,no,yes,Mini,Cooper_S,43.47826086956522,31.25,0.03336134045357164,-4.8558544955753575,-4.871973929244483,-4.891095405790658
Mini_Cooper_S,26.0,34.0,2668.0,4.0,172.0,0.06446776611694154,1.6,4.0,2.0,M,minicompact,146.2,gas,no,yes,Mini,Cooper_S,38.46153846153846,29.41176470588235,0.02549241671326182,-10.713833711570622,-10.391580344182458,-10.015116742621188
Mini_Clubman,26.0,34.0,2800.0,4.0,118.0,0.04214285714285714,1.6,4.0,2.0,A-S,subcompact,155.0,gas,no,no,Mini,Clubman,38.46153846153846,29.41176470588235,0.02400941042466763,-5.006475974475272,-5.367752034673792,-5.731220109065191
Mini_Clubman,28.0,37.0,2723.0,4.0,118.0,0.04333455747337495,1.6,4.0,2.0,M,subcompact,155.0,gas,no,no,Mini,Clubman,35.714285714285715,27.027027027027028,0.017407563696994054,-8.399735471730942,-8.415344515178653,-8.379055206170705
Mitsubishi_Eclipse_Spyder,19.0,26.0,3510.0,4.0,162.0,0.046153846153846156,2.4,4.0,3.0,A-S,minicompact,179.7,gas,no,no,Mitsubishi,Eclipse_Spyder,52.63157894736842,38.46153846153846,0.011110137199407464,2.5908303404787247,2.1540514241865694,1.8065169788547593
Mitsubishi_Eclipse_Spyder,16.0,24.0,3737.0,4.0,260.0,0.06957452502006957,3.8,6.0,3.0,A-S,minicompact,179.7,gas,no,no,Mitsubishi,Eclipse_Spyder,62.5,41.666666666666664,0.008642342327638204,2.5032032146506396,2.5208461781950433,2.6695068863462765
Mitsubishi_Eclipse_Spyder,16.0,25.0,3671.0,4.0,260.0,0.07082538817760828,3.8,6.0,3.0,M,minicompact,179.7,gas,no,no,Mitsubishi,Eclipse_Spyder,62.5,40.0,0.008884343773887169,1.759571435664924,2.119234308113377,2.6655662470180133
Mitsubishi_Eclipse,20.0,26.0,3307.0,4.0,162.0,0.04898699727850015,2.4,4.0,3.0,A-S,subcompact,179.7,gas,no,no,Mitsubishi,Eclipse,50.0,38.46153846153846,0.011150263390984587,1.7608769279745218,1.3914037292180552,1.0823682827159686
Mitsubishi_Eclipse,20.0,28.0,3274.0,4.0,162.0,0.04948075748320098,2.4,4.0,3.0,M,subcompact,179.7,gas,no,no,Mitsubishi,Eclipse,50.0,35.714285714285715,0.009908654151239663,0.7243700620404354,0.6859754486477385,0.7683527749612225
Mitsubishi_Lancer,22.0,29.0,2999.0,5.0,152.0,0.050683561187062354,2.0,4.0,3.0,AV,compact,180.0,gas,no,no,Mitsubishi,Lancer,45.45454545454545,34.48275862068966,0.05499487993022402,3.9961479225349166,3.98251873389939,3.928552661717468
Mitsubishi_Lancer,21.0,29.0,2922.0,5.0,152.0,0.05201916495550993,2.0,4.0,3.0,M,compact,180.0,gas,no,no,Mitsubishi,Lancer,47.61904761904762,34.48275862068966,0.010708254371048963,2.317776608944186,2.3410936123036734,2.43409110576345
Mitsubishi_Galant,20.0,27.0,3428.0,5.0,160.0,0.046674445740956826,2.4,4.0,3.0,A-S,midsize,191.0,gas,no,no,Mitsubishi,Galant,50.0,37.03703703703704,0.014337079340058432,2.356067990729656,1.900020770899232,1.515160850148753
Mitsubishi_Galant,17.0,25.0,3748.0,5.0,258.0,0.0688367129135539,3.8,6.0,3.0,A-S,midsize,191.0,gas,no,no,Mitsubishi,Galant,58.8235294117647,40.0,0.009353874653015699,0.39817397899837914,0.36571399993643894,0.4594117602987495
Mitsubishi_Endeavor,15.0,22.0,3902.0,5.0,225.0,0.057662737057919015,3.8,6.0,3.0,A-S,suv2,190.8,gas,no,no,Mitsubishi,Endeavor,66.66666666666667,45.45454545454545,0.009415740977602317,9.522040824682549,9.260788946735467,9.144438908226284
Mitsubishi_Outlander,20.0,25.0,3395.0,5.0,168.0,0.049484536082474224,2.4,4.0,3.0,AV,suv2,182.7,gas,no,no,Mitsubishi,Outlander,50.0,40.0,0.05430524040853239,4.0906214535951335,4.02365838256096,3.9726261773795883
Mitsubishi_Outlander,17.0,25.0,3532.0,5.0,220.0,0.0622876557191393,3.0,6.0,3.0,A-S,suv2,182.7,gas,no,no,Mitsubishi,Outlander,58.8235294117647,40.0,0.008892773488439644,4.287592713254092,4.14754305340017,4.103865349756674
Mitsubishi_Endeavor,15.0,19.0,4090.0,5.0,225.0,0.0550122249388753,3.8,6.0,3.0,A-S,suv4,190.8,gas,no,no,Mitsubishi,Endeavor,66.66666666666667,52.63157894736842,0.009519377563670326,7.853540329340305,7.529956062739508,7.377951779008704
Nissan_350Z,17.0,24.0,3578.0,2.0,306.0,0.08552263834544438,3.5,6.0,3.0,A-S,2-seater,169.8,gas,no,no,Nissan,350Z,58.8235294117647,41.666666666666664,0.014607075857365471,-4.810037469890268,-4.4598199755923815,-3.9912053978057997
Nissan_350Z,18.0,25.0,3320.0,2.0,306.0,0.09216867469879518,3.5,6.0,3.0,M,2-seater,169.8,gas,no,no,Nissan,350Z,55.55555555555556,40.0,0.012585063643929157,-7.117642599203677,-6.361746586312869,-5.45904793158909
Nissan_Altima_Coupe,23.0,31.0,3095.0,5.0,175.0,0.05654281098546042,2.5,4.0,3.0,AV,subcompact,182.5,gas,no,no,Nissan,Altima_Coupe,43.47826086956522,32.25806451612903,0.05520411000373984,-0.36253386143427235,-0.2915648158668134,-0.24644330129152792
Nissan_Altima_Coupe,23.0,32.0,3052.0,5.0,175.0,0.05733944954128441,2.5,4.0,3.0,M,subcompact,182.5,gas,no,no,Nissan,Altima_Coupe,43.47826086956522,31.25,0.010461241540675641,-4.507157429110336,-4.410515070346939,-4.224878098308345
Nissan_Altima,19.0,26.0,3358.0,5.0,270.0,0.08040500297796307,3.5,6.0,3.0,AV,midsize,189.8,gas,no,no,Nissan,Altima,52.63157894736842,38.46153846153846,0.05957309126658074,-0.26811285126067474,0.206099333145076,0.6970311585757827
Nissan_Altima,19.0,27.0,3292.0,5.0,270.0,0.08201701093560146,3.5,6.0,3.0,M,midsize,189.8,gas,no,no,Nissan,Altima,52.63157894736842,37.03703703703704,0.012888777182301695,-4.208611358336363,-3.701100089782358,-3.065290851355911
Nissan_Altima_Hybrid,35.0,33.0,3482.0,5.0,158.0,0.045376220562894885,2.5,4.0,3.0,AV,midsize,189.2,gas,yes,no,Nissan,Altima_Hybrid,28.571428571428573,30.303030303030305,0.060146259443638224,3.0693370822911596,2.9738764865902247,2.7887709960000215
Nissan_Maxima,19.0,25.0,3591.0,5.0,255.0,0.07101086048454469,3.5,6.0,3.0,AV,midsize,194.4,gas,no,no,Nissan,Maxima,52.63157894736842,40.0,0.05904043567763727,-0.5069969856297618,-0.2056221354905361,0.1415384186137345
Nissan_Sentra,25.0,33.0,2954.0,5.0,140.0,0.04739336492890995,2.0,4.0,3.0,AV,midsize,179.8,gas,no,no,Nissan,Sentra,40.0,30.303030303030305,0.05520449163952883,-0.1132758269804981,-0.1762135058042773,-0.28693431654316726
Nissan_Sentra,24.0,31.0,2885.0,5.0,140.0,0.04852686308492201,2.0,4.0,3.0,M,midsize,179.8,gas,no,no,Nissan,Sentra,41.666666666666664,32.25806451612903,0.011257606665845245,-2.360482659485136,-2.389126588384258,-2.354401035405786
Nissan_Sentra,24.0,30.0,3072.0,5.0,177.0,0.0576171875,2.5,4.0,3.0,AV,midsize,180.1,gas,no,no,Nissan,Sentra,41.666666666666664,33.333333333333336,0.054863554611923195,-2.452142912414665,-2.355167380728531,-2.2857857738034397
Nissan_Sentra,21.0,29.0,3048.0,5.0,200.0,0.06561679790026247,2.5,4.0,3.0,M,midsize,180.1,gas,no,no,Nissan,Sentra,47.61904761904762,34.48275862068966,0.009178223392421296,-2.6768138364269447,-2.4361507328659187,-2.1032993451296917
Nissan_Versa,27.0,33.0,2758.0,5.0,122.0,0.04423495286439449,1.8,4.0,3.0,AV,midsize,169.1,gas,no,no,Nissan,Versa,37.03703703703704,30.303030303030305,0.05610939954922319,-1.3050886542750106,-1.366577336303365,-1.4995233398012573
Nissan_Versa,24.0,32.0,2722.0,5.0,122.0,0.04481998530492285,1.8,4.0,3.0,A,midsize,169.1,gas,no,no,Nissan,Versa,41.666666666666664,31.25,0.012134305692650518,-1.5782297046660076,-1.7781207091969478,-2.167792333223005
Nissan_Versa,26.0,31.0,2693.0,5.0,122.0,0.04530263646490902,1.8,4.0,3.0,M,midsize,169.1,gas,no,no,Nissan,Versa,38.46153846153846,32.25806451612903,0.010687460759631541,-3.829960739484072,-3.8584818926229687,-3.846740133365657
Nissan_Quest,16.0,24.0,4293.0,7.0,235.0,0.05474027486606103,3.5,6.0,3.0,A,minivan,204.1,gas,no,no,Nissan,Quest,62.5,41.666666666666664,0.00966029301569822,0.8232164212053306,0.6028034780048515,0.40728334724300197
Nissan_Armada_FFV,12.0,18.0,5302.0,8.0,317.0,0.05978875895888344,5.6,8.0,3.0,A,suv2,207.7,gas,no,no,Nissan,Armada_FFV,83.33333333333333,55.55555555555556,0.01155003306886708,6.536913394451503,6.413810719361464,6.464799448191485
Nissan_Armada_FFV,9.0,13.0,5302.0,8.0,317.0,0.05978875895888344,5.6,8.0,3.0,A,suv2,207.7,E85,no,no,Nissan,Armade_FFV,111.11111111111111,76.92307692307692,0.04555042817065683,8.103817669154125,8.132132761703431,8.26801927535881
Nissan_Pathfinder,15.0,22.0,4583.0,7.0,266.0,0.05804058476980144,4.0,6.0,3.0,A,suv2,192.3,gas,no,no,Nissan,Pathfinder,66.66666666666667,45.45454545454545,0.0060885138411517405,-1.669628124699429,-1.781415506486482,-1.8176319539168162
Nissan_Pathfinder,13.0,18.0,4779.0,7.0,310.0,0.06486712701401967,5.6,8.0,3.0,A-S,suv2,192.3,gas,no,no,Nissan,Pathfinder,76.92307692307692,55.55555555555556,0.010441673677390888,5.307148993340434,5.20981198868526,5.38929364590399
Nissan_Rogue,22.0,27.0,3267.0,5.0,170.0,0.05203550658096113,2.5,4.0,3.0,AV,suv2,182.9,gas,no,no,Nissan,Rogue,45.45454545454545,37.03703703703704,0.05452541175273627,0.5457699018247126,0.5314248987522419,0.5149318463856858
Nissan_Xterra,15.0,20.0,4165.0,5.0,261.0,0.06266506602641056,4.0,6.0,3.0,A,suv2,178.7,gas,no,no,Nissan,Xterra,66.66666666666667,50.0,0.00828421529540092,0.6315672575073705,0.674246539242759,0.7401857079758543
Nissan_Xterra,16.0,20.0,4150.0,5.0,261.0,0.06289156626506025,4.0,6.0,3.0,M,suv2,178.7,gas,no,no,Nissan,Xterra,62.5,50.0,0.012946846671922248,-2.705952275736351,-2.496544916232068,-2.0318474675831766
Nissan_Pathfinder,14.0,20.0,4801.0,7.0,266.0,0.05540512393251406,4.0,6.0,3.0,A,suv4,192.3,gas,no,no,Nissan,Pathfinder,71.42857142857143,50.0,0.007985860492576085,1.157526062819116,0.9734596346144571,0.8958994347462976
Nissan_Pathfinder,12.0,18.0,5020.0,7.0,310.0,0.061752988047808766,5.6,8.0,3.0,A-S,suv4,192.3,gas,no,no,Nissan,Pathfinder,83.33333333333333,55.55555555555556,0.01304109858636102,9.578529768610267,9.401287946585143,9.535063895833616
Nissan_Rogue,21.0,26.0,3426.0,5.0,170.0,0.049620548744892,2.5,4.0,3.0,AV,suv4,182.9,gas,no,no,Nissan,Rogue,47.61904761904762,38.46153846153846,0.05430243049269391,1.299146647393826,1.2320843581727203,1.1854369175602173
Pontiac_G5,25.0,35.0,2991.0,5.0,148.0,0.04948177866934136,2.2,4.0,1.0,M,subcompact,179.8,gas,no,no,Pontiac,G5,40.0,28.571428571428573,0.010599381475251987,-5.616178999755633,-5.636728200488527,-5.578085511122801
Pontiac_G6,22.0,30.0,3305.0,5.0,164.0,0.04962178517397882,2.4,4.0,1.0,A,compact,189.0,gas,no,no,Pontiac,G6,45.45454545454545,33.333333333333336,0.008788116949067497,-3.7140300246717857,-3.942984626295477,-4.285855813491956
Pontiac_G6,17.0,26.0,3457.0,5.0,219.0,0.063349725195256,3.5,6.0,1.0,A,compact,189.0,gas,no,no,Pontiac,G6,58.8235294117647,38.46153846153846,0.006979280360112226,3.8490326961415136,3.866953846171427,3.797893747869054
Pontiac_Grand_Prix,18.0,28.0,3477.0,5.0,200.0,0.057520851308599366,3.8,6.0,1.0,A,midsize,198.3,gas,no,no,Pontiac,Grand_Prix,55.55555555555556,35.714285714285715,0.012222751142477842,3.1834938316356443,3.0627529379718865,2.8508913426662232
Pontiac_Grand_Prix,16.0,25.0,3600.0,5.0,303.0,0.08416666666666667,5.3,8.0,1.0,A-S,midsize,198.3,gas,no,no,Pontiac,Grand_Prix,62.5,40.0,0.015964965482311317,2.7151197969759977,2.951924758126218,3.294253691427649
Pontiac_G8,17.0,25.0,3885.0,5.0,256.0,0.06589446589446589,3.6,6.0,1.0,A-S,large,196.1,gas,no,no,Pontiac,G8,58.8235294117647,40.0,0.01094938485205017,0.02451734432948882,-0.08026359146647621,-0.04245081239010062
Pontiac_G8,15.0,24.0,3985.0,5.0,361.0,0.09058971141781681,6.0,8.0,1.0,A-S,large,196.1,gas,no,no,Pontiac,G8,66.66666666666667,41.666666666666664,0.012664302343928655,-1.5285127146344308,-1.0989296153279042,-0.5023185480708605
Pontiac_Vibe,25.0,31.0,2778.0,5.0,126.0,0.04535637149028078,1.8,4.0,1.0,A,smallwagon,171.9,gas,no,no,Pontiac,Vibe,40.0,32.25806451612903,0.011094485505617391,-3.692621145918281,-3.898292074037009,-4.28694938882834
Pontiac_Vibe,26.0,33.0,2700.0,5.0,126.0,0.04666666666666667,1.8,4.0,1.0,M,smallwagon,171.9,gas,no,no,Pontiac,Vibe,38.46153846153846,30.303030303030305,0.01051594577566779,-3.842810384964544,-3.860865254010193,-3.8388163237316633
Pontiac_Torrent,17.0,24.0,3660.0,5.0,185.0,0.050546448087431695,3.4,6.0,1.0,A,suv2,188.7,gas,no,no,Pontiac,Torrent,58.8235294117647,41.666666666666664,0.0061460588282323675,4.762585829603644,4.5303793756495025,4.236846655676345
Pontiac_Torrent,17.0,24.0,3776.0,5.0,185.0,0.04899364406779661,3.4,6.0,1.0,A,suv4,188.7,gas,no,no,Pontiac,Torrent,58.8235294117647,41.666666666666664,0.005931817364747686,3.733085523966942,3.462418659992423,3.1468865121165663
Porsche_911_Turbo,15.0,23.0,3572.0,5.0,480.0,0.1343784994400896,3.6,6.0,2.0,A,minicompact,176.3,gas,no,yes,Porsche,911_Turbo,66.66666666666667,43.47826086956522,0.03530288012730884,-12.172274659536683,-10.741728634805625,-9.349384557996146
Porsche_911_Turbo,16.0,23.0,3494.0,5.0,480.0,0.13737836290784203,3.6,6.0,2.0,M,minicompact,176.3,gas,no,yes,Porsche,911_Turbo,62.5,43.47826086956522,0.03138200170960097,-14.950669026788091,-13.332506942983926,-11.5294566211046
Porsche_Carrera4_Coupe,17.0,24.0,3285.0,5.0,325.0,0.0989345509893455,3.6,6.0,2.0,A,minicompact,175.6,gas,no,no,Porsche,Carrera4_Coupe,58.8235294117647,41.666666666666664,0.014620534078910924,-5.001226660925987,-4.3110830924203185,-3.714604268529598
Porsche_Carrera4_Coupe,17.0,25.0,3157.0,5.0,325.0,0.10294583465315173,3.6,6.0,2.0,M,minicompact,175.6,gas,no,no,Porsche,Carrera4_Coupe,58.8235294117647,40.0,0.01303814911855376,-3.1692042297707346,-2.2748668392521836,-1.2581992582645825
Porsche_Cayenne,14.0,20.0,4784.0,5.0,290.0,0.06061872909698997,3.6,6.0,2.0,A,suv4,188.9,gas,no,no,Porsche,Cayenne,71.42857142857143,50.0,0.008413561740265852,-1.0898696604811988,-1.127855565904241,-1.057532937455747
Porsche_Cayenne,14.0,20.0,4762.0,5.0,290.0,0.06089878202435951,3.6,6.0,2.0,M,suv4,188.9,gas,no,no,Porsche,Cayenne,71.42857142857143,50.0,0.017666284098062746,-0.19859750861465386,-0.0675344494572272,0.4028740105908497
Porsche_Cayenne_GTS,13.0,18.0,4939.0,5.0,405.0,0.0820004049402713,4.8,8.0,2.0,A,suv4,188.9,gas,no,no,Porsche,Cayenne_GTS,76.92307692307692,55.55555555555556,0.013185356787093941,-6.290005867649484,-5.75781379520555,-5.084098564450386
Porsche_Cayenne_GTS,11.0,17.0,4895.0,5.0,405.0,0.08273748723186926,4.8,8.0,2.0,M,suv4,188.9,gas,no,no,Porsche,Cayenne_GTS,90.9090909090909,58.8235294117647,0.02009848655279526,8.782530328196628,9.491065580914551,10.5690389485612
Rolls-Royce_Phantom,11.0,18.0,5798.0,5.0,453.0,0.07813038978958262,6.7,12.0,2.0,A-S,midsize,229.7,gas,no,no,Rolls-Royce,Phantom,90.9090909090909,55.55555555555556,0.0343294745724531,3.6492995577232534,3.869036744482358,4.503538938464473
Subaru_Impreza,20.0,27.0,3131.0,5.0,170.0,0.05429575215586075,2.5,4.0,3.0,A-S,compact,180.3,gas,no,no,Subaru,Impreza,50.0,37.03703703703704,0.011578662274839818,2.754615512409913,2.484842920108548,2.2509826974895972
Subaru_Impreza,20.0,27.0,3064.0,5.0,170.0,0.05548302872062663,2.5,4.0,3.0,M,compact,180.3,gas,no,no,Subaru,Impreza,50.0,37.03703703703704,0.009761433056824724,2.0198587360589926,2.0924376079204876,2.2564382662954685
Subaru_Legacy,20.0,27.0,3325.0,5.0,170.0,0.05112781954887218,2.5,4.0,3.0,A-S,compact,185.0,gas,no,no,Subaru,Legacy,50.0,37.03703703703704,0.011665470283937232,1.6596688689614467,1.3107483697021323,1.0226803044486061
Subaru_Legacy,20.0,27.0,3270.0,5.0,170.0,0.05198776758409786,2.5,4.0,3.0,M,compact,185.0,gas,no,no,Subaru,Legacy,50.0,37.03703703703704,0.01115343648249607,0.818412060992955,0.8078643627909159,0.9153813756448343
Subaru_Forester,20.0,26.0,3185.0,5.0,173.0,0.054317111459968606,2.5,4.0,3.0,A,suv4,176.6,gas,no,no,Subaru,Forester,50.0,38.46153846153846,0.007648816196716774,-0.48658479218029527,-0.5879923319886373,-0.8126351270779182
Subaru_Forester,20.0,27.0,3140.0,5.0,173.0,0.05509554140127389,2.5,4.0,3.0,M,suv4,176.6,gas,no,no,Subaru,Forester,50.0,37.03703703703704,0.008917406612004733,0.6088124202866254,0.6840796160110827,0.8638846080538158
Subaru_Outback_Wagon,20.0,26.0,3395.0,5.0,170.0,0.050073637702503684,2.5,4.0,3.0,A-S,suv4,189.0,gas,no,no,Subaru,Outback_Wagon,50.0,38.46153846153846,0.012895460768992652,1.5718687846979122,1.1871213860449998,0.8709559350432343
Subaru_Outback_Wagon,19.0,26.0,3350.0,5.0,170.0,0.050746268656716415,2.5,4.0,3.0,M,suv4,189.0,gas,no,no,Subaru,Outback_Wagon,52.63157894736842,38.46153846153846,0.01314902536795778,3.2734408977498433,3.2237507475662426,3.3012738722665347
Subaru_Tribeca,16.0,21.0,4190.0,7.0,256.0,0.06109785202863962,3.6,6.0,3.0,A-S,suv4,191.5,gas,no,no,Subaru,Tribeca,62.5,47.61904761904762,0.008659122732284932,0.38064451375279873,0.18924995999345384,0.18626456495190524
Subaru_Outback_Wagon,17.0,24.0,3625.0,5.0,245.0,0.06758620689655172,3.0,6.0,3.0,A-S,suv4,189.0,gas,no,no,Subaru,Outback_Wagon,58.8235294117647,41.666666666666664,0.00942954162839365,2.2765282687545394,2.2208942755656977,2.2737973494072747
Suzuki_Forenza,19.0,28.0,2800.0,5.0,127.0,0.04535714285714286,2.0,4.0,3.0,A,compact,177.2,gas,no,no,Suzuki,Forenza,52.63157894736842,35.714285714285715,0.010708691533180522,9.369494201923594,9.145215114868037,8.73824902621412
Suzuki_Forenza,20.0,28.0,2756.0,5.0,127.0,0.04608127721335269,2.0,4.0,3.0,M,compact,177.2,gas,no,no,Suzuki,Forenza,50.0,35.714285714285715,0.011382651395054658,7.824437464387302,7.776501557605734,7.773793605843288
Suzuki_SX4_Sedan,23.0,31.0,2745.0,5.0,143.0,0.05209471766848816,2.0,4.0,3.0,A,compact,177.6,gas,no,no,Suzuki,SX4_Sedan,43.47826086956522,32.25806451612903,0.01103649676363279,-0.5389125095786653,-0.6597386893309292,-0.9697160778770595
Suzuki_SX4_Sedan,22.0,30.0,2668.0,5.0,143.0,0.053598200899550225,2.0,4.0,3.0,M,compact,177.6,gas,no,no,Suzuki,SX4_Sedan,45.45454545454545,33.333333333333336,0.011361517699651607,2.8167693721820655,2.88322769624407,2.9837669025272575
Suzuki_Forenza_Wagon,19.0,27.0,2899.0,5.0,127.0,0.04380820972749224,2.0,4.0,3.0,A,smallwagon,179.7,gas,no,no,Suzuki,Forenza_Wagon,52.63157894736842,37.03703703703704,0.010236103297066005,8.824275253686231,8.559285926461165,8.124280795924747
Suzuki_Forenza_Wagon,19.0,27.0,2855.0,5.0,127.0,0.04448336252189142,2.0,4.0,3.0,M,smallwagon,179.7,gas,no,no,Suzuki,Forenza_Wagon,52.63157894736842,37.03703703703704,0.011955187301737448,9.910797463518357,9.822151316567279,9.791404322922347
Suzuki_Grand_Vitara,17.0,22.0,3505.0,5.0,185.0,0.052781740370898715,2.7,6.0,3.0,A,suv2,176.0,gas,no,no,Suzuki,Grand_Vitara,58.8235294117647,45.45454545454545,0.007247875072033323,4.4445071699501355,4.3037540304165915,4.086676531517725
Suzuki_Grand_Vitara,16.0,22.0,3452.0,5.0,185.0,0.053592120509849364,2.7,6.0,3.0,M,suv2,176.0,gas,no,no,Suzuki,Grand_Vitara,62.5,45.45454545454545,0.009557365801468688,9.287374991730758,9.32594902980037,9.514836519957832
Suzuki_XL7,16.0,22.0,3887.0,7.0,252.0,0.06483148958065346,3.6,6.0,3.0,A-S,suv2,197.2,gas,no,no,Suzuki,XL7,62.5,45.45454545454545,0.011657453479199869,4.1540764020001575,4.023542604285865,4.034890037988539
Suzuki_Grand_Vitara,17.0,21.0,3682.0,5.0,185.0,0.050244432373709944,2.7,6.0,3.0,A,suv4,176.0,gas,no,no,Suzuki,Grand_Vitara,58.8235294117647,47.61904761904762,0.007752686347387827,2.8736317035906964,2.674193283250183,2.4235476917756387
Suzuki_Grand_Vitara,16.0,21.0,3582.0,5.0,185.0,0.05164712451144612,2.7,6.0,3.0,M,suv4,176.0,gas,no,no,Suzuki,Grand_Vitara,62.5,47.61904761904762,0.010470579591892045,8.133624649206865,8.129096503632951,8.293329462520141
Suzuki_XL7,15.0,22.0,4049.0,7.0,252.0,0.06223758952827859,3.6,6.0,3.0,A-S,suv4,197.2,gas,no,no,Suzuki,XL7,66.66666666666667,45.45454545454545,0.010864092394141038,6.882992641829375,6.698746892190073,6.679370986925157
Toyota_Yaris,29.0,35.0,2326.0,5.0,106.0,0.04557179707652623,1.5,4.0,3.0,A,subcompact,169.3,gas,no,no,Toyota,Yaris,34.48275862068966,28.571428571428573,0.015561249312242346,-3.9244054136236954,-4.080110608432435,-4.48346195441907
Toyota_Yaris,29.0,36.0,2293.0,5.0,106.0,0.04622764936764064,1.5,4.0,3.0,M,subcompact,169.3,gas,no,no,Toyota,Yaris,34.48275862068966,27.77777777777778,0.01259631332965673,-2.935508232774346,-2.9185173551558563,-2.919696716896965
Toyota_Camry_Solara,22.0,31.0,3240.0,5.0,155.0,0.047839506172839504,2.4,4.0,3.0,A-S,compact,192.5,gas,no,no,Toyota,Camry_Solara,45.45454545454545,32.25806451612903,0.017104794606278666,0.08433234962895142,-0.3411389842761068,-0.723415399324189
Toyota_Camry_Solara,21.0,31.0,3240.0,5.0,155.0,0.047839506172839504,2.4,4.0,3.0,M,compact,192.5,gas,no,no,Toyota,Camry_Solara,47.61904761904762,32.25806451612903,0.01697610898914118,0.9194525612486615,0.8141184891670932,0.8169963889967349
Toyota_Camry_Solara,18.0,27.0,3440.0,5.0,210.0,0.061046511627906974,3.3,6.0,3.0,A-S,compact,192.5,gas,no,no,Toyota,Camry_Solara,55.55555555555556,37.03703703703704,0.013038993925960907,3.953421087762763,3.75891085308907,3.641342315389174
Toyota_Corolla,26.0,35.0,2595.0,5.0,126.0,0.048554913294797684,1.8,4.0,3.0,A,compact,178.3,gas,no,no,Toyota,Corolla,38.46153846153846,28.571428571428573,0.013074903140423557,-2.753437041935733,-2.91862220773929,-3.2962885187683213
Toyota_Corolla,28.0,37.0,2530.0,5.0,126.0,0.04980237154150197,1.8,4.0,3.0,M,compact,178.3,gas,no,no,Toyota,Corolla,35.714285714285715,27.027027027027028,0.013221966992003394,-4.227792524025567,-4.209671849120397,-4.179097368206612
Toyota_Camry,21.0,31.0,3307.0,5.0,158.0,0.04777744179014212,2.4,4.0,3.0,A,midsize,189.2,gas,no,no,Toyota,Camry,47.61904761904762,32.25806451612903,0.00903982630179713,-1.05439581469426,-1.317074117598402,-1.6940807451349045
Toyota_Camry,21.0,31.0,3263.0,5.0,158.0,0.04842169782408826,2.4,4.0,3.0,M,midsize,189.2,gas,no,no,Toyota,Camry,47.61904761904762,32.25806451612903,0.014145787951310825,0.032126395137865416,-0.05420872749228778,-0.026957218137305006
Toyota_Camry,19.0,28.0,3461.0,5.0,268.0,0.07743426755273042,3.5,6.0,3.0,A-S,midsize,189.2,gas,no,no,Toyota,Camry,52.63157894736842,35.714285714285715,0.011040136496983221,-4.29705251718206,-4.174628540896109,-3.964806243133296
Toyota_Camry_Hybrid,33.0,34.0,3680.0,5.0,192.0,0.05217391304347826,2.4,4.0,3.0,AV,midsize,189.2,gas,yes,no,Toyota,Camry_Hybrid,30.303030303030305,29.41176470588235,0.058664171222509456,0.28850086636338546,0.31116056821498717,0.2755895930070835
Toyota_Prius,48.0,45.0,2932.0,5.0,110.0,0.03751705320600273,1.5,4.0,3.0,AV,midsize,175.0,gas,yes,no,Toyota,Prius,20.833333333333332,22.22222222222222,0.06104391305714834,2.2084218036141507,2.0806730976957333,1.788372502727416
Toyota_Avalon,19.0,28.0,3490.0,5.0,268.0,0.07679083094555873,3.5,6.0,3.0,A-S,large,197.2,gas,no,no,Toyota,Avalon,52.63157894736842,35.714285714285715,0.015702836674099434,-3.487527393246431,-3.3999545820212447,-3.225275879054905
Toyota_Matrix,25.0,31.0,2756.0,5.0,126.0,0.045718432510885344,1.8,4.0,3.0,A,smallwagon,171.3,gas,no,no,Toyota,Matrix,40.0,32.25806451612903,0.011335661167513398,-3.5773886029785587,-3.773872610712097,-4.156134339874974
Toyota_Matrix,26.0,33.0,2679.0,5.0,126.0,0.04703247480403135,1.8,4.0,3.0,M,smallwagon,171.3,gas,no,no,Toyota,Matrix,38.46153846153846,30.303030303030305,0.01051485823077542,-3.736452844659617,-3.745652348578872,-3.7173974829124177
Toyota_Sienna,17.0,23.0,4266.0,7.0,266.0,0.06235349273323957,3.5,6.0,3.0,A,minivan,201.0,gas,no,no,Toyota,Sienna,58.8235294117647,43.47826086956522,0.00726328929412319,-5.539135576495106,-5.573264159273002,-5.581599045332105
Toyota_4Runner,16.0,21.0,4045.0,5.0,236.0,0.05834363411619283,4.0,6.0,3.0,A,suv2,189.2,gas,no,no,Toyota,4Runner,62.5,47.61904761904762,0.004708766541391339,0.9560805272039232,0.8703004028947632,0.7825275012137283
Toyota_4Runner,15.0,19.0,4225.0,5.0,260.0,0.06153846153846154,4.7,8.0,3.0,A,suv2,189.2,gas,no,no,Toyota,4Runner,66.66666666666667,52.63157894736842,0.004816426373850276,1.5804085366613805,1.5646672225648075,1.5748174632401089
Toyota_Highlander,18.0,24.0,4045.0,7.0,270.0,0.06674907292954264,3.5,6.0,3.0,A-S,suv2,188.4,gas,no,no,Toyota,Highlander,55.55555555555556,41.666666666666664,0.007913943576422167,-6.824837316330857,-6.882708108526764,-6.769672161986428
Toyota_RAV4,21.0,27.0,3300.0,5.0,166.0,0.0503030303030303,2.4,4.0,3.0,A,suv2,181.1,gas,no,no,Toyota,RAV4,47.61904761904762,37.03703703703704,0.0069658073528206,-2.720786643414911,-2.912352960571191,-3.2139976899958285
Toyota_RAV4,19.0,27.0,3527.0,5.0,269.0,0.07626878366884038,3.5,6.0,3.0,A,suv2,181.1,gas,no,no,Toyota,RAV4,52.63157894736842,37.03703703703704,0.0071044425939682,-8.069478115000713,-7.779597811321324,-7.5575348485850355
Toyota_Sequoia,14.0,17.0,5680.0,8.0,273.0,0.04806338028169014,4.7,8.0,3.0,A-S,suv2,205.1,gas,no,no,Toyota,Sequoia,71.42857142857143,58.8235294117647,0.02497262307074173,-3.47840135585993,-4.114830432173477,-4.357246408411058
Toyota_Sequoia,14.0,19.0,5730.0,8.0,381.0,0.06649214659685863,5.7,8.0,3.0,A-S,suv2,205.1,gas,no,no,Toyota,Sequoia,71.42857142857143,52.63157894736842,0.018911098536037858,-12.67392331085405,-12.743195744525792,-12.400823397348958
Toyota_4Runner,16.0,20.0,4300.0,5.0,236.0,0.05488372093023256,4.0,6.0,3.0,A,suv4,189.2,gas,no,no,Toyota,4Runner,62.5,50.0,0.005469227145793931,-1.3070451446698428,-1.477371859972088,-1.6135055729909595
Toyota_4Runner,14.0,17.0,4505.0,5.0,260.0,0.05771365149833518,4.7,8.0,3.0,A,suv4,189.2,gas,no,no,Toyota,4Runner,71.42857142857143,58.8235294117647,0.006218949506599545,3.8573125608223933,3.748735774262812,3.7057839475867667
Toyota_FJCruiser,16.0,20.0,4295.0,5.0,239.0,0.05564610011641444,4.0,6.0,3.0,A,suv4,183.9,gas,no,no,Toyota,FJCruiser,62.5,50.0,0.00676020086964162,-2.212596287092481,-2.3483314900580865,-2.447370452361284
Toyota_FJCruiser,15.0,18.0,4290.0,5.0,239.0,0.05571095571095571,4.0,6.0,3.0,M,suv4,183.9,gas,no,no,Toyota,FJCruiser,66.66666666666667,55.55555555555556,0.013909793092004737,2.694467486649174,2.7221448088644777,3.0199676240716755
Toyota_Highlander,17.0,23.0,4178.0,7.0,270.0,0.0646242221158449,3.5,6.0,3.0,A-S,suv4,188.4,gas,no,no,Toyota,Highlander,58.8235294117647,43.47826086956522,0.008095943028582592,-4.737238810550004,-4.839206452165826,-4.751393987617362
Toyota_Highlander_Hybrid,27.0,25.0,4508.0,7.0,209.0,0.046362023070097604,3.3,6.0,3.0,AV,suv4,188.4,gas,yes,no,Toyota,Highlander_Hybrid,37.03703703703704,40.0,0.05895693396353382,-1.8102783141976602,-1.967738640976819,-2.0638330100655153
Toyota_Land_Cruiser,13.0,18.0,5690.0,8.0,381.0,0.06695957820738137,5.7,8.0,3.0,A-S,suv4,194.9,gas,no,no,Toyota,Land_Cruiser,76.92307692307692,55.55555555555556,0.02098834616839338,-8.184715466396213,-8.208549709957609,-7.820795587437644
Toyota_RAV4,20.0,25.0,3444.0,5.0,166.0,0.04819976771196283,2.4,4.0,3.0,A,suv4,181.1,gas,no,no,Toyota,RAV4,50.0,40.0,0.006574538917772731,-1.6178346418735998,-1.8571449162965692,-2.1860992803590378
Toyota_RAV4,19.0,26.0,3655.0,5.0,269.0,0.07359781121751026,3.5,6.0,3.0,A,suv4,181.1,gas,no,no,Toyota,RAV4,52.63157894736842,38.46153846153846,0.006514351415887293,-9.205478452254987,-8.95803722170156,-8.760249489754457
Toyota_Sequoia,13.0,16.0,5920.0,8.0,273.0,0.046114864864864866,4.7,8.0,3.0,A-S,suv4,205.1,gas,no,no,Toyota,Sequoia,76.92307692307692,62.5,0.030161954940593292,-0.11389649370622124,-0.8298988321309082,-1.1178308660982168
Toyota_Sequoia,13.0,18.0,6030.0,8.0,381.0,0.06318407960199005,5.7,8.0,3.0,A-S,suv4,205.1,gas,no,no,Toyota,Sequoia,76.92307692307692,55.55555555555556,0.02401924123089669,-9.841918606788298,-10.010657618098975,-9.72518034308429
Volkswagen_Eos,21.0,30.0,3569.0,4.0,200.0,0.05603810591202017,2.0,4.0,2.0,A-S,subcompact,173.6,gas,no,yes,Volkswagen,Eos,47.61904761904762,33.333333333333336,0.01113363952472922,-6.838164669054976,-7.0698748163238605,-7.196899981807597
Volkswagen_Eos,20.0,29.0,3505.0,4.0,200.0,0.05706134094151213,2.0,4.0,2.0,M,subcompact,173.6,gas,no,yes,Volkswagen,Eos,50.0,34.48275862068966,0.009926919021519393,-5.2185940723579165,-5.10894742124033,-4.83868065645175
Volkswagen_Eos,19.0,26.0,3686.0,4.0,250.0,0.06782419967444384,3.2,6.0,2.0,A-S,subcompact,173.6,gas,no,no,Volkswagen,Eos,52.63157894736842,38.46153846153846,0.010854997959465092,-6.915754863475193,-6.916009566031768,-6.790098422880291
Volkswagen_New_Beetle,20.0,29.0,2965.0,4.0,150.0,0.050590219224283306,2.5,5.0,2.0,A-S,subcompact,161.1,gas,no,no,Volkswagen,New_Beetle,50.0,34.48275862068966,0.018165219545670373,3.2880039547468414,3.025737121542747,2.7844536549120207
Volkswagen_New_Beetle,20.0,28.0,2884.0,4.0,150.0,0.052011095700416086,2.5,5.0,2.0,M,subcompact,161.1,gas,no,no,Volkswagen,New_Beetle,50.0,35.714285714285715,0.012999906542697398,2.677497215283111,2.7622236198650114,2.921456137595804
Volkswagen_GLI,22.0,29.0,3334.0,5.0,200.0,0.059988002399520096,2.0,4.0,2.0,A-S,compact,179.3,gas,no,yes,Volkswagen,GLI,45.45454545454545,34.48275862068966,0.009794747953533921,-6.156874821633679,-6.3286501776563355,-6.432228699810345
Volkswagen_GLI,20.0,29.0,3290.0,5.0,200.0,0.060790273556231005,2.0,4.0,2.0,M,compact,179.3,gas,no,yes,Volkswagen,GLI,50.0,34.48275862068966,0.008560214217022844,-2.550302113130428,-2.3873517759425553,-2.0974313726350644
Volkswagen_Jetta,21.0,29.0,3285.0,5.0,170.0,0.0517503805175038,2.5,5.0,2.0,A-S,compact,179.3,gas,no,no,Volkswagen,Jetta,47.61904761904762,34.48275862068966,0.01083413704795431,-1.1264497993446412,-1.4441273936811783,-1.703488286115764
Volkswagen_Jetta,21.0,29.0,3230.0,5.0,170.0,0.05263157894736842,2.5,5.0,2.0,M,compact,179.3,gas,no,no,Volkswagen,Jetta,47.61904761904762,34.48275862068966,0.009417851402285899,-1.967706607313147,-1.9470114005923946,-1.8107872149195217
Volkswagen_R32,18.0,23.0,3547.0,5.0,250.0,0.07048209754722301,3.2,6.0,2.0,A-S,compact,167.2,gas,no,no,Volkswagen,R32,55.55555555555556,43.47826086956522,0.014603289040277698,-3.611673049326825,-3.5456527208661512,-3.3696652040229154
Volkswagen_Rabbit,21.0,29.0,3138.0,5.0,170.0,0.05417463352453792,2.5,5.0,2.0,A-S,compact,165.8,gas,no,no,Volkswagen,Rabbit,47.61904761904762,34.48275862068966,0.014805433688551441,-1.6222185001110176,-1.8485716158417702,-2.0300301153443385
Volkswagen_Rabbit,22.0,29.0,3072.0,5.0,170.0,0.055338541666666664,2.5,5.0,2.0,M,compact,165.8,gas,no,no,Volkswagen,Rabbit,45.45454545454545,34.48275862068966,0.010994247986644199,-4.5303524435989,-4.414685650425589,-4.198472919174769
Volkswagen_Passat,19.0,28.0,3344.0,5.0,200.0,0.05980861244019139,2.0,4.0,2.0,A-S,midsize,188.2,gas,no,yes,Volkswagen,Passat,52.63157894736842,35.714285714285715,0.011747197753054401,2.1183351177248895,1.9151690895210578,1.776715406636015
Volkswagen_Passat,20.0,29.0,3305.0,5.0,200.0,0.060514372163388806,2.0,4.0,2.0,M,midsize,188.2,gas,no,yes,Volkswagen,Passat,50.0,34.48275862068966,0.011661608781167426,-1.4965006797688147,-1.3665987910561128,-1.1125017996823416
Volkswagen_Passat,17.0,26.0,3576.0,5.0,280.0,0.07829977628635347,3.6,6.0,2.0,A-S,midsize,188.2,gas,no,no,Volkswagen,Passat,58.8235294117647,38.46153846153846,0.009887382840890014,-0.2315089723034518,-0.07919996456165279,0.17854811559340078
Volkswagen_Passat,20.0,28.0,3307.0,5.0,200.0,0.06047777441790142,2.0,4.0,2.0,A-S,midsizewagon,188.0,gas,no,yes,Volkswagen,Passat,50.0,35.714285714285715,0.011960945756650427,-0.21154123716458173,-0.4018088192290534,-0.5325043497685655
Volkswagen_Passat,20.0,29.0,3346.0,5.0,200.0,0.05977286312014345,2.0,4.0,2.0,M,midsizewagon,188.0,gas,no,yes,Volkswagen,Passat,50.0,34.48275862068966,0.011396215901072197,-1.8870482928041952,-1.770109268138249,-1.5230468431811275
Volkswagen_Touareg,14.0,20.0,5086.0,5.0,280.0,0.055053086905230045,3.6,6.0,2.0,A-S,suv4,187.2,gas,no,no,Volkswagen,Touareg,71.42857142857143,50.0,0.01760607772210899,-1.161083459086484,-1.5062683843077878,-1.5311867001413333
Volkswagen_Touareg,12.0,17.0,5300.0,5.0,350.0,0.0660377358490566,4.2,8.0,2.0,A-S,suv4,187.2,gas,no,no,Volkswagen,Touareg,83.33333333333333,58.8235294117647,0.018977783731443616,3.171983181571065,3.134191804955421,3.453863879136037
Volvo_C70,18.0,27.0,3627.0,4.0,227.0,0.0625861593603529,2.5,5.0,2.0,M,subcompact,180.4,gas,no,yes,Volvo,C70,55.55555555555556,37.03703703703704,0.00888563225302444,-2.0268666237682993,-1.8331867660008214,-1.4626867988454748
Volvo_C30,19.0,28.0,3201.0,4.0,227.0,0.07091533895657608,2.5,5.0,2.0,M,compact,167.4,gas,no,yes,Volvo,C30,52.63157894736842,35.714285714285715,0.010445732751552061,-2.903804935091337,-2.527873935423571,-2.0284118918391982
Volvo_S40,20.0,28.0,3220.0,5.0,168.0,0.05217391304347826,2.4,5.0,2.0,M,compact,176.2,gas,no,no,Volvo,S40,50.0,35.714285714285715,0.009220309892384934,0.25064182093240106,0.27362165808179384,0.4122242790944526
Volvo_S60,19.0,27.0,3523.0,5.0,208.0,0.05904059040590406,2.5,5.0,2.0,A,compact,181.2,gas,no,yes,Volvo,S60,52.63157894736842,37.03703703703704,0.005753691586961793,-3.077511470304394,-3.1163222365613876,-3.229524191455411
Volvo_S80,16.0,24.0,4016.0,5.0,281.0,0.06997011952191234,3.2,6.0,2.0,A-S,midsize,191.0,gas,no,no,Volvo,S80,62.5,41.666666666666664,0.008252410244870025,-0.16765939754846215,-0.16466237737174794,0.004766796443767873
Volvo_S80,15.0,23.0,4100.0,5.0,311.0,0.07585365853658536,4.4,8.0,2.0,A-S,midsize,191.0,gas,no,no,Volvo,S80,66.66666666666667,43.47826086956522,0.00834272336252493,0.8224593191133636,0.9597541435460784,1.2783279292232805
Volvo_V50,20.0,28.0,3321.0,5.0,168.0,0.05058717253839205,2.4,5.0,2.0,A-S,smallwagon,178.0,gas,no,no,Volvo,V50,50.0,35.714285714285715,0.010868355652783027,0.9237010527777159,0.5873784328901692,0.3150022237208461
Volvo_V70,16.0,24.0,3527.0,5.0,235.0,0.06662886305642189,3.2,6.0,2.0,A-S,midsizewagon,189.9,gas,no,no,Volvo,V70,62.5,41.666666666666664,0.010513801833378519,7.75312463063284,7.673094513770231,7.686223313324284
Volvo_XC90,14.0,20.0,4356.0,5.0,235.0,0.0539485766758494,3.2,6.0,2.0,A-S,suv2,189.3,gas,no,no,Volvo,XC90,71.42857142857143,50.0,0.010142634472378058,9.244301359929949,8.891304638216802,8.749436668699296
Volvo_XC70,15.0,22.0,4092.0,5.0,235.0,0.05742913000977517,3.2,6.0,2.0,A-S,suv4,190.5,gas,no,no,Volvo,XC70,66.66666666666667,45.45454545454545,0.00903761516903715,6.985432323663872,6.716180780889623,6.619933914201702
Volvo_XC90,13.0,19.0,4826.0,7.0,311.0,0.06444260256941567,4.4,8.0,2.0,A-S,suv4,189.3,gas,no,no,Volvo,XC90,76.92307692307692,52.63157894736842,0.011603529584107788,4.408901370086184,4.3108497399258,4.498036745257494
