TotalComp,Log10 TotalComp,Name,Company,Industry,Net Sales,Net income ($ Million),Percent stock owned,Full Title,Sex,Age,SP Industry Code,SP Code,SIC,SIC Desc
,,Richard Roscitt,ADC TELECOMMUNICATIONS INC,IT,773200000.0,-76.7,,"chairman, president & CEO",MALE,,4520.0,45.0,3661.0,TELE & TELEGRAPH APPARATUS
2901854.0,6.462675558139821,Ingrid Wiik,ALPHARMA INC  -CL A,Health,1297285000.0,16.936,,president & CEO,FEMALE,59.0,3520.0,35.0,2834.0,PHARMACEUTICAL PREPARATIONS
686295.0,5.836510834851155,Gerald Arpey,AMR CORP/DE,Industrial,17440000000.0,-1228.0,,president & CEO,MALE,45.0,2030.0,20.0,4512.0,"AIR TRANSPORT, SCHEDULED"
779222.0,5.891661205605316,Harvey Blau,AEROFLEX INC,IT,291780000.0,6.395,0.21,chairman & CEO,MALE,67.0,4520.0,45.0,3825.0,ELEC MEAS & TEST INSTRUMENTS
1438539.0,6.157921640473962,William Post,PINNACLE WEST CAPITAL,Utility,2817852000.0,240.579,,chairman & CEO; chairman-APS,MALE,53.0,5510.0,55.0,4911.0,ELECTRIC SERVICES
1774182.0,6.248998168788506,"R. Loudermilk, Sr.",AARON RENTS INC,Discretionary,766797000.0,36.426,7.44,chairman & CEO,MALE,76.0,2550.0,25.0,7359.0,"EQUIP RENTAL & LEASING, NEC"
9833416.0,6.992704412261171,Miles White,ABBOTT LABORATORIES,Health,19680561000.0,2753.233,,chairman & CEO,MALE,48.0,3520.0,35.0,2834.0,PHARMACEUTICAL PREPARATIONS
3908636.0,6.592025227722576,Hector Ruiz,ADVANCED MICRO DEVICES,IT,3519168000.0,-274.49,,president & CEO,MALE,58.0,4530.0,45.0,3674.0,"SEMICONDUCTOR,RELATED DEVICE"
17953233.0,7.254142667266999,John Rowe,AETNA INC,Health,17976400000.0,933.8,,chairman & CEO,MALE,59.0,3510.0,35.0,6324.0,HOSPITAL & MEDICAL SVC PLANS
6328179.0,6.801278755194548,John Jones III,AIR PRODUCTS & CHEMICALS INC,Materials,6297300000.0,397.3,,"chairman, president & CEO",MALE,53.0,1510.0,15.0,2810.0,INDL INORGANIC CHEMICALS
7860092.0,6.895427629354738,Howard Bernick,ALBERTO-CULVER CO,Staples,2891417000.0,162.153,1.44,president & CEO,MALE,51.0,3030.0,30.0,5990.0,"RETAIL STORES, NEC"
13218278.0,7.121174881487835,Lawrence Johnston,ALBERTSONS INC,Staples,35436000000.0,556.0,,"chairman, president & CEO",MALE,55.0,3010.0,30.0,5411.0,GROCERY STORES
3296418.0,6.5180422769277575,Matthew Espe,IKON OFFICE SOLUTIONS,Industrial,4710912000.0,116.017,,chairman & CEO,MALE,45.0,2020.0,20.0,5040.0,PROF & COML EQ & SUPPLY-WHSL
2406417.0,6.381370886971768,W. Doane,ALEXANDER & BALDWIN INC,Industrial,1233000000.0,81.0,0.22,president & CEO; vice chairman-Matson,MALE,56.0,2030.0,20.0,4400.0,WATER TRANSPORTATION
7652138.0,6.883782793568807,Paul Evanson,ALLEGHENY ENERGY INC,Utility,2472432000.0,-349.942,,"chairman, president & CEO",MALE,62.0,5510.0,55.0,4911.0,ELECTRIC SERVICES
12966369.0,7.112818376697974,David Cote,HONEYWELL INTERNATIONAL INC,Industrial,23103000000.0,1324.0,,chairman & CEO,MALE,51.0,2010.0,20.0,3728.0,"AIRCRAFT PARTS, AUX EQ, NEC"
7329941.0,6.8651004789415975,Scott Ford,ALLTEL CORP,Telecom,7979900000.0,1330.1,,president & CEO,MALE,41.0,5010.0,50.0,4812.0,RADIOTELEPHONE COMMUNICATION
489548.0,5.689795280639912,David Aldrich,SKYWORKS SOLUTIONS INC,IT,617789000.0,-451.416,,president & CEO,MALE,47.0,4530.0,45.0,3674.0,"SEMICONDUCTOR,RELATED DEVICE"
13288908.0,7.123489294783276,Alain Belda,ALCOA INC,Materials,21504000000.0,938.0,,chairman & CEO,MALE,60.0,1510.0,15.0,3350.0,ROLLING & DRAW NONFER METAL
637527.0,5.804498582365136,Byron Pond,AMCAST INDL CORP,Discretionary,423920000.0,-109.681,0.62,chairman & CEO,MALE,67.0,2510.0,25.0,3714.0,"MOTOR VEHICLE PART,ACCESSORY"
3262000.0,6.513483956704256,John Hess,AMERADA HESS CORP,Energy,14311000000.0,643.0,13.45,chairman & CEO,MALE,49.0,1010.0,10.0,2911.0,PETROLEUM REFINING
9734145.0,6.988297811214128,Norman Wesley,FORTUNE BRANDS INC,Discretionary,5912500000.0,579.2,,chairman & CEO,MALE,54.0,2520.0,25.0,3490.0,MISC FABRICATED METAL PRODS
867872.0,5.938455677028029,Henrik Slipsager,ABM INDUSTRIES INC,Industrial,2262476000.0,90.458,,president & CEO,MALE,49.0,2020.0,20.0,7340.0,"SVCS TO DWELLINGS, OTH BLDGS"
2137652.0,6.329937005465351,"E. Draper, Jr.",AMERICAN ELECTRIC POWER,Utility,14545000000.0,119.0,,"chairman, president & CEO; chairman & CEO-service corp; chairman & CEO sub.",MALE,,5510.0,55.0,4911.0,ELECTRIC SERVICES
17404795.999999996,7.240668937324788,Kenneth Chenault,AMERICAN EXPRESS,Financial,26578000000.0,2987.0,,chairman & CEO,MALE,52.0,4020.0,40.0,6199.0,FINANCE SERVICES
14796547.0,7.170160377975236,Daniel Amos,AFLAC INC,Financial,11447000000.0,795.0,1.46,chairman & CEO,MALE,52.0,4030.0,40.0,6321.0,ACCIDENT & HEALTH INSURANCE
1191996.0,6.076274798037738,Zev Weiss,AMERICAN GREETINGS  -CL A,Discretionary,2008943000.0,104.67,,CEO,MALE,37.0,2520.0,25.0,2771.0,GREETING CARDS
12657031.000000002,7.102331843790604,Robert Essner,WYETH,Health,15850632000.0,2051.192,,"chairman, president & CEO",MALE,56.0,3520.0,35.0,2834.0,PHARMACEUTICAL PREPARATIONS
,,Maurice Greenberg,AMERICAN INTERNATIONAL GROUP,Financial,81303000000.0,9274.0,1.67,chairman & CEO,MALE,78.0,4030.0,40.0,6311.0,LIFE INSURANCE
2323798.0,6.366198373589995,Alfred Mockett,AMERICAN MANAGEMENT SYSTEMS,IT,961620000.0,-26.296,,chairman & CEO,MALE,55.0,4510.0,45.0,7370.0,"CMP PROGRAMMING,DATA PROCESS"
566076.0,5.752874742433583,John Gibson,AMERICAN PACIFIC CORP,Materials,68866000.0,9.36,0.89,"chairman, president & CEO",MALE,66.0,1510.0,15.0,2810.0,INDL INORGANIC CHEMICALS
4272247.0,6.630656353485865,Frederic Poses,AMERICAN STANDARD COS INC,Industrial,8567600000.0,405.2,0.25,chairman & CEO,MALE,61.0,2010.0,20.0,3585.0,"AIR-COND,HEATING,REFRIG EQ"
20064332.0,7.30242470538343,David Dorman,AT&T CORP,Telecom,34529000000.0,1865.0,,chairman & CEO,MALE,50.0,5010.0,50.0,4813.0,PHONE COMM EX RADIOTELEPHONE
2406662.0,6.381415100726896,Frank Hermance,AMETEK INC,Industrial,1091622000.0,87.815,0.57,chairman & CEO,MALE,55.0,2010.0,20.0,3621.0,MOTORS AND GENERATORS
15264555.0,7.183684148047622,Kevin Sharer,AMGEN INC,Health,8356000000.0,2259.5,,"chairman, president & CEO",MALE,56.0,3520.0,35.0,2836.0,"BIOLOGICAL PDS,EX DIAGNSTICS"
5908816.0,6.771500466299034,C. Ritter,AMSOUTH BANCORPORATION,Financial,2942229000.0,626.121,,"chairman, president & CEO",MALE,56.0,4010.0,40.0,6020.0,COMMERCIAL BANKS
3475100.0,6.540967306429246,Jerald Fishman,ANALOG DEVICES,IT,2047268000.0,298.281,,president & CEO,MALE,58.0,4530.0,45.0,3674.0,"SEMICONDUCTOR,RELATED DEVICE"
350000.0,5.544068044350275,Bernard Gordon,ANALOGIC CORP,Health,471522000.0,49.495,15.8,"chairman, executive chairman & CEO",MALE,76.0,3510.0,35.0,3825.0,ELEC MEAS & TEST INSTRUMENTS
377400.0,5.576801895828912,Michael LaVelle,ANALYSTS INTERNATIONAL CORP,IT,331899000.0,-1.524,,president & CEO,MALE,64.0,4510.0,45.0,7371.0,COMPUTER PROGRAMMING SERVICE
1458214.0,6.163821263487557,Ralph Faison,ANDREW CORP,IT,1014486000.0,15.52,,president & CEO,MALE,45.0,4520.0,45.0,3357.0,"DRAWNG,INSULATNG NONFER WIRE"
1350911.0,6.130626738006416,Don Hubble,ANGELICA CORP,Industrial,374276000.0,9.203,0.74,"chairman, president & CEO",MALE,64.0,2020.0,20.0,7200.0,PERSONAL SERVICES
22368894.0,7.349644511518559,Eugene Isenberg,NABORS INDUSTRIES LTD,Energy,1880003000.0,192.228,1.05,chairman & CEO,MALE,74.0,1010.0,10.0,1381.0,DRILLING OIL AND GAS WELLS
21716637.0,7.336792572048276,Patrick Stokes,ANHEUSER-BUSCH COS INC,Staples,14146700000.0,2075.9,,president & CEO,MALE,61.0,3020.0,30.0,2082.0,MALT BEVERAGES
1106371.0,6.043900783600678,Richard Heckmann,K2 INC,Discretionary,718539000.0,11.424,,chairman & CEO,MALE,60.0,2520.0,25.0,3949.0,"SPORTING & ATHLETIC GDS, NEC"
2706485.0,6.432405624467804,G. Farris,APACHE CORP,Energy,4198920000.0,1121.885,,"president, CEO & chief operating officer",MALE,56.0,1010.0,10.0,1311.0,CRUDE PETROLEUM & NATURAL GS
833794.0,5.921058765608859,Russell Huffer,APOGEE ENTERPRISES INC,Industrial,535328999.99999994,-5.593,0.76,"chairman, president & CEO",MALE,54.0,2010.0,20.0,3231.0,"GLASS PD,MADE OF PURCH GLASS"
74750001.0,7.873611202806426,Steven Jobs,APPLE COMPUTER INC,IT,6207000000.0,69.0,1.35,CEO,MALE,49.0,4520.0,45.0,3571.0,ELECTRONIC COMPUTERS
16324735.0,7.212846140086663,Michael Splinter,APPLIED MATERIALS INC,IT,4477291000.0,-149.147,,president & CEO,MALE,53.0,4530.0,45.0,3559.0,"SPECIAL INDUSTRY MACHY, NEC"
2685390.0,6.429007367334704,Robert Arzbaecher,ACTUANT CORP  -CL A,Industrial,585393000.0,28.966,1.4,president & CEO,MALE,43.0,2010.0,20.0,3540.0,METALWORKING MACHINERY & EQ
6251421.000000001,6.795978747314282,G. Andreas,ARCHER-DANIELS-MIDLAND CO,Staples,30708033000.0,451.145,,chairman & CEO,MALE,60.0,3020.0,30.0,2070.0,FATS AND OILS
1448813.0,6.161012334188204,Robert Young III,ARKANSAS BEST CORP,Industrial,1527473000.0,46.11,8.24,president & CEO,MALE,63.0,2030.0,20.0,4213.0,"TRUCKING, EXCEPT LOCAL"
4826606.0,6.683641848433423,William Mitchell,ARROW ELECTRONICS INC,IT,8679313000.0,25.7,2.6,CEO,MALE,,4520.0,45.0,5065.0,"ELECTRONIC PARTS,EQ-WHSL,NEC"
2696510.0,6.430802035207072,James O'Brien,ASHLAND INC,Energy,7564000000.0,75.0,,chairman & CEO,MALE,49.0,1010.0,10.0,5160.0,CHEMICALS & ALLIED PDS-WHSL
2943350.0,6.468841908049595,Paula Rosput,AGL RESOURCES INC,Utility,983700000.0,127.9,,"chairman, president & CEO",FEMALE,47.0,5510.0,55.0,4924.0,NATURAL GAS DISTRIBUTION
709513.0,5.850960357195243,John Irwin,ATWOOD OCEANICS,Energy,144765000.0,-12.802,,president & CEO,MALE,58.0,1010.0,10.0,1381.0,DRILLING OIL AND GAS WELLS
5579413.0,6.746588510000156,Carol Bartz,AUTODESK INC,IT,951643000.0,120.316,0.42,"chairman, president & CEO",FEMALE,55.0,4510.0,45.0,7372.0,PREPACKAGED SOFTWARE
3983889.0,6.600307229510933,Arthur Weinbach,AUTOMATIC DATA PROCESSING,IT,7147017000.0,1018.15,,chairman & CEO,MALE,60.0,4510.0,45.0,7374.0,"CMP PROCESSING,DATA PREP SVC"
4663566.0,6.668718127390923,Philip Neal,AVERY DENNISON CORP,Industrial,4762600000.0,267.9,,chairman & CEO,MALE,63.0,2020.0,20.0,2670.0,"CONVRT PAPR,PAPRBRD,EX BOXES"
3287448.0,6.516858891994645,Roy Vallee,AVNET INC,IT,9048442000.0,-46.116,0.1,chairman & CEO,MALE,51.0,4520.0,45.0,5065.0,"ELECTRONIC PARTS,EQ-WHSL,NEC"
8134003.0,6.910304328245997,Andrea Jung,AVON PRODUCTS,Staples,6876000000.0,664.8,,chairman & CEO,FEMALE,45.0,3030.0,30.0,2844.0,"PERFUME,COSMETIC,TOILET PREP"
5668265.0,6.753450145976868,Michael Wiley,BAKER-HUGHES INC,Energy,5292800000.0,128.9,,chairman & CEO,MALE,53.0,1010.0,10.0,3533.0,"OIL & GAS FIELD MACHY, EQUIP"
744518.0,5.871875202029329,John McFarland,BALDOR ELECTRIC,Industrial,561391000.0,24.779,0.51,president & CEO,MALE,,2010.0,20.0,3621.0,MOTORS AND GENERATORS
5572821.0,6.746075093664357,R. Hoover,BALL CORP,Materials,4977000000.0,229.9,0.58,"chairman, president & CEO",MALE,58.0,1510.0,15.0,3411.0,METAL CANS
6901426.000000001,6.838938835656859,Mayo Shattuck III,CONSTELLATION ENERGY GRP INC,Utility,9703000000.0,290.5,,"chairman, president & CEO",MALE,49.0,5510.0,55.0,4931.0,ELECTRIC & OTHER SERV COMB
23260506.0,7.366619157968423,James Dimon,BANK ONE CORP,Financial,20724000000.0,3535.0,,CEO,MALE,48.0,4010.0,40.0,6020.0,COMMERCIAL BANKS
636913.0,5.804080113339493,Richard Carrion,POPULAR INC,Financial,2660248000.0,470.915,,"chairman, president & CEO",MALE,51.0,4010.0,40.0,6020.0,COMMERCIAL BANKS
2857617.0,6.456004020839552,Michael O'Neill,BANK OF HAWAII CORP,Financial,641241000.0,135.195,1.58,chairman & CEO,MALE,57.0,4010.0,40.0,6020.0,COMMERCIAL BANKS
1459396.0,6.164173151577941,Martin Carver,BANDAG INC,Discretionary,816397000.0,60.2,29,"chairman, president & CEO",MALE,55.0,2510.0,25.0,3011.0,TIRES AND INNER TUBES
18954164.000000004,7.27770463401734,Thomas Renyi,BANK OF NEW YORK CO INC,Financial,6336000000.0,1157.0,,chairman & CEO,MALE,57.0,4020.0,40.0,6020.0,COMMERCIAL BANKS
2142185.0,6.3308569739700475,Stephanie Streeter,BANTA CORP,Industrial,1418497000.0,46.614,,president & CEO,FEMALE,46.0,2020.0,20.0,2750.0,COMMERCIAL PRINTING
15962419.0,7.203098706484953,William Longfield,BARD (C.R.) INC,Health,1433100000.0,168.5,,chairman & CEO,MALE,65.0,3510.0,35.0,3841.0,"SURGICAL,MED INSTR,APPARATUS"
5271479.0,6.721932480757779,Edmund Carpenter,BARNES GROUP INC,Industrial,890818000.0,33.015,0.85,president & CEO,MALE,62.0,2010.0,20.0,3490.0,MISC FABRICATED METAL PRODS
7471432.0,6.873403848146806,Gregory Wilkins,BARRICK GOLD CORP,Materials,2035000000.0,200.0,,president & CEO,MALE,48.0,1510.0,15.0,1040.0,GOLD AND SILVER ORES
362767.0,5.5596277735100434,"Robert Spilman, Jr.",BASSETT FURNITURE INDS,Discretionary,316857000.0,-0.47,0.72,president & CEO,MALE,47.0,2520.0,25.0,2511.0,"WOOD HSHLD FURN, EX UPHOLSRD"
6821813.0,6.833899810324791,Ronald Zarrella,BAUSCH & LOMB INC,Health,2019500000.0,125.5,0.27,chairman & CEO,MALE,54.0,3510.0,35.0,2834.0,PHARMACEUTICAL PREPARATIONS
4837293.0,6.6846023938654735,"Harry Jansen Kraemer, Jr.",BAXTER INTERNATIONAL INC,Health,8916000000.0,881.0,,chairman & CEO,MALE,49.0,3510.0,35.0,3841.0,"SURGICAL,MED INSTR,APPARATUS"
2789889.0,6.445586924547265,David Pugh,APPLIED INDUSTRIAL TECH INC,Industrial,1464367000.0,19.832,0.307,chairman & CEO,MALE,54.0,2010.0,20.0,5080.0,MACHINERY AND EQUIPMENT-WHSL
3872065.0,6.5879426391591815,Edward Ludwig,BECTON DICKINSON & CO,Health,4527940000.0,547.056,,"chairman, president & CEO",MALE,52.0,3510.0,35.0,3841.0,"SURGICAL,MED INSTR,APPARATUS"
274412.0,5.438403099089492,Daniel Bernstein,BEL FUSE INC,IT,158498000.0,13.764,3.82,president & CEO,MALE,50.0,4520.0,45.0,3677.0,"ELECTR COIL,TRANSFRM,INDUCTR"
18123452.0,7.258240921915107,Ivan Seidenberg,VERIZON COMMUNICATIONS,Telecom,67752000000.0,3077.0,,chairman & CEO,MALE,57.0,5010.0,50.0,4813.0,PHONE COMM EX RADIOTELEPHONE
387451.0,5.588216786132137,Tracy Edwards,BELL INDUSTRIES INC,IT,141905000.0,-3.787,0.68,"chairman, president & CEO",MALE,47.0,4520.0,45.0,7373.0,CMP INTEGRATED SYS DESIGN
12927415.000000002,7.11151169089181,F. Ackerman,BELLSOUTH CORP,Telecom,22635000000.0,3904.0,,"chairman, president & CEO",MALE,61.0,5010.0,50.0,4813.0,PHONE COMM EX RADIOTELEPHONE
3073227.0,6.4875946400501885,Robert Decherd,BELO CORP  -SER A COM,Discretionary,1436011000.0,128.525,,"chairman, president & CEO",MALE,52.0,2540.0,25.0,2711.0,"NEWSPAPER:PUBG, PUBG & PRINT"
3337528.0,6.523424917876596,Jeffrey Curler,BEMIS CO,Materials,2635018000.0,147.145,0.97,president & CEO,MALE,53.0,1510.0,15.0,2670.0,"CONVRT PAPR,PAPRBRD,EX BOXES"
308000.0,5.488550716500444,Warren Buffett,BERKSHIRE HATHAWAY  -CL A,Financial,63859000000.0,8151.0,37.2,chairman & CEO,MALE,73.0,4030.0,40.0,6321.0,ACCIDENT & HEALTH INSURANCE
3339915.0,6.523735414266445,Bradbury Anderson,BEST BUY CO INC,Discretionary,24547000000.0,705.0,0.49,vice chairman & CEO,MALE,54.0,2550.0,25.0,5731.0,"RADIO,TV,CONS ELECTR STORES"
3012757.0,6.478964104187462,William Floyd,BEVERLY ENTERPRISES,Health,1996981000.0,80.468,0.46,"chairman, president & CEO",MALE,59.0,3510.0,35.0,8051.0,SKILLED NURSING CARE FAC
1854277.0,6.268174611461985,Norman Schwartz,BIO-RAD LABORATORIES INC,Health,1003382000.0,76.171,1,president & CEO,MALE,54.0,3510.0,35.0,3826.0,LAB ANALYTICAL INSTRUMENTS
1052614.0,6.022269141932743,Sim Fass,SAVIENT PHARMACEUTICALS INC,Health,132525000.0,13.922,0.38,chairman & CEO,MALE,62.0,3520.0,35.0,2833.0,"MEDICINAL CHEMS,BOTANICL PDS"
16311150.999999998,7.212484608208358,Nolan Archibald,BLACK & DECKER CORP,Discretionary,4482700000.0,293.0,0.41,"chairman, president & CEO",MALE,60.0,2520.0,25.0,3540.0,METALWORKING MACHINERY & EQ
1501736.0,6.17659359190883,Daniel Landguth,BLACK HILLS CORP,Utility,1136052000.0,61.222,,chairman & CEO,MALE,57.0,5510.0,55.0,4911.0,ELECTRIC SERVICES
6755078.0,6.829630368128443,Carl Thorne,ENSCO INTERNATIONAL INC,Energy,790800000.0,108.3,1.11,CEO,MALE,63.0,1010.0,10.0,1381.0,DRILLING OIL AND GAS WELLS
1116546.0,6.047876620049319,James Osterman,BLOUNT INTL INC,Discretionary,559100000.0,-33.7,,president & CEO,MALE,66.0,2520.0,25.0,3420.0,"CUTLERY, HANDTOOLS,GEN HRDWR"
3323358.0,6.521577127029544,Philip Condit,BOEING CO,Industrial,50485000000.0,718.0,,chairman & CEO,MALE,,2010.0,20.0,3721.0,AIRCRAFT
8864779.0,6.9476679130585515,George Harad,BOISE CASCADE CORP,Discretionary,8245146000.000001,8.272,0.33,chairman & CEO,MALE,59.0,2550.0,25.0,5110.0,PAPER & PAPER PRODUCTS-WHSL
11048957.0,7.043321283403603,"Harold Messmer, Jr.",ROBERT HALF INTL INC,Industrial,1974991000.0,6.39,0.91,chairman & CEO,MALE,57.0,2020.0,20.0,7363.0,HELP SUPPLY SERVICES
4292697.0,6.632730234887057,Thomas May,NSTAR,Utility,2914131000.0,183.534,,"chairman, president & CEO",MALE,56.0,5510.0,55.0,4911.0,ELECTRIC SERVICES
2246377.0,6.351482643857732,Arnold Nemirow,BOWATER INC,Materials,2721100000.0,-205.0,1.13,"chairman, president & CEO",MALE,60.0,1510.0,15.0,2621.0,PAPER MILLS
1977805.0,6.296183470477199,Robert Johnson,BOWNE & CO INC,Industrial,1064819999.9999999,-9.127,0.73,chairman & CEO,MALE,58.0,2020.0,20.0,2750.0,COMMERCIAL PRINTING
3699854.0,6.568184586703374,John Shiely,BRIGGS & STRATTON,Industrial,1657633000.0,80.638,1.59,"chairman, president & CEO",MALE,51.0,2010.0,20.0,3510.0,ENGINES AND TURBINES
9364353.999999998,6.971477822937939,Peter Dolan,BRISTOL MYERS SQUIBB,Health,20894000000.0,3106.0,,chairman & CEO,MALE,48.0,3520.0,35.0,2834.0,PHARMACEUTICAL PREPARATIONS
2023331.0,6.306066935521472,Ronald Fromm,BROWN SHOE CO INC,Discretionary,1832108000.0,46.894,0.36,chairman & CEO,MALE,53.0,2520.0,25.0,3140.0,"FOOTWEAR, EXCEPT RUBBER"
1608855.0,6.206516904548043,James Lightner,BROWN (TOM) INC,Energy,466376000.0,82.737,0.03,"chairman, president & CEO",MALE,51.0,1010.0,10.0,1311.0,CRUDE PETROLEUM & NATURAL GS
6912582.0,6.839640296129939,George Buckley,BRUNSWICK CORP,Discretionary,4128700000.0,135.2,,chairman & CEO,MALE,57.0,2520.0,25.0,3510.0,ENGINES AND TURBINES
2187139.0,6.33987638478189,Gordon Harnett,BRUSH ENGINEERED MATERIALS,Materials,401046000.0,-13.226,0.2,"chairman, president & CEO",MALE,61.0,1510.0,15.0,3330.0,"PRIM SMELT,REFIN NONFER METL"
5668774.0,6.753489143089153,Matthew Rose,BURLINGTON NORTHERN SANTA FE,Industrial,9413000000.0,816.0,,"chairman, president & CEO",MALE,44.0,2030.0,20.0,4011.0,"RAILROADS,LINE-HAUL OPERATNG"
4044258.0,6.6068388532498865,Lawrence Weinbach,UNISYS CORP,IT,5911200000.0,258.7,,"chairman, president & CEO",MALE,64.0,4510.0,45.0,7373.0,CMP INTEGRATED SYS DESIGN
843141.0,5.9259002085528545,David Woodle,C-COR.NET CORP,IT,200662000.0,-139.589,0.12,CEO,MALE,47.0,4520.0,45.0,3663.0,"RADIO, TV BROADCAST, COMM EQ"
550206.0,5.740525322063631,Roger Ballou,CDI CORP,Industrial,1060314000.0000001,22.546,,president & CEO,MALE,53.0,2020.0,20.0,7363.0,HELP SUPPLY SERVICES
13013399.999999998,7.114390779138564,H. Hanway,CIGNA CORP,Health,18808000000.0,668.0,,chairman & CEO,MALE,52.0,3510.0,35.0,6324.0,HOSPITAL & MEDICAL SVC PLANS
565762.0,5.752633774254717,J. Pierson,CPI CORP,Industrial,301683000.0,1.218,0.01,"chairman, president & CEO",MALE,,2020.0,20.0,7200.0,PERSONAL SERVICES
3628276.0,6.559700316072142,Stephen Lilienthal,CNA FINANCIAL CORP,Financial,11716000000.0,-1433.0,,CEO,MALE,54.0,4030.0,40.0,6331.0,"FIRE, MARINE, CASUALTY INS"
4733485.0,6.675181005214344,Michael Ward,CSX CORP,Industrial,7793000000.0,246.0,,"chairman, president & CEO",MALE,53.0,2030.0,20.0,4011.0,"RAILROADS,LINE-HAUL OPERATNG"
1782529.0,6.251036604127001,Donald Schwanz,CTS CORP,IT,462987000.0,12.575,,"chairman, president & CEO",MALE,60.0,4520.0,45.0,3670.0,"ELECTRONIC COMP, ACCESSORIES"
3837260.0,6.584021226547751,Kennett Burnes,CABOT CORP,Materials,1795000000.0,80.0,1.14,"chairman, president & CEO",MALE,60.0,1510.0,15.0,2890.0,MISC CHEMICAL PRODUCTS
3636977.0,6.560740554614055,J. London,CACI INTL INC  -CL A,IT,843138000.0,44.711,1.42,"chairman, president & CEO",MALE,66.0,4510.0,45.0,7373.0,CMP INTEGRATED SYS DESIGN
544427.0,5.735939655216531,Norimichi Kanari,UNIONBANCAL CORP,Financial,2563916000.0,587.139,,president & CEO,MALE,57.0,4010.0,40.0,6020.0,COMMERCIAL BANKS
4466274.0,6.649945362944514,Douglas Conant,CAMPBELL SOUP CO,Staples,6678000000.0,595.0,,president & CEO,MALE,52.0,3020.0,30.0,2030.0,"CAN,FROZN,PRESRV FRUIT & VEG"
2859965.0,6.456360718303911,Richard Sands,CONSTELLATION BRANDS  -CL A,Staples,3552429000.0,220.414,0.5,chairman & CEO,MALE,53.0,3020.0,30.0,2084.0,"WINE,BRANDY & BRANDY SPIRITS"
9764383.0,6.989644805927898,Joseph Saunders,PROVIDIAN FINANCIAL CORP,Financial,2781408000.0,196.185,,"chairman, president & CEO",MALE,58.0,4020.0,40.0,6020.0,COMMERCIAL BANKS
15282777.0,7.184202276111172,Robert Walter,CARDINAL HEALTH INC,Health,56737000000.0,1405.8,1.005,chairman & CEO,MALE,58.0,3510.0,35.0,5122.0,DRUGS AND PROPRIETARY-WHSL
2855443.0,6.455673495254583,Richmond McKinnish,CARLISLE COS INC,Industrial,2108164000.0000002,88.92,0.31,president & CEO,MALE,54.0,2010.0,20.0,9997.0,CONGLOMERATE
9257290.999999998,6.966483915852851,William Cavanaugh III,PROGRESS ENERGY INC,Utility,8743000000.0,782.0,,chairman & CEO,MALE,,5510.0,55.0,4911.0,ELECTRIC SERVICES
539955.0,5.7323575671080915,Dennis Draeger,CARPENTER TECHNOLOGY CORP,Materials,871100000.0,-10.9,0.2,"chairman, president & CEO",MALE,,1510.0,15.0,3312.0,STEEL WORKS & BLAST FURNACES
288439.0,5.460053981219649,W. Matsuyama,CASCADE NATURAL GAS CORP,Utility,302755000.0,9.104,,president & CEO,MALE,57.0,5510.0,55.0,4924.0,NATURAL GAS DISTRIBUTION
779767.0,5.891964851753275,G. McKane,CASTLE (A M) & CO,Materials,543031000.0,-18.049,0.57,president & CEO,MALE,60.0,1510.0,15.0,5051.0,METALS SERVICE CENTERS-WHSL
7132417.999999999,6.853236787359997,Glen Barton,CATERPILLAR INC,Industrial,22763000000.0,1099.0,,chairman & CEO,MALE,,2010.0,20.0,3531.0,CONSTRUCTION MACHINERY & EQ
792176.0,5.898821680752628,John Cato,CATO CORP  -CL A,Discretionary,747267000.0,31.389,,"chairman, president & CEO",MALE,53.0,2550.0,25.0,5621.0,WOMEN'S CLOTHING STORES
21264526.0,7.327655706453816,Laurence Hirsch,CENTEX CORP,Discretionary,10363391000.0,827.686,1.78,chairman & CEO,MALE,,2520.0,25.0,1531.0,OPERATIVE BUILDERS
5261321.0,6.721094799473618,D. Jones Jr.,COMPASS BANCSHARES INC,Financial,1801343000.0,341.868,0.97,chairman & CEO,MALE,61.0,4010.0,40.0,6020.0,COMMERCIAL BANKS
603057.0,5.780358362912191,Steven Lant,CH ENERGY GROUP INC,Utility,806684000.0,45.372,,CEO; CEO-Central Hudson; CEO & president CHEC,MALE,47.0,5510.0,55.0,4931.0,ELECTRIC & OTHER SERV COMB
484958.0,5.685704127967058,David Eppler,CLECO CORP,Utility,874637000.0,-34.929,,president & CEO,MALE,53.0,5510.0,55.0,4911.0,ELECTRIC SERVICES
1417028.0,6.1513784318461555,Robert Young,CENTRAL VERMONT PUB SERV,Utility,306014000.0,19.801,0.21,president & CEO,MALE,56.0,5510.0,55.0,4911.0,ELECTRIC SERVICES
6156943.0,6.789365132980785,Glen Post III,CENTURYTEL INC,Telecom,2379245000.0,344.707,,chairman & CEO,MALE,51.0,5010.0,50.0,4813.0,PHONE COMM EX RADIOTELEPHONE
345122.0,5.537972644524948,Albert Koch,CHAMPION ENTERPRISES INC,Discretionary,1140714000.0,-103.084,,"chairman, president & CEO",MALE,61.0,2520.0,25.0,2451.0,MOBILE HOMES
1869435.0,6.271710369392843,Dorrit Bern,CHARMING SHOPPES,Discretionary,2285680000.0,40.639,0.82,"chairman, president & CEO",FEMALE,54.0,2550.0,25.0,5621.0,WOMEN'S CLOTHING STORES
1964237.0,6.293193887515317,George Off,CHECKPOINT SYSTEMS INC,IT,723262000.0,29.882,,"chairman, president & CEO",MALE,57.0,4520.0,45.0,3669.0,"COMMUNICATIONS EQUIP, NEC"
1231920.0,6.090582505972368,Kevin McNamara,CHEMED CORP,Health,308871000.0,-3.435,0.3,president & CEO,MALE,50.0,3510.0,35.0,1700.0,CONSTRUCTION-SPECIAL TRADE
1347088.0,6.129395967412715,Thomas Johnson,CHESAPEAKE CORP,Materials,899300000.0,26.5,3.5,"chairman, president & CEO",MALE,54.0,1510.0,15.0,2631.0,PAPERBOARD MILLS
11126618.0,7.046363178068951,David O'Reilly,CHEVRONTEXACO CORP,Energy,112937000000.0,7230.0,,chairman & CEO,MALE,57.0,1010.0,10.0,2911.0,PETROLEUM REFINING
6859537.0,6.836294803005426,Ronald McDougall,BRINKER INTL INC,Discretionary,3285394000.0,168.636,,chairman & CEO,MALE,61.0,2530.0,25.0,5812.0,EATING PLACES
15534129.0,7.191286907343271,Howard Pien,CHIRON CORP,Health,1643650000.0,227.313,,president & CEO,MALE,46.0,3520.0,35.0,2834.0,PHARMACEUTICAL PREPARATIONS
7177613.999999999,6.855980098998952,John Finnegan,CHUBB CORP,Financial,11461000000.0,808.8,,"chairman, president & CEO",MALE,55.0,4030.0,40.0,6331.0,"FIRE, MARINE, CASUALTY INS"
5086900.0,6.706453200207516,Kevin Mooney,CINCINNATI BELL INC,Telecom,1557800000.0,1331.9,,CEO,MALE,,5010.0,50.0,4813.0,PHONE COMM EX RADIOTELEPHONE
1067278.0,6.028277557325579,Ronald Brown,MILACRON INC,Industrial,739700000.0,-191.7,,"chairman, president & CEO",MALE,50.0,2010.0,20.0,3559.0,"SPECIAL INDUSTRY MACHY, NEC"
,,W. McCollough,CIRCUIT CITY STORES INC,Discretionary,9778138000.0,-89.269,,"chairman, president & CEO",MALE,54.0,2550.0,25.0,5731.0,"RADIO,TV,CONS ELECTR STORES"
3101000.0,6.4915017662373256,Michael Ensign,MANDALAY RESORT GROUP,Discretionary,2491099000.0,149.847,,chairman & CEO,MALE,66.0,2530.0,25.0,7990.0,MISC AMUSEMENT & REC SERVICE
3635494.0,6.560563432223168,Russell Goldsmith,CITY NATIONAL CORP,Financial,752950000.0,186.677,8.04,vice chairman & CEO; chairman & CEO-City National Bank,MALE,54.0,4010.0,40.0,6020.0,COMMERCIAL BANKS
1220554.0,6.0865569983236565,Marla Schaefer,CLAIRES STORES INC,Discretionary,1132834000.0,115.038,5.57,co-chairman & co-CEO,FEMALE,55.0,2550.0,25.0,5600.0,APPAREL AND ACCESSORY STORES
2904571.0,6.4630819969359665,Norman Johnson,CLARCOR INC,Industrial,741358000.0,54.552,2.54,"chairman, president & CEO",MALE,55.0,2010.0,20.0,3564.0,"INDL COML FANS,BLOWRS,OTH EQ"
7287150.0,6.862557709212155,L. Mays,CLEAR CHANNEL COMMUNICATIONS,Discretionary,8930899000.0,1145.591,4.7,chairman & CEO,MALE,68.0,2540.0,25.0,4832.0,RADIO BROADCASTING STATIONS
1889458.0,6.2763372426034065,John Brinzo,CLEVELAND-CLIFFS INC,Materials,835700000.0,-32.7,0.73,chairman & CEO,MALE,62.0,1510.0,15.0,1000.0,METAL MINING
5747044.0,6.759444522152672,G. Sullivan,CLOROX CO/DE,Staples,4144000000.0,493.0,,chairman & CEO,MALE,63.0,3030.0,30.0,2842.0,"SPECIAL CLEAN,POLISH PREPS"
462132.0,5.664766041970882,Claire Skinner,COACHMEN INDUSTRIES INC,Discretionary,711145000.0,7.365,1.6,chairman & CEO,FEMALE,49.0,2510.0,25.0,3716.0,MOTOR HOMES
3833319.0,6.583574961747198,J. Harrison III,COCA-COLA BTLNG CONS,Staples,1210765000.0,30.703,,chairman & CEO,MALE,49.0,3020.0,30.0,2086.0,"BTLD & CAN SOFT DRINKS,WATER"
5864593.0,6.768237877664259,Douglas Daft,COCA-COLA CO,Staples,21044000000.0,4347.0,,chairman & CEO,MALE,60.0,3020.0,30.0,2080.0,BEVERAGES
967375.0,5.985594859667755,Dennis Wheeler,COEUR D'ALENE MINES CORP,Materials,107720000.0,-67.034,,chairman & CEO,MALE,61.0,1510.0,15.0,1044.0,SILVER ORES
2523879.0,6.402068530091922,John Ambroseo,COHERENT INC,IT,406235000.0,-45.891,0.14,president & CEO,MALE,42.0,4520.0,45.0,3826.0,LAB ANALYTICAL INSTRUMENTS
1073402.0,6.030762400144377,James Donahue,COHU INC,IT,138566000.0,-0.047,0.44,president & CEO,MALE,55.0,4530.0,45.0,3825.0,ELEC MEAS & TEST INSTRUMENTS
10395902.0,7.016862176844766,Reuben Mark,COLGATE-PALMOLIVE CO,Staples,9903400000.0,1421.3,,chairman & CEO,MALE,65.0,3030.0,30.0,2844.0,"PERFUME,COSMETIC,TOILET PREP"
6568073.0,6.817437971048198,Patrick Ryan,AON CORP,Financial,9810000000.0,628.0,7.72,chairman & CEO,MALE,66.0,4030.0,40.0,6411.0,"INS AGENTS,BROKERS & SERVICE"
19104857.0,7.281143791339091,Brian Roberts,COMCAST CORP,Discretionary,18348000000.0,3240.0,0.33,president & CEO,MALE,44.0,2540.0,25.0,4841.0,CABLE AND OTHER PAY TV SVCS
3649291.0,6.562208496046272,"Ralph Babb, Jr.",COMERICA INC.,Financial,3299000000.0,661.0,,"chairman, president & CEO",MALE,55.0,4010.0,40.0,6020.0,COMMERCIAL BANKS
54768456.0,7.738530497727545,Sanford Weill,CITIGROUP INC,Financial,94713000000.0,17853.0,,chairman,MALE,70.0,4020.0,40.0,6199.0,FINANCE SERVICES
989043.0,5.995215173555483,Stanley Rabin,COMMERCIAL METALS,Materials,2875885000.0,18.904,1.28,"chairman, president & CEO",MALE,65.0,1510.0,15.0,3312.0,STEEL WORKS & BLAST FURNACES
2049274.0,6.311600030012911,Michael Mahoney,COMMONWLTH TELE ENTER,Telecom,335722000.0,72.865,0.31,president & CEO,MALE,53.0,5010.0,50.0,4813.0,PHONE COMM EX RADIOTELEPHONE
22863045.0,7.359134071143698,Henry Silverman,CENDANT CORP,Industrial,18162000000.0,1172.0,0.78,"chairman, president & CEO",MALE,63.0,2020.0,20.0,6794.0,PATENT OWNERS AND LESSORS
1727048.0,6.2373044081206945,Joseph O'Donnell,ARTESYN TECHNOLOGIES INC,Industrial,356871000.0,-15.622,0.46,"chairman, president & CEO",MALE,57.0,2010.0,20.0,3679.0,"ELECTRONIC COMPONENTS, NEC"
740024.0,5.869245804729012,James Boldt,COMPUTER TASK GROUP INC,IT,252341000.0,2.744,0.31,"chairman, president & CEO",MALE,52.0,4510.0,45.0,7370.0,"CMP PROGRAMMING,DATA PROCESS"
4017444.0,6.60394983175511,Eugene McGrath,CONSOLIDATED EDISON INC,Utility,9827000000.0,539.0,,chairman & CEO,MALE,62.0,5510.0,55.0,4931.0,ELECTRIC & OTHER SERV COMB
1838003.0,6.264346215908842,Gregory Quesnel,CNF INC,Industrial,5104332000.0,92.024,,president & CEO,MALE,55.0,2030.0,20.0,4210.0,"TRUCKING,COURIER SVC,EX AIR"
908688.0,5.958414792861372,Alan Gilman,STEAK N SHAKE CO,Discretionary,499104000.0,20.939,1.25,co-chairman & CEO,MALE,73.0,2530.0,25.0,5812.0,EATING PLACES
3791431.0,6.578803156698177,Kenneth Whipple,CMS ENERGY CORP,Utility,5513000000.0,-41.0,,chairman & CEO,MALE,69.0,5510.0,55.0,4931.0,ELECTRIC & OTHER SERV COMB
3245105.0,6.511228753581025,Ronald Turner,CERIDIAN CORP,IT,1253200000.0,124.8,0.13,"chairman, president & CEO",MALE,57.0,4510.0,45.0,8721.0,"ACCOUNT,AUDIT,BOOKKEEP SVCS"
5562670.0,6.745283296606292,"H. Riley, Jr.",COOPER INDUSTRIES LTD,Industrial,4061400000.0,148.3,,"chairman, president & CEO",MALE,63.0,2010.0,20.0,3640.0,"ELECTRIC LIGHTING, WIRING EQ"
2005374.0,6.302195379943305,Thomas Dattilo,COOPER TIRE & RUBBER CO,Discretionary,3514399000.0,73.836,,"chairman, president & CEO",MALE,52.0,2510.0,25.0,3011.0,TIRES AND INNER TUBES
3796108.0,6.579338559692248,A. Bender,COOPER COMPANIES INC,Health,411790000.0,68.77,0.2,president & CEO,MALE,65.0,3510.0,35.0,3851.0,OPHTHALMIC GOODS
3706211.0,6.568930140705259,W. Kiely III,COORS (ADOLPH)  -CL B,Staples,3995913000.0,174.657,0.06,CEO;president & CEO-Coors Brewing Co,MALE,57.0,3020.0,30.0,2082.0,MALT BEVERAGES
7754341.999999999,6.8895449513574665,James Houghton,CORNING INC,IT,3090000000.0,-223.0,,chairman & CEO,MALE,68.0,4520.0,45.0,3357.0,"DRAWNG,INSULATNG NONFER WIRE"
35342144.0,7.54829289206168,Angelo Mozilo,COUNTRYWIDE FINANCIAL CORP,Financial,13469264000.0,2372.95,0.22,chairman & CEO,MALE,65.0,4010.0,40.0,6162.0,MORTGAGE BANKERS & LOAN CORR
4350078.0,6.638497044234151,Michael Woodhouse,CBRL GROUP INC,Discretionary,2198182000.0,106.529,1.2,president & CEO,MALE,58.0,2530.0,25.0,5812.0,EATING PLACES
3281452.0,6.516066055922639,Eric Fast,CRANE CO,Industrial,1635991000.0,104.303,0.95,president & CEO,MALE,54.0,2010.0,20.0,3490.0,MISC FABRICATED METAL PRODS
2351659.0,6.371374347525294,Vincent Calarco,CROMPTON CORP,Materials,2185043000.0,18.954,1.12,"chairman, president & CEO",MALE,61.0,1510.0,15.0,2820.0,"PLASTC,SYNTH MATLS;EX GLASS"
460320.0,5.66305984454625,David Whalen,CROSS (A.T.) & CO  -CL A,Industrial,125267000.0,1.777,0.53,president & CEO,MALE,46.0,2020.0,20.0,3950.0,"PENS,PENCILS,OTH ARTIST MATL"
2200811.0,6.342582748059272,John Conway,CROWN HOLDINGS INC,Materials,6630000000.0,-32.0,3.54,"chairman, president & CEO",MALE,58.0,1510.0,15.0,3411.0,METAL CANS
924359.0,5.9658406740759515,Walter Zable,CUBIC CORP,Industrial,634061000.0,36.519,40,"chairman, president & CEO",MALE,88.0,2010.0,20.0,3812.0,"SRCH,DET,NAV,GUID,AERO SYS"
2269443.0,6.355919279347499,"Richard Evans, Jr.",CULLEN/FROST BANKERS INC,Financial,584307000.0,130.501,0.41,chairman & CEO,MALE,57.0,4010.0,40.0,6020.0,COMMERCIAL BANKS
5314352.0,6.7254503168402975,Theodore Solso,CUMMINS INC,Industrial,6296000000.0,50.0,0.29,chairman & CEO,MALE,57.0,2010.0,20.0,3510.0,ENGINES AND TURBINES
1346594.0,6.129236675056405,Martin Benante,CURTISS-WRIGHT CORP,Industrial,746071000.0,52.268,,chairman & CEO,MALE,51.0,2010.0,20.0,3728.0,"AIRCRAFT PARTS, AUX EQ, NEC"
4105016.0,6.613314854195574,Thomas McDonnell,DST SYSTEMS INC,IT,2416300000.0,320.8,0.75,president & CEO,MALE,58.0,4510.0,45.0,7374.0,"CMP PROCESSING,DATA PREP SVC"
5475800.0,6.738447577430799,Nelson Peltz,TRIARC COS INC,Discretionary,293620000.0,-10.838,23.18,chairman & CEO,MALE,61.0,2530.0,25.0,6794.0,PATENT OWNERS AND LESSORS
2469132.0,6.392544307971314,Joseph Magliochetti,DANA CORP,Discretionary,7964000000.0,222.0,,"president, CEO & chief operating officer",MALE,,2510.0,25.0,3714.0,"MOTOR VEHICLE PART,ACCESSORY"
48119205.0,7.682318443543841,"H. Culp, Jr.",DANAHER CORP,Industrial,5293876000.0,536.834,,president & CEO,MALE,41.0,2010.0,20.0,3823.0,INDUSTRIAL MEASUREMENT INSTR
1368885.0,6.136366964596187,Lawrence Saper,DATASCOPE CORP,Health,328300000.0,23.299,15.52,chairman & CEO,MALE,75.0,3510.0,35.0,3845.0,ELECTROMEDICAL APPARATUS
10262459.000000002,7.011251435062032,Robert Ulrich,TARGET CORP,Discretionary,48163000000.0,1841.0,,chairman & CEO,MALE,60.0,2550.0,25.0,5331.0,VARIETY STORES
7815392.0,6.89295076599786,Robert Lane,DEERE & CO,Industrial,15374600000.0,643.1,,"chairman, president & CEO",MALE,54.0,2010.0,20.0,3523.0,FARM MACHINERY AND EQUIPMENT
3089508.0,6.489889324118118,Leo Mullin,DELTA AIR LINES INC,Industrial,13303000000.0,-773.0,,chairman & CEO,MALE,,2030.0,20.0,4512.0,"AIR TRANSPORT, SCHEDULED"
2526044.0,6.402440911061266,Lawrence Mosner,DELUXE CORP,Industrial,1242141000.0,192.472,0.02,chairman & CEO,MALE,62.0,2020.0,20.0,2780.0,"BLANKBOOKS,BINDERS,BOOKBIND"
3915604.0,6.592798763490888,"Anthony Earley, Jr.",DTE ENERGY CO,Utility,7041000000.0,521.0,,"chairman, president, CEO & chief operating officer",MALE,54.0,5510.0,55.0,4911.0,ELECTRIC SERVICES
1587200.0,6.200631654810103,Dennis Keller,DEVRY INC,Industrial,679136000.0,61.148,12.45,chairman & co-CEO,MALE,62.0,2020.0,20.0,8200.0,EDUCATIONAL SERVICES
598450.0,5.777027871315205,Michael Ziering,DIAGNOSTIC PRODUCTS CORP,Health,381386000.0,61.795,1.75,CEO,MALE,47.0,3510.0,35.0,2835.0,"IN VITRO,IN VIVO DIAGNOSTICS"
1214167.0,6.084278424952131,Brian Harker,DIMON INC,Staples,1271683000.0,28.057,,chairman & CEO,MALE,53.0,3020.0,30.0,5190.0,MISC NONDURABLE GOODS-WHSL
3704680.0,6.568750700780625,Walden O'Dell,DIEBOLD INC,IT,2109672999.9999998,174.776,,chairman & CEO,MALE,58.0,4520.0,45.0,3578.0,"CACULATE,ACCT MACH,EX COMP"
1219170.0,6.086064267484079,David Robson,VERITAS DGC INC,Energy,503001000.0,-59.924,4.04,chairman & CEO,MALE,64.0,1010.0,10.0,1382.0,OIL AND GAS FIELD EXPL SVCS
896650.0,5.952622952819583,William Dillard II,DILLARDS INC  -CL A,Discretionary,7848068000.0,9.344,0.82,CEO,MALE,59.0,2550.0,25.0,5311.0,DEPARTMENT STORES
3214321.0,6.507089245659248,Lukas Braunschweiler,DIONEX CORP,IT,214909000.0,31.428,,president & CEO,MALE,47.0,4520.0,45.0,3823.0,INDUSTRIAL MEASUREMENT INSTR
7318430.999999999,6.864417982550127,Michael Eisner,DISNEY (WALT) CO,Discretionary,27061000000.0,1267.0,0.67,chairman & CEO,MALE,,2540.0,25.0,4833.0,TELEVISION BROADCAST STATION
768750.0,5.885785128783473,Daniel Frierson,DIXIE GROUP INC,Discretionary,234149000.0,-16.954,2.03,chairman & CEO,MALE,62.0,2520.0,25.0,2273.0,CARPETS AND RUGS
9494770.0,6.977484448910777,David Perdue,DOLLAR GENERAL CORP,Discretionary,6871992000.0,301.0,,chairman & CEO,MALE,54.0,2550.0,25.0,5331.0,VARIETY STORES
7220296.0,6.858555002075399,Thos. Capps,DOMINION RESOURCES INC,Utility,12078000000.0,333.0,,chairman & CEO,MALE,68.0,5510.0,55.0,4911.0,ELECTRIC SERVICES
2291594.0,6.360137676481091,William Van Dyke,DONALDSON CO INC,Industrial,1218252000.0,95.314,0.74,"chairman, president & CEO",MALE,58.0,2010.0,20.0,3564.0,"INDL COML FANS,BLOWRS,OTH EQ"
6393064.000000001,6.805709052112218,William Davis,DONNELLEY (R R) & SONS CO,Industrial,4787162000.0,176.509,0.18,"chairman, president & CEO",MALE,,2020.0,20.0,2750.0,COMMERCIAL PRINTING
4860100.0,6.68664520527081,Thomas Reece,DOVER CORP,Industrial,4413296000.0,292.927,,chairman & CEO,MALE,61.0,2010.0,20.0,3559.0,"SPECIAL INDUSTRY MACHY, NEC"
13984129.999999998,7.145635452620149,William Stavropoulos,DOW CHEMICAL,Materials,32632000000.0,1730.0,,chairman & CEO,MALE,64.0,1510.0,15.0,2821.0,"PLASTICS,RESINS,ELASTOMERS"
3369872.0,6.527613405099997,Peter Kann,DOW JONES & CO INC,Discretionary,1548485000.0,170.599,,"chairman, CEO",MALE,61.0,2540.0,25.0,2711.0,"NEWSPAPER:PUBG, PUBG & PRINT"
759200.0,5.880356199419236,Daniel Rosenthal,DOWNEY FINANCIAL CORP,Financial,610541000.0,101.741,,president & CEO,MALE,51.0,4010.0,40.0,6035.0,"SAVINGS INSTN,FED CHARTERED"
2110117.0,6.324306536361982,John Wren,OMNICOM GROUP,Discretionary,8621404000.0,675.883,0.14,president & CEO,MALE,51.0,2540.0,25.0,7311.0,ADVERTISING AGENCIES
1474061.0,6.168515455989273,David Jaffe,DRESS BARN INC,Discretionary,707121000.0,8.044,,president & CEO,MALE,44.0,2550.0,25.0,5621.0,WOMEN'S CLOTHING STORES
1337779.0,6.1263843742629716,T. Rogers,DREYER'S GRAND ICE CRM HLDGS,Staples,1190561000.0,-75.735,2.81,chairman & CEO,MALE,61.0,3020.0,30.0,2024.0,ICE CREAM & FROZEN DESSERTS
6681315.0,6.824861947661029,"Charles Holliday, Jr.",DU PONT (E I) DE NEMOURS,Materials,27137000000.0,973.0,,chairman & CEO,MALE,56.0,1510.0,15.0,2820.0,"PLASTC,SYNTH MATLS;EX GLASS"
6722291.0,6.827517308633127,Richard Priory,DUKE ENERGY CORP,Utility,22529000000.0,-1323.0,,chairman & CEO,MALE,,5510.0,55.0,4911.0,ELECTRIC SERVICES
7819420.0,6.893174540765578,Allan Loren,DUN & BRADSTREET CORP,Industrial,1386400000.0,174.5,0.27,chairman & CEO,MALE,65.0,2020.0,20.0,7320.0,CREDIT REPORTING AGENCIES
2195813.0,6.3415953519318995,Morgan O'Brien,DUQUESNE LIGHT HOLDINGS INC,Utility,902800000.0,175.9,,president & CEO,MALE,44.0,5510.0,55.0,4911.0,ELECTRIC SERVICES
1404301.0,6.147460205107467,C. Greer,FLOWSERVE CORP,Industrial,2404371000.0,52.888,,"chairman, president & CEO",MALE,53.0,2010.0,20.0,3561.0,PUMPS AND PUMPING EQUIPMENT
1521667.0,6.1823196222863475,Steven Nielsen,DYCOM INDUSTRIES INC,Industrial,618183000.0,17.149,0.29,president & CEO,MALE,40.0,2010.0,20.0,1623.0,"WATER,SEWER,PIPELINE CONSTR"
5631912.000000001,6.75065586022976,Gregory Summe,PERKINELMER INC,IT,1535222000.0,52.959,,"chairman, president & CEO",MALE,47.0,4520.0,45.0,3826.0,LAB ANALYTICAL INSTRUMENTS
4335824.0,6.63707164498325,Daniel Carp,EASTMAN KODAK CO,Discretionary,13317000000.0,265.0,,chairman & CEO,MALE,55.0,2520.0,25.0,3861.0,PHOTOGRAPHIC EQUIP & SUPPLY
7658680.0,6.884153923925593,Alexander Cutler,EATON CORP,Industrial,8061000000.0,386.0,,"chairman, president & CEO",MALE,52.0,2010.0,20.0,3714.0,"MOTOR VEHICLE PART,ACCESSORY"
8535765.999999998,6.931242500804683,Allan Schuman,ECOLAB INC,Materials,3761819000.0,277.348,,chairman & CEO,MALE,69.0,1510.0,15.0,2842.0,"SPECIAL CLEAN,POLISH PREPS"
1543519.0,6.188511979813818,James Smith,EDO CORP,Industrial,460667000.0,14.809,2.16,"chairman, president & CEO",MALE,62.0,2010.0,20.0,3812.0,"SRCH,DET,NAV,GUID,AERO SYS"
1639499.0,6.214711156110833,Robert Bagby,EDWARDS (A G) INC,Financial,2498874000.0,159.485,,chairman & CEO,MALE,60.0,4020.0,40.0,6211.0,SECURITY BROKERS & DEALERS
451767.0,5.654914504049304,Gary Hedrick,EL PASO ELECTRIC CO,Utility,664362000.0,60.251,,president & CEO,MALE,49.0,5510.0,55.0,4911.0,ELECTRIC SERVICES
2163595.0,6.3351759691302965,Thomas Karol,ELKCORP,Industrial,506146000.0,24.1,,chairman & CEO,MALE,45.0,2010.0,20.0,2950.0,"ASPHALT PAVING,ROOFING MATLS"
4345559.0,6.638045650750177,D. Farr,EMERSON ELECTRIC CO,Industrial,13958000000.0,1089.0,,CEO,MALE,48.0,2010.0,20.0,3600.0,"ELECTR, OTH ELEC EQ, EX CMP"
7145040.0,6.854004664439885,Paul Folino,EMULEX CORP,IT,308208000.0,65.689,0.08,chairman & CEO,MALE,58.0,4520.0,45.0,3576.0,COMPUTER COMMUNICATION EQUIP
3056088.0,6.485165855585642,"Wm. Warren, Jr.",ENERGEN CORP,Utility,842221000.0,110.654,,"chairman, president & CEO",MALE,56.0,5510.0,55.0,4924.0,NATURAL GAS DISTRIBUTION
5715312.0,6.757039943599157,Bernard Duroc-Danner,WEATHERFORD INTL LTD,Energy,2591408000.0,143.352,,"chairman, president & CEO",MALE,50.0,1010.0,10.0,3533.0,"OIL & GAS FIELD MACHY, EQUIP"
6733910.0,6.828267307661727,Barry Perry,ENGELHARD CORP,Materials,3714493000.0,234.223,,chairman & CEO,MALE,57.0,1510.0,15.0,2810.0,INDL INORGANIC CHEMICALS
1362330.0,6.1342823203665,Robert Best,ATMOS ENERGY CORP,Utility,2799916000.0,71.688,,"chairman, president & CEO",MALE,57.0,5510.0,55.0,4924.0,NATURAL GAS DISTRIBUTION
1006786.0,6.002937167777179,Keith Walters,ENNIS BUSINESS FORMS,Industrial,259360000.0,17.951,,"chairman, president & CEO",MALE,54.0,2020.0,20.0,2761.0,MANIFOLD BUSINESS FORMS
1714322.0,6.234092398502614,Elazar Rabbani,ENZO BIOCHEM INC,Health,52767000.0,3.844,4.83,chairman & CEO,MALE,59.0,3520.0,35.0,8071.0,MEDICAL LABORATORIES
3748038.0,6.573803985392542,Thomas Chapman,EQUIFAX INC,Industrial,1225400000.0,164.9,0.36,chairman & CEO,MALE,60.0,2020.0,20.0,7320.0,CREDIT REPORTING AGENCIES
2267517.0,6.355550551731478,Murry Gerber,EQUITABLE RESOURCES INC,Utility,1047277000.0,170.001,0.45,"chairman, president & CEO",MALE,51.0,5510.0,55.0,4923.0,NATURAL GAS TRANSMIS & DISTR
1584442.0,6.199876346056468,Robert Cremin,ESTERLINE TECHNOLOGIES CORP,Industrial,562454000.0,23.933,0.02,"chairman, president & CEO",MALE,63.0,2010.0,20.0,3823.0,INDUSTRIAL MEASUREMENT INSTR
3320697.0,6.5212292498135565,Peter Rose,EXPEDITORS INTL WASH INC,Industrial,2624941000.0,121.952,0.66,chairman & CEO,MALE,60.0,2030.0,20.0,4731.0,"ARRANGE TRANS-FREIGHT, CARGO"
27783140.0,7.4437813273486695,Lee Raymond,EXXON MOBIL CORP,Energy,213199000000.0,21510.0,,chairman & CEO,MALE,65.0,1010.0,10.0,2911.0,PETROLEUM REFINING
3239525.0,6.510481335823297,William Walter,FMC CORP,Materials,1921400000.0,26.5,,"chairman, president & CEO",MALE,58.0,1510.0,15.0,2800.0,CHEMICALS & ALLIED PRODUCTS
7178508.0,6.856034188713058,Lewis Hay III,FPL GROUP INC,Utility,9630000000.0,903.0,,"chairman, president & CEO",MALE,48.0,5510.0,55.0,4911.0,ELECTRIC SERVICES
2887427.0,6.460511013195286,Alan Rosskamm,JO-ANN STORES INC,Discretionary,1734100000.0,41.0,8.18,"chairman, president & CEO",MALE,54.0,2550.0,25.0,5940.0,MISC SHOPPING GOODS STORES
2271340.0,6.356282149222629,Howard Levine,FAMILY DOLLAR STORES,Discretionary,4750171000.0,247.475,5.56,chairman & CEO,MALE,44.0,2550.0,25.0,5331.0,VARIETY STORES
2095442.0,6.321275644445189,"Sal Giordano, Jr.",FEDDERS CORP,Discretionary,421703000.0,-3.11,7.6,chairman & CEO,MALE,65.0,2520.0,25.0,3585.0,"AIR-COND,HEATING,REFRIG EQ"
1262591.0,6.101262689264844,Joseph Ross,FEDERAL SIGNAL CORP,Industrial,1206798000.0,37.303,1.64,chairman & CEO,MALE,,2010.0,20.0,3711.0,MOTOR VEHICLES & CAR BODIES
8144483.000000001,6.910863521133979,Terry Lundgren,FEDERATED DEPT STORES,Discretionary,15615000000.0,693.0,,president & CEO,MALE,52.0,2550.0,25.0,5311.0,DEPARTMENT STORES
4025271.0,6.6047951244163485,Hector Ortino,FERRO CORP,Materials,1622370000.0,19.551,,chairman & CEO,MALE,61.0,1510.0,15.0,2851.0,"PAINTS, VARNISHES, LACQUERS"
6673872.0,6.824377872947068,"George Schaefer, Jr.",FIFTH THIRD BANCORP,Financial,6473896000.0,1754.744,,president & CEO,MALE,58.0,4010.0,40.0,6020.0,COMMERCIAL BANKS
3810347.0,6.580964527728911,"Carl Jones, Jr.",REGIONS FINL CORP,Financial,3617887000.0,651.841,,"chairman, president & CEO",MALE,62.0,4010.0,40.0,6020.0,COMMERCIAL BANKS
1139707.0,6.056793215688646,Nicholas Teti,INAMED CORP,Health,332600000.0,53.0,,"chairman, president & CEO",MALE,51.0,3510.0,35.0,3842.0,"ORTHO,PROSTH,SURG APPL,SUPLY"
1368712.0,6.136312074891479,John Cochran,FIRSTMERIT CORP,Financial,777415000.0,120.969,0.47,chairman & CEO,MALE,61.0,4010.0,40.0,6020.0,COMMERCIAL BANKS
944245.0,5.97508469381393,Robert Wilmers,M & T BANK CORP,Financial,2957660000.0,573.942,3.95,"chairman, president & CEO; CEO-M&T Bank",MALE,69.0,4010.0,40.0,6020.0,COMMERCIAL BANKS
14010746.999999998,7.146461290841052,Jerry Grundhofer,U S BANCORP,Financial,14571000000.0,3732.6,,"chairman, president & CEO",MALE,59.0,4010.0,40.0,6020.0,COMMERCIAL BANKS
6106011.000000001,6.785757582346363,J. Glass,FIRST HORIZON NATIONAL CORP,Financial,2670886000.0,473.309,,"chairman, president & CEO",MALE,57.0,4010.0,40.0,6020.0,COMMERCIAL BANKS
15529790.0,7.191165583065466,G. Thompson,WACHOVIA CORP,Financial,24474000000.0,4264.0,,"chairman, president & CEO",MALE,53.0,4010.0,40.0,6020.0,COMMERCIAL BANKS
11015304.0,7.041996487297104,Charles Gifford,FLEETBOSTON FINANCIAL CORP,Financial,14311000000.0,2598.0,,chairman & CEO,MALE,61.0,4010.0,40.0,6020.0,COMMERCIAL BANKS
1364414.0,6.134946166973672,John Baker II,FLORIDA ROCK INDS,Materials,746059000.0,75.934,11.52,president & CEO,MALE,55.0,1510.0,15.0,3270.0,"CONCRETE,GYPSUM,PLASTER PDS"
4543001.0,6.657342832411023,Amos McMullian,FLOWERS FOODS INC,Staples,1452995000.0,14.658,1.25,chairman & CEO,MALE,66.0,3020.0,30.0,2050.0,BAKERY PRODUCTS
6839115.0,6.834999906474002,Alan Boeckmann,FLUOR CORP,Industrial,8805703000.0,157.45,,chairman & CEO,MALE,55.0,2010.0,20.0,1600.0,HEAVY CONSTR-NOT BLDG CONSTR
14366776.0,7.157359320500188,"William Ford, Jr.",FORD MOTOR CO,Discretionary,164196000000.0,495.0,,chairman & CEO,MALE,46.0,2510.0,25.0,3711.0,MOTOR VEHICLES & CAR BODIES
2716475.0,6.434005712531158,Robert Boswell,FOREST OIL CORP,Energy,657178000.0,88.351,0.024,chairman & CEO,MALE,,1010.0,10.0,1311.0,CRUDE PETROLEUM & NATURAL GS
2677109.0,6.427666054091233,Charles Johnson,FRANKLIN RESOURCES INC,Financial,2665464000.0,502.83,18.23,chairman & CEO,MALE,70.0,4020.0,40.0,6282.0,INVESTMENT ADVICE
777202.0,5.890533909513753,"Stoney Stubbs, Jr.",FROZEN FOOD EXPRESS INDS,Industrial,404187000.0,4.27,6.99,"chairman, president & CEO",MALE,67.0,2030.0,20.0,4213.0,"TRUCKING, EXCEPT LOCAL"
1559434.0,6.19296699881592,Albert Stroucken,FULLER (H. B.) CO,Materials,1287331000.0,38.619,0.93,"chairman, president & CEO",MALE,56.0,1510.0,15.0,2891.0,ADHESIVES AND SEALANTS
940786.0,5.973490845968472,Thomas Moberly,G&K SERVICES INC  -CL A,Industrial,705588000.0,33.689,,CEO,MALE,55.0,2020.0,20.0,7200.0,PERSONAL SERVICES
1361487.0,6.134013498885517,Ronald Zech,GATX CORP,Financial,1238200000.0,76.9,0.14,"chairman, president & CEO",MALE,60.0,4020.0,40.0,4700.0,TRANSPORTATION SERVICES
2297246.0,6.361207503998712,"J. Gallagher, Jr.",GALLAGHER (ARTHUR J.) & CO,Financial,1289500000.0,146.2,,president & CEO,MALE,52.0,4030.0,40.0,6411.0,"INS AGENTS,BROKERS & SERVICE"
13670138.999999998,7.13577293056095,Douglas McCorkindale,GANNETT CO,Discretionary,6711115000.0,1211.213,,"chairman, president & CEO",MALE,64.0,2540.0,25.0,2711.0,"NEWSPAPER:PUBG, PUBG & PRINT"
5031685.0,6.70171344502786,Paul Pressler,GAP INC,Discretionary,15854000000.0,1030.0,,president & CEO,MALE,47.0,2550.0,25.0,5651.0,FAMILY CLOTHING STORES
1883839.0,6.275043783595194,Terry Hall,GENCORP INC,Industrial,1192000000.0,22.0,,president & CEO,MALE,49.0,2010.0,20.0,3060.0,"FABRICATED RUBBER PDS, NEC"
19217418.000000004,7.283695036627034,Arthur Levinson,GENENTECH INC,Health,3300327000.0,562.527,,"chairman, president & CEO",MALE,54.0,3520.0,35.0,2834.0,PHARMACEUTICAL PREPARATIONS
11757035.0,7.070297811068756,Nicholas Chabraja,GENERAL DYNAMICS CORP,Industrial,16617000000.0,1004.0,,chairman & CEO,MALE,61.0,2010.0,20.0,3730.0,SHIP & BOAT BLDG & REPAIRING
7658299.0,6.884132318333832,Jeffrey Immelt,GENERAL ELECTRIC CO,Industrial,133585000000.0,15002.0,,chairman & CEO,MALE,48.0,2010.0,20.0,9997.0,CONGLOMERATE
14256535.0,7.154013984615649,"G. Wagoner, Jr",GENERAL MOTORS CORP,Discretionary,183244000000.0,4063.0,,chairman & CEO,MALE,51.0,2510.0,25.0,3711.0,MOTOR VEHICLES & CAR BODIES
,,Michael Jordan,ELECTRONIC DATA SYSTEMS CORP,IT,21476000000.0,-1698.0,,chairman & CEO,MALE,67.0,4510.0,45.0,7370.0,"CMP PROGRAMMING,DATA PROCESS"
12417018.0,7.094017310684326,John Blystone,SPX CORP,Industrial,5081500000.0,236.0,1.5,"chairman, president & CEO",MALE,50.0,2010.0,20.0,3612.0,"PWR,DISTR,SPECL TRANSFORMERS"
1889102.0,6.276255407811309,Hal Pennington,GENESCO INC,Discretionary,837379000.0,28.73,,president & CEO,MALE,66.0,2550.0,25.0,5661.0,SHOE STORES
1784277.0,6.251462277300784,Fred Bauer,GENTEX CORP,Discretionary,469019000.0,106.761,3.5,chairman & CEO,MALE,61.0,2510.0,25.0,3714.0,"MOTOR VEHICLE PART,ACCESSORY"
1403043.0,6.147070981346642,Larry Prince,GENUINE PARTS CO,Discretionary,8449299999.999999,334.101,,chairman & CEO,MALE,65.0,2550.0,25.0,5013.0,"MOTOR VEH SUPLY,NEW PTS-WHSL"
7874743.000000001,6.896236389064414,Alston Correll,GEORGIA-PACIFIC CORP,Materials,20255000000.0,254.0,,chairman & CEO,MALE,62.0,1510.0,15.0,2600.0,PAPER AND ALLIED PRODUCTS
17605635.0,7.245651693821004,James Kilts,GILLETTE CO,Staples,9252000000.0,1385.0,,"chairman, president & CEO",MALE,56.0,3030.0,30.0,3420.0,"CUTLERY, HANDTOOLS,GEN HRDWR"
695169.0,5.842090397173178,George Glatfelter II,GLATFELTER,Materials,550933000.0,12.661,1.11,chairman & CEO,MALE,52.0,1510.0,15.0,2621.0,PAPER MILLS
3915773.0,6.59281750751699,Jon Marshall,GLOBALSANTAFE CORP,Energy,1914700000.0,129.4,,president & CEO,MALE,51.0,1010.0,10.0,1381.0,DRILLING OIL AND GAS WELLS
2912247.0,6.464228206557159,Marion Sandler,GOLDEN WEST FINANCIAL CORP,Financial,3841674000.0,1106.099,10.46,chairman & CEO,FEMALE,73.0,4010.0,40.0,6035.0,"SAVINGS INSTN,FED CHARTERED"
2688433.0,6.429499217643018,Marshall Larsen,GOODRICH CORP,Industrial,4382900000.0,100.4,,"chairman, president & CEO",MALE,55.0,2010.0,20.0,3728.0,"AIRCRAFT PARTS, AUX EQ, NEC"
2006967.0,6.302540231562857,Robert Keegan,GOODYEAR TIRE & RUBBER CO,Discretionary,15119000000.0,-802.1,,"chairman, president & CEO",MALE,56.0,2510.0,25.0,3011.0,TIRES AND INNER TUBES
1578275.0,6.19818267731259,David Roberts,GRACO INC,Industrial,535097999.99999994,86.713,,president & CEO,MALE,56.0,2010.0,20.0,3561.0,PUMPS AND PUMPING EQUIPMENT
4610833.0,6.663779392769852,Richard Keyser,GRAINGER (W W) INC,Industrial,4667014000.0,226.971,,chairman & CEO,MALE,61.0,2010.0,20.0,5000.0,DURABLE GOODS-WHOLESALE
1218818.0,6.085938859435562,Christian Haub,GREAT ATLANTIC & PAC TEA CO,Staples,10812462000.0,-147.024,58.29,"chairman, president & CEO",MALE,39.0,3010.0,30.0,5411.0,GROCERY STORES
2622762.0,6.418758882745786,Mark Bulriss,GREAT LAKES CHEMICAL CORP,Materials,1464600000.0,-51.4,,"chairman, president & CEO",MALE,52.0,1510.0,15.0,2890.0,MISC CHEMICAL PRODUCTS
473681.0,5.6754859649250315,Christopher Dutton,GREEN MOUNTAIN POWER CORP,Utility,280470000.0,10.407,0.13,president & CEO,MALE,55.0,5510.0,55.0,4911.0,ELECTRIC SERVICES
4143186.0,6.61733443051297,Robert Bohannon,VIAD CORP,Industrial,1572093000.0,113.902,1.7,"chairman, president & CEO",MALE,59.0,2020.0,20.0,6099.0,"FUNCTIONS REL TO DEP BKG,NEC"
4591424.0,6.661947400010133,David Lesar,HALLIBURTON CO,Energy,16246000000.0,-820.0,,"chairman, president & CEO",MALE,50.0,1010.0,10.0,1389.0,"OIL & GAS FIELD SERVICES,NEC"
1880009.0,6.274159928328031,Timothy Tuff,HARLAND (JOHN H.) CO,Industrial,786668000.0,55.966,0.31,"chairman, president & CEO",MALE,56.0,2020.0,20.0,2780.0,"BLANKBOOKS,BINDERS,BOOKBIND"
9030516.0,6.955712566432017,Phillip Farmer,HARRIS CORP,IT,2092699999.9999998,59.5,,"chairman, president & CEO",MALE,,4520.0,45.0,3812.0,"SRCH,DET,NAV,GUID,AERO SYS"
1510892.0,6.179233421665054,Derek Hathaway,HARSCO CORP,Industrial,2118516000.0,92.217,,"chairman, president & CEO",MALE,59.0,2010.0,20.0,3390.0,MISC PRIMARY METAL PRODUCTS
1344256.0,6.128481983598906,Homi Patel,HARTMARX CORP,Discretionary,561849000.0,8.705,,president & CEO,MALE,54.0,2520.0,25.0,2300.0,APPAREL & OTHER FINISHED PDS
5330021.0,6.7267289201271625,Alfred Verrecchia,HASBRO INC,Discretionary,3138657000.0,157.664,,president & CEO,MALE,61.0,2520.0,25.0,3944.0,"GAMES,TOYS,CHLD VEH,EX DOLLS"
846008.0,5.927374469823217,Clarence Smith,HAVERTY FURNITURE,Discretionary,751027000.0,25.331,,president & CEO,MALE,53.0,2550.0,25.0,5712.0,FURNITURE STORES
2093668.0,6.320907815260971,Robert Clarke,HAWAIIAN ELECTRIC INDS,Utility,1781316000.0,116.184,,"chairman, president & CEO",MALE,61.0,5510.0,55.0,4911.0,ELECTRIC SERVICES
1279524.0,6.107048436350451,"Phillips Baker, Jr.",HECLA MINING CO,Materials,116353000.0,-6.016,,president & CEO,MALE,44.0,1510.0,15.0,1040.0,GOLD AND SILVER ORES
670543.0,5.826426633140537,Robert Lepofsky,HELIX TECHNOLOGY CORP,IT,105883000.0,-11.136,1.1,president & CEO,MALE,59.0,4530.0,45.0,3560.0,GENERAL INDUSTRIAL MACH & EQ
1638387.0,6.214416493341962,Hans Helmerich,HELMERICH & PAYNE,Energy,507331000.0,17.873,0.52,president & CEO,MALE,45.0,1010.0,10.0,1381.0,DRILLING OIL AND GAS WELLS
5073036.0,6.705267944230645,William Joyce,HERCULES INC,Materials,1846000000.0,45.0,,chairman & CEO,MALE,,1510.0,15.0,2890.0,MISC CHEMICAL PRODUCTS
5563270.0,6.745330137895998,Richard Lenny,HERSHEY FOODS CORP,Staples,4172551000.0000005,457.584,,"chairman, president & CEO",MALE,52.0,3020.0,30.0,2060.0,SUGAR & CONFECTIONERY PRODS
8258265.999999999,6.9168888674550875,Carleton Fiorina,HEWLETT-PACKARD CO,IT,73061000000.0,2539.0,,chairman & CEO,FEMALE,49.0,4520.0,45.0,3570.0,COMPUTER & OFFICE EQUIPMENT
2148386.0,6.332112313624074,J. Boydstun,HIBERNIA CORP  -CL A,Financial,1260388000.0,258.336,,president & CEO,MALE,57.0,4010.0,40.0,6020.0,COMMERCIAL BANKS
5132608.0,6.710338096534703,Frederick Rockwood,HILLENBRAND INDUSTRIES,Health,2103000000.0,138.0,,president & CEO,MALE,56.0,3510.0,35.0,2590.0,MISC FURNITURE AND FIXTURES
3105502.0,6.492131813275236,Stephen Bollenbach,HILTON HOTELS CORP,Discretionary,3853000000.0,164.0,0.19,president & CEO,MALE,61.0,2530.0,25.0,7011.0,HOTELS AND MOTELS
1008326.0,6.003600965752016,Daniel Lee,PINNACLE ENTERTAINMENT INC,Discretionary,531515000.0,-28.242,0.02,chairman & CEO,MALE,47.0,2530.0,25.0,7990.0,MISC AMUSEMENT & REC SERVICE
28379030.0,7.452997547116985,Robert Nardelli,HOME DEPOT INC,Discretionary,64816000000.0,4304.0,,"chairman, president & CEO",MALE,55.0,2550.0,25.0,5211.0,LUMBER & OTH BLDG MATL-RETL
3207835.0,6.506212021572095,Jack Michaels,HNI CORP,Industrial,1755728000.0,98.105,,"chairman, president & CEO",MALE,66.0,2020.0,20.0,2522.0,"OFFICE FURNITURE, EX WOOD"
2000138.0,6.301059960949442,James McNamee,HOOPER HOLMES INC,Health,300182000.0,15.847,2.13,"chairman, president & CEO",MALE,59.0,3510.0,35.0,8090.0,"MISC HEALTH & ALLIED SVC,NEC"
4346041.0,6.638093819082933,Joel Johnson,HORMEL FOODS CORP,Staples,4200328000.0000005,185.779,,"chairman, president & CEO",MALE,60.0,3020.0,30.0,2011.0,MEAT PACKING PLANTS
6002391.67,6.778324330737266,Barry Sternlicht,STARWOOD HOTELS&RESORTS WRLD,Discretionary,4630000000.0,309.0,0.55,chairman & CEO,MALE,43.0,2530.0,25.0,7011.0,HOTELS AND MOTELS
3121053.0,6.4943011436772204,David McClanahan,CENTERPOINT ENERGY INC,Utility,9760124000.0,483.667,,president & CEO,MALE,54.0,5510.0,55.0,4931.0,ELECTRIC & OTHER SERV COMB
3236438.0,6.510067291713662,Timothy Powers,HUBBELL INC  -CL B,Industrial,1770700000.0,115.1,,president & CEO,MALE,55.0,2010.0,20.0,3640.0,"ELECTRIC LIGHTING, WIRING EQ"
815342.0,5.911339814332409,Don Graber,HUFFY CORP,Discretionary,437676000.0,-7.455,0.89,chairman & CEO,MALE,60.0,2520.0,25.0,5090.0,MISC DURABLE GOODS-WHSL
1171318.0,6.068674817272588,Thomas Morgan,HUGHES SUPPLY INC,Industrial,3253400000.0,57.7,,president & CEO,MALE,50.0,2010.0,20.0,5070.0,"HARDWR, PLUMB, HEAT EQ-WHSL"
1503905.0,6.177220403224464,Kirk Thompson,HUNT (JB) TRANSPRT SVCS INC,Industrial,2433469000.0,95.459,,president & CEO,MALE,50.0,2030.0,20.0,4213.0,"TRUCKING, EXCEPT LOCAL"
2800149.0,6.447181141397976,Thomas Hoaglin,HUNTINGTON BANCSHARES,Financial,2361797000.0,372.363,,"chairman, president & CEO",MALE,54.0,4010.0,40.0,6020.0,COMMERCIAL BANKS
1966762.0,6.293751808653236,Wayne Fortun,HUTCHINSON TECH,IT,498946000.0,64.502,0.9,president & CEO,MALE,54.0,4520.0,45.0,3679.0,"ELECTRONIC COMPONENTS, NEC"
2755394.0,6.440183708375258,Robert Pohlad,PEPSIAMERICAS INC,Staples,3236800000.0,157.6,8.29,chairman & CEO,MALE,49.0,3020.0,30.0,2086.0,"BTLD & CAN SOFT DRINKS,WATER"
7377273.0,6.867895855059273,Louis Giuliano,ITT INDUSTRIES INC,Industrial,5626600000.0,403.9,,"chairman, president & CEO",MALE,57.0,2010.0,20.0,3561.0,PUMPS AND PUMPING EQUIPMENT
3674406.0,6.565187141577285,Wallace Nutter,RAYONIER INC,Financial,1100852000.0,49.972,0.86,"chairman, president & CEO",MALE,60.0,4040.0,40.0,2400.0,"LUMBER AND WOOD PDS, EX FURN"
1392345.0,6.143746859579019,Jan Packwood,IDACORP INC,Utility,823002000.0,50.008,,president & CEO; CEO-Idaho Power,MALE,61.0,5510.0,55.0,4911.0,ELECTRIC SERVICES
12601533.0,7.100423381065405,W. Farrell,ILLINOIS TOOL WORKS,Industrial,10035623000.0,1023.68,,chairman & CEO,MALE,61.0,2010.0,20.0,3540.0,METALWORKING MACHINERY & EQ
2118898.0,6.326110051046164,Niel Ellerbrook,VECTREN CORP,Utility,1587700000.0,111.2,,chairman & CEO,MALE,55.0,5510.0,55.0,4923.0,NATURAL GAS TRANSMIS & DISTR
10550765.0,7.023283949987619,Herbert Henkel,INGERSOLL-RAND CO LTD,Industrial,9876200000.0,644.5,,"chairman, president & CEO",MALE,55.0,2010.0,20.0,3560.0,GENERAL INDUSTRIAL MACH & EQ
1652322.0,6.218094685354941,Neil Novich,RYERSON TULL INC,Materials,2189400000.0,-14.1,0.13,"chairman, president & CEO",MALE,49.0,1510.0,15.0,5051.0,METALS SERVICE CENTERS-WHSL
316951.0,5.5009921263360955,William Murnane,INNOVEX INC,IT,153007000.0,-2.959,0.03,president & CEO,MALE,41.0,4520.0,45.0,3674.0,"SEMICONDUCTOR,RELATED DEVICE"
1369510.0,6.136565207768485,Anthony Hooper,INSITUFORM TECNOL INC  -CL A,Industrial,487272000.0,3.525,,"chairman, president & CEO",MALE,,2010.0,20.0,1623.0,"WATER,SEWER,PIPELINE CONSTR"
5848545.0,6.76704783581441,Harvey Blau,GRIFFON CORP,Industrial,1254650000.0,43.022,2.45,chairman & CEO,MALE,67.0,2010.0,20.0,3442.0,"METAL DOORS,FRAMES,MOLD,TRIM"
15836090.0,7.19964796127872,Craig Barrett,INTEL CORP,IT,30141000000.0,5641.0,,CEO,MALE,64.0,4530.0,45.0,3674.0,"SEMICONDUCTOR,RELATED DEVICE"
367739.0,5.565539690751709,Steven Mihaylo,INTER-TEL INC  -SER A,IT,373836000.0,28.518,19.4,chairman & CEO,MALE,60.0,4520.0,45.0,3661.0,TELE & TELEGRAPH APPARATUS
2576864.0,6.411091498252832,Wilbert Holliman,FURNITURE BRANDS INTL INC,Discretionary,2367738000.0,94.573,0.13,chairman & CEO,MALE,66.0,2520.0,25.0,2510.0,HOUSEHOLD FURNITURE
1074167.0,6.031071806075184,Daniel Hendrix,INTERFACE INC  -CL A,Discretionary,923509000.0,-33.257,1.8,president & CEO,MALE,49.0,2520.0,25.0,2273.0,CARPETS AND RUGS
408532.0,5.611226080156364,"James Taylor, Jr.",INTERGRAPH CORP,IT,527261999.99999994,23.207,,chairman & CEO,MALE,,4520.0,45.0,7372.0,PREPACKAGED SOFTWARE
648537.0,5.81193475827275,John Doddridge,INTERMET CORP,Discretionary,731167000.0,-98.913,0.9,chairman,MALE,63.0,2510.0,25.0,3320.0,IRON AND STEEL FOUNDRIES
16251718.999999998,7.210899304559835,Samuel Palmisano,INTL BUSINESS MACHINES CORP,IT,89131000000.0,7583.0,,"chairman, president & CEO",MALE,52.0,4520.0,45.0,7370.0,"CMP PROGRAMMING,DATA PROCESS"
5982643.0,6.7768930881243685,Richard Goldstein,INTL FLAVORS & FRAGRANCES,Materials,1901520000.0,172.597,0.44,chairman & CEO,MALE,62.0,1510.0,15.0,2860.0,INDUSTRIAL ORGANIC CHEMICALS
3002362.0,6.4774630547041365,Daniel Ustian,NAVISTAR INTERNATIONL,Industrial,7320000000.0,-18.0,,president & CEO,MALE,53.0,2010.0,20.0,3711.0,MOTOR VEHICLES & CAR BODIES
3159377.0,6.499601452195309,G. Baker,INTL GAME TECHNOLOGY,Discretionary,2128137000.0000002,390.727,,president & CEO,MALE,61.0,2530.0,25.0,7990.0,MISC AMUSEMENT & REC SERVICE
12603802.0,7.100501571986661,John Dillon,INTL PAPER CO,Materials,25179000000.0,302.0,,CEO,MALE,,1510.0,15.0,2600.0,PAPER AND ALLIED PRODUCTS
1222123.0,6.087114917472049,Alexander Lidow,INTL RECTIFIER CORP,IT,864443000.0,-89.639,1.88,CEO,MALE,48.0,4530.0,45.0,3674.0,"SEMICONDUCTOR,RELATED DEVICE"
3252248.0,6.5121836552876164,David Bell,INTERPUBLIC GROUP OF COS,Discretionary,5863400000.0,-451.7,,"chairman, president & CEO",MALE,60.0,2540.0,25.0,7311.0,ADVERTISING AGENCIES
2539536.0,6.404754373687763,David Brandenburg,INTERVOICE INC,IT,165278000.0,11.327,3,chairman & CEO,MALE,59.0,4510.0,45.0,3661.0,TELE & TELEGRAPH APPARATUS
5056142.0,6.70381926245598,A. Mixon III,INVACARE CORP,Health,1247176000.0,71.409,3.35,chairman & CEO,MALE,62.0,3510.0,35.0,3842.0,"ORTHO,PROSTH,SURG APPL,SUPLY"
1425865.0,6.154078408734302,Werner Heid,IOMEGA CORP,IT,391344000.0,-18.861,,president & CEO,MALE,45.0,4520.0,45.0,3572.0,COMPUTER STORAGE DEVICES
4437161.0,6.6471051871441045,Douglas Brown,IONICS INC,Industrial,347407000.0,-44.77,,president & CEO,MALE,49.0,2020.0,20.0,3559.0,"SPECIAL INDUSTRY MACHY, NEC"
1985930.0,6.297963936430507,"Robert Grubbs, Jr.",ANIXTER INTL INC,IT,2625200000.0,41.9,0.49,president & CEO,MALE,47.0,4520.0,45.0,5063.0,ELEC APPARATUS & EQUIP-WHSL
2630382.0,6.420018823944117,William Lasky,JLG INDUSTRIES INC,Industrial,751128000.0,12.392,0.71,"chairman, president & CEO",MALE,56.0,2010.0,20.0,3531.0,CONSTRUCTION MACHINERY & EQ
3957818.0,6.597455819326405,Noel Watson,JACOBS ENGINEERING GROUP INC,Industrial,4615601000.0,128.01,0.92,CEO,MALE,67.0,2010.0,20.0,1600.0,HEAVY CONSTR-NOT BLDG CONSTR
2472180.0,6.393080088650101,Frank MacInnis,EMCOR GROUP INC,Industrial,4534646000.0,20.621,0.41,chairman & CEO,MALE,57.0,2010.0,20.0,1731.0,ELECTRICAL WORK
20123253.0,7.303698187405484,Richard Handler,JEFFERIES GROUP INC,Financial,926716000.0,84.051,2.52,chairman & CEO,MALE,42.0,4020.0,40.0,6211.0,SECURITY BROKERS & DEALERS
6408212.000000001,6.80673687088317,David Stonecipher,JEFFERSON-PILOT CORP,Financial,3573000000.0,492.0,0.18,"chairman, & CEO",MALE,62.0,4030.0,40.0,6311.0,LIFE INSURANCE
3684899.0,6.5664255887096425,Patrick Moore,SMURFIT-STONE CONTAINER CORP,Materials,7722000000.0,-197.0,,president & CEO,MALE,49.0,1510.0,15.0,2631.0,PAPERBOARD MILLS
9838261.000000002,6.992918339808616,William Weldon,JOHNSON & JOHNSON,Health,41862000000.0,7197.0,,chairman & CEO,MALE,55.0,3520.0,35.0,2834.0,PHARMACEUTICAL PREPARATIONS
9333675.999999998,6.970052721141554,John Barth,JOHNSON CONTROLS INC,Discretionary,22646000000.0,682.9,,president & CEO,MALE,57.0,2510.0,25.0,2531.0,PUBLIC BLDG & REL FURNITURE
673138.0,5.828104108049666,T. Bilbrough,JUNO LIGHTING INC,Discretionary,200566000.0,16.931,0.6,president & CEO,MALE,47.0,2520.0,25.0,3640.0,"ELECTRIC LIGHTING, WIRING EQ"
2955983.0,6.4707019320815755,Kenneth Schroeder,KLA-TENCOR CORP,IT,1323049000.0,137.191,,CEO,MALE,58.0,4530.0,45.0,3827.0,OPTICAL INSTRUMENTS & LENSES
20794626.0,7.317951113804251,Julian Day,KMART HOLDING CORP,Discretionary,23253000000.0,-614.0,,president & CEO,MALE,51.0,2550.0,25.0,5331.0,VARIETY STORES
1.0,0.0,Richard Kinder,KINDER MORGAN INC,Energy,1097897000.0,381.704,19.36,chairman & CEO,MALE,59.0,1010.0,10.0,4923.0,NATURAL GAS TRANSMIS & DISTR
4128732.0,6.6158166933134055,Bernard Beaudoin,GREAT PLAINS ENERGY INC,Utility,2149496000.0,144.923,,chairman & CEO,MALE,,5510.0,55.0,4911.0,ELECTRIC SERVICES
1768820.0,6.2476836401544045,Michael Haverty,KANSAS CITY SOUTHERN,Industrial,581300000.0,12.2,2.05,"chairman, president & CEO",MALE,59.0,2030.0,20.0,4011.0,"RAILROADS,LINE-HAUL OPERATNG"
891583.0,5.950161779103198,"James Haines, Jr.",WESTAR ENERGY INC,Utility,1461143000.0,85.01,,president & CEO,MALE,57.0,5510.0,55.0,4931.0,ELECTRIC & OTHER SERV COMB
1497947.0,6.175496447532514,Andrew Puzder,CKE RESTAURANTS INC,Discretionary,1413437000.0,-48.56,0.72,CEO,MALE,53.0,2530.0,25.0,5812.0,EATING PLACES
1074012.0,6.031009133788739,Brian Campbell,KAYDON CORP,Industrial,294092000.0,33.752,1.12,"chairman, president & CEO",MALE,63.0,2010.0,20.0,3562.0,BALL AND ROLLER BEARINGS
2397115.0,6.379688869522759,Brian Keane,KEANE INC,IT,804976000.0,29.222,3.64,president & CEO,MALE,43.0,4510.0,45.0,7371.0,COMPUTER PROGRAMMING SERVICE
1545386.0,6.189036973555258,Joseph Keithley,KEITHLEY INSTR INC,IT,106718000.0,-4.192,0.5,"chairman, president & CEO",MALE,54.0,4520.0,45.0,3825.0,ELEC MEAS & TEST INSTRUMENTS
13152007.0,7.118992031344132,Carlos Gutierrez,KELLOGG CO,Staples,8811500000.0,787.1,,chairman & CEO,MALE,50.0,3020.0,30.0,2040.0,GRAIN MILL PRODUCTS
3011284.0,6.478751716594286,Hal Upbin,KELLWOOD CO,Discretionary,2346481000.0,71.085,0.34,"chairman, president & CEO",MALE,65.0,2520.0,25.0,2330.0,"WOMENS,MISSES,JRS OUTERWEAR"
1662685.0,6.220809978792699,Terence Adderley,KELLY SERVICES INC  -CL A,Industrial,4325155000.0,5.11,40.99,chairman & CEO,MALE,70.0,2020.0,20.0,7363.0,HELP SUPPLY SERVICES
1799643.0,6.255186361488203,Markos Tambakeras,KENNAMETAL INC,Industrial,1758957000.0,18.13,0.83,"chairman, president & CEO",MALE,52.0,2010.0,20.0,3540.0,METALWORKING MACHINERY & EQ
5963662.0,6.775513021150067,Luke Corbett,KERR-MCGEE CORP,Energy,4185000000.0,219.0,,chairman & CEO,MALE,57.0,1010.0,10.0,1311.0,CRUDE PETROLEUM & NATURAL GS
7449954.0,6.872153591190193,Thomas Falk,KIMBERLY-CLARK CORP,Staples,14348000000.0,1694.2,,chairman & CEO,MALE,45.0,3030.0,30.0,2621.0,PAPER MILLS
1847218.0,6.266518151861581,Joseph Pyne,KIRBY CORP,Industrial,613474000.0,40.918,0.47,president & CEO,MALE,56.0,2030.0,20.0,4400.0,WATER TRANSPORTATION
7096215.0,6.851026765208547,P. Ridder,KNIGHT-RIDDER INC,Discretionary,2945991000.0,296.071,,chairman & CEO,MALE,63.0,2540.0,25.0,2711.0,"NEWSPAPER:PUBG, PUBG & PRINT"
3661841.0,6.563699482969018,David Dillon,KROGER CO,Staples,53791000000.0,315.0,,CEO,MALE,53.0,3010.0,30.0,5411.0,GROCERY STORES
621741.0,5.793609507365975,C. Kulicke,KULICKE & SOFFA INDUSTRIES,IT,494321000.0,-76.689,1.61,chairman & CEO,MALE,54.0,4530.0,45.0,3559.0,"SPECIAL INDUSTRY MACHY, NEC"
5180892.0,6.714404539152028,Wilfred Corrigan,LSI LOGIC CORP,IT,1693070000.0,-308.547,2.46,chairman & CEO,MALE,65.0,4530.0,45.0,3674.0,"SEMICONDUCTOR,RELATED DEVICE"
1622138.0,6.210087798142157,Roger Blethen,LTX CORP,IT,119449000.0,-145.068,0.12,chairman & CEO,MALE,52.0,4530.0,45.0,3825.0,ELEC MEAS & TEST INSTRUMENTS
836241.0,5.922331456729397,Douglas Yaeger,LACLEDE GROUP INC,Utility,1050329999.9999999,34.647,,"chairman, president & CEO",MALE,54.0,5510.0,55.0,4924.0,NATURAL GAS DISTRIBUTION
3535201.0,6.54841411140285,James Bagley,LAM RESEARCH CORP,IT,755234000.0,-7.739,0.23,chairman & CEO,MALE,64.0,4530.0,45.0,3559.0,"SPECIAL INDUSTRY MACHY, NEC"
712840.0,5.8529920615280755,"John Gerlach, Jr.",LANCASTER COLONY CORP,Staples,1106800000.0,112.546,22.52,"chairman, president & CEO",MALE,49.0,3020.0,30.0,2030.0,"CAN,FROZN,PRESRV FRUIT & VEG"
797410.0,5.901681677673989,Paul Stroup III,LANCE INC,Staples,562529000.0,18.278,4.32,"chairman, president & CEO",MALE,52.0,3020.0,30.0,2052.0,COOKIES AND CRACKERS
943625.0,5.97479943837954,Robert Washlow,LAWSON PRODUCTS,Industrial,389091000.0,16.196,,chairman & CEO,MALE,59.0,2010.0,20.0,5080.0,MACHINERY AND EQUIPMENT-WHSL
4168603.0,6.619990536738413,Mary Junck,LEE ENTERPRISES,Discretionary,656741000.0,78.041,,"chairman, president & CEO",FEMALE,56.0,2540.0,25.0,2711.0,"NEWSPAPER:PUBG, PUBG & PRINT"
1765291.0,6.2468163070479825,Felix Wright,LEGGETT & PLATT INC,Discretionary,4388200000.0,205.9,1.13,chairman & CEO,MALE,68.0,2520.0,25.0,2510.0,HOUSEHOLD FURNITURE
7543652.0,6.877581645534456,Raymond Mason,LEGG MASON INC,Financial,2004267000.0,297.764,2.47,"chairman, president & CEO",MALE,67.0,4020.0,40.0,6211.0,SECURITY BROKERS & DEALERS
2976576.0,6.473716975736839,Alfred Kahn,4 KIDS ENTERTAINMENT INC,Discretionary,102079000.0,14.799,7.75,chairman & CEO,MALE,57.0,2540.0,25.0,6794.0,PATENT OWNERS AND LESSORS
16555605.0,7.218945056025001,Stuart Miller,LENNAR CORP,Discretionary,8907619000.0,751.391,,president & CEO,MALE,46.0,2520.0,25.0,1531.0,OPERATIVE BUILDERS
1172984.0,6.069292088194725,Ian Cumming,LEUCADIA NATIONAL CORP,Financial,556375000.0,97.054,12.68,chairman,MALE,62.0,4020.0,40.0,9997.0,CONGLOMERATE
10299131.0,7.012800582197776,Sidney Taurel,LILLY (ELI) & CO,Health,12582500000.0,2560.8,,"chairman, president & CEO",MALE,55.0,3520.0,35.0,2834.0,PHARMACEUTICAL PREPARATIONS
6843956.0,6.835307208785686,Leslie Wexner,LIMITED BRANDS INC,Discretionary,8934000000.0,717.0,10.75,chairman & CEO,MALE,66.0,2550.0,25.0,5621.0,WOMEN'S CLOTHING STORES
7373278.0,6.867660608728797,Jon Boscia,LINCOLN NATIONAL CORP,Financial,5283881000.0,511.936,,chairman & CEO,MALE,51.0,4030.0,40.0,6311.0,LIFE INSURANCE
8555940.0,6.93226773034546,Paul Charron,LIZ CLAIBORNE INC,Discretionary,4241115000.0,279.693,0.26,chairman & CEO,MALE,61.0,2520.0,25.0,2330.0,"WOMENS,MISSES,JRS OUTERWEAR"
21550071.0,7.3334487053486015,Vance Coffman,LOCKHEED MARTIN CORP,Industrial,31824000000.0,1053.0,,chairman & CEO,MALE,60.0,2010.0,20.0,3760.0,GUIDED MISSILES & SPACE VEHC
1762128.0,6.246037452132006,James Tisch,LOEWS CORP,Financial,15809600000.0,-610.7,1.67,CEO,MALE,51.0,4030.0,40.0,6331.0,"FIRE, MARINE, CASUALTY INS"
1207172.0,6.081769153551398,Rhys Best,LONE STAR TECHNOLOGIES,Energy,534100000.0,-68.2,0.56,"chairman, president & CEO",MALE,57.0,1010.0,10.0,3317.0,STEEL PIPE AND TUBES
3283193.0,6.516296413150097,Robert Catell,KEYSPAN CORP,Utility,6915161000.0,386.73,0.11,chairman & CEO,MALE,67.0,5510.0,55.0,4931.0,ELECTRIC & OTHER SERV COMB
1839219.0,6.264633444751291,Warren Bryant,LONGS DRUG STORES INC,Staples,4526524000.0,29.764,,president & CEO,MALE,58.0,3010.0,30.0,5912.0,DRUG & PROPRIETARY STORES
316880.0,5.500894829396236,Richard Wollenberg,LONGVIEW FIBRE CO,Materials,773337000.0,5.354,,president & chief operating officer,MALE,50.0,1510.0,15.0,2650.0,"PAPERBOARD CONTAINERS, BOXES"
5064896.0,6.704570532205711,Mark Suwyn,LOUISIANA-PACIFIC CORP,Materials,2300200000.0,272.5,,chairman & CEO,MALE,61.0,1510.0,15.0,2421.0,"SAWMILLS, PLANING MILLS, GEN"
14487610.0,7.160996746449592,Robert Tillman,LOWES COS,Discretionary,30838000000.0,1877.0,,chairman & CEO,MALE,60.0,2550.0,25.0,5211.0,LUMBER & OTH BLDG MATL-RETL
2109189.0,6.324115497700314,William Bares,LUBRIZOL CORP,Materials,2052123000.0,90.774,,"chairman, president & CEO",MALE,62.0,1510.0,15.0,2860.0,INDUSTRIAL ORGANIC CHEMICALS
100000.0,5.0,Christopher Pappas,LUBYS INC,Discretionary,318521000.0,-33.094,2.5,president & CEO,MALE,56.0,2530.0,25.0,5812.0,EATING PLACES
1417866.0,6.151635188385507,David Freeman,LYDALL INC,Industrial,271385000.0,7.553,,president & CEO,MALE,59.0,2010.0,20.0,2670.0,"CONVRT PAPR,PAPRBRD,EX BOXES"
18361505.0,7.263908275253449,Larry Mizel,MDC HOLDINGS INC,Discretionary,2919302000.0,212.229,17.07,chairman & CEO,MALE,61.0,2520.0,25.0,1531.0,OPERATIVE BUILDERS
2575040.0,6.41078397964686,Martin White,MDU RESOURCES GROUP INC,Utility,2352189000.0,175.324,,"chairman, president & CEO",MALE,62.0,5510.0,55.0,4932.0,GAS & OTHER SERV COMBINED
2447966.0,6.388805381563831,Charles Hurwitz,MAXXAM INC,Materials,336600000.0,-11.6,45.21,chairman & CEO,MALE,63.0,1510.0,15.0,2400.0,"LUMBER AND WOOD PDS, EX FURN"
2944494.0,6.469010673694048,Daniel Leever,MACDERMID INC,Materials,619886000.0,56.426,3.5,chairman & CEO,MALE,55.0,1510.0,15.0,2890.0,MISC CHEMICAL PRODUCTS
1254480.0,6.098463741809356,Terry Growcock,MANITOWOC CO,Industrial,1593186000.0,3.549,,chairman & CEO,MALE,58.0,2010.0,20.0,3530.0,"CONSTR,MINING,MATL HANDLE EQ"
6280373.0,6.797985437850444,"Clarence Cazalot, Jr.",MARATHON OIL CORP,Energy,36678000000.0,1321.0,,president & CEO,MALE,53.0,1010.0,10.0,2911.0,PETROLEUM REFINING
21242696.0,7.327209634048829,Jeffrey Greenberg,MARSH & MCLENNAN COS,Financial,11588000000.0,1540.0,,chairman & CEO,MALE,52.0,4030.0,40.0,6411.0,"INS AGENTS,BROKERS & SERVICE"
6315722.0,6.800423005357296,Dennis Kuester,MARSHALL & ILSLEY CORP,Financial,2740721000.0,544.105,,president & CEO,MALE,61.0,4010.0,40.0,6020.0,COMMERCIAL BANKS
9543951.0,6.979728200938455,Richard Manoogian,MASCO CORP,Industrial,10936000000.0,806.0,1.94,chairman & CEO,MALE,67.0,2010.0,20.0,2430.0,"MILLWORK,VENEER,PLYWOOD"
378980.0,5.578616291448744,Michael Callahan,MATERIAL SCIENCES CORP,Materials,243218000.0,-14.537,,president & CEO,MALE,,1510.0,15.0,3470.0,"COATING,ENGRAVING,ALLIED SVC"
15739180.000000002,7.196982102181125,Robert Eckert,MATTEL INC,Discretionary,4960100000.0,537.632,,chairman & CEO,MALE,49.0,2520.0,25.0,3942.0,DOLLS AND STUFFED TOYS
2812001.0,6.449015470791031,Eugene Kahn,MAY DEPARTMENT STORES CO,Discretionary,13343000000.0,434.0,,chairman & CEO,MALE,54.0,2550.0,25.0,5311.0,DEPARTMENT STORES
2342745.0,6.3697250196597945,Ralph Hake,MAYTAG CORP,Discretionary,4791866000.0,120.133,,chairman & CEO,MALE,55.0,2520.0,25.0,3630.0,HOUSEHOLD APPLIANCES
3934820.0,6.594924870165288,Robert Lawless,MCCORMICK & CO,Staples,2269600000.0,210.8,,"chairman, president & CEO",MALE,57.0,3020.0,30.0,2090.0,"MISC FOOD PREPS, KINDRED PDS"
1111303.0,6.045832486741965,Bruce Wilkinson,MCDERMOTT INTL INC,Industrial,2335364000.0,-95.229,0.48,chairman & CEO,MALE,59.0,2010.0,20.0,3730.0,SHIP & BOAT BLDG & REPAIRING
7996872.000000001,6.902920144643176,James Cantalupo,MCDONALDS CORP,Discretionary,17140500000.0,1471.4,,chairman & CEO,MALE,60.0,2530.0,25.0,5812.0,EATING PLACES
6086614.0,6.784375760602111,Harold McGraw III,MCGRAW-HILL COMPANIES,Discretionary,4827857000.0,687.65,,"chairman, president & CEO",MALE,55.0,2540.0,25.0,2731.0,"BOOKS: PUBG, PUBG & PRINTING"
22771278.0,7.357387405352628,John Hammergren,MCKESSON CORP,Health,69506102000.0,646.5,0.09,"chairman, president & CEO",MALE,45.0,3510.0,35.0,5122.0,DRUGS AND PROPRIETARY-WHSL
7149294.0,6.854263156899982,John Bryan III,MEDIA GENERAL  -CL A,Discretionary,837423000.0,58.685,4.58,chairman & CEO,MALE,65.0,2540.0,25.0,2711.0,"NEWSPAPER:PUBG, PUBG & PRINT"
11910328.999999998,7.075923758200752,Martin McGuinn,MELLON FINANCIAL CORP,Financial,4550000000.0,701.0,,chairman & CEO,MALE,61.0,4020.0,40.0,6020.0,COMMERCIAL BANKS
12399993.0,7.093421439995926,Thomas Ryan,CVS CORP,Staples,26588000000.0,847.3,,"chairman, president & CEO",MALE,51.0,3010.0,30.0,5912.0,DRUG & PROPRIETARY STORES
3780593.0,6.577559925876622,Walden Rhines,MENTOR GRAPHICS CORP,IT,675668000.0,7.933,0.36,chairman & CEO,MALE,57.0,4510.0,45.0,7373.0,CMP INTEGRATED SYS DESIGN
3479597.0,6.541528947736497,Edward Kelly III,MERCANTILE BANKSHARES CORP,Financial,773166000.0,196.814,,president & CEO,MALE,50.0,4010.0,40.0,6020.0,COMMERCIAL BANKS
11187138.999999998,7.048719034215585,Raymond Gilmartin,MERCK & CO,Health,22485900000.0,6830.9,,"chairman, president & CEO",MALE,63.0,3520.0,35.0,2834.0,PHARMACEUTICAL PREPARATIONS
3831994.0,6.583424820404176,William Kerr,MEREDITH CORP,Discretionary,1080104000.0,5.319,0.72,chairman & CEO,MALE,62.0,2540.0,25.0,2721.0,"PERIODICAL:PUBG,PUBG & PRINT"
28712526.999999996,7.45807141659474,E. O'Neal,MERRILL LYNCH & CO,Financial,27745000000.0,3988.0,,"chairman, president, CEO & chief operating officer",MALE,52.0,4020.0,40.0,6211.0,SECURITY BROKERS & DEALERS
2677675.0,6.4277578638365656,R. Rouleau,MICHAELS STORES INC,Discretionary,3091256000.0,177.845,,president & CEO,MALE,,2550.0,25.0,5945.0,"HOBBY, TOY, AND GAME SHOPS"
1937943.0,6.287340999159785,A. Giannopoulos,MICROS SYSTEMS INC,IT,400191000.0,21.782,0.23,"chairman, president & CEO",MALE,63.0,4510.0,45.0,7373.0,CMP INTEGRATED SYS DESIGN
7954222.0,6.900597707850556,Steven Appleton,MICRON TECHNOLOGY INC,IT,3091300000.0,-1273.2,,"chairman, president & CEO",MALE,43.0,4530.0,45.0,3674.0,"SEMICONDUCTOR,RELATED DEVICE"
1716443.0,6.234629385858771,James Peterson,MICROSEMI CORP,IT,197371000.0,-11.472,,president & CEO,MALE,48.0,4530.0,45.0,3674.0,"SEMICONDUCTOR,RELATED DEVICE"
7330821.0,6.8651526152691,J. Leonard,ENTERGY CORP,Utility,9194920000.0,950.467,,CEO,MALE,53.0,5510.0,55.0,4911.0,ELECTRIC SERVICES
4205725.0,6.62384087203859,Francis Lunger,MILLIPORE CORP,Health,799622000.0,100.796,,"chairman, president & CEO",MALE,58.0,3510.0,35.0,3826.0,LAB ANALYTICAL INSTRUMENTS
12131840.0,7.083926674011249,"W. McNerney, Jr.",3M CO,Industrial,18232000000.0,2403.0,,chairman & CEO,MALE,54.0,2010.0,20.0,2670.0,"CONVRT PAPR,PAPRBRD,EX BOXES"
1743262.0,6.241362663417093,David Gartzke,ALLETE INC,Industrial,1581900000.0,236.4,,"chairman, president & CEO",MALE,60.0,2010.0,20.0,4911.0,ELECTRIC SERVICES
560099.0,5.748264797280649,Charles Dunn,MISSISSIPPI CHEMICAL CORP,Materials,444346000.0,-105.853,,president & CEO,MALE,,1510.0,15.0,2870.0,AGRICULTURAL CHEMICALS
1158227.0,6.063793684767909,David Rayburn,MODINE MFG CO,Discretionary,1199799000.0,40.437,,"president, CEO & chief operating officer",MALE,56.0,2510.0,25.0,3714.0,"MOTOR VEHICLE PART,ACCESSORY"
1739398.0,6.2403989663771,"Leon Moulder, Jr.",MGI PHARMA INC,Health,49385000.0,-61.908,,president & CEO,MALE,46.0,3520.0,35.0,2834.0,PHARMACEUTICAL PREPARATIONS
3124176.0,6.4947354918108235,J. King,MOLEX INC,IT,1843098000.0,84.918,,vice chairman & CEO,MALE,59.0,4520.0,45.0,3678.0,ELECTRONIC CONNECTORS
10621073.0,7.026168393811309,Christopher Galvin,MOTOROLA INC,IT,27058000000.0,893.0,,chairman & CEO,MALE,,4520.0,45.0,3663.0,"RADIO, TV BROADCAST, COMM EQ"
4117011.0,6.614582027364967,Claiborne Deming,MURPHY OIL CORP,Energy,5275099000.0,294.197,2.3,president & CEO,MALE,49.0,1010.0,10.0,2911.0,PETROLEUM REFINING
452666.0,5.655777875615391,Stephen Myers,MYERS INDUSTRIES INC,Materials,661092000.0,16.326,8.22,chairman & CEO,MALE,60.0,1510.0,15.0,3089.0,"PLASTICS PRODUCTS, NEC"
21569314.0,7.33383633282845,Kenneth Lewis,BANK OF AMERICA CORP,Financial,49006000000.0,10810.0,,"chairman, president & CEO",MALE,57.0,4010.0,40.0,6020.0,COMMERCIAL BANKS
2679444.0,6.428044684781335,Mark Hurd,NCR CORP,IT,5598000000.0,58.0,,president & CEO,MALE,47.0,4520.0,45.0,3578.0,"CACULATE,ACCT MACH,EX COMP"
4374036.0,6.640882353127088,Richard Anderson,NORTHWEST AIRLINES CORP,Industrial,9510000000.0,248.0,,CEO,MALE,48.0,2030.0,20.0,4512.0,"AIR TRANSPORT, SCHEDULED"
1738675.0,6.240218409548685,Ron Marshall,NASH FINCH CO,Staples,3971502000.0,35.092,0.39,CEO,MALE,49.0,3010.0,30.0,5141.0,"GROCERIES, GENERAL LINE-WHSL"
738826.0,5.868542170279093,Andrew Albert,NASHUA CORP,Industrial,288906000.0,0.102,3.03,"chairman, president & CEO",MALE,58.0,2020.0,20.0,2670.0,"CONVRT PAPR,PAPRBRD,EX BOXES"
7697025.0,6.886322897153791,David Daberko,NATIONAL CITY CORP,Financial,9593823000.0,2117.064,,chairman & CEO,MALE,58.0,4010.0,40.0,6020.0,COMMERCIAL BANKS
1671689.0,6.223155484737655,Philip Ackerman,NATIONAL FUEL GAS CO,Utility,2035471000.0,178.944,0.41,president & CEO,MALE,60.0,5510.0,55.0,4924.0,NATURAL GAS DISTRIBUTION
9067355.0,6.95748061931689,Trevor Fetter,TENET HEALTHCARE CORP,Health,13212000000.0,-1477.0,,president & CEO,MALE,44.0,3510.0,35.0,8062.0,GEN MED & SURGICAL HOSPITALS
1358963.0,6.133207632512788,Scott Rudolph,NBTY INC,Staples,1192548000.0,81.585,8.26,chairman & CEO,MALE,46.0,3030.0,30.0,2834.0,PHARMACEUTICAL PREPARATIONS
359098.0,5.5552129863252295,Daniel Howells,NATURES SUNSHINE PRODS INC,Staples,258208000.00000003,5.099,,president & CEO,MALE,,3030.0,30.0,2834.0,PHARMACEUTICAL PREPARATIONS
2368008.0,6.3743831652594904,Walter Higgins,SIERRA PACIFIC RESOURCES,Utility,2789158000.0,-136.629,,"chairman, president & CEO",MALE,59.0,5510.0,55.0,4911.0,ELECTRIC SERVICES
867995.0,5.938517223472962,Robert Murray,NEW ENGLAND BUSINESS SVC INC,Industrial,551188000.0,20.124,2.28,chairman & CEO,MALE,62.0,2020.0,20.0,2761.0,MANIFOLD BUSINESS FORMS
1504849.0,6.17749292401172,Laurence Downes,NEW JERSEY RESOURCES,Utility,2544379000.0,65.412,,"chairman, CEO & president",MALE,46.0,5510.0,55.0,4924.0,NATURAL GAS DISTRIBUTION
1910667.0,6.281185002772295,Glenn Rufrano,NEW PLAN EXCEL REALTY TR,Financial,492740000.0,129.021,,CEO,MALE,54.0,4040.0,40.0,6798.0,REAL ESTATE INVESTMENT TRUST
3978805.0,6.599752655029979,Wesley von Schack,ENERGY EAST CORP,Utility,4593819000.0,210.446,0.14,"chairman, president & CEO",MALE,59.0,5510.0,55.0,4931.0,ELECTRIC & OTHER SERV COMB
3037534.0,6.482521147817806,Russell Lewis,NEW YORK TIMES CO  -CL A,Discretionary,3227200000.0,302.655,,president & CEO,MALE,56.0,2540.0,25.0,2711.0,"NEWSPAPER:PUBG, PUBG & PRINT"
1611084.0,6.207118184606326,"Joseph Galli, Jr.",NEWELL RUBBERMAID INC,Discretionary,7750000000.0,-46.6,,president & CEO,MALE,45.0,2520.0,25.0,3089.0,"PLASTICS PRODUCTS, NEC"
6401269.0,6.806266077900512,Wayne Murdy,NEWMONT MINING CORP,Materials,3214059000.0,475.667,,CEO,MALE,59.0,1510.0,15.0,1040.0,GOLD AND SILVER ORES
2172148.0,6.336889412718629,Robert Deuster,NEWPORT CORP,IT,134789000.0,-13.16,0.3,"chairman, president & CEO",MALE,53.0,4520.0,45.0,3821.0,LAB APPARATUS AND FURNITURE
1797613.0,6.2546962001586515,Thomas Fisher,NICOR INC,Utility,2662700000.0,105.2,,chairman & CEO; chairman-Nicor Gas,MALE,59.0,5510.0,55.0,4924.0,NATURAL GAS DISTRIBUTION
2614324.0,6.417359409829227,Charles Davidson,NOBLE ENERGY INC,Energy,965324000.0,77.992,,president & CEO,MALE,54.0,1010.0,10.0,1311.0,CRUDE PETROLEUM & NATURAL GS
3021900.0,6.480280088670524,Edward Campbell,NORDSON CORP,Industrial,667347000.0,35.16,0.31,president & CEO,MALE,54.0,2010.0,20.0,3569.0,"GENERAL INDL MACH & EQ, NEC"
3297667.0,6.518206798256914,Blake Nordstrom,NORDSTROM INC,Discretionary,6646763000.0,242.841,,president & CEO,MALE,,2550.0,25.0,5651.0,FAMILY CLOTHING STORES
9887704.0,6.995095456825365,David Goode,NORFOLK SOUTHERN CORP,Industrial,6468000000.0,535.0,,"chairman, president & CEO",MALE,63.0,2030.0,20.0,4011.0,"RAILROADS,LINE-HAUL OPERATNG"
2199652.0,6.3423539778975115,"Alfred Rankin, Jr.",NACCO INDUSTRIES  -CL A,Industrial,2472600000.0,52.8,16.15,"chairman, president & CEO",MALE,62.0,2010.0,20.0,3537.0,"INDL TRUCKS,TRACTORS,TRAILRS"
4874837.0,6.687960098766034,Michael Morris,NORTHEAST UTILITIES,Utility,6069156000.0,121.97,,"chairman, president & CEO",MALE,,5510.0,55.0,4911.0,ELECTRIC SERVICES
7697619.0,6.886356411527021,Gary Neale,NISOURCE INC,Utility,6246600000.0,89.7,,"chairman, president & CEO",MALE,64.0,5510.0,55.0,4931.0,ELECTRIC & OTHER SERV COMB
2461671.0,6.391230009427059,Wayne Brunetti,XCEL ENERGY INC,Utility,7937516000.0,622.392,,chairman & CEO,MALE,61.0,5510.0,55.0,4931.0,ELECTRIC & OTHER SERV COMB
5165181.0,6.713085544814771,William Osborn,NORTHERN TRUST CORP,Financial,2580100000.0,404.8,,"chairman, president & CEO",MALE,56.0,4020.0,40.0,6020.0,COMMERCIAL BANKS
10574558.999999998,7.024262264665508,Ronald Sugar,NORTHROP GRUMMAN CORP,Industrial,26206000000.0,866.0,,"chairman, president & CEO",MALE,55.0,2010.0,20.0,3812.0,"SRCH,DET,NAV,GUID,AERO SYS"
662396.0,5.821117701217686,Mark Dodson,NORTHWEST NATURAL GAS CO,Utility,611256000.0,45.983,,president & CEO,MALE,59.0,5510.0,55.0,4924.0,NATURAL GAS DISTRIBUTION
19920761.0,7.299305925040888,Richard Kovacevich,WELLS FARGO & CO,Financial,31800000000.0,6202.0,,"chairman, president & CEO",MALE,60.0,4010.0,40.0,6020.0,COMMERCIAL BANKS
1828763.0,6.262157426383236,Daniel DiMicco,NUCOR CORP,Materials,6265823000.0,62.781,,"vice chairman, president & CEO",MALE,53.0,1510.0,15.0,3312.0,STEEL WORKS & BLAST FURNACES
1132815.0,6.054158991029043,James Watt,REMINGTON OIL&GAS CP  -CL B,Energy,182579000.0,42.924,0.5,president & CEO,MALE,54.0,1010.0,10.0,1311.0,CRUDE PETROLEUM & NATURAL GS
29972535.0,7.47672347601048,Ray Irani,OCCIDENTAL PETROLEUM CORP,Energy,9326000000.0,1527.0,0.87,chairman & CEO,MALE,69.0,1010.0,10.0,1311.0,CRUDE PETROLEUM & NATURAL GS
3216288.0,6.507354930378238,John Huff,OCEANEERING INTERNATIONAL,Energy,639249000.0,29.301,2.25,chairman & CEO,MALE,58.0,1010.0,10.0,1389.0,"OIL & GAS FIELD SERVICES,NEC"
4184160.0,6.621608283361252,H. Burg,FIRSTENERGY CORP,Utility,12307047000.0,465.133,,chairman & CEO,MALE,,5510.0,55.0,4911.0,ELECTRIC SERVICES
2033865.0,6.308322122775112,Steven Moore,OGE ENERGY CORP,Utility,3779000000.0,129.8,,"chairman, president & CEO",MALE,57.0,5510.0,55.0,4922.0,NATURAL GAS TRANSMISSION
1108722.0,6.044822665174356,Joseph Rupp,OLIN CORP,Materials,1586000000.0,-24.0,,president & CEO,MALE,53.0,1510.0,15.0,3350.0,ROLLING & DRAW NONFER METAL
24805042.0,7.394539966722044,Joel Gemunder,OMNICARE INC,Health,3499174000.0,194.368,1.56,president & CEO,MALE,64.0,3510.0,35.0,5912.0,DRUG & PROPRIETARY STORES
2947696.0,6.469482692100768,David Kyle,ONEOK INC,Utility,2998996000.0,112.488,,"chairman, president & CEO",MALE,51.0,5510.0,55.0,4923.0,NATURAL GAS TRANSMIS & DISTR
843903.0,5.926292530765808,Douglas Hyde,OSHKOSH B'GOSH INC  -CL A,Discretionary,417272000.0,7.189,1.93,chairman & CEO,MALE,53.0,2520.0,25.0,2300.0,APPAREL & OTHER FINISHED PDS
18395711.0,7.264716578109482,Morton Hyman,OVERSEAS SHIPHOLDING GROUP,Energy,454120000.0,121.309,,"chairman, president & CEO",MALE,,1010.0,10.0,4412.0,DEEP SEA FRN TRANS-FREIGHT
1903865.0,6.2796361500181614,G. Minor III,OWENS & MINOR INC,Health,4244067000.0,53.641,1.46,chairman & CEO,MALE,63.0,3510.0,35.0,5047.0,"MED, DENTAL, HOSP EQ-WHSL"
3890072.0,6.589957639606767,Joseph Lemieux,OWENS-ILLINOIS INC,Materials,6059000000.0,-990.8,0.59,chairman & CEO,MALE,73.0,1510.0,15.0,3221.0,GLASS CONTAINERS
10465915.0,7.019777203250878,James Rohr,PNC FINANCIAL SVCS GROUP INC,Financial,5969000000.0,1001.0,,chairman & CEO,MALE,55.0,4010.0,40.0,6020.0,COMMERCIAL BANKS
12061535.0,7.08140258140348,Raymond LeBoeuf,PPG INDUSTRIES INC,Materials,8756000000.0,494.0,,chairman & CEO,MALE,57.0,1510.0,15.0,2851.0,"PAINTS, VARNISHES, LACQUERS"
4208624.0,6.624140127454036,Mark Pigott,PACCAR INC,Industrial,8194900000.0,526.5,1.01,chairman & CEO,MALE,50.0,2010.0,20.0,3711.0,MOTOR VEHICLES & CAR BODIES
19898694.0,7.298824573535036,"Robert Glynn, Jr.",PG&E CORP,Utility,10435000000.0,420.0,,"chairman, president & CEO; chairman-Pacific Gas and Electric Company",MALE,61.0,5510.0,55.0,4931.0,ELECTRIC & OTHER SERV COMB
4958311.0,6.695333763526584,Stephen Baum,SEMPRA ENERGY,Utility,7887000000.0,659.0,,"chairman, president & CEO",MALE,63.0,5510.0,55.0,4932.0,GAS & OTHER SERV COMBINED
1042353.0,6.018014820681475,Arthur Hershaft,PAXAR CORP,IT,712000000.0,14.6,8.05,chairman & CEO,MALE,66.0,4520.0,45.0,2750.0,COMMERCIAL PRINTING
2681924.0,6.428446466711595,Eric Krasnoff,PALL CORP,Industrial,1613635000.0,103.202,,chairman & CEO,MALE,51.0,2010.0,20.0,3569.0,"GENERAL INDL MACH & EQ, NEC"
4460088.0,6.649343427666709,Scott Tarriff,PAR PHARMACEUTICAL COS INC,Health,661688000.0,122.533,,president & CEO,MALE,44.0,3520.0,35.0,2834.0,PHARMACEUTICAL PREPARATIONS
562249.0,5.749928691684604,Brian Shore,PARK ELECTROCHEMICAL CORP,IT,194236000.0,-3.852,0.68,president & CEO,MALE,52.0,4520.0,45.0,3672.0,PRINTED CIRCUIT BOARDS
908760.0,5.958449202872237,"Robert Parker, Jr.",PARKER DRILLING CO,Energy,315784000.0,-109.699,0.56,president & CEO,MALE,55.0,1010.0,10.0,1381.0,DRILLING OIL AND GAS WELLS
3662030.0,6.563721897797761,Donald Washkewicz,PARKER-HANNIFIN CORP,Industrial,6410610000.0,196.272,,president & CEO,MALE,53.0,2010.0,20.0,3490.0,MISC FABRICATED METAL PRODS
1524200.0,6.183041957290639,Carl Lindner,AMERICAN FINANCIAL GROUP INC,Financial,3339819000.0,293.815,13.5,chairman & CEO,MALE,84.0,4030.0,40.0,6331.0,"FIRE, MARINE, CASUALTY INS"
11006041.0,7.0416311263236375,Allen Questrom,PENNEY (J C) CO,Discretionary,17786000000.0,-928.0,,chairman & CEO,MALE,63.0,2550.0,25.0,5311.0,DEPARTMENT STORES
4551973.0,6.658199677379591,William Hecht,PPL CORP,Utility,5587000000.0,763.0,,"chairman, president & CEO",MALE,61.0,5510.0,55.0,4911.0,ELECTRIC SERVICES
4486732.0,6.651930129172656,Randall Hogan,PENTAIR INC,Industrial,2724365000.0,141.352,0.44,CEO,MALE,48.0,2010.0,20.0,3550.0,SPECIAL INDUSTRY MACHINERY
2113764.0,6.325056497058837,Thomas Patrick,PEOPLES ENERGY CORP,Utility,2138393999.9999998,103.934,,"chairman, president & CEO",MALE,58.0,5510.0,55.0,4924.0,NATURAL GAS DISTRIBUTION
5497246.000000001,6.740145171939727,Lawrence Stevenson,PEP BOYS-MANNY MOE & JACK,Discretionary,2134270000.0,-32.146,,CEO,MALE,47.0,2550.0,25.0,5531.0,AUTO AND HOME SUPPLY STORES
15107259.0,7.179185674851324,Steven Reinemund,PEPSICO INC,Staples,26971000000.0,3568.0,,chairman & CEO,MALE,56.0,3020.0,30.0,2090.0,"MISC FOOD PREPS, KINDRED PDS"
6578352.0,6.818117108363352,Tony White,APPLERA CORP APPLIED BIOSYS,Health,1682943000.0,183.217,0.57,"chairman, president & CEO",MALE,57.0,3510.0,35.0,3826.0,LAB ANALYTICAL INSTRUMENTS
18428528.0,7.2654906468301235,Henry McKinnell,PFIZER INC,Health,45188000000.0,3910.0,,chairman & CEO,MALE,61.0,3520.0,35.0,2834.0,PHARMACEUTICAL PREPARATIONS
3237214.0,6.510171409920686,J. Whisler,PHELPS DODGE CORP,Materials,4142700000.0,94.8,,"chairman, president & CEO",MALE,49.0,1510.0,15.0,3330.0,"PRIM SMELT,REFIN NONFER METL"
8027554.0,6.904583235673998,John Rowe,EXELON CORP,Utility,15812000000.0,905.0,,chairman & CEO; chairman-Excelon energy delivery and Exelon enterprises,MALE,58.0,5510.0,55.0,4911.0,ELECTRIC SERVICES
1359994.0,6.1335369923609235,Nicholas DeBenedictis,AQUA AMERICA INC,Utility,367233000.0,70.795,,CEO,MALE,58.0,5510.0,55.0,4941.0,WATER SUPPLY
23852064.0,7.377525965976801,Louis Camilleri,ALTRIA GROUP INC,Staples,60704000000.0,9204.0,,chairman & CEO,MALE,49.0,3020.0,30.0,2111.0,CIGARETTES
10679116.0,7.028535303983589,J. Mulva,CONOCOPHILLIPS,Energy,90491000000.0,4735.0,,president & CEO,MALE,57.0,1010.0,10.0,2911.0,PETROLEUM REFINING
5925164.0,6.772700375493842,Bruce Klatsky,PHILLIPS-VAN HEUSEN,Discretionary,1582011000.0,14.706,0.19,chairman & CEO,MALE,55.0,2520.0,25.0,2300.0,APPAREL & OTHER FINISHED PDS
788115.0,5.896589593405027,Thomas Skains,PIEDMONT NATURAL GAS CO,Utility,1220822000.0,74.362,,"chairman, president & CEO",MALE,47.0,5510.0,55.0,4924.0,NATURAL GAS DISTRIBUTION
4457382.0,6.6490798549484165,Marvin Girouard,PIER 1 IMPORTS INC/DE,Discretionary,1893639000.0,118.001,1.05,chairman & CEO,MALE,64.0,2550.0,25.0,5700.0,HOME FURNITURE & EQUIP STORE
6945971.999999999,6.841733028288016,Michael Critelli,PITNEY BOWES INC,Industrial,4576853000.0,498.117,,chairman & CEO,MALE,55.0,2020.0,20.0,3579.0,"OFFICE MACHINES, NEC"
3844710.0,6.584863587271505,Jay Taylor,PLACER DOME INC,Materials,1763000000.0,229.0,,president & CEO,MALE,57.0,1510.0,15.0,1040.0,GOLD AND SILVER ORES
2678522.0,6.427895217794696,Ken Kannappan,PLANTRONICS INC,IT,416965000.0,62.279,0.05,president & CEO,MALE,44.0,4520.0,45.0,3661.0,TELE & TELEGRAPH APPARATUS
2799125.0,6.44702229310642,Paul Van Wagenen,POGO PRODUCING CO,Energy,1161996000.0,290.941,,"chairman, president & CEO",MALE,58.0,1010.0,10.0,1311.0,CRUDE PETROLEUM & NATURAL GS
921740.0,5.964608434622741,Michael Flannery,POPE & TALBOT INC,Materials,612679000.0,-24.812,0.37,"chairman, president & CEO",MALE,60.0,1510.0,15.0,2611.0,PULP MILLS
873547.0,5.941286276567403,Robert Dutcher,POSSIS MEDICAL INC,Health,57428000.0,16.568,0.39,"chairman, president & CEO",MALE,58.0,3510.0,35.0,3841.0,"SURGICAL,MED INSTR,APPARATUS"
1283467.0,6.108384706741667,L. Siegel,POTLATCH CORP,Materials,1506634000.0,50.727,0.14,chairman & CEO,MALE,61.0,1510.0,15.0,2631.0,PAPERBOARD MILLS
895942.0,5.952279895939739,Dennis Wraase,PEPCO HOLDINGS INC,Utility,7271300000.0,113.5,,president & CEO,MALE,60.0,5510.0,55.0,4911.0,ELECTRIC SERVICES
2155163.0,6.333480122442679,Harland Stonecipher,PREPAID LEGAL SERVICES INC,Industrial,361313000.0,39.907,6.73,"chairman, CEO & president",MALE,65.0,2020.0,20.0,6399.0,"INSURANCE CARRIERS, NEC"
1875000.0,6.273001272063737,Robert Price,PRICE COMMUNICATIONS CORP,Telecom,0.0,21.087,8.93,CEO & treasurer,MALE,71.0,5010.0,50.0,6799.0,"INVESTORS, NEC"
1432421.0,6.156070679358342,A. Petrocelli,PRIME HOSPITALITY CORP,Discretionary,383640000.0,-24.475,7.94,president & CEO,MALE,60.0,2530.0,25.0,7011.0,HOTELS AND MOTELS
708202.0,5.850157148894469,Richard Lewis,PRIMA ENERGY CORP,Energy,67199000.0,23.795,10.34,president & CEO,MALE,54.0,1010.0,10.0,1311.0,CRUDE PETROLEUM & NATURAL GS
19086460.0,7.280725386485362,A. Lafley,PROCTER & GAMBLE CO,Staples,43373000000.0,5186.0,,"chairman, president & CEO",MALE,56.0,3030.0,30.0,2840.0,"SOAP,DETERGENT,TOILET PREPS"
2436810.0,6.386821668221082,R. Sellers,ARCHSTONE-SMITH TR,Financial,906120000.0,433.657,,chairman & CEO,MALE,47.0,4040.0,40.0,6798.0,REAL ESTATE INVESTMENT TRUST
1907333.0,6.280426522850504,John Johns,PROTECTIVE LIFE CORP,Financial,1957525000.0,217.05,,"chairman, president & CEO",MALE,52.0,4030.0,40.0,6311.0,LIFE INSURANCE
1689849.0,6.227847899053536,Jeffry Sterba,PNM RESOURCES INC,Utility,1455714000.0,95.759,,"chairman, president & CEO",MALE,49.0,5510.0,55.0,4931.0,ELECTRIC & OTHER SERV COMB
2452229.0,6.3895610240814955,E. Ferland,PUBLIC SERVICE ENTRP GRP INC,Utility,11116000000.0,1164.0,,"chairman, president & CEO",MALE,62.0,5510.0,55.0,4931.0,ELECTRIC & OTHER SERV COMB
980709.0,5.991540160853617,Stephen Reynolds,PUGET ENERGY INC,Utility,2491523000.0,121.348,,president & CEO,MALE,56.0,5510.0,55.0,4931.0,ELECTRIC & OTHER SERV COMB
10069735.000000002,7.00301804160108,"Richard Dugas, Jr.",PULTE HOMES INC,Discretionary,9048926000.0,624.634,,president & CEO,MALE,38.0,2520.0,25.0,1531.0,OPERATIVE BUILDERS
1563552.0,6.19411232941491,Ronald Naples,QUAKER CHEMICAL CORP,Materials,340192000.0,14.833,2.15,chairman & CEO,MALE,58.0,1510.0,15.0,2990.0,MISC PDS OF PETROLEUM & COAL
1585839.0,6.2002590941034,Raymond Jean,QUANEX CORP,Materials,1031214999.9999999,42.887,0.53,"chairman, president & CEO",MALE,61.0,1510.0,15.0,3350.0,ROLLING & DRAW NONFER METAL
3098870.0,6.491203357631066,Keith Rattie,QUESTAR CORP,Utility,1463188000.0,173.616,,president & CEO,MALE,50.0,5510.0,55.0,4923.0,NATURAL GAS TRANSMIS & DISTR
2095943.0,6.321379467661844,Thomas James,RAYMOND JAMES FINANCIAL CORP,Financial,1497571000.0,86.317,13.3,chairman & CEO,MALE,61.0,4020.0,40.0,6211.0,SECURITY BROKERS & DEALERS
9832192.0,6.992650350729329,William Swanson,RAYTHEON CO,Industrial,18109000000.0,365.0,,chairman & CEO,MALE,55.0,2010.0,20.0,3812.0,"SRCH,DET,NAV,GUID,AERO SYS"
9261671.0,6.966689349598674,Paul Fireman,REEBOK INTERNATIONAL LTD,Discretionary,3485316000.0,157.254,12.01,chairman & CEO,MALE,60.0,2520.0,25.0,3021.0,RUBBER AND PLASTICS FOOTWEAR
1059866.0,6.025250960416394,James Packard,REGAL BELOIT,Industrial,619098000.0,25.206,2.1,chairman & CEO,MALE,61.0,2010.0,20.0,3621.0,MOTORS AND GENERATORS
992112.0,5.996560702634337,Paul Finkelstein,REGIS CORP/MN,Discretionary,1684530000.0,86.675,,president & CEO,MALE,61.0,2550.0,25.0,7200.0,PERSONAL SERVICES
5367779.0,6.729794626934355,Mike Jackson,AUTONATION INC,Discretionary,19381100000.0,479.2,,chairman & CEO,MALE,55.0,2550.0,25.0,5500.0,"AUTO DEALERS, GAS STATIONS"
3749379.0,6.573959342605951,Lloyd Waterhouse,REYNOLDS & REYNOLDS  -CL A,IT,1008245000.0,119.017,,"chairman, president & CEO",MALE,52.0,4510.0,45.0,7373.0,CMP INTEGRATED SYS DESIGN
2033072.0,6.308152759183537,Robert Allbritton,RIGGS NATL CORP WASH D C,Financial,346932000.0,0.979,2.54,chairman & CEO; chairman-Riggs Bank,MALE,34.0,4010.0,40.0,6020.0,COMMERCIAL BANKS
2866839.0,6.457403303907445,Mary Sammons,RITE AID CORP,Staples,16600449000.0,83.311,0.14,president & CEO,FEMALE,57.0,3010.0,30.0,5912.0,DRUG & PROPRIETARY STORES
1070946.0,6.029767573079038,Gerald Connelly,ROBBINS & MYERS INC,Industrial,560775000.0,14.368,0.3,president & CEO,MALE,62.0,2010.0,20.0,3443.0,FABRICATED PLATE WORK
630031.0,5.799361918973762,Pat Costa,ROBOTIC VISION SYSTEMS INC,IT,43400000.0,-30.104,0.04,CEO,MALE,60.0,4520.0,45.0,3823.0,INDUSTRIAL MEASUREMENT INSTR
4084620.0,6.611151659502583,"Don Davis, Jr.",ROCKWELL AUTOMATION,Industrial,4104000000.0,286.0,,chairman & CEO,MALE,64.0,2010.0,20.0,3620.0,ELECTRICAL INDL APPARATUS
1553006.0,6.191173133617713,Walter Boomer,ROGERS CORP,IT,243329000.0,26.275,0.2,chairman & CEO,MALE,65.0,4520.0,45.0,2821.0,"PLASTICS,RESINS,ELASTOMERS"
5493207.0,6.739825964807615,Rajiv Gupta,ROHM & HAAS CO,Materials,6421000000.0,280.0,,chairman & CEO,MALE,58.0,1510.0,15.0,2821.0,"PLASTICS,RESINS,ELASTOMERS"
1403600.0,6.147243359543368,Gary Rollins,ROLLINS INC,Industrial,677013000.0,35.761,50.1,"president, CEO & chief operating officer",MALE,59.0,2020.0,20.0,7340.0,"SVCS TO DWELLINGS, OTH BLDGS"
1865503.0,6.2707959517860665,Michael Balmuth,ROSS STORES INC,Discretionary,3920583000.0,228.102,,vice chairman & CEO,MALE,53.0,2550.0,25.0,5651.0,FAMILY CLOTHING STORES
6048488.0,6.781646823359107,Anthony Deering,ROUSE CO,Financial,1136287000.0,260.589,,"chairman, president & CEO",MALE,59.0,4040.0,40.0,6798.0,REAL ESTATE INVESTMENT TRUST
4077728.0,6.610418253310981,Daniel McNease,ROWAN COS INC,Energy,679088000.0,-7.774,,president & CEO,MALE,52.0,1010.0,10.0,1381.0,DRILLING OIL AND GAS WELLS
735408.0,5.866528349950789,Thomas Dickson,RUDDICK CORP,Staples,2724739000.0,59.882,,president & CEO,MALE,48.0,3010.0,30.0,5411.0,GROCERY STORES
413697.0,5.616682371540497,Angelica Berrie,RUSS BERRIE & CO INC,Discretionary,329687000.0,34.729,13.4,CEO,FEMALE,49.0,2520.0,25.0,3942.0,DOLLS AND STUFFED TOYS
1345625.0,6.128924047167562,John Ward,RUSSELL CORP,Discretionary,1186263000.0,43.039,2.16,chairman & CEO,MALE,60.0,2520.0,25.0,2253.0,KNIT OUTERWEAR MILLS
968526.0,5.986111283810902,Charles Way,RYAN'S RESTAURANT GROUP INC,Discretionary,806512000.0,49.823,,"chairman, president & CEO",MALE,51.0,2530.0,25.0,5812.0,EATING PLACES
2827728.0,6.451437632218113,Gregory Swienton,RYDER SYSTEM INC,Industrial,4802294000.0,131.436,0.05,"chairman, president & CEO",MALE,54.0,2030.0,20.0,7510.0,"AUTO RENT & LEASE,NO DRIVERS"
18173976.0,7.259449950200793,R. Dreier,RYLAND GROUP INC,Discretionary,3444129000.0,241.692,1.26,"chairman, president & CEO",MALE,56.0,2520.0,25.0,1531.0,OPERATIVE BUILDERS
8844013.0,6.946649372285703,Robert O'Leary,VALEANT PHARMACEUTICALS INTL,Health,685953000.0,-55.64,,chairman & CEO,MALE,60.0,3520.0,35.0,2834.0,PHARMACEUTICAL PREPARATIONS
9258903.0,6.96655953427709,Michael McGavick,SAFECO CORP,Financial,7503700000.0,339.2,,"chairman, president & CEO",MALE,46.0,4030.0,40.0,6331.0,"FIRE, MARINE, CASUALTY INS"
2482691.0,6.394922669878464,Anthony Craig,SAFEGUARD SCIENTIFICS INC,IT,1620097000.0,-33.331,,president & CEO,MALE,58.0,4510.0,45.0,7373.0,CMP INTEGRATED SYS DESIGN
1000000.0,5.999999999999999,Steven Burd,SAFEWAY INC,Staples,35552699000.0,-169.8,,"chairman, president & CEO",MALE,54.0,3010.0,30.0,5411.0,GROCERY STORES
5114811.0,6.708829590506911,Terry Shepherd,ST JUDE MEDICAL INC,Health,1932514000.0,339.391,,chairman & CEO,MALE,,3510.0,35.0,3845.0,ELECTROMEDICAL APPARATUS
10761058.0,7.031854972164337,Jay Fishman,ST PAUL COS,Financial,8854000000.0,661.0,,"chairman, president & CEO",MALE,51.0,4030.0,40.0,6331.0,"FIRE, MARINE, CASUALTY INS"
10656278.0,7.0276055418085,C. McMillan,SARA LEE CORP,Staples,18291000000.0,1221.0,,"chairman, president & CEO",MALE,57.0,3020.0,30.0,2000.0,FOOD AND KINDRED PRODUCTS
2829858.0,6.451764643522991,William Timmerman,SCANA CORP,Utility,3416000000.0,289.0,,"chairman, president & CEO",MALE,57.0,5510.0,55.0,4931.0,ELECTRIC & OTHER SERV COMB
10109429.0,7.004726626495818,Fred Hassan,SCHERING-PLOUGH,Health,8334000000.0,-92.0,,"chairman, president & CEO",MALE,58.0,3520.0,35.0,2834.0,PHARMACEUTICAL PREPARATIONS
7193644.0,6.8569489415918685,Andrew Gould,SCHLUMBERGER LTD,Energy,13892604000.0,383.002,,chairman & CEO,MALE,57.0,1010.0,10.0,1389.0,"OIL & GAS FIELD SERVICES,NEC"
1730564.0,6.238187665076478,Terry Haines,SCHULMAN (A.) INC,Materials,1100457000.0,15.954,0.42,president & CEO,MALE,57.0,1510.0,15.0,2821.0,"PLASTICS,RESINS,ELASTOMERS"
7036058.0,6.847329410799086,James McDonald,SCIENTIFIC-ATLANTA INC,IT,1445953000.0,100.345,0.1,"chairman, president & CEO",MALE,63.0,4520.0,45.0,3663.0,"RADIO, TV BROADCAST, COMM EQ"
2065833.0,6.3150952106444365,William Hickey,SEALED AIR CORP,Materials,3531900000.0,240.4,,president & CEO,MALE,59.0,1510.0,15.0,2670.0,"CONVRT PAPR,PAPRBRD,EX BOXES"
4249889.0,6.628377587152187,Alan Lacy,SEARS ROEBUCK & CO,Discretionary,41124000000.0,3397.0,,chairman & CEO,MALE,50.0,2550.0,25.0,5311.0,DEPARTMENT STORES
1957517.0,6.291705542364276,John Poe,SEMTECH CORP,IT,192079000.0,32.466,2.67,chairman & CEO,MALE,52.0,4530.0,45.0,3674.0,"SEMICONDUCTOR,RELATED DEVICE"
2834734.0,6.452512312699087,Robert Waltrip,SERVICE CORP INTERNATIONAL,Health,2341651000.0,85.082,0.513,chairman & CEO,MALE,73.0,3510.0,35.0,7200.0,PERSONAL SERVICES
2158986.0,6.334249826149672,Jonathan Ward,SERVICEMASTER CO,Industrial,3568586000.0,-224.687,,chairman & CEO,MALE,49.0,2020.0,20.0,700.0,AGRICULTURAL SERVICES
7085355.0,6.850361614735727,Christopher Connor,SHERWIN-WILLIAMS CO,Discretionary,5407764000.0,332.058,,chairman & CEO,MALE,47.0,2550.0,25.0,5200.0,"BLDG MATL,HARDWR,GARDEN-RETL"
3781635.0,6.577679608820064,Anthony Marlon,SIERRA HEALTH SERVICES,Health,1485079000.0,62.326,9.99,"chairman, president & CEO",MALE,61.0,3510.0,35.0,6324.0,HOSPITAL & MEDICAL SVC PLANS
2307346.0,6.363112724396928,David Harvey,SIGMA-ALDRICH,Materials,1298146000.0,193.102,,"chairman, president & CEO",MALE,64.0,1510.0,15.0,2836.0,"BIOLOGICAL PDS,EX DIAGNSTICS"
1318367.0,6.120036323678533,Thomas Steipp,SYMMETRICOM INC,IT,132049000.0,-49.317,0.32,CEO,MALE,54.0,4520.0,45.0,3661.0,TELE & TELEGRAPH APPARATUS
3262572.0,6.513560104670525,Robert O'Toole,SMITH (A O) CORP,Industrial,1530700000.0,52.2,1.79,chairman & CEO,MALE,63.0,2010.0,20.0,3621.0,MOTORS AND GENERATORS
6242588.0,6.795364673193194,Douglas Rock,SMITH INTERNATIONAL INC,Energy,3594828000.0,123.48,,"chairman, president, CEO & chief operating officer",MALE,57.0,1010.0,10.0,2890.0,MISC CHEMICAL PRODUCTS
2891767.0,6.461163297373938,Dale Elliott,SNAP-ON INC,Discretionary,2277000000.0,78.7,0.34,"chairman, president & CEO",MALE,49.0,2520.0,25.0,3420.0,"CUTLERY, HANDTOOLS,GEN HRDWR"
4743548.0,6.676103299568258,Henry Meyer III,KEYCORP,Financial,5730000000.0,903.0,,"chairman, president & CEO",MALE,54.0,4010.0,40.0,6020.0,COMMERCIAL BANKS
2522426.0,6.401818434269476,"Harris DeLoach, Jr.",SONOCO PRODUCTS CO,Materials,2758326000.0,138.949,0.3,president & CEO,MALE,59.0,1510.0,15.0,2650.0,"PAPERBOARD CONTAINERS, BOXES"
8220482.000000001,6.914897282722924,John Bryson,EDISON INTERNATIONAL,Utility,12135000000.0,831.0,,"chairman, president & CEO",MALE,60.0,5510.0,55.0,4911.0,ELECTRIC SERVICES
661494.0,5.82052590932668,Floyd Wicks,AMERICAN STATES WATER CO,Utility,212669000.0,11.892,,president & CEO,MALE,60.0,5510.0,55.0,4941.0,WATER SUPPLY
8181437.000000001,6.912829590512398,H. Franklin,SOUTHERN CO,Utility,11107000000.0,1495.0,,chairman & CEO,MALE,59.0,5510.0,55.0,4911.0,ELECTRIC SERVICES
886574.0,5.947714990868008,George Lindemann,SOUTHERN UNION CO,Utility,1188507000.0,76.189,8.26,chairman & CEO,MALE,67.0,5510.0,55.0,4924.0,NATURAL GAS DISTRIBUTION
11841939.0,7.073422819621203,"Wallace Malone, Jr.",SOUTHTRUST CORP,Financial,3046797000.0,705.186,1.47,"chairman, president & CEO",MALE,67.0,4010.0,40.0,6020.0,COMMERCIAL BANKS
657301.0,5.817764293004773,James Parker,SOUTHWEST AIRLINES,Industrial,5937000000.0,442.0,,vice chairman & CEO,MALE,57.0,2030.0,20.0,4512.0,"AIR TRANSPORT, SCHEDULED"
1747359.0,6.2423821412174165,Michael Maffie,SOUTHWEST GAS CORP,Utility,1231004000.0,38.502,,CEO,MALE,56.0,5510.0,55.0,4923.0,NATURAL GAS TRANSMIS & DISTR
29863393.0,7.47513914958669,"Edward Whitacre, Jr.",SBC COMMUNICATIONS INC,Telecom,40843000000.0,8505.0,,chairman & CEO,MALE,62.0,5010.0,50.0,4813.0,PHONE COMM EX RADIOTELEPHONE
2491523.0,6.396464900628881,Harold Korell,SOUTHWESTERN ENERGY CO,Energy,324410000.0,48.897,1.11,"chairman, president & CEO",MALE,59.0,1010.0,10.0,4923.0,NATURAL GAS TRANSMIS & DISTR
339618.0,5.530990700104039,John Sztykiel,SPARTAN MOTORS INC,Discretionary,237372000.0,6.049,1.61,president & CEO,MALE,47.0,2510.0,25.0,3711.0,MOTOR VEHICLES & CAR BODIES
3006995.0,6.478132705960771,Steven Bilodeau,STANDARD MICROSYSTEMS CORP,IT,215873000.0,21.518,,"chairman, president & CEO",MALE,45.0,4530.0,45.0,3674.0,"SEMICONDUCTOR,RELATED DEVICE"
774965.0,5.889282088764233,Lawrence Sills,STANDARD MOTOR PRODS,Discretionary,678783000.0,-1.518,7.66,chairman & CEO,MALE,64.0,2510.0,25.0,3690.0,"MISC ELEC MACHY,EQ,SUPPLIES"
8892247.0,6.949011517595012,Stephen Scarborough,STANDARD PACIFIC CP,Discretionary,2360050000.0,204.379,0.57,chairman & CEO,MALE,55.0,2520.0,25.0,1531.0,OPERATIVE BUILDERS
827233.0,5.917627850982021,Roger Fix,STANDEX INTERNATIONAL CORP,Industrial,574536000.0,14.149,,president & CEO,MALE,50.0,2010.0,20.0,3443.0,FABRICATED PLATE WORK
1300183.0,6.1140044833044005,Daniel DalleMolle,ENESCO GROUP INC,Discretionary,249059000.0,17.282,0.14,president & CEO,MALE,53.0,2520.0,25.0,5190.0,MISC NONDURABLE GOODS-WHSL
3632325.0,6.560184699813796,John Trani,STANLEY WORKS,Discretionary,2678100000.0,107.9,0.23,chairman & CEO,MALE,,2520.0,25.0,3420.0,"CUTLERY, HANDTOOLS,GEN HRDWR"
8273755.999999999,6.917702709040022,David Spina,STATE STREET CORP,Financial,5118000000.0,722.0,,chairman & CEO,MALE,61.0,4020.0,40.0,6020.0,COMMERCIAL BANKS
784037.0,5.89433655824141,Bradford Ray,STEEL TECHNOLOGIES,Materials,512703999.99999994,9.152,5.09,chairman & CEO,MALE,45.0,1510.0,15.0,3310.0,"STEEL WRK, ROLL&FINISH MILL"
504954.0,5.703251816819471,Michael Grimes,STEWART & STEVENSON SERVICES,Industrial,1175566000.0,-53.203,,president & CEO,MALE,,2010.0,20.0,5084.0,INDUSTRIAL MACH & EQ-WHSL
1238726.0,6.092975253230132,"Stewart Morris, Jr.",STEWART INFORMATION SERVICES,Financial,2243262000.0,123.755,,president & co-CEO,MALE,55.0,4030.0,40.0,6361.0,TITLE INSURANCE
819800.0,5.913707913980483,"Ronald Havner, Jr.",PUBLIC STORAGE INC,Financial,900037000.0,336.653,,vice chairman & CEO,MALE,46.0,4040.0,40.0,6798.0,REAL ESTATE INVESTMENT TRUST
16295023.999999998,7.212055004448899,Patrick Martin,STORAGE TECHNOLOGY CP,IT,2182560000.0,148.912,,"chairman, president & CEO",MALE,63.0,4520.0,45.0,3572.0,COMPUTER STORAGE DEVICES
1191085.0,6.075942755365008,David Chamberlain,STRIDE RITE CORP,Discretionary,550124000.0,25.488,0.03,chairman & CEO,MALE,60.0,2520.0,25.0,3140.0,"FOOTWEAR, EXCEPT RUBBER"
3351637.0,6.525256976117628,John Brown,STRYKER CORP,Health,3625300000.0,453.5,4.59,chairman & CEO,MALE,69.0,3510.0,35.0,3842.0,"ORTHO,PROSTH,SURG APPL,SUPLY"
25709052.0,7.410086062688777,Albert Lord,SLM CORP,Financial,4356041000.0,1533.56,,vice chairman & CEO,MALE,58.0,4020.0,40.0,6111.0,FEDERAL CREDIT AGENCIES
506102.0,5.704238053545199,"William Ruger, Jr.",STURM RUGER & CO INC,Discretionary,147917000.0,12.364,18.67,chairman & CEO,MALE,64.0,2520.0,25.0,3480.0,ORDNANCE AND ACCESSORIES
2635431.0,6.4208516501425015,Norman Alexander,SEQUA CORP  -CL A,Industrial,1665461000.0,11.438,30.44,chairman & CEO,MALE,89.0,2010.0,20.0,3724.0,"AIRCRAFT ENGINE,ENGINE PARTS"
8951806.000000002,6.95191066176399,John Drosdick,SUNOCO INC,Energy,15867000000.0,312.0,0.17,"chairman, president & CEO",MALE,60.0,1010.0,10.0,2911.0,PETROLEUM REFINING
4440691.0,6.647450554379763,L. Humann,SUNTRUST BANKS INC,Financial,7071843000.0,1332.297,,"chairman, president & CEO",MALE,58.0,4010.0,40.0,6020.0,COMMERCIAL BANKS
3929732.0,6.594362933355101,Jeffrey Noddle,SUPERVALU INC,Staples,20209680000.0,280.138,,"chairman, president & CEO",MALE,57.0,3010.0,30.0,5411.0,GROCERY STORES
3037154.0,6.482466813536494,Louis Borick,SUPERIOR INDUSTRIES INTL,Discretionary,840349000.0,73.72,13.36,chairman & CEO,MALE,80.0,2510.0,25.0,3714.0,"MOTOR VEHICLE PART,ACCESSORY"
1014861.0,6.006406563365624,Terry Swift,SWIFT ENERGY CO,Energy,211061000.0,29.894,,president & CEO,MALE,48.0,1010.0,10.0,1311.0,CRUDE PETROLEUM & NATURAL GS
3721116.0,6.570673208687124,Richard Bravman,SYMBOL TECHNOLOGIES,IT,1530278000.0,3.295,,vice chairman & CEO,MALE,,4520.0,45.0,3577.0,"COMPUTER PERIPHERAL EQ, NEC"
4698294.0,6.671940189662248,Richard Schnieders,SYSCO CORP,Staples,26140338000.0,778.288,,chairman & CEO,MALE,55.0,3010.0,30.0,5140.0,GROCERIES & RELATED PDS-WHSL
2011228.0,6.303461306563464,Lawrence Day,TBC CORP,Discretionary,1318531000.0,33.359,0.38,president & CEO,MALE,54.0,2550.0,25.0,5010.0,"MOTOR VEH PARTS, SUPPLY-WHSL"
1749348.0,6.242876212821168,Robert Fagan,TECO ENERGY INC,Utility,2740000000.0,-909.4,,"chairman, president & CEO",MALE,59.0,5510.0,55.0,4931.0,ELECTRIC & OTHER SERV COMB
3554462.0,6.550773875638801,James Carreker,BOMBAY CO INC,Discretionary,596435000.0,9.951,,CEO,MALE,56.0,2550.0,25.0,5712.0,FURNITURE STORES
6871524.0,6.837053067683887,Leonard Roberts,RADIOSHACK CORP,Discretionary,4649300000.0,298.5,0.05,chairman & CEO,MALE,55.0,2550.0,25.0,5731.0,"RADIO,TV,CONS ELECTR STORES"
2062749.0,6.314446385245641,James Papada III,TECHNITROL INC,IT,509247000.0,11.988,,president & CEO,MALE,55.0,4520.0,45.0,3679.0,"ELECTRONIC COMPONENTS, NEC"
480081.0,5.681314518386496,Todd Herrick,TECUMSEH PRODUCTS CO  -CL A,Industrial,1819000000.0,0.1,4.2,president & CEO,MALE,61.0,2010.0,20.0,3585.0,"AIR-COND,HEATING,REFRIG EQ"
3211146.0,6.506660051923675,James Murdy,ALLEGHENY TECHNOLOGIES INC,Materials,1937400000.0,-314.6,,president & CEO,MALE,,1510.0,15.0,3312.0,STEEL WORKS & BLAST FURNACES
1496274.0,6.175011129485626,Jeffrey Black,TELEFLEX INC,Industrial,2282435000.0,109.103,,president & CEO,MALE,44.0,2010.0,20.0,9997.0,CONGLOMERATE
2909537.0,6.463823884400595,"LeRoy Carlson, Jr.",TELEPHONE & DATA,Telecom,3445216000.0,61.49,,president & CEO,MALE,57.0,5010.0,50.0,4812.0,RADIOTELEPHONE COMMUNICATION
1296410.0,6.112742372350969,Michael Birck,TELLABS INC,IT,980400000.0,-241.6,8.289,chairman & CEO,MALE,66.0,4520.0,45.0,3661.0,TELE & TELEGRAPH APPARATUS
2526693.0,6.40255247717694,Kenneth Jastrow II,TEMPLE-INLAND INC,Materials,4653000000.0,96.0,,chairman & CEO,MALE,56.0,1510.0,15.0,2631.0,PAPERBOARD MILLS
4863190.0,6.686921237353419,Mark Frissora,TENNECO AUTOMOTIVE INC,Discretionary,3766000000.0,27.0,0.46,"chairman, president & CEO",MALE,48.0,2510.0,25.0,3714.0,"MOTOR VEHICLE PART,ACCESSORY"
3246497.0,6.511415005889185,George Chamillard,TERADYNE INC,IT,1352867000.0,-193.993,,chairman & CEO,MALE,65.0,4530.0,45.0,3825.0,ELEC MEAS & TEST INSTRUMENTS
14010272.0,7.146446566902646,Thomas Engibous,TEXAS INSTRUMENTS INC,IT,9834000000.0,1198.0,,"chairman, president & CEO",MALE,51.0,4530.0,45.0,3674.0,"SEMICONDUCTOR,RELATED DEVICE"
1664859.0,6.221377458193719,Erle Nye,TXU CORP,Utility,11008000000.0,591.0,,chairman & CEO,MALE,66.0,5510.0,55.0,4931.0,ELECTRIC & OTHER SERV COMB
7544857.0,6.87765101287245,Lewis Campbell,TEXTRON INC,Industrial,9859000000.0,259.0,,"chairman, president & CEO",MALE,57.0,2010.0,20.0,9997.0,CONGLOMERATE
1951127.0,6.290285538796933,Marijn Dekkers,THERMO ELECTRON CORP,IT,2097135000.0000002,200.009,,president & CEO,MALE,46.0,4520.0,45.0,3826.0,LAB ANALYTICAL INSTRUMENTS
2614631.0,6.417410406024871,T. Dunnigan,THOMAS & BETTS CORP,Industrial,1322297000.0,42.813,,chairman,MALE,66.0,2010.0,20.0,3640.0,"ELECTRIC LIGHTING, WIRING EQ"
1142445.0,6.0578353012832755,Timothy Brown,THOMAS INDUSTRIES INC,Industrial,376774000.0,37.314,0.68,"chairman, president & CEO",MALE,53.0,2010.0,20.0,3560.0,GENERAL INDUSTRIAL MACH & EQ
1101584.0,6.042017619367446,Wade Thompson,THOR INDUSTRIES INC,Discretionary,1571404000.0,78.631,30.5,"chairman, president & CEO",MALE,63.0,2510.0,25.0,3790.0,MISC TRANSPORTATION EQUIP
1442475.0,6.159108294995094,Dean Taylor,TIDEWATER INC,Energy,652630000.0,41.662,,"chairman, president & CEO",MALE,56.0,1010.0,10.0,4400.0,WATER TRANSPORTATION
1124134.0,6.050818083467832,Kieran Burke,SIX FLAGS INC,Discretionary,1236669000.0,-61.713,0.53,chairman & CEO,MALE,46.0,2530.0,25.0,7996.0,AMUSEMENT PARKS
2102074.0,6.322648000572325,James Griffith,TIMKEN CO,Industrial,3788097000.0,36.481,,president & CEO,MALE,50.0,2010.0,20.0,3562.0,BALL AND ROLLER BEARINGS
3930374.0,6.594433878214624,Melvin Gordon,TOOTSIE ROLL INDUSTRIES INC,Staples,392656000.0,65.014,3.5,chairman & CEO,MALE,84.0,3020.0,30.0,2060.0,SUGAR & CONFECTIONERY PRODS
2215833.0,6.345537025951935,C. Hudson,TORCHMARK CORP,Financial,2930638000.0,430.141,1.04,chairman & CEO,MALE,58.0,4030.0,40.0,6311.0,LIFE INSURANCE
4792902.0,6.680598549105632,Kendrick Melrose,TORO CO,Industrial,1500496000.0,81.62,2.52,chairman & CEO,MALE,63.0,2010.0,20.0,3523.0,FARM MACHINERY AND EQUIPMENT
890029.0,5.949404157582876,Philip Tomlinson,TOTAL SYSTEM SERVICES INC,IT,1053465999.9999999,140.973,,CEO,MALE,57.0,4510.0,45.0,7389.0,"BUSINESS SERVICES, NEC"
5644681.999999999,6.751639480444273,"John Eyler, Jr.",TOYS R US INC,Discretionary,11566000000.0,88.0,,"chairman, president & CEO",MALE,56.0,2550.0,25.0,5945.0,"HOBBY, TOY, AND GAME SHOPS"
9638544.0,6.984011434263474,Dennis FitzSimons,TRIBUNE CO,Discretionary,5594829000.0,891.379,,president & CEO,MALE,53.0,2540.0,25.0,2711.0,"NEWSPAPER:PUBG, PUBG & PRINT"
4986753.0,6.697817857612064,Timothy Wallace,TRINITY INDUSTRIES,Industrial,1432800000.0,-10.0,0.93,"chairman, president & CEO",MALE,50.0,2010.0,20.0,3743.0,RAILROAD EQUIPMENT
1275373.0,6.105637218613968,James Pignatelli,UNISOURCE ENERGY CORP,Utility,969895000.0,112.617,0.09,"chairman, president & CEO",MALE,60.0,5510.0,55.0,4911.0,ELECTRIC SERVICES
3525971.0,6.547278736042778,Edward Breen,TYCO INTERNATIONAL LTD,Industrial,36801301000.0,979.6,,chairman & CEO,MALE,47.0,2010.0,20.0,9997.0,CONGLOMERATE
26628682.0,7.425349671347219,John Tyson,TYSON FOODS INC  -CL A,Staples,24549000000.0,337.0,1.01,chairman & CEO,MALE,50.0,3020.0,30.0,2011.0,MEAT PACKING PLANTS
3621701.0,6.558912593021059,Lon Greenberg,UGI CORP,Utility,3026100000.0,98.9,,"chairman, president & CEO",MALE,53.0,5510.0,55.0,4932.0,GAS & OTHER SERV COMBINED
3169543.0,6.500996648058158,Martin Koffel,URS CORP,Industrial,3186714000.0,58.104,0.93,"chairman, president & CEO",MALE,64.0,2010.0,20.0,8711.0,ENGINEERING SERVICES
2717220.0,6.434124802539355,William Foote,USG CORP,Industrial,3666000000.0,122.0,,"chairman, president & CEO",MALE,53.0,2010.0,20.0,3270.0,"CONCRETE,GYPSUM,PLASTER PDS"
1101664.0,6.042049157858408,Brian Parke,UNIFI INC,Discretionary,849116000.0,-27.177,,president & CEO,MALE,55.0,2520.0,25.0,2200.0,TEXTILE MILL PRODUCTS
2153807.0,6.333206784110362,Charles Mueller,AMEREN CORP,Utility,4593000000.0,535.0,,chairman & CEO; chairman-CILCORP and CILCO,MALE,64.0,5510.0,55.0,4911.0,ELECTRIC SERVICES
19487230.0,7.2897501109898455,Richard Davidson,UNION PACIFIC CORP,Industrial,11551000000.0,1585.0,,chairman & CEO,MALE,62.0,2030.0,20.0,4011.0,"RAILROADS,LINE-HAUL OPERATNG"
719007.0,5.856733118542236,John Nikkel,UNIT CORP,Energy,299755000.0,50.189,,chairman & CEO,MALE,69.0,1010.0,10.0,1381.0,DRILLING OIL AND GAS WELLS
1200000.0,6.079181246047624,Thomas Toomey,UNITED DOMINION REALTY TRUST,Financial,604435000.0,70.404,0.34,president & CEO,MALE,43.0,4040.0,40.0,6798.0,REAL ESTATE INVESTMENT TRUST
28212205.0,7.450437030923496,William McGuire,UNITEDHEALTH GROUP INC,Health,28823000000.0,1825.0,1.21,chairman & CEO,MALE,55.0,3510.0,35.0,6324.0,HOSPITAL & MEDICAL SVC PLANS
1242540.0,6.0943103784916115,Nathaniel Woodson,UIL HOLDINGS CORP,Utility,963677000.0,23.286,0.29,"chairman, president & CEO",MALE,62.0,5510.0,55.0,4911.0,ELECTRIC SERVICES
1792066.0,6.253354000252432,Michael Eskew,UNITED PARCEL SERVICE INC,Industrial,33485000000.0,2898.0,,chairman & CEO,MALE,54.0,2030.0,20.0,4210.0,"TRUCKING,COURIER SVC,EX AIR"
12475180.0,7.096046820623505,David Siegel,US AIRWAYS GROUP INC,Industrial,6846000000.0,1461.0,2.17,president & CEO,MALE,42.0,2030.0,20.0,4512.0,"AIR TRANSPORT, SCHEDULED"
3317615.0,6.520825985944851,"Vincent Gierer, Jr.",UST INC,Staples,1698274000.0,318.789,,"chairman, president & CEO",MALE,56.0,3020.0,30.0,2100.0,TOBACCO PRODUCTS
3507711.0,6.545023804683868,Richard Gochnauer,UNITED STATIONERS INC,Industrial,3847722000.0,73.002,,president & CEO,MALE,54.0,2020.0,20.0,5110.0,PAPER & PAPER PRODUCTS-WHSL
11725098.0,7.0691164812959775,George David,UNITED TECHNOLOGIES CORP,Industrial,31059000000.0,2361.0,,chairman & CEO,MALE,61.0,2010.0,20.0,3724.0,"AIRCRAFT ENGINE,ENGINE PARTS"
25719144.0,7.410256510042894,Gary Forsee,SPRINT FON GROUP,Telecom,14185000000.0,1876.0,,chairman & CEO,MALE,53.0,5010.0,50.0,4813.0,PHONE COMM EX RADIOTELEPHONE
2671265.0,6.426716973880198,Kenneth Manning,SENSIENT TECHNOLOGIES CORP,Materials,987408000.0,81.432,,"chairman, president & CEO",MALE,62.0,1510.0,15.0,2860.0,INDUSTRIAL ORGANIC CHEMICALS
998875.0,5.999511143674587,Henry Harrell,UNIVERSAL CORP/VA,Staples,2636776000.0,110.594,,chairman,MALE,,3020.0,30.0,5150.0,FARM-PRODUCT RAW MATL-WHSL
9315065.0,6.969185889725318,Alan Miller,UNIVERSAL HEALTH SVCS  -CL B,Health,3641966000.0,199.269,7.64,"chairman, president & CEO",MALE,66.0,3510.0,35.0,8062.0,GEN MED & SURGICAL HOSPITALS
2464866.0,6.391793314265412,Charles Williamson,UNOCAL CORP,Energy,6395000000.0,643.0,,"chairman, president & CEO",MALE,55.0,1010.0,10.0,1311.0,CRUDE PETROLEUM & NATURAL GS
1060983.0,6.025708425310067,Richard Green Jr.,AQUILA INC,Utility,1674000000.0,-336.4,,"chairman, president & CEO",MALE,49.0,5510.0,55.0,4931.0,ELECTRIC & OTHER SERV COMB
5763462.000000001,6.760683434089181,Mackey McDonald,VF CORP,Discretionary,5207459000.0,397.933,,"chairman, president & CEO",MALE,57.0,2520.0,25.0,2300.0,APPAREL & OTHER FINISHED PDS
1529492.0,6.184547209751595,Mogens Bay,VALMONT INDUSTRIES,Industrial,837625000.0,25.487,1.62,chairman & CEO,MALE,55.0,2010.0,20.0,3440.0,FABRICATED STRUCTURAL METAL
2740391.0,6.437812532538501,Richard Rompala,VALSPAR CORP,Materials,2247926000.0,112.514,0.31,chairman & CEO,MALE,57.0,1510.0,15.0,2851.0,"PAINTS, VARNISHES, LACQUERS"
6401228.0,6.806263296244128,Richard Levy,VARIAN MEDICAL SYSTEMS INC,Health,1041557000.0,130.888,0.25,president & CEO,MALE,65.0,3510.0,35.0,3845.0,ELECTROMEDICAL APPARATUS
2062607.0,6.314416487308854,Edward Braun,VEECO INSTRUMENTS INC,IT,279321000.0,-9.747,0.22,chairman & CEO,MALE,64.0,4520.0,45.0,3559.0,"SPECIAL INDUSTRY MACHY, NEC"
1779123.0,6.2502059741517675,Felix Zandman,VISHAY INTRTECHNOLOGY,IT,2170597000.0,26.842,,chairman & CEO,MALE,75.0,4520.0,45.0,3670.0,"ELECTRONIC COMP, ACCESSORIES"
479266.0,5.6805766204457075,William Shaw,VOLT INFO SCIENCES INC,Industrial,1609857000.0,4.761,23.3,president & CEO,MALE,79.0,2020.0,20.0,7363.0,HELP SUPPLY SERVICES
4648255.0,6.667289945125632,Donald James,VULCAN MATERIALS CO,Materials,2892186000.0,194.952,,chairman & CEO,MALE,55.0,1510.0,15.0,1400.0,"MNG, QUARRY NONMTL MINERALS"
866817.0,5.9379274201071635,Garry Ridge,WD-40 CO,Staples,238140000.0,28.641,,president & CEO,MALE,47.0,3030.0,30.0,2890.0,MISC CHEMICAL PRODUCTS
2852657.0,6.455249555757146,James Gibbs,FRONTIER OIL CORP,Energy,2169551000.0,3.232,1.57,"chairman, president & CEO",MALE,59.0,1010.0,10.0,2911.0,PETROLEUM REFINING
25109274.000000004,7.399834155868954,"H. Scott, Jr.",WAL-MART STORES,Staples,257157000000.0,9054.0,,president & CEO,MALE,55.0,3010.0,30.0,5331.0,VARIETY STORES
7148366.0,6.854206780502758,David Bernauer,WALGREEN CO,Staples,32505400000.0,1175.7,,chairman & CEO,MALE,59.0,3010.0,30.0,5912.0,DRUG & PROPRIETARY STORES
1464535.0,6.165699755072062,"James DeGraffenreidt, Jr.",WGL HOLDINGS INC,Utility,1301057000.0,113.662,,chairman & CEO,MALE,50.0,5510.0,55.0,4924.0,NATURAL GAS DISTRIBUTION
810658.0,5.90883767290534,Donald Graham,WASHINGTON POST  -CL B,Discretionary,2838911000.0,241.088,20.6,CEO,MALE,58.0,2540.0,25.0,2711.0,"NEWSPAPER:PUBG, PUBG & PRINT"
801696.0,5.9040097167241665,Gary Ely,AVISTA CORP,Utility,1123385000.0,44.504,,"chairman, president & CEO",MALE,56.0,5510.0,55.0,4931.0,ELECTRIC & OTHER SERV COMB
6455826.0,6.809951816593474,Albert Nahmad,WATSCO INC,Industrial,1232908000.0,34.895,2.3,CEO,MALE,63.0,2010.0,20.0,5070.0,"HARDWR, PLUMB, HEAT EQ-WHSL"
813095.0,5.910141290447016,Thomas Howatt,WAUSAU-MOSINEE PAPER CORP,Materials,971444000.0,15.863,,president & CEO,MALE,54.0,1510.0,15.0,2621.0,PAPER MILLS
6205402.0,6.792769921326538,John Schuessler,WENDY'S INTERNATIONAL INC,Discretionary,3148912000.0,235.999,,"chairman, president & CEO",MALE,53.0,2530.0,25.0,5812.0,EATING PLACES
2923649.0,6.4659252319953815,Matthew Massengill,WESTERN DIGITAL CORP,IT,2718500000.0,182.1,,chairman & CEO,MALE,42.0,4520.0,45.0,3572.0,COMPUTER STORAGE DEVICES
2814133.0,6.449344618969776,"John Luke, Jr.",MEADWESTVACO CORP,Materials,7553000000.0,-6.0,,president & CEO,MALE,55.0,1510.0,15.0,2631.0,PAPERBOARD MILLS
4107665.0,6.613595017548432,Shane Coppola,WESTWOOD ONE INC,Discretionary,539226000.0,100.039,,president & CEO,MALE,,2540.0,25.0,7900.0,AMUSEMENT & RECREATION SVCS
5327551.0,6.726527615854575,Steven Rogel,WEYERHAEUSER CO,Materials,19873000000.0,277.0,,"chairman, president & CEO",MALE,61.0,1510.0,15.0,2400.0,"LUMBER AND WOOD PDS, EX FURN"
587787.0,5.769219976614616,Neil Arnold,WHX CORP,Materials,326296000.0,-169.208,,chairman & CEO,MALE,55.0,1510.0,15.0,3330.0,"PRIM SMELT,REFIN NONFER METL"
6760117.0,6.829954212511852,David Whitwam,WHIRLPOOL CORP,Discretionary,12176000000.0,414.0,0.21,chairman & CEO,MALE,62.0,2520.0,25.0,3630.0,HOUSEHOLD APPLIANCES
2770078.0,6.442491998123169,Steven Malcolm,WILLIAMS COS INC,Energy,16834099999.999998,-492.2,,"chairman, president & CEO",MALE,55.0,1010.0,10.0,4922.0,NATURAL GAS TRANSMISSION
891211.0,5.949980538253596,Brian Gamache,WMS INDUSTRIES INC,Discretionary,178726000.0,-8.287,0.04,president & CEO,MALE,44.0,2530.0,25.0,3990.0,MISC MANUFACTURNG INDUSTRIES
1906743.0,6.280292160689725,Edward Mueller,WILLIAMS-SONOMA INC,Discretionary,2754368000.0,157.211,,CEO,MALE,56.0,2550.0,25.0,5700.0,HOME FURNITURE & EQUIP STORE
1661103.0,6.2203965625806825,Ted Cecala,WILMINGTON TRUST CORP,Financial,633000000.0,134.4,0.444,chairman & CEO,MALE,54.0,4010.0,40.0,6020.0,COMMERCIAL BANKS
548580.0,5.739239970151539,Harry Schulman,APPLICA INC,Discretionary,640639000.0,15.223,,president & CEO,MALE,52.0,2520.0,25.0,3634.0,ELECTRIC HOUSEWARES AND FANS
7125670.0,6.852825705680223,Allen Rowland,WINN-DIXIE STORES INC,Staples,12168383000.0,239.23,,president & CEO,MALE,,3010.0,30.0,5411.0,GROCERY STORES
2001501.0,6.301355811425572,Bruce Hertzke,WINNEBAGO INDUSTRIES,Discretionary,845210000.0,49.884,,"chairman, president & CEO",MALE,52.0,2510.0,25.0,3716.0,MOTOR HOMES
3557989.0,6.551204601070366,Richard Abdoo,WISCONSIN ENERGY CORP,Utility,4054300000.0,245.5,,"chairman, president & CEO",MALE,,5510.0,55.0,4931.0,ELECTRIC & OTHER SERV COMB
1155252.0,6.062676729052427,"Erroll Davis, Jr.",ALLIANT ENERGY CORP,Utility,3128187000.0,200.434,,chairman & CEO,MALE,59.0,5510.0,55.0,4931.0,ELECTRIC & OTHER SERV COMB
2611238.0,6.416846457183383,Larry Weyers,WPS RESOURCES CORP,Utility,4321300000.0,97.8,,"chairman, president & CEO",MALE,58.0,5510.0,55.0,4931.0,ELECTRIC & OTHER SERV COMB
24451.0,4.388296625651903,"George Hickox, Jr.",WISER OIL CO,Energy,107346000.0,-20.407,,chairman & CEO,MALE,45.0,1010.0,10.0,1311.0,CRUDE PETROLEUM & NATURAL GS
2595387.0,6.4142021249718395,Timothy O'Donovan,WOLVERINE WORLD WIDE,Discretionary,888926000.0,51.716,1.07,president & CEO,MALE,58.0,2520.0,25.0,3140.0,"FOOTWEAR, EXCEPT RUBBER"
1090479.0,6.0376173065291745,John Halbrook,WOODWARD GOVERNOR CO,Industrial,586682000.0,12.346,0.14,chairman & CEO,MALE,58.0,2010.0,20.0,3620.0,ELECTRICAL INDL APPARATUS
12138562.0,7.084167240902726,Matthew Serra,FOOT LOCKER INC,Discretionary,4779000000.0,207.0,,president & CEO,MALE,59.0,2550.0,25.0,5661.0,SHOE STORES
3758550.0,6.575020332041115,"William Wrigley, Jr.",WRIGLEY (WM) JR CO,Staples,3069088000.0,445.894,,president & CEO,MALE,40.0,3020.0,30.0,2060.0,SUGAR & CONFECTIONERY PRODS
8271127.0,6.917564689302736,Anne Mulcahy,XEROX CORP,IT,15701000000.0,360.0,,CEO,FEMALE,51.0,4520.0,45.0,3577.0,"COMPUTER PERIPHERAL EQ, NEC"
3107542.0,6.4924170070626674,William Zollars,YELLOW ROADWAY CORP,Industrial,3068616000.0,40.683,,"chairman, president & CEO",MALE,56.0,2030.0,20.0,4213.0,"TRUCKING, EXCEPT LOCAL"
3023560.0,6.48051859123545,Mary Forte,ZALE CORP,Discretionary,2212241000.0,-40.645,,president & CEO,FEMALE,52.0,2550.0,25.0,5944.0,JEWELRY STORES
14510888.999999998,7.161694020016472,Edmond English,TJX COMPANIES INC,Discretionary,13327938000.0,658.365,,president & CEO,MALE,50.0,2550.0,25.0,5651.0,FAMILY CLOTHING STORES
1850801.0,6.267359725480098,Harris Simmons,ZIONS BANCORPORATION,Financial,1889483000.0,337.823,2.86,"chairman, president & CEO",MALE,49.0,4010.0,40.0,6020.0,COMMERCIAL BANKS
4819641.0,6.6830146902045025,Robert Bohn,OSHKOSH TRUCK CORP,Industrial,1926010000.0,75.62,0.53,"chairman, president & CEO",MALE,50.0,2010.0,20.0,3711.0,MOTOR VEHICLES & CAR BODIES
1166597.0,6.066920855271502,Thomas Malkoski,PENFORD CORP,Materials,262466999.99999997,8.436,0.05,president & CEO,MALE,47.0,1510.0,15.0,2040.0,GRAIN MILL PRODUCTS
118370.0,5.073241647611998,Duane Roth,ALLIANCE PHARMACEUTICAL CP,Health,53000.0,-20.324,0.41,chairman & CEO,MALE,53.0,3520.0,35.0,2835.0,"IN VITRO,IN VIVO DIAGNOSTICS"
330800.0,5.519565500880509,Michael Henry,HENRY (JACK) & ASSOCIATES,IT,404627000.0,49.397,10.18,chairman & CEO,MALE,42.0,4510.0,45.0,7373.0,CMP INTEGRATED SYS DESIGN
41064146.0,7.6134627953517136,James Cayne,BEAR STEARNS COMPANIES INC,Financial,7395444000.0,1156.406,6.4,chairman & CEO,MALE,69.0,4020.0,40.0,6211.0,SECURITY BROKERS & DEALERS
3288492.0,6.51699678967708,Paul Beideman,ASSOCIATED BANC CORP,Financial,972499000.0,228.657,,president & CEO,MALE,54.0,4010.0,40.0,6020.0,COMMERCIAL BANKS
3728965.0,6.571588307100057,John Allison IV,BB&T CORP,Financial,6243927000.0,1064.903,,chairman & CEO,MALE,55.0,4010.0,40.0,6020.0,COMMERCIAL BANKS
1211701.0,6.083395466307,John O'Meara,FIRST MIDWEST BANCORP INC,Financial,365427000.0,92.778,1.8,president & CEO,MALE,58.0,4010.0,40.0,6020.0,COMMERCIAL BANKS
3160493.0,6.499754832770175,Jack Messman,NOVELL INC,IT,1105496000.0,-161.904,,"chairman, president & CEO",MALE,63.0,4510.0,45.0,7370.0,"CMP PROGRAMMING,DATA PROCESS"
4874093.0,6.687893811471907,"Robert Allison, Jr.",ANADARKO PETROLEUM CORP,Energy,5122000000.0,1292.0,0.19,"chairman, president & CEO",MALE,65.0,1010.0,10.0,1311.0,CRUDE PETROLEUM & NATURAL GS
3388786.0,6.5300441442420425,James Day,NOBLE CORP,Energy,987380000.0,166.416,0.83,chairman & CEO,MALE,60.0,1010.0,10.0,1381.0,DRILLING OIL AND GAS WELLS
17287530.0,7.23773294677308,Joseph Tucci,EMC CORP/MA,IT,6236808000.0,496.108,,president & CEO,MALE,56.0,4520.0,45.0,3572.0,COMPUTER STORAGE DEVICES
551041.0,5.741183913572863,James Famalette,GOTTSCHALKS INC,Discretionary,664303000.0,1.87,0.58,president & CEO,MALE,51.0,2550.0,25.0,5311.0,DEPARTMENT STORES
3562746.0,6.551784861158054,Michael Potter,BIG LOTS INC,Discretionary,4174383000.0,81.175,,"chairman, president & CEO",MALE,42.0,2550.0,25.0,5331.0,VARIETY STORES
16003622.0,7.204218284943094,Philip Purcell,MORGAN STANLEY,Financial,34933000000.0,3787.0,,chairman & CEO,MALE,60.0,4020.0,40.0,6211.0,SECURITY BROKERS & DEALERS
11434109.000000002,7.058202327975585,Howard Phanstiel,PACIFICARE HEALTH SYSTEMS,Health,11008511000.0,242.748,0.08,chairman & CEO,MALE,55.0,3510.0,35.0,6324.0,HOSPITAL & MEDICAL SVC PLANS
2501804.0,6.398253282554551,Scott McNealy,SUN MICROSYSTEMS INC,IT,11434000000.0,-3429.0,1.54,"chairman, president  & CEO",MALE,48.0,4520.0,45.0,3571.0,ELECTRONIC COMPUTERS
2376664.0,6.375967787844993,George Roche,PRICE (T. ROWE) GROUP,Financial,1001030000.0,227.487,2.27,chairman & president,MALE,62.0,4020.0,40.0,6282.0,INVESTMENT ADVICE
500431.0,5.699344204922127,"James Seneff, Jr.",COMML NET LEASE RLTY INC,Financial,108812000.0,53.473,4.51,chairman & CEO,MALE,57.0,4040.0,40.0,6798.0,REAL ESTATE INVESTMENT TRUST
871114.0,5.940074993505037,Steven Ballmer,MICROSOFT CORP,IT,32187000000.0,9993.0,3.8,CEO,MALE,47.0,4510.0,45.0,7372.0,PREPACKAGED SOFTWARE
4681248.0,6.670361649497128,Cristobal Conde,SUNGARD DATA SYSTEMS INC,IT,2955252000.0,370.31,,president & CEO,MALE,44.0,4510.0,45.0,7372.0,PREPACKAGED SOFTWARE
3314594.0,6.520430339872609,Steven Raymund,TECH DATA CORP,IT,17406340000.0,104.147,3.2,chairman & CEO,MALE,48.0,4520.0,45.0,5045.0,COMPUTERS & SOFTWARE-WHSL
1327974.0,6.1231895721953515,Michael Ferrara,X-RITE INC,IT,117144000.0,5.481,,CEO,MALE,61.0,4520.0,45.0,3861.0,PHOTOGRAPHIC EQUIP & SUPPLY
1973055.0,6.2951391916199455,T. Rodgers,CYPRESS SEMICONDUCTOR CORP,IT,836756000.0,-5.331,0.75,president & CEO,MALE,56.0,4530.0,45.0,3674.0,"SEMICONDUCTOR,RELATED DEVICE"
6978756.000000001,6.843778014244231,"Robert Swanson, Jr.",LINEAR TECHNOLOGY CORP,IT,606573000.0,236.591,,chairman & CEO,MALE,65.0,4530.0,45.0,3674.0,"SEMICONDUCTOR,RELATED DEVICE"
15376821.0,7.18686655881633,Henri Termeer,GENZYME CORP,Health,1713871000.0,-67.592,0.3,CEO,MALE,58.0,3520.0,35.0,2836.0,"BIOLOGICAL PDS,EX DIAGNSTICS"
804364.0,5.905452625138015,John Castello,XOMA LTD,Health,24412000.0,-58.653,0.09,"chairman, president & CEO",MALE,67.0,3520.0,35.0,2836.0,"BIOLOGICAL PDS,EX DIAGNSTICS"
431039.0,5.6345165664914205,J. Brock,ASTEC INDUSTRIES INC,Industrial,426613000.0,-28.964,13.48,chairman & president,MALE,65.0,2010.0,20.0,3531.0,CONSTRUCTION MACHINERY & EQ
982668.0,5.992406813740332,Clarence Werner,WERNER ENTERPRISES INC,Industrial,1457766000.0,73.727,28.14,chairman & CEO,MALE,66.0,2030.0,20.0,4213.0,"TRUCKING, EXCEPT LOCAL"
3363231.0,6.526756697400862,Joseph Vumbacco,HEALTH MANAGEMENT ASSOC,Health,2560576000.0,283.424,,president & CEO,MALE,58.0,3510.0,35.0,8062.0,GEN MED & SURGICAL HOSPITALS
3979442.0,6.599822179282133,Alex Yemenidjian,METRO GOLDWYN MAYER INC,Discretionary,1883027000.0,-161.761,0.04,chairman & CEO,MALE,48.0,2540.0,25.0,7812.0,"MOTION PIC, VIDEOTAPE PRODTN"
6959014.0,6.842547710200522,Jeffrey Bleustein,HARLEY-DAVIDSON INC,Discretionary,4903733000.0,760.928,,chairman & CEO,MALE,64.0,2510.0,25.0,3751.0,"MOTORCYCLES,BICYCLES & PARTS"
1768590.0,6.247627165088761,Jerry Atkin,SKYWEST INC,Industrial,888026000.0,66.787,3.2,"chairman, president & CEO",MALE,55.0,2030.0,20.0,4512.0,"AIR TRANSPORT, SCHEDULED"
23905487.0,7.37849759552222,Robert Toll,TOLL BROTHERS INC,Discretionary,2774260000.0,259.82,15.48,chairman & CEO,MALE,63.0,2520.0,25.0,1531.0,OPERATIVE BUILDERS
295115.0,5.46999128422605,Michael Hayes,FREDS INC,Discretionary,1302650000.0,33.721,6.48,chairman & CEO,MALE,62.0,2550.0,25.0,5331.0,VARIETY STORES
2749824.0,6.439304898093948,Michael Fleisher,GARTNER INC,IT,858446000.0,23.693,0.1,CEO,MALE,39.0,4510.0,45.0,8700.0,"ENGR,ACC,RESH,MGMT,REL SVCS"
1468646.0,6.166917126781575,Patrick O'Keefe,WATTS WATER TECHNOLOGIES INC,Industrial,705651000.0,33.362,,president & CEO,MALE,51.0,2010.0,20.0,3490.0,MISC FABRICATED METAL PRODS
3250500.0,6.511950170375498,Dwight Schar,NVR INC,Discretionary,3687172000.0,419.791,8.6,"chairman, president & CEO",MALE,62.0,2520.0,25.0,1531.0,OPERATIVE BUILDERS
1848124.0,6.266731106878187,Bruce Chizen,ADOBE SYSTEMS INC.,IT,1294749000.0,266.344,,president & CEO,MALE,48.0,4510.0,45.0,7372.0,PREPACKAGED SOFTWARE
826359.0,5.917168761421199,Richard Hochhauser,HARTE HANKS INC,Discretionary,944576000.0,87.362,0.35,president & CEO,MALE,59.0,2540.0,25.0,7331.0,DIRECT MAIL ADVERTISING SVCS
661964.0,5.820834371574935,Andrew Galef,MAGNETEK INC,Industrial,201782000.0,-34.844,2.81,"chairman, president & CEO",MALE,70.0,2010.0,20.0,3612.0,"PWR,DISTR,SPECL TRANSFORMERS"
1232448.0,6.090768604387827,Peter Gyenes,ASCENTIAL SOFTWARE CORP,IT,185586000.0,15.805,0.11,chairman & CEO,MALE,58.0,4510.0,45.0,7372.0,PREPACKAGED SOFTWARE
4238223.0,6.627183803984386,Leslie Muma,FISERV INC,IT,3017870000.0,315.012,,president & CEO,MALE,59.0,4510.0,45.0,7374.0,"CMP PROCESSING,DATA PREP SVC"
1400152.0,6.1461751850910655,Michael Patrick,CARMIKE CINEMAS INC,Discretionary,493085000.0,107.378,,"chairman, president & CEO",MALE,53.0,2540.0,25.0,7830.0,MOTION PICTURE THEATERS
809116.0,5.908010789286514,Robert Bishop,SILICON GRAPHICS INC,IT,961748000.0,-129.704,1.96,chairman,MALE,61.0,4520.0,45.0,3571.0,ELECTRONIC COMPUTERS
27204194.0,7.43463586324917,Bruce Karatz,KB HOME,Discretionary,5850554000.0,370.764,1.99,chairman & CEO,MALE,58.0,2520.0,25.0,1531.0,OPERATIVE BUILDERS
747150.0,5.873407800788065,M. Jacobs,THERAGENICS CORP,Health,35580000.0,-0.312,0.65,president & CEO,FEMALE,53.0,3510.0,35.0,2834.0,PHARMACEUTICAL PREPARATIONS
7166455.0,6.855304378169495,Thomas Watjen,UNUMPROVIDENT CORP,Financial,9991600000.0,-386.4,,president & CEO,MALE,49.0,4030.0,40.0,6321.0,ACCIDENT & HEALTH INSURANCE
428701.0,5.632154496559327,David Burt,JL HALSEY CORP,,0.0,0.878,15.2,"president, CEO, treasurer, & secretary",MALE,40.0,0.0,0.0,9995.0,NON-OPERATING ESTABLISHMENTS
7932404.0,6.8994048248603725,Lowry Kline,COCA-COLA ENTERPRISES,Staples,17330000000.0,676.0,,chairman & CEO,MALE,63.0,3020.0,30.0,2086.0,"BTLD & CAN SOFT DRINKS,WATER"
3917959.0,6.593059886950467,Bernard Girod,HARMAN INTERNATIONAL INDS,Discretionary,2228519000.0,105.428,0.36,vice chairman & CEO,MALE,61.0,2520.0,25.0,3651.0,HOUSEHOLD AUDIO & VIDEO EQ
3428884.0,6.535152793072936,Parker Kennedy,FIRST AMERICAN CORP/CA,Financial,6140825000.0,451.022,4.25,"chairman, president & CEO",MALE,56.0,4030.0,40.0,6361.0,TITLE INSURANCE
1056000.0,6.0236639181977925,Gerald Shreiber,J & J SNACK FOODS CORP,Staples,364567000.0,19.902,23.53,"chairman, president & CEO",MALE,62.0,3020.0,30.0,2050.0,BAKERY PRODUCTS
300000.0,5.477121254719662,Russell Gerdin,HEARTLAND EXPRESS INC,Industrial,405116000.0,57.221,38.9,"chairman, president & CEO",MALE,62.0,2030.0,20.0,4213.0,"TRUCKING, EXCEPT LOCAL"
1090374.0,6.037575487185427,Neal Patterson,CERNER CORP,Health,839587000.0,42.791,10.42,chairman & CEO,MALE,54.0,3510.0,35.0,7373.0,CMP INTEGRATED SYS DESIGN
4126189.0,6.615549116942313,"Robert McKnight, Jr.",QUIKSILVER INC,Discretionary,975005000.0,58.516,2.05,chairman & CEO,MALE,50.0,2520.0,25.0,2320.0,"MENS,BOYS FRNSH, WORK CLTHNG"
9284025.999999998,6.967736348031264,Kobi Alexander,COMVERSE TECHNOLOGY INC,IT,765892000.0,-5.386,0.1,chairman & CEO,MALE,51.0,4520.0,45.0,3661.0,TELE & TELEGRAPH APPARATUS
2693054.0,6.430245061791346,Edward Schmitt,GEORGIA GULF CORP,Materials,1444483000.0,12.495,0.52,"chairman, president & CEO",MALE,57.0,1510.0,15.0,2810.0,INDL INORGANIC CHEMICALS
1370030.0,6.136730077150426,Dean Foate,PLEXUS CORP,IT,807837000.0,-67.978,,president & CEO,MALE,45.0,4520.0,45.0,3672.0,PRINTED CIRCUIT BOARDS
2532583.0,6.403563687339847,John Hanson,JOY GLOBAL INC,Industrial,1215966000.0,18.516,,"chairman, president & CEO",MALE,62.0,2010.0,20.0,3532.0,"MNG MACHY, EQ, EX OIL FIELD"
2325920.0,6.366594773094042,Gary Mulloy,ADVO INC,Discretionary,1163113000.0,49.544,0.29,chairman & CEO,MALE,58.0,2540.0,25.0,7331.0,DIRECT MAIL ADVERTISING SVCS
2509770.0,6.399633923748907,Daniel Feehan,CASH AMERICA INTL INC,Financial,437677000.0,30.036,0.83,president & CEO,MALE,53.0,4020.0,40.0,5900.0,MISCELLANEOUS RETAIL
949457.0,5.977475300736444,James Blanchard,SYNOVUS FINANCIAL CP,Financial,2430821000.0,388.925,0.49,CEO,MALE,62.0,4010.0,40.0,6020.0,COMMERCIAL BANKS
952368.0,5.978804794484944,William Garrett,DELTA WOODSIDE INDUSTRIES,Discretionary,177193000.0,-4.616,1.8,president & CEO,MALE,62.0,2520.0,25.0,2211.0,"BRDWOVEN FABRIC MILL, COTTON"
784794.0,5.894755674064996,"William Reed, Jr.",NATIONAL COMMERCE FINANCIAL,Financial,1479540000.0,311.674,,president & CEO,MALE,57.0,4010.0,40.0,6020.0,COMMERCIAL BANKS
2183966.0,6.339245872985391,Robert Nugent,JACK IN THE BOX INC,Discretionary,2058290000.0,73.618,1.36,chairman & CEO,MALE,62.0,2530.0,25.0,5812.0,EATING PLACES
3710760.0,6.569462866489381,Michael Young,YORK INTERNATIONAL CORP,Industrial,4076054000.0,-3.998,0.14,CEO,MALE,,2010.0,20.0,3585.0,"AIR-COND,HEATING,REFRIG EQ"
7163410.0,6.855119808849785,Michael Perry,INDYMAC BANCORP INC,Financial,992743000.0,171.303,0.28,chairman & CEO,MALE,41.0,4010.0,40.0,6162.0,MORTGAGE BANKERS & LOAN CORR
622471.0,5.794119123103756,Daniel Del Rosario,PHOTRONICS INC,IT,348884000.0,-48.162,,CEO,MALE,,4530.0,45.0,3674.0,"SEMICONDUCTOR,RELATED DEVICE"
968850.0,5.986256543598831,Douglas Becker,LAUREATE EDUCATION INC,Industrial,472806000.0,46.135,0.48,chairman & CEO,MALE,38.0,2020.0,20.0,8200.0,EDUCATIONAL SERVICES
1442225.0,6.1590330194927905,Jonathan Ornstein,MESA AIR GROUP INC,Industrial,599990000.0,27.961,0.39,CEO,MALE,46.0,2030.0,20.0,4512.0,"AIR TRANSPORT, SCHEDULED"
1893149.0,6.277184796389177,Arthur Shorin,TOPPS CO INC,Staples,297338000.0,12.695,5.63,"chairman, president & CEO",MALE,68.0,3010.0,30.0,2750.0,COMMERCIAL PRINTING
1302232.0,6.114688363144703,"Wade Roberts, Jr.",C&D TECHNOLOGIES INC,Industrial,324824000.0,14.891,0.13,president & CEO,MALE,57.0,2010.0,20.0,3690.0,"MISC ELEC MACHY,EQ,SUPPLIES"
7509881.0,6.875633055319373,Glenn Renwick,PROGRESSIVE CORP-OHIO,Financial,11880500000.0,1255.4,,president & CEO,MALE,48.0,4030.0,40.0,6331.0,"FIRE, MARINE, CASUALTY INS"
1370265.0,6.1368045648997365,Jonathan Michael,RLI CORP,Financial,519885999.99999994,71.291,0.55,president & CEO,MALE,50.0,4030.0,40.0,6331.0,"FIRE, MARINE, CASUALTY INS"
4030883.0,6.605400192548532,Bruce Downey,BARR PHARMACEUTICALS INC,Health,902864000.0,167.566,0.39,chairman & CEO,MALE,55.0,3520.0,35.0,2834.0,PHARMACEUTICAL PREPARATIONS
2224820.0,6.347294879960111,Thian Tan,KOMAG INC,IT,438292000.0,36.04,,CEO,MALE,55.0,4520.0,45.0,3695.0,"MAGNETC,OPTIC RECORDNG MEDIA"
421338.0,5.6246306294237565,Ronald Duncan,GENERAL COMMUNICATION  -CL A,Telecom,390797000.0,15.542,2.23,president & CEO,MALE,51.0,5010.0,50.0,4813.0,PHONE COMM EX RADIOTELEPHONE
2883712.0,6.459951884668621,R. Martin,SAKS INC,Discretionary,6055055000.0,82.827,1.71,chairman & CEO,MALE,52.0,2550.0,25.0,5311.0,DEPARTMENT STORES
1250558.0,6.097103838806077,Edward Wristen,FIRST HEALTH GROUP CORP,Health,893854000.0,152.734,0.31,president & chief executive officer,MALE,52.0,3510.0,35.0,6411.0,"INS AGENTS,BROKERS & SERVICE"
346562.0,5.539780941254256,John Stanik,CALGON CARBON CORP,Materials,278322000.0,4.485,,president & CEO,MALE,50.0,1510.0,15.0,2810.0,INDL INORGANIC CHEMICALS
499235.0,5.698305024939648,Thomas Duff,WELLMAN INC,Materials,1109275000.0,-96.585,1.43,chairman & CEO,MALE,56.0,1510.0,15.0,2820.0,"PLASTC,SYNTH MATLS;EX GLASS"
5460774.000000001,6.737254203163648,H. Bingham,CADENCE DESIGN SYSTEMS INC,IT,1119484000.0,-17.566,,president & CEO,MALE,58.0,4510.0,45.0,7372.0,PREPACKAGED SOFTWARE
8049740.999999999,6.905781907190185,Micky Arison,CARNIVAL CORP,Discretionary,6718000000.0,1194.0,33.81,chairman & CEO,MALE,54.0,2530.0,25.0,4400.0,WATER TRANSPORTATION
963157.0,5.983697085334452,Thomas Hefner,DUKE REALTY CORP,Financial,793456000.0,199.232,0.97,chairman & CEO,MALE,57.0,4040.0,40.0,6798.0,REAL ESTATE INVESTMENT TRUST
1852293.0,6.2677096854876275,Lee Roberts,FILENET CORP,IT,364505000.0,10.92,,chairman & CEO,MALE,51.0,4510.0,45.0,7372.0,PREPACKAGED SOFTWARE
852469.0,5.930678594850777,Larry Kirk,HANCOCK FABRICS INC,Discretionary,443605000.0,17.428,1.46,chairman & CEO,MALE,57.0,2550.0,25.0,5940.0,MISC SHOPPING GOODS STORES
8202218.999999999,6.9139313608087924,Jeffrey Swartz,TIMBERLAND CO  -CL A,Discretionary,1342123000.0,117.879,0.47,president & CEO,MALE,44.0,2520.0,25.0,3140.0,"FOOTWEAR, EXCEPT RUBBER"
11365906.0,7.055604059956985,"Joseph Brown, Jr.",MBIA INC,Financial,1467325000.0,813.585,,chairman & CEO,MALE,55.0,4030.0,40.0,6351.0,SURETY INSURANCE
3383933.0,6.5294217556618,Stanley Zax,ZENITH NATIONAL INSURANCE CP,Financial,849335000.0,67.0,1.5,chairman & president,MALE,66.0,4030.0,40.0,6331.0,"FIRE, MARINE, CASUALTY INS"
2195136.0,6.341461432195379,Eugene Corasanti,CONMED CORP,Health,497130000.0,32.082,1.02,chairman & CEO,MALE,73.0,3510.0,35.0,3845.0,ELECTROMEDICAL APPARATUS
5793032.0,6.7629059274952645,Michael Kowalski,TIFFANY & CO,Discretionary,2000045000.0,215.517,0.11,chairman & CEO,MALE,52.0,2550.0,25.0,5944.0,JEWELRY STORES
1538894.0,6.1872087063808525,John Miles II,DENTSPLY INTERNATL INC,Health,1570925000.0,174.183,,chairman & CEO,MALE,62.0,3510.0,35.0,3843.0,DENTAL EQUIPMENT & SUPPLIES
772000.0,5.8876173003357355,Don Ingram,IMCO RECYCLING INC,Materials,892015000.0,4.971,11.49,president & CEO,MALE,,1510.0,15.0,3341.0,"SEC SMELT,REFIN NONFER METAL"
34355902.0,7.53600135524864,Sumner Redstone,VIACOM INC  -CL B,Discretionary,26585301000.0,1416.9,3.32,chairman & CEO,MALE,80.0,2540.0,25.0,4833.0,TELEVISION BROADCAST STATION
4974961.0,6.696789680548843,Thomas Grudnowski,FAIR ISAAC CORP,IT,629295000.0,107.157,0.03,president & CEO,MALE,53.0,4510.0,45.0,7373.0,CMP INTEGRATED SYS DESIGN
959000.0,5.981818607170663,James Mack,CAMBREX CORP,Materials,410644000.0,-54.063,1.44,"chairman, president & CEO",MALE,66.0,1510.0,15.0,2833.0,"MEDICINAL CHEMS,BOTANICL PDS"
10274728.0,7.011770333743955,David Pottruck,SCHWAB (CHARLES) CORP,Financial,4311000000.0,472.0,0.45,CEO,MALE,55.0,4020.0,40.0,6211.0,SECURITY BROKERS & DEALERS
5693185.000000001,6.75535529643648,Joseph Gromek,WARNACO GROUP INC,Discretionary,1374421000.0,2360.423,,president & CEO,MALE,57.0,2520.0,25.0,2320.0,"MENS,BOYS FRNSH, WORK CLTHNG"
3604384.0,6.556831053171954,Burton Tansky,NEIMAN-MARCUS GROUP INC,Discretionary,3098124000.0,109.303,0.39,president & CEO,MALE,65.0,2550.0,25.0,5311.0,DEPARTMENT STORES
2080219.0,6.318109058753564,Frank Schmeler,ALBANY INTL CORP  -CL A,Industrial,868972000.0,54.055,0.11,chairman & CEO,MALE,65.0,2010.0,20.0,2221.0,"BRDWOVN FABRIC MAN MADE,SILK"
966349.0,5.985134001571929,Babette Heimbuch,FIRSTFED FINANCIAL CORP/CA,Financial,252622000.0,64.475,2.14,chairman & CEO,FEMALE,56.0,4010.0,40.0,6035.0,"SAVINGS INSTN,FED CHARTERED"
1499712.0,6.176007866509215,Lawrence Washow,AMCOL INTERNATIONAL CORP,Materials,363966000.0,28.865,2.23,president & CEO,MALE,50.0,1510.0,15.0,1400.0,"MNG, QUARRY NONMTL MINERALS"
1674170.0,6.223799555397586,Robert Lowder,COLONIAL BANCGROUP,Financial,908257000.0,149.927,4.84,chairman & CEO,MALE,61.0,4010.0,40.0,6020.0,COMMERCIAL BANKS
384953.0,5.5854077085041665,Willard Oberton,FASTENAL CO,Industrial,994928000.0,84.12,,president & CEO,MALE,45.0,2010.0,20.0,5200.0,"BLDG MATL,HARDWR,GARDEN-RETL"
3611875.0,6.557732711810457,David Payne,WESTAMERICA BANCORPORATION,Financial,268575000.0,95.063,2.04,"chairman, president & CEO",MALE,48.0,4010.0,40.0,6020.0,COMMERCIAL BANKS
18917948.0,7.276874027382521,John Gifford,MAXIM INTEGRATED PRODUCTS,IT,1153219000.0,309.601,0.72,"chairman, president & CEO",MALE,62.0,4530.0,45.0,3674.0,"SEMICONDUCTOR,RELATED DEVICE"
5627752.999999999,6.750335028156625,Thomas Tiller,POLARIS INDS INC,Discretionary,1605869000.0,110.929,0.5,president & CEO,MALE,42.0,2520.0,25.0,3790.0,MISC TRANSPORTATION EQUIP
1800987.0,6.255510577978533,John Daane,ALTERA CORP,IT,827207000.0,155.125,,president & CEO,MALE,40.0,4530.0,45.0,3674.0,"SEMICONDUCTOR,RELATED DEVICE"
3032388.0,6.481784769347273,Scott Sheffield,PIONEER NATURAL RESOURCES CO,Energy,1298647000.0,410.592,,president & CEO,MALE,51.0,1010.0,10.0,1311.0,CRUDE PETROLEUM & NATURAL GS
4284202.0,6.631869939614798,Douglas Pertz,IMC GLOBAL INC,Materials,2190600000.0,-135.4,0.44,chairman & CEO,MALE,49.0,1510.0,15.0,2870.0,AGRICULTURAL CHEMICALS
3669471.0,6.564603459799717,Jeffrey Joerres,MANPOWER INC/WI,Industrial,12184500000.0,137.7,,"chairman, president & CEO",MALE,44.0,2020.0,20.0,7363.0,HELP SUPPLY SERVICES
550000.0,5.740362689494243,Joe Corvin,OREGON STEEL MILLS INC,Materials,723297000.0,-125.949,,president & CEO,MALE,,1510.0,15.0,3312.0,STEEL WORKS & BLAST FURNACES
1959906.0,6.292235242448177,James Liken,RESPIRONICS INC,Health,629817000.0,46.581,0.41,president & CEO,MALE,54.0,3510.0,35.0,3842.0,"ORTHO,PROSTH,SURG APPL,SUPLY"
1734050.0,6.2390616158685805,William Ruprecht,SOTHEBY'S HOLDINGS  -CL A,Industrial,319599000.0,-20.656,,president & CEO,MALE,48.0,2020.0,20.0,7389.0,"BUSINESS SERVICES, NEC"
13209970.0,7.1209018313276795,J. Lanni,MGM MIRAGE,Discretionary,3908816000.0,243.697,,chairman & CEO,MALE,61.0,2530.0,25.0,7990.0,MISC AMUSEMENT & REC SERVICE
2958769.0,6.4711110598069865,Phillip Frost,IVAX CORP,Health,1420339000.0,121.251,15.58,CEO,MALE,67.0,3520.0,35.0,2834.0,PHARMACEUTICAL PREPARATIONS
1072429.0,6.030368549407901,Dennis Horowitz,WOLVERINE TUBE INC,Industrial,596324000.0,-40.621,0.58,"chairman, president & CEO",MALE,57.0,2010.0,20.0,3350.0,ROLLING & DRAW NONFER METAL
1784800.0,6.251589557275781,"Martin Vaughan, III",HILB ROGAL & HOBBS CO,Financial,563647000.0,74.954,,chairman & CEO,MALE,57.0,4030.0,40.0,6411.0,"INS AGENTS,BROKERS & SERVICE"
5695333.0,6.755519121889131,A. Myers,WASTE MANAGEMENT INC,Industrial,11574000000.0,630.0,,"chairman, president & CEO",MALE,63.0,2020.0,20.0,4953.0,REFUSE SYSTEMS
16829109.0,7.226061123306382,Michael Dell,DELL INC,IT,41444000000.0,2645.0,9.35,chairman & CEO,MALE,39.0,4520.0,45.0,3571.0,ELECTRONIC COMPUTERS
4716103.0,6.673583281546705,Kenneth Lowe,EW SCRIPPS  -CL A,Discretionary,1874845000.0,270.815,,president & CEO,MALE,53.0,2540.0,25.0,4833.0,TELEVISION BROADCAST STATION
1047027.0,6.019957881105603,"Rodger Dowdell, Jr.",AMERICAN PWR CNVRSION,Industrial,1464798000.0,176.938,6.22,"chairman, president & CEO",MALE,54.0,2010.0,20.0,3620.0,ELECTRICAL INDL APPARATUS
12852927.0,7.109002040912021,James Moffett,FREEPRT MCMOR COP&GLD  -CL B,Materials,2212165000.0,181.66,0.69,chairman,MALE,65.0,1510.0,15.0,1000.0,METAL MINING
779630.0,5.891888542328319,Richard Hill,NOVELLUS SYSTEMS INC,IT,925070000.0,-67.814,,chairman & CEO,MALE,52.0,4530.0,45.0,3559.0,"SPECIAL INDUSTRY MACHY, NEC"
5539365.0,6.743459982634183,Bruce Nelson,OFFICE DEPOT INC,Discretionary,12358566000.0,276.295,,chairman & CEO,MALE,59.0,2550.0,25.0,5940.0,MISC SHOPPING GOODS STORES
554759.0,5.7441043566338905,Albert Sisto,PHOENIX TECHNOLOGIES LTD,IT,85408000.0,-26.654,0.19,president & CEO,MALE,54.0,4510.0,45.0,7372.0,PREPACKAGED SOFTWARE
1251233.0,6.097338189942842,James Christmas,KCS ENERGY INC,Energy,164827000.0,68.592,2.27,chairman & CEO,MALE,56.0,1010.0,10.0,1311.0,CRUDE PETROLEUM & NATURAL GS
3952253.0,6.596844737784776,Steven Hilton,MERITAGE CORP,Discretionary,1471001000.0,94.406,8.21,co-chairman & co-CEO,MALE,42.0,2520.0,25.0,1531.0,OPERATIVE BUILDERS
850092.0,5.929465929161604,Steven Leer,ARCH COAL INC,Materials,1480714000.0,16.686,,president & CEO,MALE,51.0,1510.0,15.0,1220.0,"BITUMINOUS COAL, LIGNITE MNG"
3275124.0,6.515227747532774,Ira Lampert,CONCORD CAMERA CORP,Discretionary,189783000.0,6.403,3.35,"chairman, president & CEO",MALE,58.0,2520.0,25.0,3861.0,PHOTOGRAPHIC EQUIP & SUPPLY
683184.0,5.834537686730892,Herbert Kurz,PRESIDENTIAL LIFE CORP,Financial,344294000.0,31.285,26.8,CEO,MALE,84.0,4030.0,40.0,6311.0,LIFE INSURANCE
22142704.000000004,7.345230654508972,William Berkley,BERKLEY (W R) CORP,Financial,3630108000.0,337.22,11.01,chairman & CEO,MALE,58.0,4030.0,40.0,6331.0,"FIRE, MARINE, CASUALTY INS"
1411011.0,6.149530399452916,"John Schiff, Jr.",CINCINNATI FINANCIAL CORP,Financial,3181000000.0,374.0,6.7,president & CEO,MALE,60.0,4030.0,40.0,6331.0,"FIRE, MARINE, CASUALTY INS"
1901896.0,6.2791867650404045,Dan Carmichael,OHIO CASUALTY CORP,Financial,1669600000.0,75.8,0.12,president & CEO,MALE,59.0,4030.0,40.0,6331.0,"FIRE, MARINE, CASUALTY INS"
3123475.0,6.494638034243782,Aldo Zucaro,OLD REPUBLIC INTL CORP,Financial,3285700000.0,459.8,,president & CEO,MALE,64.0,4030.0,40.0,6331.0,"FIRE, MARINE, CASUALTY INS"
2176986.0,6.337855636141555,Elizabeth Davila,VISX INC/DE,Health,143905000.0,23.251,0.06,chairman & CEO,FEMALE,59.0,3510.0,35.0,3845.0,ELECTROMEDICAL APPARATUS
4966207.0,6.6960248177324715,Paul Bragg,PRIDE INTERNATIONAL INC,Energy,1689720000.0,-23.933,0.03,president & CEO,MALE,48.0,1010.0,10.0,1381.0,DRILLING OIL AND GAS WELLS
1654686.0,6.218715592428704,Robert Strauss,NOVEN PHARMACEUTICALS INC,Health,43166000.0,11.196,0.51,"chairman, president & CEO",MALE,62.0,3520.0,35.0,2834.0,PHARMACEUTICAL PREPARATIONS
4666245.0,6.668967537577045,J. Nichols,DEVON ENERGY CORP,Energy,7352000000.0,1747.0,,chairman & CEO,MALE,61.0,1010.0,10.0,1311.0,CRUDE PETROLEUM & NATURAL GS
899356.0,5.953931636373307,Richard Parod,LINDSAY MANUFACTURING CO,Industrial,163374000.0,12.887,0.03,president & CEO,MALE,50.0,2010.0,20.0,3523.0,FARM MACHINERY AND EQUIPMENT
5929094.0,6.772988335714787,Thomas Mac Mahon,LABORATORY CP OF AMER HLDGS,Health,2939400000.0,321.0,0.36,president & CEO,MALE,57.0,3510.0,35.0,8071.0,MEDICAL LABORATORIES
7305640.0,6.8636582676753015,Bobby Shackouls,BURLINGTON RESOURCES INC,Energy,4311000000.0,1201.0,,"chairman, president & CEO",MALE,53.0,1010.0,10.0,1311.0,CRUDE PETROLEUM & NATURAL GS
4476066.0,6.650896481615133,Richard Frank,CEC ENTERTAINMENT INC,Discretionary,654548000.0,70.795,0.61,CEO,MALE,56.0,2530.0,25.0,5812.0,EATING PLACES
6871640.999999999,6.83706046226212,John Wareham,BECKMAN COULTER INC,Health,2192500000.0,207.2,0.156,chairman & CEO,MALE,62.0,3510.0,35.0,3826.0,LAB ANALYTICAL INSTRUMENTS
7672692.0,6.884947764943184,Dan Smith,LYONDELL CHEMICAL CO,Materials,3801000000.0,-302.0,,president & CEO,MALE,57.0,1510.0,15.0,2860.0,INDUSTRIAL ORGANIC CHEMICALS
1949340.0,6.289887594502847,"Frank Jellinek, Jr.",APOGENT TECHNOLOGIES INC,Health,1097489000.0,-11.746,0.17,president & CEO,MALE,58.0,3510.0,35.0,3821.0,LAB APPARATUS AND FURNITURE
10220214.0,7.009459989540972,John Kanas,NORTH FORK BANCORPORATION,Financial,1255091000.0,396.365,1.41,"chairman, president & CEO",MALE,57.0,4010.0,40.0,6020.0,COMMERCIAL BANKS
6790393.0,6.831894910185101,Barry Bycoff,NETEGRITY INC,IT,78444000.0,-4.23,1,"chairman, president & CEO",MALE,55.0,4510.0,45.0,7372.0,PREPACKAGED SOFTWARE
19379617.999999996,7.287345212233468,Gregory Parseghian,FEDERAL HOME LOAN MORTG CORP,Financial,,,,president & CEO,MALE,,4010.0,40.0,6111.0,FEDERAL CREDIT AGENCIES
18899596.000000004,7.276452520742242,William Greehey,VALERO ENERGY CORP,Energy,37968602000.0,621.5,1.13,chairman & CEO,MALE,67.0,1010.0,10.0,2911.0,PETROLEUM REFINING
2815057.0,6.449487192983047,Dennis Williams,IDEX CORP,Industrial,797920000.0,62.352,0.37,"chairman, president & CEO",MALE,58.0,2010.0,20.0,3561.0,PUMPS AND PUMPING EQUIPMENT
7817444.999999999,6.893064834426575,Warren Kanders,ARMOR HOLDINGS INC,Industrial,365172000.0,10.886,7.27,chairman & CEO,MALE,46.0,2010.0,20.0,3842.0,"ORTHO,PROSTH,SURG APPL,SUPLY"
782140.0,5.893284497031139,Peter Hill,HARVEST NATURAL RESOURCES,Energy,106095000.0,27.303,0.62,president & CEO,MALE,57.0,1010.0,10.0,1311.0,CRUDE PETROLEUM & NATURAL GS
1706726.0,6.232163804512817,Jeffrey Smulyan,EMMIS COMMUNICTNS CP  -CL A,Discretionary,591868000.0,2.256,,"chairman, president & CEO",MALE,57.0,2540.0,25.0,4832.0,RADIO BROADCASTING STATIONS
2276312.0,6.357231787860056,William O'Hagan,MUELLER INDUSTRIES,Industrial,999078000.0,45.381,0.71,president & CEO,MALE,62.0,2010.0,20.0,3350.0,ROLLING & DRAW NONFER METAL
2389701.0,6.378343565310716,William O'Brien,ENTERASYS NETWORKS INC,IT,414538000.0,-112.651,,CEO,MALE,59.0,4520.0,45.0,3576.0,COMPUTER COMMUNICATION EQUIP
926900.0,5.967032882158701,William Cooper,TCF FINANCIAL CORP,Financial,1105143000.0,215.878,2.8,chairman & CEO,MALE,60.0,4010.0,40.0,6020.0,COMMERCIAL BANKS
233903.0,5.369035792031856,Thomas Oland,TECHNE CORP,Health,145011000.0,45.396,3.24,"chairman, president, CEO & treasurer",MALE,62.0,3520.0,35.0,2836.0,"BIOLOGICAL PDS,EX DIAGNSTICS"
1565764.0,6.194726303557483,J. Brown,BROWN & BROWN INC,Financial,551040000.0,110.322,15.8,chairman & CEO,MALE,66.0,4030.0,40.0,6411.0,"INS AGENTS,BROKERS & SERVICE"
466125.0,5.668502396369362,Norman Scher,TREDEGAR CORP,Industrial,738651000.0,-26.351,0.57,president & CEO,MALE,66.0,2010.0,20.0,3081.0,UNSUPP PLASTICS FILM & SHEET
16060676.0,7.205763820948338,Ronald Sargent,STAPLES INC,Discretionary,13181222000.0,490.211,,president & CEO,MALE,48.0,2550.0,25.0,5940.0,MISC SHOPPING GOODS STORES
8933563.0,6.951024704422994,David Pyott,ALLERGAN INC,Health,1771400000.0,-52.5,,"chairman, president & CEO",MALE,50.0,3520.0,35.0,2834.0,PHARMACEUTICAL PREPARATIONS
3590744.0,6.555184443457872,Rick Holley,PLUM CREEK TIMBER CO INC,Financial,1196000000.0,192.0,,president & CEO,MALE,52.0,4040.0,40.0,2400.0,"LUMBER AND WOOD PDS, EX FURN"
746191.0,5.872850006599867,Robert Shillman,COGNEX CORP,IT,150092000.0,15.951,10.09,president & CEO,MALE,57.0,4520.0,45.0,3823.0,INDUSTRIAL MEASUREMENT INSTR
2013494.0,6.303950339793575,William Fitzgerald,COMMERCIAL FEDERAL,Financial,797425000.0,89.02,1.13,chairman & CEO,MALE,66.0,4010.0,40.0,6035.0,"SAVINGS INSTN,FED CHARTERED"
13619875.0,7.134173121742745,Kerry Killinger,WASHINGTON MUTUAL INC,Financial,18142000000.0,3880.0,,"chairman, president & CEO",MALE,54.0,4010.0,40.0,6035.0,"SAVINGS INSTN,FED CHARTERED"
2026937.0,6.30684025043077,David French,CIRRUS LOGIC INC,IT,196338000.0,46.503,,president & CEO,MALE,47.0,4530.0,45.0,3576.0,COMPUTER COMMUNICATION EQUIP
1577243.0,6.197898608629537,Ivan Sabel,HANGER ORTHOPEDIC GRP,Health,547903000.0,16.239,0.65,chairman & CEO,MALE,59.0,3510.0,35.0,8093.0,"SPEC OUTPATIENT FACILITY,NEC"
6396779.0,6.805961346694042,Robert Rossiter,LEAR CORP,Discretionary,15746700000.0,380.5,,president & CEO,MALE,58.0,2510.0,25.0,2531.0,PUBLIC BLDG & REL FURNITURE
9683850.0,6.98604805372748,Mark Papa,EOG RESOURCES INC,Energy,1739980000.0,430.145,,chairman & CEO,MALE,57.0,1010.0,10.0,1311.0,CRUDE PETROLEUM & NATURAL GS
460000.0,5.662757831681573,John Ryan,ZIX CORP,IT,5840000.0,-27.578,1.16,"chairman, president & CEO",MALE,47.0,4510.0,45.0,7372.0,PREPACKAGED SOFTWARE
10867534.0,7.036131007592047,Cyrus Tsui,LATTICE SEMICONDUCTOR CORP,IT,209662000.0,-91.806,1.51,chairman & CEO,MALE,58.0,4530.0,45.0,3674.0,"SEMICONDUCTOR,RELATED DEVICE"
1185015.0,6.073723847709833,Timothy Rupert,RTI INTL METALS INC,Materials,205527000.0,4.714,0.84,president & CEO,MALE,57.0,1510.0,15.0,3490.0,MISC FABRICATED METAL PRODS
4929697.0,6.692820226524286,Lloyd Hill,APPLEBEES INTL INC,Discretionary,990138000.0,93.558,,president & CEO,MALE,60.0,2530.0,25.0,5812.0,EATING PLACES
424712.0,5.6280945319117,Joseph Dunsmore,DIGI INTERNATIONAL INC,IT,102926000.0,-37.274,0.04,president & CEO,MALE,45.0,4520.0,45.0,3576.0,COMPUTER COMMUNICATION EQUIP
1335728.0,6.125718029901708,Tom Ward,EXABYTE CORP,IT,94169000.0,-43.692,7.32,president & CEO,MALE,47.0,4520.0,45.0,3572.0,COMPUTER STORAGE DEVICES
4031079.0,6.60542130942268,Charles Koch,CHARTER ONE FINANCIAL INC,Financial,2810499000.0,630.891,0.48,CEO,MALE,57.0,4010.0,40.0,6020.0,COMMERCIAL BANKS
2044732.0,6.310636393737781,Paul Perrault,CHITTENDEN CORP,Financial,371543000.0,74.799,1.5,president & CEO,MALE,52.0,4010.0,40.0,6020.0,COMMERCIAL BANKS
5120655.0,6.709325516579653,"Vernon Hill, II",COMMERCE BANCORP INC/NJ,Financial,1248109000.0,194.287,2.12,"chairman, president & CEO",MALE,58.0,4010.0,40.0,6020.0,COMMERCIAL BANKS
2802920.0,6.447610702450129,Angel Alvarez-Perez,FIRST BANCORP P R,Financial,624506000.0,152.338,6.48,"chairman, president & CEO",MALE,56.0,4010.0,40.0,6020.0,COMMERCIAL BANKS
2543800.0,6.405482962986271,James McIntyre,FREMONT GENERAL CORP,Financial,903665000.0,256.261,12.35,chairman & CEO,MALE,71.0,4010.0,40.0,6162.0,MORTGAGE BANKERS & LOAN CORR
3502170.0,6.544337223492141,William Ryan,BANKNORTH GROUP INC,Financial,1560128000.0,350.759,,"chairman, president & CEO",MALE,60.0,4010.0,40.0,6020.0,COMMERCIAL BANKS
19856945.0,7.297912432895564,Michael Cannon,SOLECTRON CORP,IT,11014000000.0,-3462.0,,president & CEO,MALE,51.0,4520.0,45.0,3672.0,PRINTED CIRCUIT BOARDS
1816107.0,6.259141432368221,Gregory Murphy,SELECTIVE INS GROUP INC,Financial,1356116000.0,66.344,,"chairman, president & CEO",MALE,48.0,4030.0,40.0,6331.0,"FIRE, MARINE, CASUALTY INS"
1626174.0,6.211167013088844,Kenneth Wilcox,SILICON VY BANCSHARES,Financial,277397000.0,11.977,,president & CEO,MALE,55.0,4010.0,40.0,6020.0,COMMERCIAL BANKS
2296242.0,6.361017656254786,Jay Sidhu,SOVEREIGN BANCORP INC,Financial,2451974000.0,401.851,0.92,"chairman, president & CEO",MALE,52.0,4010.0,40.0,6035.0,"SAVINGS INSTN,FED CHARTERED"
551505.0,5.741549454151668,Roy Whitehead,WASHINGTON FED INC,Financial,461626000.0,145.544,,"vice chairman, president & CEO",MALE,51.0,4010.0,40.0,6035.0,"SAVINGS INSTN,FED CHARTERED"
2576338.0,6.411002839241105,James Smith,WEBSTER FINANCIAL CORP,Financial,891201000.0,163.248,0.64,chairman & CEO,MALE,54.0,4010.0,40.0,6035.0,"SAVINGS INSTN,FED CHARTERED"
745405.0,5.872392301572002,Michael Barrington,AMERICREDIT CORP,Financial,981281000.0,21.209,,president & CEO,MALE,44.0,4020.0,40.0,6199.0,FINANCE SERVICES
571420.0,5.756955436847617,William Reuter,SUSQUEHANNA BANCSHARES INC,Financial,387770000.0,62.373,,"chairman, president & CEO",MALE,54.0,4010.0,40.0,6020.0,COMMERCIAL BANKS
966557.0,5.985227470424097,Robert Cushing,TRUSTCO BANK CORP/NY,Financial,166779000.0,53.031,,president & CEO,MALE,48.0,4010.0,40.0,6020.0,COMMERCIAL BANKS
1072754.0,6.030500142570534,Richard Adams,UNITED BANKSHARES INC/WV,Financial,400824000.0,78.765,1.17,chairman & CEO,MALE,57.0,4010.0,40.0,6020.0,COMMERCIAL BANKS
461328.0,5.664009814626599,William Gedwed,UICI,Financial,1813205000.0,14.334,,CEO,MALE,48.0,4030.0,40.0,6321.0,ACCIDENT & HEALTH INSURANCE
2718151.0,6.434273579197509,"Mack Whittle, Jr.",SOUTH FINANCIAL GROUP INC,Financial,509618000.0,95.058,,president & CEO,MALE,55.0,4010.0,40.0,6020.0,COMMERCIAL BANKS
2876156.0,6.458812438074473,C. Harrison,PARAMETRIC TECHNOLOGY CORP,IT,671940000.0,-98.28,0.14,president & CEO,MALE,48.0,4510.0,45.0,7372.0,PREPACKAGED SOFTWARE
1610429.0,6.206941582562774,Peter Dea,WESTERN GAS RESOURCES INC,Energy,2892796000.0,84.219,,president & CEO,MALE,50.0,1010.0,10.0,4922.0,NATURAL GAS TRANSMISSION
2176339.0,6.337726544685318,William Miller,IRWIN FINL CORP,Financial,700283000.0,72.817,0.41,chairman & CEO,MALE,47.0,4010.0,40.0,6020.0,COMMERCIAL BANKS
904544.0,5.956429697223952,Nelson Marchioli,DENNYS CORP,Discretionary,940945000.0,-31.483,,president & CEO,MALE,54.0,2530.0,25.0,5812.0,EATING PLACES
2591594.0,6.41356696580566,Paul Rubeli,AZTAR CORP,Discretionary,813146000.0,60.93,0.29,chairman & CEO,MALE,60.0,2530.0,25.0,7990.0,MISC AMUSEMENT & REC SERVICE
1660850.0,6.220330410829509,Mark Sexton,EVERGREEN RESOURCES,Energy,215460000.0,72.628,0.52,president & CEO,MALE,48.0,1010.0,10.0,1311.0,CRUDE PETROLEUM & NATURAL GS
1314549.0,6.1187767791323715,Allen Koranda,MAF BANCORP INC,Financial,388063000.0,83.433,1.94,chairman & CEO,MALE,58.0,4010.0,40.0,6035.0,"SAVINGS INSTN,FED CHARTERED"
3680165.0,6.56586729067979,James Hagedorn,SCOTTS CO,Materials,1959500000.0,103.8,33.63,"chairman, president & CEO",MALE,48.0,1510.0,15.0,2870.0,AGRICULTURAL CHEMICALS
4024051.0,6.6046634762422585,Gary Loveman,HARRAHS ENTERTAINMENT INC,Discretionary,4322722000.0,292.623,,president & CEO,MALE,43.0,2530.0,25.0,7990.0,MISC AMUSEMENT & REC SERVICE
2061445.0,6.31417175217878,Dan Dinges,CABOT OIL & GAS CORP,Energy,509391000.0,21.132,,"chairman, president & CEO",MALE,50.0,1010.0,10.0,1311.0,CRUDE PETROLEUM & NATURAL GS
35980473.0,7.556066868290791,John Chambers,CISCO SYSTEMS INC,IT,18878000000.0,3578.0,,president & CEO,MALE,54.0,4520.0,45.0,3576.0,COMPUTER COMMUNICATION EQUIP
5387258.0,6.731367774746484,Thomas Ryder,READERS DIGEST ASSN,Discretionary,2474900000.0,61.3,,chairman & CEO,MALE,59.0,2540.0,25.0,2731.0,"BOOKS: PUBG, PUBG & PRINTING"
749947.0,5.875030572163876,John Cumming,HOLOGIC INC,Health,204035000.0,2.882,0.03,"chairman, president & CEO",MALE,58.0,3510.0,35.0,3844.0,X-RAY & RELATED APPARATUS
2432069.0,6.385975892103231,John Lauletta,VARCO INTERNATIONAL INC,Energy,1449607000.0,67.243,,chairman & CEO,MALE,59.0,1010.0,10.0,3533.0,"OIL & GAS FIELD MACHY, EQUIP"
4274196.0,6.6308544335432416,Robert Rosenkranz,DELPHI FINANCIAL GRP  -CL A,Financial,918177000.0,98.916,0.35,president & CEO,MALE,61.0,4030.0,40.0,6311.0,LIFE INSURANCE
3661796.0,6.563694145934513,Jonah Shacknai,MEDICIS PHARMACEUT CP  -CL A,Health,247539000.0,51.256,,chairman & CEO,MALE,46.0,3520.0,35.0,2834.0,PHARMACEUTICAL PREPARATIONS
686155.0,5.836422232384504,Stanley Kinsey,NTN COMMUNICATIONS INC,Discretionary,29489000.0,-2.711,0.22,chairman & CEO,MALE,50.0,2540.0,25.0,4833.0,TELEVISION BROADCAST STATION
1734408.0,6.239151268057002,Geoffrey Hertel,TETRA TECHNOLOGIES INC/DE,Energy,318669000.0,21.664,0.28,president & CEO,MALE,59.0,1010.0,10.0,1389.0,"OIL & GAS FIELD SERVICES,NEC"
255519.0,5.407423199141418,Patrizio Vinciarelli,VICOR CORP,Industrial,151421000.0,-19.535,33.05,president & CEO,MALE,57.0,2010.0,20.0,3679.0,"ELECTRONIC COMPONENTS, NEC"
1266473.0,6.1025959354799,David Watts,GRANITE CONSTRUCTION INC,Industrial,1844491000.0,60.504,,"chairman, president & CEO",MALE,65.0,2010.0,20.0,1600.0,HEAVY CONSTR-NOT BLDG CONSTR
2002617.0,6.30159789852408,Jeffrey Crowe,LANDSTAR SYSTEM INC,Industrial,1596571000.0,50.7,0.63,chairman & CEO,MALE,57.0,2030.0,20.0,4213.0,"TRUCKING, EXCEPT LOCAL"
745891.0,5.872675366940214,Robert Khoury,BE AEROSPACE INC,Industrial,624400000.0,-53.5,0.3,president & CEO,MALE,62.0,2010.0,20.0,2531.0,PUBLIC BLDG & REL FURNITURE
1888092.0,6.276023152101289,David Thompson,ORBITAL SCIENCES CORP,Industrial,581500000.0,20.237,,chairman & CEO,MALE,49.0,2010.0,20.0,3760.0,GUIDED MISSILES & SPACE VEHC
4282048.0,6.631651531248539,Richard Vie,UNITRIN INC,Financial,2943800000.0,123.6,0.59,chairman & CEO,MALE,66.0,4030.0,40.0,6331.0,"FIRE, MARINE, CASUALTY INS"
1080674.0,6.033694702876788,Beatriz Infante,ASPECT COMMUNICATIONS CORP,IT,363848000.0,36.725,,"chairman, president & CEO",FEMALE,,4520.0,45.0,3661.0,TELE & TELEGRAPH APPARATUS
455652.0,5.65863328086883,"Randall Herrel, Sr.",ASHWORTH INC,Discretionary,149438000.0,7.328,0.1,CEO,MALE,53.0,2520.0,25.0,2320.0,"MENS,BOYS FRNSH, WORK CLTHNG"
1067052.0,6.0281855841506,John Bonfiglio,IMMUNE RESPONSE CORP/DE,Health,66000.0,-28.799,,CEO,MALE,49.0,3520.0,35.0,2836.0,"BIOLOGICAL PDS,EX DIAGNSTICS"
707756.0,5.8498835597833025,Jack Saltich,THREE-FIVE SYSTEMS INC,IT,159018000.0,-44.453,0.21,president & CEO,MALE,60.0,4530.0,45.0,3674.0,"SEMICONDUCTOR,RELATED DEVICE"
4617392.0,6.664396746158283,J. Spainhour,ANNTAYLOR STORES CORP,Discretionary,1587708000.0,100.942,4.22,chairman & CEO,MALE,54.0,2550.0,25.0,5621.0,WOMEN'S CLOTHING STORES
1686500.0,6.226986345525219,Thomas Van Weelden,ALLIED WASTE INDUSTRIES INC,Industrial,5247700000.0,128.7,0.77,"chairman, president & CEO",MALE,49.0,2020.0,20.0,4953.0,REFUSE SYSTEMS
1946664.0,6.289290997468381,Steven Nichols,K-SWISS INC  -CL A,Discretionary,429162000.0,50.056,0.33,president & CEO,MALE,61.0,2520.0,25.0,3140.0,"FOOTWEAR, EXCEPT RUBBER"
753000.0,5.8767949762007,"Joseph Sambataro, Jr.",LABOR READY INC,Industrial,891191000.0,17.531,,president & CEO,MALE,53.0,2020.0,20.0,7363.0,HELP SUPPLY SERVICES
9413555.0,6.973753664375049,Jack Bovender Jr.,HCA INC,Health,21808000000.0,1332.0,,chairman & CEO,MALE,58.0,3510.0,35.0,8062.0,GEN MED & SURGICAL HOSPITALS
9594669.0,6.982029996898162,Willem Roelandts,XILINX INC,IT,1397846000.0,302.989,0.02,"chairman, president & CEO",MALE,59.0,4530.0,45.0,3674.0,"SEMICONDUCTOR,RELATED DEVICE"
981300.0,5.9918017988446435,Jerry Moyes,SWIFT TRANSPORTATION CO INC,Industrial,2397655000.0,79.371,23.74,"chairman, president & CEO",MALE,60.0,2030.0,20.0,4213.0,"TRUCKING, EXCEPT LOCAL"
2829525.0,6.4517135354560375,Peter Whitford,WET SEAL INC  -CL A,Discretionary,517644000.0,-47.28,,CEO,MALE,48.0,2550.0,25.0,5621.0,WOMEN'S CLOTHING STORES
6733044.0,6.828211452563113,J. Stewart,BJ SERVICES CO,Energy,2142877000.0,188.177,0.36,president & CEO,MALE,59.0,1010.0,10.0,1389.0,"OIL & GAS FIELD SERVICES,NEC"
2627131.0,6.419481729108358,Steven Berglund,TRIMBLE NAVIGATION LTD,IT,540903000.0,38.485,0.07,president & CEO,MALE,52.0,4520.0,45.0,3829.0,"MEAS & CONTROLLING DEV, NEC"
1329436.0,6.1236674349238,Gregory Burns,O CHARLEYS INC,Discretionary,759011000.0,21.273,1.06,chairman & CEO,MALE,49.0,2530.0,25.0,5812.0,EATING PLACES
1338900.0,6.126748141560191,S. George,VINTAGE PETROLEUM INC,Energy,767413000.0,-240.907,0.34,president & CEO,MALE,,1010.0,10.0,1311.0,CRUDE PETROLEUM & NATURAL GS
3288720.0,6.517026899438455,Robert Orlich,TRANSATLANTIC HOLDINGS INC,Financial,3452140000.0,303.644,,president & CEO,MALE,56.0,4030.0,40.0,6331.0,"FIRE, MARINE, CASUALTY INS"
2099355.0,6.322085883796748,Donald Nigbor,BENCHMARK ELECTRONICS INC,IT,1839821000.0,55.436,0.49,chairman & CEO,MALE,56.0,4520.0,45.0,3672.0,PRINTED CIRCUIT BOARDS
246014.0,5.390959822346231,Terry Wall,VITAL SIGNS INC,Health,182163000.0,14.222,32.39,president & CEO,MALE,62.0,3510.0,35.0,3841.0,"SURGICAL,MED INSTR,APPARATUS"
9414753.000000002,6.973808930603966,M. Kathwari,ETHAN ALLEN INTERIORS INC,Discretionary,907264000.0,75.381,4.31,"chairman, president & CEO",MALE,59.0,2520.0,25.0,2511.0,"WOOD HSHLD FURN, EX UPHOLSRD"
797252.0,5.901595617394926,John Harker,INFOCUS CORP,IT,604490000.0,-109.513,0.35,"chairman, president & CEO",MALE,69.0,4520.0,45.0,3861.0,PHOTOGRAPHIC EQUIP & SUPPLY
46699968.99999999,7.669316592276317,Charles Cawley,MBNA CORP,Financial,11684364000.0,2338.104,,president & CEO,MALE,63.0,4020.0,40.0,6020.0,COMMERCIAL BANKS
568005.0,5.754352158708997,John Hodgman,CYGNUS INC,Health,2918000.0,49.442,,"chairman, president & CEO",MALE,49.0,3510.0,35.0,2835.0,"IN VITRO,IN VIVO DIAGNOSTICS"
1144444.0,6.058594546607763,J. Hudson,SONIC CORP,Discretionary,446640000.0,52.261,1.43,chairman & CEO,MALE,49.0,2530.0,25.0,5812.0,EATING PLACES
350615.0,5.5448304921282165,George Perlegos,ATMEL CORP,IT,1330635000.0,-117.996,7.02,president & CEO,MALE,53.0,4530.0,45.0,3674.0,"SEMICONDUCTOR,RELATED DEVICE"
10301698.0,7.0129088141471625,Steve Odland,AUTOZONE INC,Discretionary,5457123000.0,517.604,,"chairman, president & CEO",MALE,45.0,2550.0,25.0,5531.0,AUTO AND HOME SUPPLY STORES
4765348.0,6.678094621440474,Robert Peebler,INPUT/OUTPUT INC,Energy,150033000.0,-23.152,,CEO,MALE,56.0,1010.0,10.0,3829.0,"MEAS & CONTROLLING DEV, NEC"
3535088.0,6.548400229289557,Leonard Schleifer,REGENERON PHARMACEUT,Health,57497000.0,-107.458,,president & CEO,MALE,51.0,3520.0,35.0,2834.0,PHARMACEUTICAL PREPARATIONS
15120918.0,7.179578158244024,Allen Wise,COVENTRY HEALTH CARE,Health,4535143000.0,250.145,0.71,president & CEO,MALE,61.0,3510.0,35.0,8011.0,OFFICES OF MEDICAL DOCTORS
7984278.000000001,6.90223564999325,Robert Bailey,PMC-SIERRA INC,IT,249483000.0,-7.991,0.8,president & CEO,MALE,46.0,4530.0,45.0,3674.0,"SEMICONDUCTOR,RELATED DEVICE"
10861038.0,7.035871333183761,"Frank Baldino, Jr.",CEPHALON INC,Health,714807000.0,83.858,0.28,chairman & CEO,MALE,50.0,3520.0,35.0,2834.0,PHARMACEUTICAL PREPARATIONS
7968588.0,6.9013813730729545,Thomas Usher,UNITED STATES STEEL CORP,Materials,9328000000.0,-463.0,1.03,chairman & CEO,MALE,61.0,1510.0,15.0,3312.0,STEEL WORKS & BLAST FURNACES
5113059.0,6.708680804114488,Lawrence Higby,APRIA HEALTHCARE GROUP,Health,1380945000.0,115.992,0.06,president & CEO,MALE,58.0,3510.0,35.0,8082.0,HOME HEALTH CARE SERVICES
13898389.0,7.1429644629189974,David Mott,MEDIMMUNE INC,Health,1054334000.0000001,183.204,0.07,vice chairman & CEO,MALE,38.0,3520.0,35.0,2836.0,"BIOLOGICAL PDS,EX DIAGNSTICS"
3650271.0,6.562325108137469,Brad Nutter,HAEMONETICS CORP,Health,364229000.0,29.32,,president & CEO,MALE,52.0,3510.0,35.0,3841.0,"SURGICAL,MED INSTR,APPARATUS"
11132524.0,7.046593640076005,Peter Boneparth,JONES APPAREL GROUP INC,Discretionary,4375300000.0,328.6,,president & CEO,MALE,44.0,2520.0,25.0,2330.0,"WOMENS,MISSES,JRS OUTERWEAR"
1599208.0,6.203904953663315,Ronald Shaich,PANERA BREAD CO,Discretionary,355886000.0,30.409,0.74,chairman & CEO,MALE,50.0,2530.0,25.0,5812.0,EATING PLACES
674654.0,5.829081099621401,Chris Sullivan,OUTBACK STEAKHOUSE INC,Discretionary,2744369000.0,170.206,3.79,chairman & CEO,MALE,56.0,2530.0,25.0,5812.0,EATING PLACES
6787701.0,6.831722703281745,Robert Fish,NEIGHBORCARE INC,Staples,2648979000.0,32.688,,CEO,MALE,53.0,3010.0,30.0,8051.0,SKILLED NURSING CARE FAC
518249.0,5.714538472763195,Hock Tan,INTEGRATED CIRCUIT SYSTEMS,IT,241762000.0,61.076,,president & CEO,MALE,52.0,4530.0,45.0,3674.0,"SEMICONDUCTOR,RELATED DEVICE"
2448956.0,6.3889809822954495,Jonathan Ayers,IDEXX LABS INC,Health,475992000.0,57.09,,president & CEO,MALE,47.0,3520.0,35.0,2835.0,"IN VITRO,IN VIVO DIAGNOSTICS"
717282.0,5.855689932468282,Richard Bauer,OSTEOTECH INC,Health,94433000.0,10.867,0.3,president & CEO,MALE,59.0,3510.0,35.0,8090.0,"MISC HEALTH & ALLIED SVC,NEC"
3873656.0,6.588121050576382,Paul Hanrahan,AES CORP. (THE),Utility,8415000000.0,-403.0,,president & CEO,MALE,46.0,5510.0,55.0,4991.0,COGENERATN-SM POWER PRODUCER
462236.0,5.6648637663107735,John Short,REHABCARE GROUP INC,Health,539322000.0,-13.699,,president & CEO,MALE,59.0,3510.0,35.0,7363.0,HELP SUPPLY SERVICES
1392129.0,6.143679480527695,Joseph Feshbach,CURATIVE HEALTH SERVICES INC,Health,214741000.0,13.075,1.84,CEO,MALE,50.0,3510.0,35.0,5912.0,DRUG & PROPRIETARY STORES
8799884.0,6.944476947321538,Phillip Lassiter,AMBAC FINANCIAL GP,Financial,1256201000.0,618.915,0.69,chairman & CEO,MALE,60.0,4030.0,40.0,6351.0,SURETY INSURANCE
2003308.0,6.301747725338098,Julia Stewart,IHOP CORP,Discretionary,404805000.0,36.782,,president & CEO,FEMALE,48.0,2530.0,25.0,6794.0,PATENT OWNERS AND LESSORS
4293480.0,6.632809444197621,Brian O'Hara,XL CAPITAL LTD,Financial,7883106000.0,411.979,,president & CEO,MALE,55.0,4030.0,40.0,6351.0,SURETY INSURANCE
2539841.0,6.404806529618358,Joshua Boger,VERTEX PHARMACEUTICALS INC,Health,69141000.0,-196.767,1.36,chairman & CEO,MALE,52.0,3520.0,35.0,2834.0,PHARMACEUTICAL PREPARATIONS
3094045.0,6.490526625817636,Joseph Alsop,PROGRESS SOFTWARE CORP,IT,309060000.0,27.074,1.78,CEO,MALE,58.0,4510.0,45.0,7372.0,PREPACKAGED SOFTWARE
3289584.0,6.517140980646778,Curt Culver,MGIC INVESTMENT CORP/WI,Financial,1685411000.0,493.879,,president & CEO,MALE,51.0,4010.0,40.0,6351.0,SURETY INSURANCE
4967084.0,6.696101504554918,Charles Berg,OXFORD HEALTH PLANS INC,Health,5452444000.0,351.853,,president & CEO,MALE,46.0,3510.0,35.0,6324.0,HOSPITAL & MEDICAL SVC PLANS
1322466.0,6.121384515336942,Mark Anderson,COMMUNITY FIRST BANKSHARES,Financial,401935000.0,75.021,0.82,president & CEO,MALE,46.0,4010.0,40.0,6020.0,COMMERCIAL BANKS
940022.0,5.973138017819694,Edward Kaplan,ZEBRA TECHNOLOGIES CP  -CL A,IT,536397000.00000006,91.696,2,chairman & CEO,MALE,61.0,4520.0,45.0,3560.0,GENERAL INDUSTRIAL MACH & EQ
10888855.0,7.036982214620281,John Chen,SYBASE INC,IT,778062000.0,87.266,,"chairman, president & CEO",MALE,48.0,4510.0,45.0,7372.0,PREPACKAGED SOFTWARE
1897237.0,6.2781215856926424,Robert Mellor,BUILDING MATERIALS HLDG CP,Discretionary,1415071000.0,19.929,0.57,"chairman, president & CEO",MALE,60.0,2550.0,25.0,5211.0,LUMBER & OTH BLDG MATL-RETL
5452587.0,6.736602603791039,William Rastetter,BIOGEN IDEC INC,Health,679183000.0,-875.097,,chairman,MALE,56.0,3520.0,35.0,2836.0,"BIOLOGICAL PDS,EX DIAGNSTICS"
692486.0,5.840410997687089,Timothy Barberich,SEPRACOR INC,Health,344040000.0,-135.936,1.05,CEO,MALE,56.0,3520.0,35.0,2834.0,PHARMACEUTICAL PREPARATIONS
524315.0,5.719592282516399,Stephen Oresman,TECHNOLOGY SOLUTIONS CO,IT,45640000.0,-29.503,,CEO,MALE,71.0,4510.0,45.0,7373.0,CMP INTEGRATED SYS DESIGN
3591445.0,6.555269219960629,"Charles Foster, Jr.",LANDAMERICA FINANCIAL GP,Financial,3406002000.0,192.12,1.79,chairman & CEO,MALE,61.0,4030.0,40.0,6361.0,TITLE INSURANCE
1051980.0,6.022007483190149,Sam Duncan,SHOPKO STORES INC,Discretionary,3196909000.0,39.12,,president & CEO,MALE,52.0,2550.0,25.0,5331.0,VARIETY STORES
487281.0,5.687779477755137,Philip Pead,PER-SE TECHNOLOGIES INC,Health,335169000.0,11.989,0.4,president & CEO,MALE,51.0,3510.0,35.0,8741.0,MANAGEMENT SERVICES
2012770.0,6.303794150726843,Leonhard Dreimann,SALTON INC,Discretionary,894908000.0,7.971,3.28,CEO,MALE,54.0,2520.0,25.0,3634.0,ELECTRIC HOUSEWARES AND FANS
730307.0,5.863505463378412,William Rowe,STEWART ENTERPRISES  -CL A,Health,522058000.0,-73.468,0.48,"chairman, president & CEO",MALE,57.0,3510.0,35.0,7200.0,PERSONAL SERVICES
659377.0,5.819133794267108,Donald Hultgren,SWS GROUP INC,Financial,259281000.0,2.868,,CEO,MALE,46.0,4020.0,40.0,6211.0,SECURITY BROKERS & DEALERS
12691403.000000002,7.1035096348195115,Paul Ormond,MANOR CARE INC,Health,3029441000.0,119.007,2.22,"chairman, president & CEO",MALE,54.0,3510.0,35.0,8051.0,SKILLED NURSING CARE FAC
2007450.0,6.30264473701696,Robert Goodfriend,GOODYS FAMILY CLOTHING INC,Discretionary,1227032000.0,17.661,38.86,chairman & CEO,MALE,54.0,2550.0,25.0,5651.0,FAMILY CLOTHING STORES
718866.0,5.856647943395133,Keith Sirois,CHECKERS DRIVE-IN RESTAURANT,Discretionary,190319000.0,15.783,,president & CEO,MALE,52.0,2530.0,25.0,5812.0,EATING PLACES
811688.0,5.9093891254024795,Louis Lower II,HORACE MANN EDUCATORS CORP,Financial,866248000.0,18.975,0.07,president & CEO,MALE,58.0,4030.0,40.0,6331.0,"FIRE, MARINE, CASUALTY INS"
1220659.0,6.086594357555011,Thomas O'Brien,INSURANCE AUTO AUCTIONS INC,Industrial,209650000.0,2.332,,president & CEO,MALE,50.0,2020.0,20.0,5010.0,"MOTOR VEH PARTS, SUPPLY-WHSL"
2263304.0,6.354742890965542,William Greubel,WABASH NATIONAL CORP,Industrial,887940000.0,-57.227,,president & CEO,MALE,52.0,2010.0,20.0,3715.0,TRUCK TRAILERS
1384094.0,6.1411655859986345,Milton Cooper,KIMCO REALTY CORP,Financial,594342000.0,307.879,6.12,chairman & CEO,MALE,75.0,4040.0,40.0,6798.0,REAL ESTATE INVESTMENT TRUST
1950915.0,6.2902383479003445,David Gibbons,PERRIGO CO,Health,825987000.0,54.048,,"chairman, president & CEO",MALE,60.0,3520.0,35.0,2834.0,PHARMACEUTICAL PREPARATIONS
904187.0,5.956258258649557,Li-San Hwang,TETRA TECH INC,Industrial,860772000.0,-64.56,3.06,chairman & CEO,MALE,68.0,2020.0,20.0,8711.0,ENGINEERING SERVICES
9271996.0,6.967173235598086,Irwin Jacobs,QUALCOMM INC,IT,3970636000.0,827.441,2,chairman & CEO,MALE,70.0,4520.0,45.0,3663.0,"RADIO, TV BROADCAST, COMM EQ"
1349304.0,6.130109807825067,Louis Tomasetta,VITESSE SEMICONDUCTOR CORP,IT,156371000.0,-167.189,0.38,president & CEO,MALE,55.0,4530.0,45.0,3674.0,"SEMICONDUCTOR,RELATED DEVICE"
201626.0,5.304546534363068,Christopher Amenson,SBS TECHNOLOGIES INC,IT,115521000.0,-4.45,0.76,chairman & CEO,MALE,53.0,4520.0,45.0,3577.0,"COMPUTER PERIPHERAL EQ, NEC"
10076223.0,7.003297770437604,John Martin,GILEAD SCIENCES INC,Health,867864000.0,-72.003,,president & CEO,MALE,52.0,3520.0,35.0,2836.0,"BIOLOGICAL PDS,EX DIAGNSTICS"
29914396.0,7.475880238449493,Timothy Donahue,NEXTEL COMMUNICATIONS,Telecom,10820000000.0,1537.0,,president & CEO,MALE,55.0,5010.0,50.0,4812.0,RADIOTELEPHONE COMMUNICATION
2332658.0,6.367851069869421,Mark McDade,PROTEIN DESIGN LABS INC,Health,66686000.00000001,-129.814,,CEO,MALE,48.0,3520.0,35.0,2836.0,"BIOLOGICAL PDS,EX DIAGNSTICS"
549253.0,5.739772437699762,John Mackey,WHOLE FOODS MARKET INC,Staples,3148593000.0,103.687,0.87,"chairman, president & CEO",MALE,50.0,3010.0,30.0,5411.0,GROCERY STORES
3296444.0,6.5180457023465,Brian Jellison,ROPER INDUSTRIES INC/DE,Industrial,657356000.0,45.239,,president & CEO,MALE,58.0,2010.0,20.0,3823.0,INDUSTRIAL MEASUREMENT INSTR
2736637.0,6.437217194431642,Samuel Skinner,USF CORP,Industrial,2292139000.0,42.296,,president & CEO,MALE,,2030.0,20.0,4213.0,"TRUCKING, EXCEPT LOCAL"
2372777.0,6.3752569239652,Aart De Geus,SYNOPSYS INC,IT,1176983000.0,149.724,0.35,chairman & CEO,MALE,49.0,4510.0,45.0,7372.0,PREPACKAGED SOFTWARE
1860584.0,6.2696492819431295,Ronald Drapeau,CALLAWAY GOLF CO,Discretionary,814032000.0,45.523,0.09,chairman & CEO,MALE,57.0,2520.0,25.0,3949.0,"SPORTING & ATHLETIC GDS, NEC"
4743919.0,6.676137265062497,Alan Schultz,VALASSIS COMMUNICATIONS INC,Discretionary,916520000.0,103.708,0.24,president & CEO,MALE,45.0,2540.0,25.0,7310.0,ADVERTISING
1174473.0,6.069843037217673,Jamie Coulter,LONE STAR STEAKHOUSE SALOON,Discretionary,591401000.0,18.666,10.32,CEO,MALE,63.0,2530.0,25.0,5812.0,EATING PLACES
1201463.0,6.079710400904999,Donald Sellers,SCICLONE PHARMACEUTICALS INC,Health,32537999.999999996,-5.275,0.2,president & CEO,MALE,59.0,3520.0,35.0,2834.0,PHARMACEUTICAL PREPARATIONS
14894630.999999998,7.173029748460839,Richard Parsons,TIME WARNER INC,Discretionary,39565000000.0,2639.0,,chairman & CEO,MALE,55.0,2540.0,25.0,7812.0,"MOTION PIC, VIDEOTAPE PRODTN"
49500.0,4.694605198933568,Thomas Mara,FINOVA GROUP INC,Financial,428715000.0,256.113,,CEO,MALE,58.0,4020.0,40.0,6159.0,MISC BUSINESS CREDIT INSTN
5858688.0,6.76780037059904,John Byrnes,LINCARE HOLDINGS INC,Health,1147356000.0,232.111,0.01,CEO,MALE,45.0,3510.0,35.0,8090.0,"MISC HEALTH & ALLIED SVC,NEC"
3131710.0,6.495781539072074,Dennis Sheehan,BISYS GROUP INC,IT,958419000.0,111.823,,president & CEO,MALE,48.0,4510.0,45.0,6200.0,SECURITY & COMMODITY BROKERS
5763731.0,6.760703703588555,William Prange,CHRISTOPHER & BANKS CORP,Discretionary,390723000.0,39.34,1.21,chairman & CEO,MALE,50.0,2550.0,25.0,5621.0,WOMEN'S CLOTHING STORES
1074138.0,6.031060080980306,"Philip Hickey, Jr.",RARE HOSPITALITY INTL INC,Discretionary,680832000.0,42.277,0.24,chairman & CEO,MALE,49.0,2530.0,25.0,5812.0,EATING PLACES
1259744.0,6.1002822985435055,Jeffrey Lorberbaum,MOHAWK INDUSTRIES INC,Discretionary,5005053000.0,310.149,19.53,president & CEO,MALE,49.0,2520.0,25.0,2273.0,CARPETS AND RUGS
6194734.0,6.792022662639056,Dennis Reilley,PRAXAIR INC,Materials,5613000000.0,585.0,,"chairman, president & CEO",MALE,51.0,1510.0,15.0,2810.0,INDL INORGANIC CHEMICALS
7613084.0,6.881560621667108,Charles Fote,FIRST DATA CORP,IT,8400200000.000001,1408.7,,chairman & CEO,MALE,55.0,4510.0,45.0,7374.0,"CMP PROCESSING,DATA PREP SVC"
2156435.0,6.333736372026711,John Fan,KOPIN CORP,IT,76552000.0,-6.878,0.64,"chairman, president & CEO",MALE,60.0,4530.0,45.0,3674.0,"SEMICONDUCTOR,RELATED DEVICE"
1188310.0,6.074929751863116,George Zimmer,MENS WEARHOUSE INC,Discretionary,1392680000.0,50.026,8.7,chairman & CEO,MALE,55.0,2550.0,25.0,5600.0,APPAREL AND ACCESSORY STORES
1680359.0,6.225402076406191,Robert Ratliff,AGCO CORP,Industrial,3495300000.0,74.4,,"chairman, president & CEO",MALE,72.0,2010.0,20.0,3523.0,FARM MACHINERY AND EQUIPMENT
781332.0,5.892835611508895,Michael Fisher,STEIN MART INC,Discretionary,1355457000.0,2.201,,president & CEO,MALE,56.0,2550.0,25.0,5651.0,FAMILY CLOTHING STORES
7916899.0,6.898555104454368,James Tobin,BOSTON SCIENTIFIC CORP,Health,3476000000.0,472.0,,president & CEO,MALE,59.0,3510.0,35.0,3841.0,"SURGICAL,MED INSTR,APPARATUS"
4283968.0,6.631846218117958,R. Montgomery,KOHLS CORP,Discretionary,10282094000.0,591.152,,CEO,MALE,55.0,2550.0,25.0,5311.0,DEPARTMENT STORES
2325565.0,6.366528482633522,Les Vinney,STERIS CORP,Health,1087012000.0,94.243,,president & CEO,MALE,55.0,3510.0,35.0,3842.0,"ORTHO,PROSTH,SURG APPL,SUPLY"
1259009.0,6.10002883466415,Paul Sinsheimer,FINANCIAL FEDERAL CORP,Financial,130247000.00000001,30.088,2.3,president & CEO,MALE,56.0,4020.0,40.0,6159.0,MISC BUSINESS CREDIT INSTN
8402059.999999998,6.92438577855592,Steven Temares,BED BATH & BEYOND INC,Discretionary,4477981000.0,399.47,,president & CEO,MALE,45.0,2550.0,25.0,5700.0,HOME FURNITURE & EQUIP STORE
5847783.000000001,6.766991248414386,Donald Tomnitz,D R HORTON INC,Discretionary,8728100000.0,625.955,,"vice chairman, president & CEO",MALE,55.0,2520.0,25.0,1531.0,OPERATIVE BUILDERS
1351098.0,6.130686851106148,Mark Ain,KRONOS INC,IT,397355000.0,34.666,1.15,chairman & CEO,MALE,60.0,4510.0,45.0,7372.0,PREPACKAGED SOFTWARE
2805910.0,6.448073736852634,Barrett Toan,EXPRESS SCRIPTS INC,Health,13294517000.0,249.6,,chairman & CEO,MALE,56.0,3510.0,35.0,6411.0,"INS AGENTS,BROKERS & SERVICE"
7886945.0,6.896908812262592,Orin Smith,STARBUCKS CORP,Discretionary,4075522000.0,268.346,,president & CEO,MALE,61.0,2530.0,25.0,2090.0,"MISC FOOD PREPS, KINDRED PDS"
4941076.0,6.693821533939362,Bruce Williamson,DYNEGY INC,Utility,5817000000.0,-453.0,,president & CEO,MALE,44.0,5510.0,55.0,1311.0,CRUDE PETROLEUM & NATURAL GS
1238590.0,6.09292756932578,Douglas Timmerman,ANCHOR BANCORP INC/WI,Financial,272338000.0,47.369,3.52,president & CEO,MALE,63.0,4010.0,40.0,6035.0,"SAVINGS INSTN,FED CHARTERED"
806028.0,5.906350128696254,Richard Packer,ZOLL MEDICAL CORP,Health,184603000.0,12.85,0.11,president & CEO,MALE,46.0,3510.0,35.0,3845.0,ELECTROMEDICAL APPARATUS
1437792.0,6.157696062829889,David Overton,CHEESECAKE FACTORY INC,Discretionary,773835000.0,57.836,5.33,chairman & CEO,MALE,57.0,2530.0,25.0,5812.0,EATING PLACES
1333631.0,6.125035682030254,Joseph Peterson,ON ASSIGNMENT INC,Industrial,209554000.0,-81.8,0.1,president & CEO,MALE,43.0,2020.0,20.0,7363.0,HELP SUPPLY SERVICES
819188.0,5.913383581849585,Thomas Brown,CARAUSTAR INDUSTRIES INC,Materials,992220000.0,-27.035,,president & CEO,MALE,63.0,1510.0,15.0,2631.0,PAPERBOARD MILLS
7351631.0,6.866383700406675,George Samenuk,NETWORKS ASSOCIATES INC,IT,936336000.0,70.242,,chairman & CEO,MALE,48.0,4510.0,45.0,7372.0,PREPACKAGED SOFTWARE
1320714.0,6.12080878152863,Eric Giler,BROOKTROUT INC,IT,74656000.0,0.555,3.43,president,MALE,48.0,4520.0,45.0,3661.0,TELE & TELEGRAPH APPARATUS
39723164.0,7.599043833303065,L. Klaus,EPICOR SOFTWARE CORP,IT,155422000.0,9.294,8.23,"chairman, president & CEO",MALE,63.0,4510.0,45.0,7372.0,PREPACKAGED SOFTWARE
1839539.0,6.264708999726399,Paul Saueracker,MINERALS TECHNOLOGIES INC,Materials,829743000.0,63.22,0.18,"chairman, president & CEO",MALE,62.0,1510.0,15.0,2810.0,INDL INORGANIC CHEMICALS
5879179.0,6.769316683106042,Stephen Way,HCC INSURANCE HOLDINGS INC,Financial,941964000.0,143.561,4.36,"chairman, president & CEO",MALE,55.0,4030.0,40.0,6331.0,"FIRE, MARINE, CASUALTY INS"
2839882.0,6.453300295042274,Frank Filipps,RADIAN GROUP INC,Financial,1279194000.0,385.901,,chairman & CEO,MALE,56.0,4010.0,40.0,6351.0,SURETY INSURANCE
1018024.0,6.007758016649759,Clyde Anderson,BOOKS-A-MILLION INC,Discretionary,460159000.0,7.201,9.46,chairman & CEO,MALE,43.0,2550.0,25.0,5940.0,MISC SHOPPING GOODS STORES
23043058.000000004,7.362540112962927,Craig Conway,PEOPLESOFT INC,IT,2267018000.0,85.044,0.159,president & CEO,MALE,49.0,4510.0,45.0,7372.0,PREPACKAGED SOFTWARE
2062080.0,6.314305510067086,Mark Yoseloff,SHUFFLE MASTER INC,Discretionary,67427000.0,16.934,0.78,chairman & CEO,MALE,57.0,2530.0,25.0,3990.0,MISC MANUFACTURNG INDUSTRIES
285395.0,5.45544636018917,Everett Jefferson,FRESH CHOICE INC,Discretionary,78492000.0,-6.006,1.06,president & CEO,MALE,65.0,2530.0,25.0,5812.0,EATING PLACES
1462510.0,6.165098844278984,J. Haggar III,HAGGAR CORP,Discretionary,483968000.0,9.856,7.12,chairman & CEO,MALE,52.0,2520.0,25.0,2320.0,"MENS,BOYS FRNSH, WORK CLTHNG"
2773363.0,6.443006717244397,Mark Hellerstein,ST MARY LAND & EXPLOR CO,Energy,386656000.0,95.575,,president & CEO,MALE,51.0,1010.0,10.0,1311.0,CRUDE PETROLEUM & NATURAL GS
908618.0,5.958381336070112,Frank Lin,TRIDENT MICROSYSTEMS INC,IT,52752000.0,-24.764,9.57,president & CEO,MALE,58.0,4530.0,45.0,3674.0,"SEMICONDUCTOR,RELATED DEVICE"
16479731.999999998,7.216950144747774,Curtis Clawson,HAYES LEMMERZ INTL INC,Discretionary,2056400000.0,996.5,,"chairman, president & CEO",MALE,44.0,2510.0,25.0,3714.0,"MOTOR VEHICLE PART,ACCESSORY"
1494353.0,6.174453199784278,Charles Fabrikant,SEACOR HOLDINGS INC,Energy,406209000.0,11.954,3.73,"chairman, president & CEO",MALE,59.0,1010.0,10.0,4412.0,DEEP SEA FRN TRANS-FREIGHT
5163232.0,6.712921639681373,Barry Diller,INTERACTIVECORP,Discretionary,6328118000.0,167.396,26.65,chairman & CEO,MALE,62.0,2550.0,25.0,4700.0,TRANSPORTATION SERVICES
371474.0,5.569928422264346,Brian Cook,NAUTILUS GROUP INC,Discretionary,498836000.0,34.402,5.4,chairman,MALE,,2520.0,25.0,3949.0,"SPORTING & ATHLETIC GDS, NEC"
1018825.0,6.008099593171079,Charles Swoboda,CREE INC,IT,229822000.0,34.901,0.09,president & CEO,MALE,36.0,4530.0,45.0,3674.0,"SEMICONDUCTOR,RELATED DEVICE"
734658.0,5.866085212173727,Steven Anderson,CRYOLIFE INC,Health,59532000.0,-32.294,6.81,"chairman, president & CEO",MALE,65.0,3510.0,35.0,8090.0,"MISC HEALTH & ALLIED SVC,NEC"
1197883.0,6.078414401579347,Richard Glasier,ARGOSY GAMING CO,Discretionary,959504000.0,51.733,,president & CEO,MALE,58.0,2530.0,25.0,7990.0,MISC AMUSEMENT & REC SERVICE
3327824.0,6.522160349514711,Allen Chao,WATSON PHARMACEUTICALS INC,Health,1457722000.0,202.864,3.26,chairman & CEO,MALE,58.0,3520.0,35.0,2834.0,PHARMACEUTICAL PREPARATIONS
3129109.0,6.49542069170932,Michael McCallister,HUMANA INC,Health,12211111000.0,228.934,,president & CEO,MALE,51.0,3510.0,35.0,6324.0,HOSPITAL & MEDICAL SVC PLANS
3192330.0,6.504107779223561,David Krall,AVID TECHNOLOGY INC,IT,471912000.0,40.889,0.12,president & CEO,MALE,43.0,4520.0,45.0,3861.0,PHOTOGRAPHIC EQUIP & SUPPLY
27122010.0,7.433321871757029,Stephen Bennett,INTUIT INC,IT,1650743000.0,343.034,,president & CEO,MALE,49.0,4510.0,45.0,7372.0,PREPACKAGED SOFTWARE
2604980.0,6.415804393308102,Greg Weaver,PACIFIC SUNWEAR CALIF INC,Discretionary,1040294000.0000001,80.213,3.37,chairman & CEO,MALE,50.0,2550.0,25.0,5651.0,FAMILY CLOTHING STORES
1194633.0,6.077234507330486,Mark Lemond,SHOE CARNIVAL INC,Discretionary,557923000.0,12.233,2.18,president & CEO,MALE,49.0,2550.0,25.0,5661.0,SHOE STORES
3484007.0,6.54207901891264,Marvin Gralnick,CHICOS FAS INC,Discretionary,768499000.0,100.23,2.35,chairman,MALE,69.0,2550.0,25.0,5621.0,WOMEN'S CLOTHING STORES
2882407.0,6.459755303811181,Lisa Harper,GYMBOREE CORP,Discretionary,577993000.0,25.706,,chairman & CEO,FEMALE,44.0,2550.0,25.0,2300.0,APPAREL & OTHER FINISHED PDS
9816643.0,6.991962997376449,Brian Duperreault,ACE LIMITED,Financial,10689742000.0,1417.482,,chairman & CEO,MALE,56.0,4030.0,40.0,6331.0,"FIRE, MARINE, CASUALTY INS"
255324.0,5.407091639628674,Kosta Kartsotis,FOSSIL INC,Discretionary,781736000.0,68.335,14.7,president & CEO,MALE,51.0,2520.0,25.0,3873.0,"WATCHES, CLOCKS AND PARTS"
1205522.0,6.081175140380349,Jure Sola,SANMINA-SCI CORP,IT,10361434000.0,-137.157,1.4,co-chairman & CEO,MALE,52.0,4520.0,45.0,3672.0,PRINTED CIRCUIT BOARDS
2093134.0,6.320797032255424,Carl Siebel,APTARGROUP INC,Materials,1114689000.0,79.679,0.28,president & CEO,MALE,69.0,1510.0,15.0,3089.0,"PLASTICS PRODUCTS, NEC"
1924211.0,6.284252693019519,David O'Reilly,O REILLY AUTOMOTIVE INC,Discretionary,1511816000.0,100.087,4.4,co-chairman & CEO,MALE,54.0,2550.0,25.0,5531.0,AUTO AND HOME SUPPLY STORES
2395147.0,6.379332173003065,Fred Wagenhals,ACTION PERFORMANCE COS INC,Discretionary,370643000.0,24.227,9.66,"chairman, president & CEO",MALE,62.0,2520.0,25.0,5130.0,"APPAREL,PIECE GDS,NOTNS-WHSL"
1716092.0,6.234540566741891,Thomas Waltermire,POLYONE CORP,Materials,1964500000.0,-251.1,0.27,"chairman, president & CEO",MALE,54.0,1510.0,15.0,2821.0,"PLASTICS,RESINS,ELASTOMERS"
1928059.0,6.285120319495432,Timothy Main,JABIL CIRCUIT INC,IT,4729482000.0,43.007,,CEO & president,MALE,46.0,4520.0,45.0,3672.0,PRINTED CIRCUIT BOARDS
36419570.0,7.561334813844138,Bob Simpson,XTO ENERGY INC,Energy,1188410000.0,288.279,2.31,chairman & CEO,MALE,55.0,1010.0,10.0,1311.0,CRUDE PETROLEUM & NATURAL GS
506000.0,5.704150516839799,"Maurice Taylor, Jr.",TITAN INTERNATIONAL INC,Industrial,491672000.0,-36.657,9.41,president & CEO,MALE,59.0,2010.0,20.0,3312.0,STEEL WORKS & BLAST FURNACES
5760283.0,6.760443820631404,John Edwardson,CDW CORP,IT,4664616000.0,175.186,,chairman & CEO,MALE,54.0,4520.0,45.0,5961.0,"CATALOG, MAIL-ORDER HOUSES"
5867710.0,6.768468641552976,Robert Long,TRANSOCEAN INC,Energy,2434300000.0,19.2,,president & CEO,MALE,58.0,1010.0,10.0,1381.0,DRILLING OIL AND GAS WELLS
14921524.999999998,7.173813210887307,Edward Liddy,ALLSTATE CORP,Financial,32149000000.0,2705.0,,"chairman, president & CEO",MALE,58.0,4030.0,40.0,6331.0,"FIRE, MARINE, CASUALTY INS"
649785.0,5.812769681628201,John Schnatter,PAPA JOHNS INTERNATIONAL INC,Discretionary,917378000.0,33.563,27.18,"chairman, president & CEO",MALE,42.0,2530.0,25.0,5812.0,EATING PLACES
747921.0,5.873855727442023,Susan Engel,DEPARTMENT 56 INC  -SER A,Discretionary,191714000.0,16.408,0.32,chairman & CEO,FEMALE,57.0,2520.0,25.0,3260.0,POTTERY AND RELATED PRODUCTS
2074446.0,6.316902134172338,W. Bell,BELL MICROPRODUCTS INC,IT,2230287000.0,-4.474,3.84,"chairman, president & CEO",MALE,66.0,4520.0,45.0,5065.0,"ELECTRONIC PARTS,EQ-WHSL,NEC"
722083.0,5.858587120520102,John Meier,LIBBEY INC,Discretionary,518619000.0,29.073,0.26,chairman & CEO,MALE,56.0,2520.0,25.0,3220.0,"GLASS,GLASSWR-PRESSED,BLOWN"
1003308.0,6.001434275160784,Earl Lewis,FLIR SYSTEMS INC,IT,311979000.0,44.693,0.74,"chairman, president & CEO",MALE,60.0,4520.0,45.0,3812.0,"SRCH,DET,NAV,GUID,AERO SYS"
337439.0,5.528195275366234,Curtis Wozniak,ELECTROGLAS INC,IT,44967000.0,-58.972,0.28,CEO,MALE,,4530.0,45.0,3559.0,"SPECIAL INDUSTRY MACHY, NEC"
973035.0,5.98812846209105,W. Jagodinski,DELTA & PINE LAND CO,Staples,281276000.0,27.805,,president & CEO,MALE,47.0,3020.0,30.0,100.0,AGRICULTURE PRODUCTION-CROPS
498214.0,5.697415927209558,D. Canty,STONE ENERGY CORP,Energy,508305000.0,134.47,1.39,president & CEO,MALE,57.0,1010.0,10.0,1311.0,CRUDE PETROLEUM & NATURAL GS
1030000.0,6.012837224705171,Jack Brucker,RURAL/METRO CORP,Health,520477000.0,8.966,,president & CEO,MALE,52.0,3510.0,35.0,4100.0,TRANSIT & PASSENGER TRANS
2989416.0,6.475586354628885,Kerry Skeen,ATLANTIC COAST AIRLINES HLDG,Industrial,876411000.0,82.798,0.2,chairman & CEO,MALE,51.0,2030.0,20.0,4512.0,"AIR TRANSPORT, SCHEDULED"
6075177.0,6.783558935604256,Philip Francis,PETSMART INC,Discretionary,2996051000.0,139.549,0.15,chairman & CEO,MALE,57.0,2550.0,25.0,5990.0,"RETAIL STORES, NEC"
2525242.0,6.402303003931314,Elizabeth Fetter,QRS CORP,IT,123347000.0,-6.66,0.08,president & CEO,FEMALE,45.0,4510.0,45.0,7372.0,PREPACKAGED SOFTWARE
2828465.0,6.451550809061609,Bruce Duncan,EQUITY RESIDENTIAL,Financial,1829415000.0,543.847,,president & CEO,MALE,52.0,4040.0,40.0,6798.0,REAL ESTATE INVESTMENT TRUST
1810112.0,6.257705447508478,Timothy Manganello,BORGWARNER INC,Discretionary,3069200000.0,174.9,,chairman & CEO,MALE,54.0,2510.0,25.0,3714.0,"MOTOR VEHICLE PART,ACCESSORY"
3579647.0,6.553840201640844,Tilman Fertitta,LANDRYS RESTAURANTS INC,Discretionary,1105755000.0,45.901,16.41,president & CEO,MALE,46.0,2530.0,25.0,5812.0,EATING PLACES
1506440.0,6.177951838838561,C. Gray,PERFORMANCE FOOD GROUP CO,Staples,5519811000.0,74.191,,president & CEO,MALE,54.0,3010.0,30.0,5141.0,"GROCERIES, GENERAL LINE-WHSL"
2062013.0,6.314291398973912,Robert Stanzione,ARRIS GROUP INC,IT,433986000.0,-47.313,0.09,CEO,MALE,56.0,4520.0,45.0,3663.0,"RADIO, TV BROADCAST, COMM EQ"
852968.0,5.9309327384546195,"James Maguire, Jr.",PHILADELPHIA CONS HLDG CORP,Financial,616698000.0,60.277,2.47,president & CEO,MALE,43.0,4030.0,40.0,6331.0,"FIRE, MARINE, CASUALTY INS"
631345.0,5.800266745378649,Thomas Lowder,COLONIAL PROPERTIES TRUST,Financial,334850000.0,52.265,11.03,"chairman, president & CEO",MALE,54.0,4040.0,40.0,6798.0,REAL ESTATE INVESTMENT TRUST
941180.0,5.973672689878904,Kay Toolson,MONACO COACH CORP,Discretionary,1168311000.0,22.2,6.29,chairman & CEO,MALE,60.0,2510.0,25.0,3711.0,MOTOR VEHICLES & CAR BODIES
855536.0,5.9322382888886915,Stephen Riggio,BARNES & NOBLE INC,Discretionary,5951015000.0,151.853,,vice chairman & CEO,MALE,49.0,2550.0,25.0,5940.0,MISC SHOPPING GOODS STORES
8690126.0,6.93902607342312,"John Marriott, Jr.",MARRIOTT INTL INC,Discretionary,9014000000.0,502.0,12.03,chairman & CEO,MALE,72.0,2530.0,25.0,7011.0,HOTELS AND MOTELS
4295566.0,6.633020396218849,Arthur Zafiropoulo,ULTRATECH INC,IT,100121000.0,7.566,6.4,"chairman, president & CEO",MALE,65.0,4530.0,45.0,3559.0,"SPECIAL INDUSTRY MACHY, NEC"
908508.0,5.958328755904436,J. McEntire,ULTIMATE ELECTRONICS INC,Discretionary,712855000.0,-16.049,,CEO,MALE,,2550.0,25.0,5731.0,"RADIO,TV,CONS ELECTR STORES"
2468718.0,6.392471483597982,James Sinegal,COSTCO WHOLESALE CORP,Staples,42545551000.0,721.0,,president & CEO,MALE,67.0,3010.0,30.0,5399.0,MISC GENERAL MDSE STORES
2016978.0,6.304701161211917,T. Eglin,LEXINGTON CORP PPTYS TRUST,Financial,120520000.0,33.649,,"president, CEO & chief operating officer",MALE,39.0,4040.0,40.0,6798.0,REAL ESTATE INVESTMENT TRUST
1667372.0,6.222032504161378,Graham Siddall,CREDENCE SYSTEMS CORP,IT,182414000.0,-113.112,0.02,chairman & CEO,MALE,57.0,4530.0,45.0,3825.0,ELEC MEAS & TEST INSTRUMENTS
15099186.0,7.178953535025808,Amnon Landan,MERCURY INTERACTIVE CORP,IT,506473000.0,41.513,0.14,"chairman, president & CEO",MALE,45.0,4510.0,45.0,7372.0,PREPACKAGED SOFTWARE
1617184.0,6.208759435885675,Gordon Cooke,J JILL GROUP INC,Discretionary,376904000.0,7.193,1.11,"chairman, president & CEO",MALE,58.0,2550.0,25.0,5961.0,"CATALOG, MAIL-ORDER HOUSES"
4980493.0,6.697272334041324,Cloyce Talbott,PATTERSON-UTI ENERGY INC,Energy,776170000.0,55.326,,CEO,MALE,68.0,1010.0,10.0,1381.0,DRILLING OIL AND GAS WELLS
923248.0,5.965318375527018,Paul Friedman,INCYTE CORP,Health,47092000.0,-166.463,,CEO,MALE,61.0,3520.0,35.0,7370.0,"CMP PROGRAMMING,DATA PROCESS"
524399.0,5.719661854843188,LeRoy Nosbaum,ITRON INC,IT,319165000.0,10.478,0.1,chairman &CEO,MALE,57.0,4520.0,45.0,3663.0,"RADIO, TV BROADCAST, COMM EQ"
2066304.0,6.315194216414024,William Currie,UNIVERSAL FOREST PRODS INC,Industrial,1898830000.0,40.119,3.07,vice chairman & CEO,MALE,56.0,2010.0,20.0,2421.0,"SAWMILLS, PLANING MILLS, GEN"
3054152.0,6.4848906473630175,David Trice,NEWFIELD EXPLORATION CO,Energy,1016986000.0,199.489,,president & CEO,MALE,55.0,1010.0,10.0,1311.0,CRUDE PETROLEUM & NATURAL GS
2312669.0,6.364113478961622,Bruce Campbell,FORWARD AIR CORP,Industrial,241517000.0,25.815,0.69,president & CEO,MALE,52.0,2030.0,20.0,4731.0,"ARRANGE TRANS-FREIGHT, CARGO"
1726611.0,6.23719450341406,Timothy Vaill,BOSTON PRIVATE FINL HLDGS,Financial,158764000.0,21.823,0.65,chairman & CEO,MALE,62.0,4010.0,40.0,6020.0,COMMERCIAL BANKS
2213663.0,6.345111506163171,Jozef Straus,JDS UNIPHASE CORP,IT,675900000.0,-933.8,,co-chairman & CEO,MALE,57.0,4520.0,45.0,3663.0,"RADIO, TV BROADCAST, COMM EQ"
3459739.0,6.539043337193002,"George Engelke, Jr.",ASTORIA FINL CORP,Financial,1176852000.0,196.846,1.74,"chairman, president & CEO",MALE,65.0,4010.0,40.0,6035.0,"SAVINGS INSTN,FED CHARTERED"
1163750.0,6.065859693989399,Eugene Banucci,ATMI INC,IT,171634000.0,-9.919,1.6,chairman & CEO,MALE,60.0,4530.0,45.0,2810.0,INDL INORGANIC CHEMICALS
2895475.0,6.4617198195167,Joseph Ficalora,NEW YORK CMNTY BANCORP INC,Financial,875534000.0,323.371,1.22,president & CEO,MALE,57.0,4010.0,40.0,6036.0,"SAVINGS INSTN, NOT FED CHART"
872759.0,5.9408943360083395,Fred Kuznik,CABLE DESIGN TECH CP  -CL A,IT,484663000.0,-71.574,,CEO,MALE,62.0,4520.0,45.0,3357.0,"DRAWNG,INSULATNG NONFER WIRE"
14409.0,4.158633841358624,Theodore Waitt,GATEWAY INC,IT,3402364000.0,-514.812,28.03,"chairman, president & CEO",MALE,41.0,4520.0,45.0,3571.0,ELECTRONIC COMPUTERS
956000.0,5.9804578922761,"J. Bernhard, Jr.",SHAW GROUP INC,Industrial,3306762000.0,20.866,2.3,"chairman, president & CEO",MALE,49.0,2010.0,20.0,8711.0,ENGINEERING SERVICES
1164770.0,6.066240176355773,Ralph Quinsey,TRIQUINT SEMICONDUCTOR INC,IT,312272000.0,-72.978,,president & CEO,MALE,48.0,4530.0,45.0,3674.0,"SEMICONDUCTOR,RELATED DEVICE"
2222968.0,6.346933211001533,David Simon,SIMON PROPERTY GROUP INC,Financial,2413298000.0,368.715,1.89,CEO,MALE,42.0,4040.0,40.0,6798.0,REAL ESTATE INVESTMENT TRUST
2880600.0,6.459482956352809,J. Ferguson,EASTMAN CHEMICAL CO,Materials,5800000000.0,-270.0,,chairman & CEO,MALE,49.0,1510.0,15.0,2821.0,"PLASTICS,RESINS,ELASTOMERS"
1486666.0,6.172213409241547,Balaji Krishnamurthy,PLANAR SYSTEMS INC,IT,251927000.0,15.202,0.55,president & CEO,MALE,50.0,4520.0,45.0,3679.0,"ELECTRONIC COMPONENTS, NEC"
3902572.0,6.591350924268534,David Lilley,CYTEC INDUSTRIES INC,Materials,1471800000.0,77.4,0.4,"chairman, president & CEO",MALE,57.0,1510.0,15.0,2890.0,MISC CHEMICAL PRODUCTS
1348812.0,6.12995142109339,Chris Wheeler,GABLES RESIDENTIAL TRUST,Financial,237586000.0,57.292,2.13,"chairman, president & CEO",MALE,47.0,4040.0,40.0,6798.0,REAL ESTATE INVESTMENT TRUST
5619901.0,6.749728665118455,Irwin Simon,HAIN CELESTIAL GROUP INC,Staples,466459000.0,27.492,0.53,"chairman, president & CEO",MALE,45.0,3020.0,30.0,2000.0,FOOD AND KINDRED PRODUCTS
788846.0,5.89699222769847,George McMillan,CMGI INC,IT,436987000.0,-216.308,,president & CEO,MALE,49.0,4510.0,45.0,7370.0,"CMP PROGRAMMING,DATA PROCESS"
678020.0,5.831242504724776,David Zuern,WAYPOINT FINANCIAL CORP,Financial,293403000.0,41.487,,president & CEO,MALE,54.0,4010.0,40.0,6036.0,"SAVINGS INSTN, NOT FED CHART"
8879723.0,6.94839941831826,Thomas Johnson,GREENPOINT FINANCIAL CORP,Financial,1738000000.0,472.0,2.82,chairman & CEO,MALE,63.0,4010.0,40.0,6036.0,"SAVINGS INSTN, NOT FED CHART"
721906.0,5.858480651393701,Cinda Hallman,SPHERION CORP,Industrial,2069518000.0,-13.913,0.12,president & CEO,FEMALE,,2020.0,20.0,7363.0,HELP SUPPLY SERVICES
8390649.999999998,6.923795605701023,Jay Gellert,HEALTH NET INC,Health,11064702000.0,234.03,0.3,president & CEO,MALE,50.0,3510.0,35.0,6324.0,HOSPITAL & MEDICAL SVC PLANS
7148768.0,6.854231203073292,Eliyahu Ayalon,DSP GROUP INC,IT,152875000.0,25.355,0.02,chairman & CEO,MALE,61.0,4530.0,45.0,3663.0,"RADIO, TV BROADCAST, COMM EQ"
5516926.000000001,6.741697158689079,"Stephen Zelnak, Jr.",MARTIN MARIETTA MATERIALS,Materials,1711453000.0,93.623,,"chairman, president & CEO",MALE,59.0,1510.0,15.0,1400.0,"MNG, QUARRY NONMTL MINERALS"
972156.0,5.987735960917051,Steven Bunger,MOBILE MINI INC,Industrial,146568000.0,5.912,1.46,"chairman, president & CEO",MALE,43.0,2020.0,20.0,3443.0,FABRICATED PLATE WORK
2363592.0,6.373572511362742,"Joseph Scarlett, Jr.",TRACTOR SUPPLY CO,Discretionary,1472885000.0,56.501,13.86,chairman & CEO,MALE,61.0,2550.0,25.0,5200.0,"BLDG MATL,HARDWR,GARDEN-RETL"
1477686.0,6.169582158717088,Mark Rohr,ALBEMARLE CORP,Materials,1110237000.0,71.945,,president & CEO,MALE,52.0,1510.0,15.0,2890.0,MISC CHEMICAL PRODUCTS
2202461.0,6.342908226898045,James Rubright,ROCK-TENN CO,Materials,1433346000.0,29.576,0.46,chairman & CEO,MALE,57.0,1510.0,15.0,2650.0,"PAPERBOARD CONTAINERS, BOXES"
1154878.0,6.062536108275544,John Haley,WATSON WYATT & CO HLDGS,Industrial,709616000.0,57.166,,"chairman, president & CEO",MALE,53.0,2020.0,20.0,8742.0,MANAGEMENT CONSULTING SVCS
654418.0,5.815855236251842,Mac Slingerlend,CIBER INC,IT,691987000.0,19.984,0.79,"CEO, president & secretary",MALE,56.0,4510.0,45.0,7370.0,"CMP PROGRAMMING,DATA PROCESS"
1619461.0,6.209370493754816,Willis Johnson,COPART INC,Industrial,347423000.0,57.222,13.61,CEO,MALE,56.0,2020.0,20.0,5500.0,"AUTO DEALERS, GAS STATIONS"
3740401.0,6.57291816443355,Joe Micheletto,RALCORP HOLDINGS INC,Staples,1303600000.0,7.4,,president & CEO,MALE,67.0,3020.0,30.0,2040.0,GRAIN MILL PRODUCTS
1142375.0,6.057808690334717,Charles Barbo,SHURGARD STORAGE CTRS  -CL A,Financial,291491000.0,37.638,2.53,chairman & CEO,MALE,63.0,4040.0,40.0,6798.0,REAL ESTATE INVESTMENT TRUST
3311914.0,6.520079050996187,"Richard Wardrop, Jr.",AK STEEL HOLDING CORP,Materials,4041700000.0,-560.4,2.22,"chairman, president & CEO",MALE,,1510.0,15.0,3312.0,STEEL WORKS & BLAST FURNACES
7755893.0,6.889631808938113,K. Brooksher,PROLOGIS,Financial,735988000.0,250.675,,chairman & CEO,MALE,65.0,4040.0,40.0,6798.0,REAL ESTATE INVESTMENT TRUST
1206420.0,6.081498528308225,Robert Laikin,BRIGHTPOINT INC,IT,1800374000.0,11.729,,chairman & CEO,MALE,40.0,4520.0,45.0,5065.0,"ELECTRONIC PARTS,EQ-WHSL,NEC"
10139088.0,7.005998892435158,James O'Donnell,AMERN EAGLE OUTFITTERS INC,Discretionary,1519968000.0,60.0,,CEO,MALE,63.0,2550.0,25.0,5651.0,FAMILY CLOTHING STORES
2138784.0,6.330166926532799,"Norman Drapeau, Jr.",MRO SOFTWARE INC,IT,176877000.0,4.87,,president & CEO,MALE,43.0,4510.0,45.0,7372.0,PREPACKAGED SOFTWARE
1697066.0,6.22969873264085,Ross Centanni,GARDNER DENVER INC,Industrial,439530000.0,20.643,1.4,"chairman, president & CEO",MALE,58.0,2010.0,20.0,3560.0,GENERAL INDUSTRIAL MACH & EQ
22235714.0,7.347051079423878,"Richard Fuld, Jr.",LEHMAN BROTHERS HOLDINGS INC,Financial,17287000000.0,1699.0,1.53,chairman & CEO,MALE,57.0,4020.0,40.0,6211.0,SECURITY BROKERS & DEALERS
1838379.0,6.2644350503802135,Robert Russel,INVESTMENT TECHNOLOGY GP INC,Financial,333992000.0,41.953,,president & CEO,MALE,49.0,4020.0,40.0,6211.0,SECURITY BROKERS & DEALERS
1362217.0,6.134246295826286,Robert Goergen,BLYTH INC,Discretionary,1505573000.0,86.351,26.8,chairman & CEO,MALE,65.0,2520.0,25.0,3990.0,MISC MANUFACTURNG INDUSTRIES
2425413.0,6.384785701020391,Thomas Fitzmyers,SIMPSON MANUFACTURING INC,Industrial,548182000.0,60.562,1.48,president & CEO,MALE,63.0,2010.0,20.0,3420.0,"CUTLERY, HANDTOOLS,GEN HRDWR"
300000.0,5.477121254719662,Keith Guericke,ESSEX PROPERTY TRUST,Financial,234450000.0,36.986,,"vice chairman, president & CEO",MALE,55.0,4040.0,40.0,6798.0,REAL ESTATE INVESTMENT TRUST
1818270.0,6.259658373277359,Ronald Gibson,HIGHWOODS PROPERTIES INC,Financial,438728000.0,55.695,0.43,CEO,MALE,59.0,4040.0,40.0,6798.0,REAL ESTATE INVESTMENT TRUST
3007664.0,6.478229317592318,Terry Considine,APARTMENT INVT &MGMT  -CL A,Financial,1534886000.0,158.857,1.73,chairman & CEO,MALE,56.0,4040.0,40.0,6798.0,REAL ESTATE INVESTMENT TRUST
651140.0,5.813674375189754,Mark Smith,ADTRAN INC,IT,396676000.0,61.515,10.1,chairman & CEO,MALE,63.0,4520.0,45.0,3661.0,TELE & TELEGRAPH APPARATUS
1876971.0,6.273457562638783,Dugald Campbell,TOWER AUTOMOTIVE INC,Discretionary,2815749000.0,-124.675,1.6,president & CEO,MALE,,2510.0,25.0,3460.0,METAL FORGINGS AND STAMPINGS
1091000.0,6.037824750588341,Timothy Payne,MPS GROUP INC,IT,1096030000.0,-1.235,0.2,president & CEO,MALE,45.0,4510.0,45.0,7363.0,HELP SUPPLY SERVICES
2929279.0,6.466760738151356,Mitchell Hersh,MACK CALI REALTY CORP,Financial,599219000.0,143.053,,CEO,MALE,53.0,4040.0,40.0,6798.0,REAL ESTATE INVESTMENT TRUST
1295568.0,6.1124602125744385,David Hannah,RELIANCE STEEL & ALUMINUM CO,Industrial,1882933000.0,34.01,,CEO,MALE,52.0,2010.0,20.0,5051.0,METALS SERVICE CENTERS-WHSL
8242299.000000001,6.916048365065389,Jeffrey Rich,AFFILIATED COMP SVCS  -CL A,IT,3787206000.0,306.842,,CEO,MALE,43.0,4510.0,45.0,7374.0,"CMP PROCESSING,DATA PREP SVC"
386874.0,5.587569543792191,Kevin Knight,KNIGHT TRANSPORTATION INC,Industrial,340069000.0,35.458,8.7,chairman & CEO,MALE,47.0,2030.0,20.0,4213.0,"TRUCKING, EXCEPT LOCAL"
9842422.0,6.993101981744835,James Rogers,CINERGY CORP,Utility,4415877000.0,473.205,0.41,"chairman, president & CEO",MALE,56.0,5510.0,55.0,4911.0,ELECTRIC SERVICES
1270283.0,6.103900486032042,David McQuillin,ASPEN TECHNOLOGY INC,IT,322721000.0,-160.833,,president & CEO,MALE,,4510.0,45.0,7372.0,PREPACKAGED SOFTWARE
6006118.000000001,6.778593860371361,J. Fennell,PINNACLE SYSTEMS INC,IT,331080000.0,-21.861,,president & CEO,MALE,46.0,4520.0,45.0,3577.0,"COMPUTER PERIPHERAL EQ, NEC"
11636604.0,7.065826255292384,Richard Fairbank,CAPITAL ONE FINL CORP,Financial,9788178000.0,1135.842,0.3,"chairman, president & CEO",MALE,53.0,4020.0,40.0,6141.0,PERSONAL CREDIT INSTITUTIONS
10884733.0,7.036817780363897,Todd Nelson,APOLLO GROUP INC  -CL A,Industrial,1339517000.0,247.01,,president & CEO,MALE,44.0,2020.0,20.0,8200.0,EDUCATIONAL SERVICES
1055108.0,6.023296915940295,David Anastasi,CAPTARIS INC,IT,83286000.0,12.533,0.04,president & CEO,MALE,47.0,4510.0,45.0,7372.0,PREPACKAGED SOFTWARE
342882.0,5.535144686905962,Raymond Zinn,MICREL INC,IT,211726000.0,4.847,11.86,"chairman, president & CEO",MALE,66.0,4530.0,45.0,3674.0,"SEMICONDUCTOR,RELATED DEVICE"
3732320.0,6.57197887201883,Ronald Dollens,GUIDANT CORP,Health,3698800000.0,330.3,,president & CEO,MALE,57.0,3510.0,35.0,3841.0,"SURGICAL,MED INSTR,APPARATUS"
3714418.0,6.569890775246135,"Arthur Coviello, Jr.",RSA SECURITY INC,IT,259866000.0,14.836,0.09,president & CEO,MALE,50.0,4510.0,45.0,7372.0,PREPACKAGED SOFTWARE
960960.0,5.982705310518887,Francis McAllister,STILLWATER MINING CO,Materials,240229000.0,-323.26,,chairman & CEO,MALE,61.0,1510.0,15.0,1090.0,MISCELLANEOUS METAL ORES
742019.0,5.870415025884836,"Bartholomew Palmisano, Sr.",ORTHODONTIC CENTERS OF AMER,Health,375380000.0,49.065,4.27,"chairman, president & CEO",MALE,57.0,3510.0,35.0,8000.0,HEALTH SERVICES
3507852.0,6.545041261735271,Rene Champagne,ITT EDUCATIONAL SVCS INC,Industrial,522856000.0,58.858,0.25,chairman & CEO,MALE,62.0,2020.0,20.0,8200.0,EDUCATIONAL SERVICES
8822989.999999998,6.945615786996505,James Robbins,COX COMMUNICATIONS  -CL A,Discretionary,5758868000.0,-137.801,,president & CEO,MALE,61.0,2540.0,25.0,4841.0,CABLE AND OTHER PAY TV SVCS
1321441.0,6.121047777421234,Timothy Crown,INSIGHT ENTERPRISES INC,Discretionary,2914352000.0,37.754,1.53,president & CEO,MALE,40.0,2550.0,25.0,5961.0,"CATALOG, MAIL-ORDER HOUSES"
467989.0,5.670235645177875,Robert Therrien,BROOKS AUTOMATION INC,IT,343610000.0,-185.76,2.23,chairman & CEO,MALE,69.0,4530.0,45.0,3559.0,"SPECIAL INDUSTRY MACHY, NEC"
1759763.0,6.245454182176129,Edwin Crawford,CAREMARK RX INC,Health,9067291000.0,290.838,0.01,chairman & CEO,MALE,55.0,3510.0,35.0,5912.0,DRUG & PROPRIETARY STORES
651520.0,5.813927751984626,Gregory Derkacht,TRNSACTN SYS ARCHTCTS  -CL A,IT,277291000.0,14.325,,president & CEO,MALE,56.0,4510.0,45.0,7372.0,PREPACKAGED SOFTWARE
1781499.0,6.250785582906734,"Macon Brock, Jr.",DOLLAR TREE STORES INC,Discretionary,2799872000.0,177.583,2.49,chairman & CEO,MALE,62.0,2550.0,25.0,5331.0,VARIETY STORES
1024392.0,6.0104661781823525,Mark Kaminski,COMMONWEALTH INDUSTRIES INC,Materials,918396000.0,-28.934,0.96,president & CEO,MALE,48.0,1510.0,15.0,3350.0,ROLLING & DRAW NONFER METAL
216973.0,5.336405693845919,James Truchard,NATIONAL INSTRUMENTS CORP,IT,425892000.0,33.368,24,chairman & president,MALE,60.0,4520.0,45.0,7372.0,PREPACKAGED SOFTWARE
4851107.0,6.685840853887468,R. Yost,AMERISOURCEBERGEN CORP,Health,49657328000.0,441.229,,CEO,MALE,56.0,3510.0,35.0,5122.0,DRUGS AND PROPRIETARY-WHSL
6581334.0,6.818313931626035,W. Haughton,PMI GROUP INC,Financial,887124000.0,299.433,0.1,chairman & CEO,MALE,56.0,4010.0,40.0,6351.0,SURETY INSURANCE
698805.0,5.844356003730241,Anthony Ley,HARMONIC INC,IT,182276000.0,-29.433,0.4,"chairman, president & CEO",MALE,65.0,4520.0,45.0,3663.0,"RADIO, TV BROADCAST, COMM EQ"
1476872.0,6.169342856786164,Gregory Josefowicz,BORDERS GROUP INC,Discretionary,3731000000.0,120.0,,"chairman, president & CEO",MALE,51.0,2550.0,25.0,5940.0,MISC SHOPPING GOODS STORES
3578810.0,6.553738642189411,Vahe Sarkissian,FEI CO,IT,360977000.0,7.194,0.54,"chairman, president & CEO",MALE,61.0,4530.0,45.0,3826.0,LAB ANALYTICAL INSTRUMENTS
1501554.0,6.176540955236511,Peter Farrell,RESMED INC,Health,273570000.0,45.729,3.01,president & CEO,MALE,61.0,3510.0,35.0,3841.0,"SURGICAL,MED INSTR,APPARATUS"
7684555.000000001,6.885618723281429,Robert Bennett,LIBERTY MEDIA CORP  -SER A,Discretionary,4028000000.0,-1222.0,,president & CEO,MALE,46.0,2540.0,25.0,4833.0,TELEVISION BROADCAST STATION
764327.0,5.883279201393031,Santanu Das,TRANSWITCH CORP,IT,23820000.0,-38.58,3.2,"chairman, president & CEO",MALE,59.0,4530.0,45.0,3674.0,"SEMICONDUCTOR,RELATED DEVICE"
8013871.0,6.903842347275733,Sheldon Erikson,COOPER CAMERON CORP,Energy,1634346000.0,69.45,1.14,"chairman, president & CEO",MALE,62.0,1010.0,10.0,3533.0,"OIL & GAS FIELD MACHY, EQUIP"
2259617.0,6.354034833447198,Charles Ergen,ECHOSTAR COMMUN CORP  -CL A,Discretionary,5739296000.0,224.506,,chairman & CEO,MALE,51.0,2540.0,25.0,4841.0,CABLE AND OTHER PAY TV SVCS
2387385.0,6.377922460855451,John Bailye,DENDRITE INTERNATIONAL INC,Health,321107000.0,21.06,6.99,chairman & CEO,MALE,50.0,3510.0,35.0,7372.0,PREPACKAGED SOFTWARE
3326854.0,6.522033742141543,Craig Shular,GRAFTECH INTERNATIONAL LTD,Materials,712000000.0,-24.0,,president & CEO,MALE,51.0,1510.0,15.0,3620.0,ELECTRICAL INDL APPARATUS
405221.0,5.607691943963157,Stuart Essig,INTEGRA LIFESCIENCES HLDGS,Health,185599000.0,26.861,1.97,president & CEO,MALE,42.0,3510.0,35.0,3842.0,"ORTHO,PROSTH,SURG APPL,SUPLY"
60460.0,4.781468142841798,John Murray,HOSPITALITY PROPERTIES TRUST,Financial,552801000.0,238.213,,"president, chief operating officer & secretary",MALE,43.0,4040.0,40.0,6798.0,REAL ESTATE INVESTMENT TRUST
4822313.0,6.683255395539822,Roger Medel,PEDIATRIX MEDICAL GROUP INC,Health,551197000.0,84.328,,president & CEO,MALE,57.0,3510.0,35.0,8060.0,HOSPITALS
3209150.0,6.50639001707986,Gabriel Battista,TALK AMERICA HOLDINGS INC,Telecom,382663000.0,78.461,0.17,chairman & CEO,MALE,59.0,5010.0,50.0,4813.0,PHONE COMM EX RADIOTELEPHONE
534520.0,5.727963959735885,Timothy Hoeksema,MIDWEST AIR GROUP INC,Industrial,383948000.0,-13.278,0.78,"chairman, president & CEO",MALE,57.0,2030.0,20.0,4512.0,"AIR TRANSPORT, SCHEDULED"
2317264.0,6.364975514675546,Peter Kight,CHECKFREE CORP,IT,551646000.0,-52.184,5.77,chairman & CEO,MALE,47.0,4510.0,45.0,7389.0,"BUSINESS SERVICES, NEC"
5061566.0,6.704284904179482,Joseph Taranto,EVEREST RE GROUP LTD,Financial,4106743000.0000005,426.028,0.57,chairman & CEO,MALE,55.0,4030.0,40.0,6331.0,"FIRE, MARINE, CASUALTY INS"
4086038.0,6.6113024012375865,"William Vareschi, Jr.",CENTRAL PARKING CORP,Industrial,1136350000.0,-4.527,0.45,vice chairman & CEO,MALE,,2020.0,20.0,7500.0,"AUTO REPAIR,SERVICES,PARKING"
5190516.0,6.7152105341130754,Frederick Eppinger,ALLMERICA FINANCIAL CORP,Financial,3263600000.0,86.9,,president & CEO,MALE,45.0,4030.0,40.0,6331.0,"FIRE, MARINE, CASUALTY INS"
564418.0,5.751600855500491,James Tisch,DIAMOND OFFSHRE DRILLING INC,Energy,680941000.0,-48.414,,chairman & CEO,MALE,51.0,1010.0,10.0,1381.0,DRILLING OIL AND GAS WELLS
1023752.0,6.010194763206194,Manuel Perez de la Mesa,SCP POOL CORP,Discretionary,1155832000.0,50.848,0.74,president & CEO,MALE,47.0,2520.0,25.0,5090.0,MISC DURABLE GOODS-WHSL
477277.0,5.678770506199975,Scott Grout,RADISYS CORP,IT,202795000.0,1.331,0.04,president & CEO,MALE,41.0,4520.0,45.0,3577.0,"COMPUTER PERIPHERAL EQ, NEC"
5704891.0,6.756247351024039,Kent Thiry,DAVITA INC,Health,2016418000.0,175.791,0.14,chairman & CEO,MALE,48.0,3510.0,35.0,8090.0,"MISC HEALTH & ALLIED SVC,NEC"
9585631.0,6.981620706760057,Richard Notebaert,QWEST COMMUNICATION INTL INC,Telecom,14288000000.0,1512.0,,chairman & CEO,MALE,56.0,5010.0,50.0,4813.0,PHONE COMM EX RADIOTELEPHONE
2170964.0,6.336652621827991,Stanley Bergman,SCHEIN HENRY INC,Health,3353805000.0,137.51,1.5,"chairman, president & CEO",MALE,54.0,3510.0,35.0,5047.0,"MED, DENTAL, HOSP EQ-WHSL"
5644839.0,6.751651559651825,Jeffrey Rodek,HYPERION SOLUTIONS CORP,IT,510458000.0,34.11,0.46,chairman & CEO,MALE,50.0,4510.0,45.0,7372.0,PREPACKAGED SOFTWARE
5731037.000000001,6.758233212304191,Eli Harari,SANDISK CORP,IT,1079801000.0,168.859,2.15,president & CEO,MALE,58.0,4520.0,45.0,3572.0,COMPUTER STORAGE DEVICES
3153431.0,6.498783332666552,Kevin Sheehan,INVESTORS FINANCIAL SVCS CP,Financial,582256000.0,91.76,1.54,chairman & CEO,MALE,52.0,4020.0,40.0,6020.0,COMMERCIAL BANKS
2005904.0,6.302310144403284,Wayne Deitrich,SCHWEITZER-MAUDUIT INTL INC,Materials,566900000.0,34.5,2.89,chairman & CEO,MALE,60.0,1510.0,15.0,2621.0,PAPER MILLS
8419743.0,6.925298835515652,Paul Curlander,LEXMARK INTL INC  -CL A,IT,4754700000.0,439.2,,chairman & CEO,MALE,51.0,4520.0,45.0,3577.0,"COMPUTER PERIPHERAL EQ, NEC"
1279601.0,6.107074570810562,Stephanie Di Marco,ADVENT SOFTWARE INC,IT,137159000.0,-97.543,4.73,president & CEO,FEMALE,46.0,4510.0,45.0,7372.0,PREPACKAGED SOFTWARE
1181011.0,6.072253942674524,Elwood Spedden,PHOTON DYNAMICS INC,IT,67196000.0,-72.372,,president & CEO,MALE,66.0,4520.0,45.0,3825.0,ELEC MEAS & TEST INSTRUMENTS
1521589.0,6.182297359966255,Douglas Schatz,ADVANCED ENERGY INDS INC,IT,262402000.0,-44.241,33.16,"chairman, president & CEO",MALE,,4530.0,45.0,3679.0,"ELECTRONIC COMPONENTS, NEC"
12642157.0,7.101821179427139,Fred Langhammer,LAUDER ESTEE COS INC  -CL A,Staples,5117600000.0,319.8,,president & CEO,MALE,59.0,3030.0,30.0,2844.0,"PERFUME,COSMETIC,TOILET PREP"
3971766.0,6.598983653745204,Douglas Berthiaume,WATERS CORP,IT,958205000.0,170.891,1.5,"chairman, president & CEO",MALE,55.0,4520.0,45.0,3826.0,LAB ANALYTICAL INSTRUMENTS
725449.0,5.860606886384904,Robert Cannon,BUCKEYE TECHNOLOGIES INC,Materials,641082000.0,-24.894,2.92,chairman & CEO,MALE,73.0,1510.0,15.0,2611.0,PULP MILLS
634107.0,5.8021625474537855,Josef von Rickenbach,PAREXEL INTERNATIONAL CORP,Health,619215000.0,10.662,0.42,chairman & CEO,MALE,48.0,3510.0,35.0,8731.0,"COML PHYSICAL, BIOLOGCL RESH"
1292803.0,6.1115323512290365,James Crane,EGL INC,Industrial,2171732000.0,23.945,20.26,chairman & CEO,MALE,50.0,2030.0,20.0,4731.0,"ARRANGE TRANS-FREIGHT, CARGO"
2030950.0,6.307699231631596,Mark Templeton,CITRIX SYSTEMS INC,IT,588625000.0,126.943,0.08,president & CEO,MALE,51.0,4510.0,45.0,7372.0,PREPACKAGED SOFTWARE
1756856.0,6.244736166180387,David Kalkbrenner,GREATER BAY BANCORP,Financial,579261000.0,92.003,,president & CEO,MALE,64.0,4010.0,40.0,6020.0,COMMERCIAL BANKS
225685.0,5.353502694949663,Christian Allison,TOLLGRADE COMMUNICATIONS INC,IT,65099999.99999999,3.148,0.12,CEO,MALE,43.0,4520.0,45.0,3825.0,ELEC MEAS & TEST INSTRUMENTS
1540634.0,6.187699478004899,"George Johnson, Jr.",EXTENDED STAY AMERICA INC,Discretionary,549720000.0,40.356,3.86,CEO,MALE,61.0,2530.0,25.0,7011.0,HOTELS AND MOTELS
5917641.0,6.772148614686023,Ramani Ayer,HARTFORD FINL SVCS GRP INC,Financial,18733000000.0,-91.0,,"chairman, president & CEO",MALE,56.0,4030.0,40.0,6331.0,"FIRE, MARINE, CASUALTY INS"
2953205.0,6.470293595044539,"Ed Bowman, Jr.",SOURCECORP INC,Industrial,424087000.0,27.353,0.78,president & CEO,MALE,57.0,2020.0,20.0,7389.0,"BUSINESS SERVICES, NEC"
1838191.0,6.264390635415903,Fredric Eshelman,PHARMACEUTICAL PROD DEV INC,Health,726983000.0,46.31,8.79,vice chairman & CEO,MALE,55.0,3510.0,35.0,8731.0,"COML PHYSICAL, BIOLOGCL RESH"
291363.0,5.464434400158485,Robert Batinovich,GLENBOROUGH REALTY TRUST INC,Financial,185773000.0,29.654,5.17,chairman & CEO,MALE,67.0,4040.0,40.0,6798.0,REAL ESTATE INVESTMENT TRUST
983231.0,5.992655562836798,Michael Baker,ARTHROCARE CORP,Health,118853000.0,7.456,0.89,president & CEO,MALE,45.0,3510.0,35.0,3845.0,ELECTROMEDICAL APPARATUS
3913473.0,6.592562341863206,Gary Brukardt,RENAL CARE GROUP INC,Health,1005319000.0,102.056,,president & CEO,MALE,58.0,3510.0,35.0,8090.0,"MISC HEALTH & ALLIED SVC,NEC"
7444371.0,6.871828008633612,Neal Hansen,CSG SYSTEMS INTL INC,IT,559261000.0,-26.277,3.95,chairman & CEO,MALE,63.0,4510.0,45.0,7374.0,"CMP PROCESSING,DATA PREP SVC"
3090942.0,6.49009085581831,Patrick Sullivan,CYTYC CORP,Health,303060000.0,76.22,0.66,"chairman, president & CEO",MALE,52.0,3510.0,35.0,3826.0,LAB ANALYTICAL INSTRUMENTS
1942419.0,6.2883429175185155,C. Reese,IRON MOUNTAIN INC,IT,1501329000.0,84.637,2.7,chairman & CEO,MALE,58.0,4510.0,45.0,4220.0,PUBLIC WAREHOUSING & STORAGE
973669.0,5.988411343013124,Charles Betty,EARTHLINK INC,IT,1401930000.0,-62.194,,president & CEO,MALE,47.0,4510.0,45.0,7370.0,"CMP PROGRAMMING,DATA PROCESS"
388489.0,5.589378726336588,James Armstrong,JDA SOFTWARE GROUP INC,IT,207419000.0,2.65,4.34,chairman,MALE,53.0,4510.0,45.0,7372.0,PREPACKAGED SOFTWARE
1788898.0,6.252585578521519,John Cook,PRG-SCHULTZ INTL INC,Industrial,375701000.0,-160.818,6.56,"chairman, president & CEO",MALE,61.0,2020.0,20.0,8721.0,"ACCOUNT,AUDIT,BOOKKEEP SVCS"
1722126.0,6.236064923600113,Murray Dashe,COST PLUS INC,Discretionary,801566000.0,32.988,,"chairman, president & CEO",MALE,61.0,2550.0,25.0,5700.0,HOME FURNITURE & EQUIP STORE
6775240.0,6.830924683875527,Patricia Russo,LUCENT TECHNOLOGIES INC,IT,8470000000.0,-770.0,,chairman & CEO,FEMALE,51.0,4520.0,45.0,7370.0,"CMP PROGRAMMING,DATA PROCESS"
51250.0,4.709693869727792,Jerry Greenberg,SAPIENT CORP,IT,194369000.0,-4.898,17,co-chairman & co-CEO,MALE,38.0,4510.0,45.0,7372.0,PREPACKAGED SOFTWARE
601980.0,5.779582062630041,Terry Semel,YAHOO INC,IT,1625097000.0,237.879,0.15,chairman & CEO,MALE,60.0,4510.0,45.0,7370.0,"CMP PROGRAMMING,DATA PROCESS"
14433541.0,7.159372890213745,Gregg Engles,DEAN FOODS CO,Staples,9184616000.0,355.703,0.87,chairman & CEO,MALE,46.0,3020.0,30.0,2020.0,DAIRY PRODUCTS
5107818.0,6.708235414236663,Steven Douglass,PAYLESS SHOESOURCE INC,Discretionary,2783300000.0,-0.1,0.26,chairman & CEO,MALE,54.0,2550.0,25.0,5661.0,SHOE STORES
597532.0,5.776361168283414,C. Pearson,CARBO CERAMICS INC,Energy,169936000.0,29.569,,president & CEO,MALE,48.0,1010.0,10.0,1400.0,"MNG, QUARRY NONMTL MINERALS"
2941824.0,6.468616686707206,Robert Lipp,ST PAUL TRAVELERS COS INC,Financial,15139200000.0,1696.0,,chairman & CEO,MALE,65.0,4030.0,40.0,6331.0,"FIRE, MARINE, CASUALTY INS"
2308187.0,6.3632709906961065,Robert Hagerty,POLYCOM INC,IT,420423000.0,22.823,,"chairman, president & CEO",MALE,52.0,4520.0,45.0,3661.0,TELE & TELEGRAPH APPARATUS
852280.0,5.930582297205298,John Sykes,SYKES ENTERPRISES INC,IT,480359000.0,9.305,36.2,chairman & CEO,MALE,67.0,4510.0,45.0,7370.0,"CMP PROGRAMMING,DATA PROCESS"
5477262.0,6.7385635155194015,Thomas Edelman,PATINA OIL & GAS CORP,Energy,398724000.0,90.896,4.97,chairman & CEO,MALE,53.0,1010.0,10.0,1311.0,CRUDE PETROLEUM & NATURAL GS
4097825.0,6.612553407662746,Mark Levin,MILLENNIUM PHARMACTCLS INC,Health,433687000.0,-483.687,1,"chairman, president & CEO",MALE,53.0,3520.0,35.0,2835.0,"IN VITRO,IN VIVO DIAGNOSTICS"
2152508.0,6.332944774225296,E. Goings,TUPPERWARE CORP,Discretionary,1174800000.0,47.9,1.23,chairman & CEO,MALE,58.0,2520.0,25.0,3089.0,"PLASTICS PRODUCTS, NEC"
158173.0,5.199132351780118,David Gold,99 CENTS ONLY STORES,Discretionary,862460000.0,56.529,22.3,chairman & CEO,MALE,71.0,2550.0,25.0,5331.0,VARIETY STORES
742235.0,5.870541429598424,Paul Klaassen,SUNRISE SENIOR LIVING INC,Health,1188301000.0,62.178,13.68,chairman & CEO,MALE,46.0,3510.0,35.0,8300.0,SOCIAL SERVICES
1230550.0,6.0900992647539205,Peter Kirlin,DUPONT PHOTOMASKS INC,IT,323118000.0,-113.51,,chairman & CEO,MALE,,4530.0,45.0,3559.0,"SPECIAL INDUSTRY MACHY, NEC"
1627999.0,6.211654133787447,Edward Snowden,BOSTON COMMUNICATIONS GROUP,Telecom,103191000.0,16.144,0.07,president & CEO,MALE,49.0,5010.0,50.0,4812.0,RADIOTELEPHONE COMMUNICATION
582630.0,5.765392842974483,James Cashman III,ANSYS INC,IT,113535000.0,21.313,0.14,president & CEO,MALE,50.0,4510.0,45.0,7372.0,PREPACKAGED SOFTWARE
350000.0,5.544068044350275,Pehong Chen,BROADVISION INC,IT,88081000.0,-35.471,17.62,"chairman, president & CEO",MALE,46.0,4510.0,45.0,7373.0,CMP INTEGRATED SYS DESIGN
2811332.0,6.448912135985937,Vincent Palagiano,DIME COMMUNITY BANCSHARES,Financial,194237000.0,51.276,3.2,chairman & CEO,MALE,63.0,4010.0,40.0,6035.0,"SAVINGS INSTN,FED CHARTERED"
3074554.0,6.487782125188789,William Monahan,IMATION CORP,IT,1163500000.0,82.0,0.05,"chairman, president & CEO",MALE,56.0,4520.0,45.0,3695.0,"MAGNETC,OPTIC RECORDNG MEDIA"
874537.0,5.9417781883783345,Philip Hadley,FACTSET RESEARCH SYSTEMS INC,IT,222295000.0,51.438,2,chairman & CEO,MALE,41.0,4510.0,45.0,7370.0,"CMP PROGRAMMING,DATA PROCESS"
1250001.0,6.096910360443502,Thomas Siebel,SIEBEL SYSTEMS INC,IT,1354228000.0,-3.396,7.41,chairman & CEO,MALE,51.0,4510.0,45.0,7372.0,PREPACKAGED SOFTWARE
1385624.0,6.1416453970298654,Michael Tzannes,AWARE INC,IT,10843000.0,-8.038,0.45,CEO,MALE,42.0,4520.0,45.0,7373.0,CMP INTEGRATED SYS DESIGN
15805932.0,7.198820109193216,Mitchell Caplan,E TRADE FINANCIAL CORP,Financial,2014898000.0,203.027,0.42,CEO,MALE,46.0,4020.0,40.0,6211.0,SECURITY BROKERS & DEALERS
743801.0,5.871456757908661,Timothy Timmins,METRO ONE TELECOMM INC,Telecom,201636000.0,-33.309,0.14,president & CEO,MALE,47.0,5010.0,50.0,4899.0,"COMMUNICATIONS SERVICES, NEC"
1569955.0,6.195887204299826,Mark Miller,STERICYCLE INC,Industrial,453225000.0,65.781,1.79,president & CEO,MALE,48.0,2020.0,20.0,4955.0,HAZARDOUS WASTE MANAGEMENT
1624086.0,6.2106090226493365,Mark Kachur,CUNO INC,Industrial,288231000.0,26.796,0.72,"chairman, president & CEO",MALE,60.0,2010.0,20.0,3569.0,"GENERAL INDL MACH & EQ, NEC"
1725710.0,6.2369678157236175,Robert Akins,CYMER INC,IT,267495999.99999997,-15.4,0.83,chairman & CEO,MALE,52.0,4530.0,45.0,3559.0,"SPECIAL INDUSTRY MACHY, NEC"
6428599.0,6.80811633639787,Peter Cartwright,CALPINE CORP,Utility,8852239000.0,282.022,0.16,"chairman, president & CEO",MALE,74.0,5510.0,55.0,4991.0,COGENERATN-SM POWER PRODUCER
4499354.0,6.653150163914277,Elizabeth McLaughlin,HOT TOPIC INC,Discretionary,572039000.0,48.042,0.18,CEO,FEMALE,43.0,2550.0,25.0,5600.0,APPAREL AND ACCESSORY STORES
4032567.0,6.605581591805216,Michael Jeffries,ABERCROMBIE & FITCH  -CL A,Discretionary,1707810000.0,205.102,0.12,chairman & CEO,MALE,59.0,2550.0,25.0,5651.0,FAMILY CLOTHING STORES
738747.0,5.868495730253316,Shirley Singleton,EDGEWATER TECHNOLOGY INC,IT,25054000.0,0.974,0.1,president & CEO,FEMALE,52.0,4510.0,45.0,7370.0,"CMP PROGRAMMING,DATA PROCESS"
0.0,,A. Perenchio,UNIVISION COMMUNICATIONS INC,Discretionary,1311015000.0,155.427,11.5,chairman & CEO,MALE,73.0,2540.0,25.0,4833.0,TELEVISION BROADCAST STATION
2992409.0,6.476020952261817,John Schofield,ADVANCED FIBRE COMM INC,IT,333457000.0,26.705,,"chairman, president & CEO",MALE,55.0,4520.0,45.0,3661.0,TELE & TELEGRAPH APPARATUS
991173.0,5.99614946315138,Michael Newsome,HIBBETT SPORTING GOODS INC,Discretionary,320964000.0,20.348,,"chairman, president & CEO",MALE,65.0,2550.0,25.0,5940.0,MISC SHOPPING GOODS STORES
3874130.0,6.588174189778905,William Hannigan,SABRE HOLDINGS CORP  -CL A,IT,2000996000.0,83.301,,"chairman, president & CEO",MALE,,4510.0,45.0,7373.0,CMP INTEGRATED SYS DESIGN
1630718.0,6.212378865005485,Edward Wehmer,WINTRUST FINL CORP,Financial,276083000.0,38.118,1.19,president & CEO,MALE,50.0,4010.0,40.0,6020.0,COMMERCIAL BANKS
782671.0,5.893579242375775,Stephen Hill,ARQULE INC,Health,65539000.0,-34.751,,president & CEO,MALE,45.0,3520.0,35.0,2835.0,"IN VITRO,IN VIVO DIAGNOSTICS"
4690591.0,6.6712275659279685,David Thomas,IMS HEALTH INC,Health,1381761000.0,638.945,,chairman & CEO,MALE,54.0,3510.0,35.0,8700.0,"ENGR,ACC,RESH,MGMT,REL SVCS"
3006269.0,6.47802783852259,Gary Johnson,MEMBERWORKS INC,Industrial,456881000.0,24.356,4.96,president & CEO,MALE,48.0,2020.0,20.0,7389.0,"BUSINESS SERVICES, NEC"
2642473.0,6.422010558510809,David Wesselink,METRIS COMPANIES INC,Financial,627946000.0,-147.739,0.08,chairman & CEO,MALE,61.0,4020.0,40.0,6141.0,PERSONAL CREDIT INSTITUTIONS
1393263.0,6.144033103981548,Richard Ill,TRIUMPH GROUP INC,Industrial,608315000.0,18.222,1.18,president & CEO,MALE,61.0,2010.0,20.0,3728.0,"AIRCRAFT PARTS, AUX EQ, NEC"
5999646.999999999,6.77812569863997,David Zucker,MIDWAY GAMES INC,IT,92524000.0,-115.227,0.2,president & CEO,MALE,41.0,4510.0,45.0,7372.0,PREPACKAGED SOFTWARE
1248554.0,6.096407330343648,Robert Knutson,EDUCATION MANAGEMENT CORP,Industrial,640027000.0,56.277,4.55,chairman & CEO,MALE,69.0,2020.0,20.0,8200.0,EDUCATIONAL SERVICES
2581479.0,6.411868596467798,Steven Townsend,UNITED NATURAL FOODS INC,Staples,1379893000.0,20.22,,president & CEO,MALE,50.0,3010.0,30.0,5140.0,GROCERIES & RELATED PDS-WHSL
1998042.0,6.300604613107444,Michael Barrist,NCO GROUP INC,Industrial,753816000.0,42.446,6.52,"chairman, president & CEO",MALE,43.0,2020.0,20.0,7320.0,CREDIT REPORTING AGENCIES
2046694.0,6.3110529164068,Michael Cherkasky,KROLL INC,Industrial,485476000.0,37.892,,president & CEO,MALE,54.0,2020.0,20.0,7381.0,"DETECT,GUARD,ARMOR CAR SVCS"
1815900.0,6.259091928632214,Keith Busse,STEEL DYNAMICS INC,Materials,987248000.0,47.148,1.3889,president & CEO,MALE,61.0,1510.0,15.0,3312.0,STEEL WORKS & BLAST FURNACES
4042192.0,6.6066169382144535,Norman Axelrod,LINENS N THINGS INC,Discretionary,2395272000.0,74.825,0.38,chairman & CEO,MALE,51.0,2550.0,25.0,5700.0,HOME FURNITURE & EQUIP STORE
467895.0,5.6701484042774295,Bruce Edwards,POWERWAVE TECHNOLOGIES INC,IT,239069000.0,-32.859,,CEO,MALE,50.0,4520.0,45.0,3663.0,"RADIO, TV BROADCAST, COMM EQ"
409536.0,5.612292084152977,Ray Dillon,DELTIC TIMBER CORP,Materials,134915000.0,8.703,,president & CEO,MALE,48.0,1510.0,15.0,2421.0,"SAWMILLS, PLANING MILLS, GEN"
1404000.0,6.1473671077937855,Andrew McKelvey,MONSTER WORLDWIDE INC,Industrial,679640000.0,-81.864,7.08,chairman & CEO,MALE,69.0,2020.0,20.0,7311.0,ADVERTISING AGENCIES
3299803.0,6.518488013039477,Christopher Kuebler,COVANCE INC,Health,974210000.0,76.136,0.31,chairman & CEO,MALE,50.0,3510.0,35.0,8731.0,"COML PHYSICAL, BIOLOGCL RESH"
24416349.999999996,7.387680741781798,Kenneth Freeman,QUEST DIAGNOSTICS INC,Health,4737958000.0,436.717,1.8,chairman & CEO,MALE,53.0,3510.0,35.0,8071.0,MEDICAL LABORATORIES
999976.0,5.999989576807355,"Paul Murphy, Jr.",SOUTHWEST BANCORPORATION/TX,Financial,326023000.0,60.729,,CEO,MALE,44.0,4010.0,40.0,6020.0,COMMERCIAL BANKS
1321071.0,6.120926159082808,Paul Sarvadi,ADMINISTAFF INC,Industrial,891721000.0,12.864,10.31,chairman & CEO,MALE,47.0,2020.0,20.0,7363.0,HELP SUPPLY SERVICES
2026285.0,6.306700529485485,"John Kilroy, Jr.",KILROY REALTY CORP,Financial,227982000.0,49.612,4.5,president & CEO,MALE,55.0,4040.0,40.0,6798.0,REAL ESTATE INVESTMENT TRUST
,,Donald Zuk,SCPIE HOLDINGS INC,Financial,186993000.0,-12.806,0.69,president & CEO,MALE,67.0,4030.0,40.0,6351.0,SURETY INSURANCE
3072289.0,6.487462065917377,Gary Smith,CIENA CORP,IT,283136000.0,-386.517,,president & CEO,MALE,43.0,4520.0,45.0,3661.0,TELE & TELEGRAPH APPARATUS
3366937.0,6.5272349902198865,Kim Blickenstaff,BIOSITE INC,Health,173364000.0,24.763,1.84,president & CEO,MALE,51.0,3510.0,35.0,2835.0,"IN VITRO,IN VIVO DIAGNOSTICS"
3670794.0,6.564760013168235,John Cooper,AVOCENT CORP,IT,304238000.0,38.547,,president & CEO,MALE,56.0,4520.0,45.0,3576.0,COMPUTER COMMUNICATION EQUIP
3105840.0,6.492179078917679,William Krepick,MACROVISION CORP,IT,128346000.0,29.696,0.62,president & CEO,MALE,58.0,4510.0,45.0,6794.0,PATENT OWNERS AND LESSORS
2375389.0,6.375734741000729,Prakash Agarwal,NEOMAGIC CORP,IT,1888000.0,-26.775,3.06,president & CEO,MALE,50.0,4530.0,45.0,3674.0,"SEMICONDUCTOR,RELATED DEVICE"
37614716.0,7.575357787141554,Joseph Moglia,AMERITRADE HOLDING CORP,Financial,731065000.0,136.642,0.18,CEO,MALE,54.0,4020.0,40.0,6211.0,SECURITY BROKERS & DEALERS
731831.0,5.864410802040161,Steven Murdock,MEADE INSTRUMENTS CORP,Discretionary,138281000.0,2.452,6.58,"president, CEO & secretary",MALE,52.0,2520.0,25.0,3827.0,OPTICAL INSTRUMENTS & LENSES
3299112.0,6.518397059454503,W. Jurgensen,NATIONWIDE FINL SVCS  -CL A,Financial,3935400000.0,397.8,0.12,CEO,MALE,52.0,4030.0,40.0,6311.0,LIFE INSURANCE
6339605.0,6.802062199259574,Jeffrey Lapin,TAKE-TWO INTERACTIVE SFTWR,IT,1033693000.0,98.118,,CEO,MALE,,4510.0,45.0,7372.0,PREPACKAGED SOFTWARE
,,Mark Hammond,FLAGSTAR BANCORP INC,Financial,968947000.0,254.352,7.8,"vice chairman, president & CEO",MALE,39.0,4010.0,40.0,6035.0,"SAVINGS INSTN,FED CHARTERED"
10285914.0,7.012242888886337,Geoff Tate,RAMBUS INC,IT,118203000.0,23.221,3.14,CEO,MALE,49.0,4530.0,45.0,6794.0,PATENT OWNERS AND LESSORS
81840.0,4.912965620704103,Jeffrey Bezos,AMAZON.COM INC,Discretionary,5263699000.0,35.282,25.72,CEO,MALE,40.0,2550.0,25.0,5961.0,"CATALOG, MAIL-ORDER HOUSES"
1925363.0,6.284512621654784,Robert Bruggeworth,RF MICRO DEVICES INC,IT,651379000.0,29.708,,president & CEO,MALE,43.0,4530.0,45.0,3674.0,"SEMICONDUCTOR,RELATED DEVICE"
395155.0,5.5967674815521535,David Mastran,MAXIMUS INC,IT,558283000.0,35.346,11.95,CEO,MALE,61.0,4510.0,45.0,8741.0,MANAGEMENT SERVICES
3089683.0,6.489913923304112,Edward Linde,BOSTON PROPERTIES INC,Financial,1315644000.0,365.322,7.67,president & CEO,MALE,62.0,4040.0,40.0,6798.0,REAL ESTATE INVESTMENT TRUST
473935.0,5.675718782439817,"William Meade, Jr.",STARTEK INC,IT,231189000.0,22.198,,president & CEO,MALE,47.0,4510.0,45.0,7389.0,"BUSINESS SERVICES, NEC"
894381.0,5.951522564600037,Owen Kratz,CAL DIVE INTERNATIONAL INC,Energy,396269000.0,34.208,6.53,chairman & CEO,MALE,49.0,1010.0,10.0,1389.0,"OIL & GAS FIELD SERVICES,NEC"
2254617.0,6.35307277729437,Chad Deaton,HANOVER COMPRESSOR CO,Energy,1072262000.0,-208.259,,president & CEO,MALE,51.0,1010.0,10.0,7359.0,"EQUIP RENTAL & LEASING, NEC"
391139.0,5.592331121092395,David Cole,COINSTAR INC,Industrial,176136000.0,19.555,,CEO,MALE,56.0,2020.0,20.0,3578.0,"CACULATE,ACCT MACH,EX COMP"
4066693.0,6.60924138818074,Richard Kincaid,EQUITY OFFICE PROPERTIES TR,Financial,3297383000.0,655.062,,president & CEO,MALE,42.0,4040.0,40.0,6798.0,REAL ESTATE INVESTMENT TRUST
3126642.0,6.495078157442085,Michael Wedge,BJS WHOLESALE CLUB INC,Staples,6724219000.0,102.841,,president & CEO,MALE,50.0,3010.0,30.0,5399.0,MISC GENERAL MDSE STORES
2239565.0,6.350163671706656,Frank Drendel,COMMSCOPE INC,IT,573260000.0,-70.56,0.71,chairman & CEO,MALE,59.0,4520.0,45.0,3357.0,"DRAWNG,INSULATNG NONFER WIRE"
12036648.0,7.080505560195398,Derek Smith,CHOICEPOINT INC,Industrial,795746000.0,141.992,0.54,chairman & CEO,MALE,49.0,2020.0,20.0,6411.0,"INS AGENTS,BROKERS & SERVICE"
1517172.0,6.181034819030947,Raymond Davis,UMPQUA HOLDINGS CORP,Financial,181175000.0,34.119,0.19,president & CEO,MALE,54.0,4010.0,40.0,6020.0,COMMERCIAL BANKS
1982887.0,6.297297965503956,"John Davis, III",PEGASUS SOLUTIONS INC,IT,172730000.0,-1.832,0.19,"chairman, president & CEO",MALE,51.0,4510.0,45.0,7370.0,"CMP PROGRAMMING,DATA PROCESS"
3155619.0,6.49908456228575,Larry Yost,ARVINMERITOR INC,Discretionary,7788000000.0,136.0,0.58,chairman & CEO,MALE,65.0,2510.0,25.0,3714.0,"MOTOR VEHICLE PART,ACCESSORY"
7707173.0,6.886895107539546,David Novak,YUM BRANDS INC,Discretionary,8380000000.0,617.0,0.15,"chairman, president & CEO",MALE,51.0,2530.0,25.0,5812.0,EATING PLACES
1243000.0,6.094471128641644,Ezra Dabah,CHILDRENS PLACE RETAIL STRS,Discretionary,797938000.0,22.957,21.23,chairman & CEO,MALE,50.0,2550.0,25.0,5600.0,APPAREL AND ACCESSORY STORES
822249.0,5.915003353976223,Charles Crocker,BEI TECHNOLOGIES INC,IT,213674000.0,5.565,20.69,chairman & CEO,MALE,64.0,4520.0,45.0,3679.0,"ELECTRONIC COMPONENTS, NEC"
333771.0,5.5234485999073275,Robert Schneider,SCM MICROSYSTEMS INC,IT,66488000.0,-38.176,2.84,CEO; managing director-German subsidiary,MALE,55.0,4520.0,45.0,3577.0,"COMPUTER PERIPHERAL EQ, NEC"
1808275.0,6.257264478075523,Steven Goldman,POWER-ONE INC,Industrial,256334000.0,-18.204,3.35,chairman & CEO,MALE,46.0,2010.0,20.0,3679.0,"ELECTRONIC COMPONENTS, NEC"
2288451.0,6.35954161780879,Timothy Webster,AMER ITALIAN PASTA CO  -CL A,Staples,438844000.0,42.633,0.21,president & CEO,MALE,42.0,3020.0,30.0,2090.0,"MISC FOOD PREPS, KINDRED PDS"
2223406.0,6.347018773297322,Hamid Moghadam,AMB PROPERTY CORP.,Financial,625130000.0,134.019,2.44,chairman & CEO,MALE,47.0,4040.0,40.0,6798.0,REAL ESTATE INVESTMENT TRUST
2784427.0,6.444735836370951,John Wiehoff,C H ROBINSON WORLDWIDE INC,Industrial,3613645000.0,114.123,,president & CEO,MALE,42.0,2030.0,20.0,4731.0,"ARRANGE TRANS-FREIGHT, CARGO"
1423164.0,6.153254949410402,John Blaeser,CONCORD COMMUNICATIONS INC,IT,104063000.0,7.67,0.91,chairman president & CEO,MALE,62.0,4510.0,45.0,7372.0,PREPACKAGED SOFTWARE
7430354.0,6.871009505090892,Kirk Pond,FAIRCHILD SEMICONDUCTOR INTL,IT,1401300000.0,-81.5,0.74,"chairman, president & CEO",MALE,59.0,4530.0,45.0,3674.0,"SEMICONDUCTOR,RELATED DEVICE"
1457161.0,6.163507539106075,Gary Smith,DRIL-QUIP INC,Energy,219498000.0,8.951,19.68,co-chairman & co-CEO,MALE,61.0,1010.0,10.0,3730.0,SHIP & BOAT BLDG & REPAIRING
2345016.0,6.3701458102442805,Steven Cosler,PRIORITY HLTHCARE CP  -CL B,Health,1461811000.0,50.6,0.21,president & CEO,MALE,48.0,3510.0,35.0,5122.0,DRUGS AND PROPRIETARY-WHSL
1759093.0,6.2452888004120615,"B. Hollingsworth, Jr.",GROUP 1 AUTOMOTIVE INC,Discretionary,4518560000.0,76.126,2.2,"chairman, president & CEO",MALE,61.0,2550.0,25.0,5500.0,"AUTO DEALERS, GAS STATIONS"
536770.0,5.729788235181538,Alex Hui,PERICOM SEMICONDUCTOR CORP,IT,44958000.0,-4.327,3.46,"chairman, president & CEO",MALE,46.0,4530.0,45.0,3674.0,"SEMICONDUCTOR,RELATED DEVICE"
1042321.0,6.018001487735007,Robert Spoerry,METTLER-TOLEDO INTL INC,IT,1304431000.0,95.838,0.79,president & CEO,MALE,48.0,4520.0,45.0,3826.0,LAB ANALYTICAL INSTRUMENTS
2870474.0,6.457953617496037,Ken McDonald,AMSURG CORP,Health,301408000.0,30.126,,president & CEO,MALE,63.0,3510.0,35.0,8011.0,OFFICES OF MEDICAL DOCTORS
2813709.0,6.449279179726572,Samuel Scott III,CORN PRODUCTS INTL INC,Staples,2102000000.0,76.0,0.36,"chairman, president & CEO",MALE,59.0,3020.0,30.0,2040.0,GRAIN MILL PRODUCTS
4600165.0,6.6627734093564355,Balu Balakrishnan,POWER INTEGRATIONS INC,IT,125706000.0,18.085,0.74,president & CEO,MALE,49.0,4530.0,45.0,3674.0,"SEMICONDUCTOR,RELATED DEVICE"
1050550.0,6.021416727096412,Bradley Jacobs,UNITED RENTALS INC,Industrial,2867236000.0,-258.581,2.36,CEO,MALE,47.0,2020.0,20.0,7350.0,MISC EQUIP RENTAL & LEASING
3744064.0,6.573343263839914,John Larson,CAREER EDUCATION CORP,Industrial,1188609000.0,119.168,0.06,"chairman, president & CEO",MALE,52.0,2020.0,20.0,8200.0,EDUCATIONAL SERVICES
1852739.0,6.267814243472479,James Bertelli,MERCURY COMPUTER SYSTEMS INC,Industrial,180242000.0,22.677,3.5,president & CEO,MALE,63.0,2010.0,20.0,7373.0,CMP INTEGRATED SYS DESIGN
2520948.0,6.401563887506683,Martin Rash,PROVINCE HEALTHCARE CO,Health,761978000.0,31.619,1.27,chairman & CEO,MALE,49.0,3510.0,35.0,8062.0,GEN MED & SURGICAL HOSPITALS
4222305.0,6.6255496015516275,Alan Feldman,MIDAS INC,Discretionary,311000000.0,-76.2,1.07,president & CEO,MALE,52.0,2510.0,25.0,7500.0,"AUTO REPAIR,SERVICES,PARKING"
1214795.0,6.084502995728218,John Colson,QUANTA SERVICES INC,Industrial,1642853000.0,-34.989,2.01,CEO,MALE,56.0,2010.0,20.0,1731.0,ELECTRICAL WORK
2177149.0,6.337888152359166,Thomas Eckert,CAPITAL AUTOMOTIVE REIT,Financial,170980000.0,51.636,0.4,president & CEO,MALE,56.0,4040.0,40.0,6798.0,REAL ESTATE INVESTMENT TRUST
1565472.0,6.194645304240227,Michael Luetkemeyer,MICROMUSE INC,IT,126151000.0,-1.782,,"senior vp, chief finance officer & CEO",MALE,54.0,4510.0,45.0,7372.0,PREPACKAGED SOFTWARE
563524.0,5.750912417002547,Dale Olseth,SURMODICS INC,Health,42627000.0,13.936,7.42,chairman & CEO,MALE,73.0,3510.0,35.0,6794.0,PATENT OWNERS AND LESSORS
5506690.0,6.740890628491657,Keith Tucker,WADDELL&REED FINL INC  -CL A,Financial,457178000.0,54.265,2.3,chairman & CEO,MALE,59.0,4020.0,40.0,6211.0,SECURITY BROKERS & DEALERS
1155496.0,6.062768446413194,Alan Fishman,INDEPENDENCE CMNTY BK CORP,Financial,552859000.0,136.97,,president & CEO,MALE,58.0,4010.0,40.0,6035.0,"SAVINGS INSTN,FED CHARTERED"
5020901.0,6.70078165822406,Alan Ross,BROADCOM CORP  -CL A,IT,1610095000.0,-959.865,,president & CEO,MALE,69.0,4530.0,45.0,3674.0,"SEMICONDUCTOR,RELATED DEVICE"
5728511.0,6.7580417513706434,"Richard Chapman, Jr.",BROOKLINE BANCORP INC,Financial,71563000.0,14.48,1.35,"chairman, president & CEO",MALE,69.0,4010.0,40.0,6035.0,"SAVINGS INSTN,FED CHARTERED"
5608096.0,6.74881543932262,Thomas Noonan,INTERNET SECURITY SYS INC,IT,245781000.0,19.737,3.46,"chairman, president & CEO",MALE,43.0,4510.0,45.0,7372.0,PREPACKAGED SOFTWARE
829115.0,5.918614772289234,Richard Haddrill,MANHATTAN ASSOCIATES INC,IT,195966000.0,21.845,,president & CEO,MALE,50.0,4510.0,45.0,7373.0,CMP INTEGRATED SYS DESIGN
3317360.0,6.520792603726248,Frank Lanza,L-3 COMMUNICATIONS HLDGS INC,Industrial,5061594000.0,277.64,3.03,chairman & CEO,MALE,72.0,2010.0,20.0,3663.0,"RADIO, TV BROADCAST, COMM EQ"
590740.0,5.771396378663987,"John Carreker, Jr.",CARREKER CORP,IT,128907999.99999999,3.706,10.86,chairman & CEO,MALE,61.0,4510.0,45.0,7372.0,PREPACKAGED SOFTWARE
2157245.0,6.333899471067195,Ronald Mittelstaedt,WASTE CONNECTIONS INC,Industrial,563509000.0,65.596,1.04,"chairman, president & CEO",MALE,40.0,2020.0,20.0,4953.0,REFUSE SYSTEMS
383600.0,5.583878598498625,Morris Young,AXT INC,IT,34713000.0,-26.731,7.27,president & CEO,MALE,59.0,4530.0,45.0,3674.0,"SEMICONDUCTOR,RELATED DEVICE"
7584716.999999999,6.879939381084348,Michael Saylor,MICROSTRATEGY INC,IT,175577000.0,-3.903,,chairman & CEO,MALE,39.0,4510.0,45.0,7372.0,PREPACKAGED SOFTWARE
15510823.0,7.190634841970666,Wijeyaraj Mahadeva,COGNIZANT TECH SOLUTIONS,IT,368231000.0,57.365,0.15,chairman & CEO,MALE,,4510.0,45.0,7370.0,"CMP PROGRAMMING,DATA PROCESS"
986362.0,5.994036332537184,George Heinrichs,INTRADO INC,IT,124654000.0,10.714,2.65,"chairman, president & CEO",MALE,46.0,4510.0,45.0,7374.0,"CMP PROCESSING,DATA PREP SVC"
670516.0,5.826409145541538,Jefferson Gregory,KING PHARMACEUTICALS INC,Health,1521388000.0,105.856,,chairman & CEO,MALE,48.0,3520.0,35.0,2834.0,PHARMACEUTICAL PREPARATIONS
787077.0,5.8960172216084885,John Bourgoin,MIPS TECHNOLOGIES INC,IT,39090000.0,-28.907,0.2,president & CEO,MALE,57.0,4530.0,45.0,6794.0,PATENT OWNERS AND LESSORS
2111566.0,6.3246046604650905,James O'Connor,REPUBLIC SERVICES INC,Industrial,2517800000.0,177.6,,chairman & CEO,MALE,54.0,2020.0,20.0,4953.0,REFUSE SYSTEMS
1378773.0,6.139492770191507,Raymond Withy,ABGENIX INC,Health,16852000.0,-196.429,,president & CEO,MALE,49.0,3520.0,35.0,2836.0,"BIOLOGICAL PDS,EX DIAGNSTICS"
1418590.0,6.151856894071565,Jeffrey Griffiths,ELECTRONICS BOUTIQUE HLDG CP,Discretionary,1601781000.0,45.729,1.1,president & CEO,MALE,53.0,2550.0,25.0,5945.0,"HOBBY, TOY, AND GAME SHOPS"
1313000.0,6.118264726089479,Mason Slaine,INFORMATION HOLDINGS INC,Discretionary,81407000.0,31.207,7.66,president & CEO,MALE,50.0,2540.0,25.0,7370.0,"CMP PROGRAMMING,DATA PROCESS"
854376.0,5.9316490402299396,Thomas Kemp,PENTON MEDIA INC,Discretionary,206260000.0,-87.849,1.84,CEO,MALE,52.0,2540.0,25.0,2721.0,"PERIODICAL:PUBG,PUBG & PRINT"
453802.0,5.656866405579436,Richard Karp,CATAPULT COMMUNICATIONS CORP,IT,45224000.0,4.365,43.99,chairman & CEO,MALE,59.0,4510.0,45.0,3829.0,"MEAS & CONTROLLING DEV, NEC"
3465221.0,6.539730937654846,James Orr,CONVERGYS CORP,IT,2288800000.0,171.6,0.38,"chairman, president & CEO",MALE,58.0,4510.0,45.0,7389.0,"BUSINESS SERVICES, NEC"
2270262.0,6.3560759799192486,F. Conner,ENTRUST INC,IT,87894000.0,-35.866,0.17,president & CEO,MALE,44.0,4510.0,45.0,7372.0,PREPACKAGED SOFTWARE
32957924.0,7.517959847935899,Margaret Whitman,EBAY INC,Discretionary,2165096000.0,441.771,1.98,president & CEO,FEMALE,47.0,2550.0,25.0,7370.0,"CMP PROGRAMMING,DATA PROCESS"
21400579.0,7.330425523494207,"Henry Paulson, Jr.",GOLDMAN SACHS GROUP INC,Financial,23623000000.0,3005.0,,chairman & CEO,MALE,57.0,4020.0,40.0,6211.0,SECURITY BROKERS & DEALERS
2085260.0,6.319160212559424,Thomas Wu,UCBH HOLDINGS INC,Financial,283465000.0,64.638,0.32,"chairman, president & CEO",MALE,45.0,4010.0,40.0,6020.0,COMMERCIAL BANKS
34606343.0,7.539155707966937,Gary Forsee,SPRINT PCS GROUP,Telecom,12690000000.0,-661.0,,chairman & CEO,MALE,53.0,5010.0,50.0,4812.0,RADIOTELEPHONE COMMUNICATION
1652340.0,6.218099416429207,Richard Federico,P F CHANGS CHINA BISTRO INC,Discretionary,559245000.0,25.388,0.01,chairman & CEO,MALE,49.0,2530.0,25.0,5812.0,EATING PLACES
1580897.0,6.198903575315621,William McLaughlin,SELECT COMFORT CORP,Discretionary,458489000.0,27.172,0.25,president & CEO,MALE,47.0,2550.0,25.0,2510.0,HOUSEHOLD FURNITURE
12491070.0,7.096599642152509,Wallace Barr,CAESARS ENTERTAINMENT INC,Discretionary,4455000000.0,46.0,,president & CEO,MALE,58.0,2530.0,25.0,7990.0,MISC AMUSEMENT & REC SERVICE
2520984.0,6.401570089336199,Michael Campbell,ARCH CHEMICALS INC,Materials,1009100000.0,27.4,0.08,"chairman, president & CEO",MALE,56.0,1510.0,15.0,2800.0,CHEMICALS & ALLIED PRODUCTS
5190118.0,6.715177231868939,David Field,ENTERCOM COMMUNICATIONS CORP,Discretionary,401056000.0,71.78,3.63,CEO,MALE,41.0,2540.0,25.0,4832.0,RADIO BROADCASTING STATIONS
2268317.0,6.355703747632882,Dominic Ng,EAST WEST BANCORP INC,Financial,211322000.0,58.992,0.42,"chairman, president & CEO",MALE,45.0,4010.0,40.0,6020.0,COMMERCIAL BANKS
2281800.0,6.358277575795226,David Moore,CORINTHIAN COLLEGES INC,Industrial,517293000.0,65.937,2.34,chairman & CEO,MALE,65.0,2020.0,20.0,8200.0,EDUCATIONAL SERVICES
6558904.0,6.8168312743575346,J. Battenberg III,DELPHI CORP,Discretionary,28096000000.0,-56.0,,"chairman, president & CEO",MALE,60.0,2510.0,25.0,3714.0,"MOTOR VEHICLE PART,ACCESSORY"
1936400.0,6.286995073968852,Mark Woodward,SERENA SOFTWARE INC,IT,105556000.0,21.351,,president & CEO,MALE,45.0,4510.0,45.0,7372.0,PREPACKAGED SOFTWARE
2624829.0,6.419101015637058,Allen Lauer,VARIAN INC,IT,847739000.0,49.147,0.27,chairman & CEO,MALE,66.0,4520.0,45.0,3826.0,LAB ANALYTICAL INSTRUMENTS
2651126.0,6.423430368926731,Richard Aurelio,VARIAN SEMICONDUCTOR EQUIPMT,IT,362501000.0,10.784,0.07,chairman & CEO,MALE,59.0,4530.0,45.0,3559.0,"SPECIAL INDUSTRY MACHY, NEC"
2174400.0,6.337339439388419,Jeffery Boyd,PRICELINE.COM INC,Discretionary,863661000.0,11.916,,president & CEO,MALE,47.0,2550.0,25.0,7370.0,"CMP PROGRAMMING,DATA PROCESS"
8497652.0,6.929298941677674,John Cahill,PEPSI BOTTLING GROUP INC,Staples,10265000000.0,416.0,,chairman & CEO,MALE,46.0,3020.0,30.0,2086.0,"BTLD & CAN SOFT DRINKS,WATER"
220092.0,5.34260425691501,Gordon Stitt,EXTREME NETWORKS INC,IT,363276000.0,-197.18,3.08,"chairman, president & CEO",MALE,47.0,4520.0,45.0,3576.0,COMPUTER COMMUNICATION EQUIP
3013363.0,6.479051451421477,Eric Parsons,STANCORP FINL GROUP INC,Financial,2066800000.0000002,156.3,,president & chief operating officer,MALE,55.0,4030.0,40.0,6321.0,ACCIDENT & HEALTH INSURANCE
2197270.0,6.341883426199257,Thomas Friel,HEIDRICK & STRUGGLES INTL,Industrial,340617000.0,-80.668,1.4,chairman,MALE,56.0,2020.0,20.0,7361.0,EMPLOYMENT AGENCIES
2902983.0,6.462844492590953,Kenneth Donahey,LIFEPOINT HOSPITALS INC,Health,907100000.0,68.5,2.1,"chairman, president & CEO",MALE,53.0,3510.0,35.0,8062.0,GEN MED & SURGICAL HOSPITALS
3108059.0,6.492489254379593,James Shelton,TRIAD HOSPITALS INC,Health,3865900000.0,95.2,0.33,"chairman, president & CEO",MALE,50.0,3510.0,35.0,8062.0,GEN MED & SURGICAL HOSPITALS
517559.0,5.713959865073664,Kevin DeNuccio,REDBACK NETWORKS INC,IT,107483000.0,-118.849,,president & CEO,MALE,44.0,4520.0,45.0,7373.0,CMP INTEGRATED SYS DESIGN
8506466.0,6.929749170487698,Gregory Reyes,BROCADE COMMUNICATIONS SYS,IT,525277000.00000006,-136.24,1.94,chairman & CEO,MALE,41.0,4520.0,45.0,3576.0,COMPUTER COMMUNICATION EQUIP
10301913.0,7.012917877928614,Andrew Schindler,RJ REYNOLDS TOBACCO HLDGS,Staples,5267000000.0,-3446.0,,"chairman, president & CEO",MALE,59.0,3020.0,30.0,2111.0,CIGARETTES
6925135.0,6.840428244044585,Donald Listwin,OPENWAVE SYSTEMS INC,IT,267954999.99999997,-216.958,0.81,president & CEO,MALE,44.0,4510.0,45.0,7372.0,PREPACKAGED SOFTWARE
9881461.0,6.9948211609164925,Scott Kriens,JUNIPER NETWORKS INC,IT,701393000.0,39.199,3.5,chairman & CEO,MALE,46.0,4520.0,45.0,3576.0,COMPUTER COMMUNICATION EQUIP
6529884.0,6.814905466327544,Steven Berkowitz,ASK JEEVES INC,IT,107292000.0,26.049,,CEO,MALE,45.0,4510.0,45.0,7370.0,"CMP PROGRAMMING,DATA PROCESS"
1862010.0,6.269982009047664,Ronald Hermance,HUDSON CITY BANCORP,Financial,806992000.0,207.41,,president & CEO,MALE,56.0,4010.0,40.0,6036.0,"SAVINGS INSTN, NOT FED CHART"
4484814.0,6.6517444361317954,Vivek Ranadive,TIBCO SOFTWARE INC,IT,264209999.99999997,11.44,1.55,"chairman, president & CEO",MALE,46.0,4510.0,45.0,7372.0,PREPACKAGED SOFTWARE
2775304.0,6.443310561617743,Michael Rayden,TOO INC,Discretionary,598681000.0,22.551,0.68,"chairman, president & CEO",MALE,55.0,2550.0,25.0,5600.0,APPAREL AND ACCESSORY STORES
256468.0,5.409033185079847,Michael LaBranche,LABRANCHE & CO INC,Financial,305989000.0,-179.389,5.77,"chairman, president & CEO",MALE,48.0,4020.0,40.0,6211.0,SECURITY BROKERS & DEALERS
1020996.0,6.009024040636048,Chuck Bay,KANA SOFTWARE INC,IT,61006000.0,-21.179,0.02,chairman & CEO,MALE,46.0,4510.0,45.0,7372.0,PREPACKAGED SOFTWARE
994756.0,5.997716567329893,Kevin McMullen,OMNOVA SOLUTIONS INC,Materials,682600000.0,-83.8,0.085,"chairman, president & CEO",MALE,43.0,1510.0,15.0,2821.0,"PLASTICS,RESINS,ELASTOMERS"
6282677.0,6.798144732686891,Gregory Peters,INTERNAP NETWORK SVCS CORP,IT,138580000.0,-33.038,,president & CEO,MALE,42.0,4510.0,45.0,7370.0,"CMP PROGRAMMING,DATA PROCESS"
2386043.0,6.377678266029397,Martin Singer,PC-TEL INC,IT,45600000.0,5.878,0.8,chairman & CEO,MALE,52.0,4520.0,45.0,7372.0,PREPACKAGED SOFTWARE
200000.0,5.301029995663981,David Oros,AETHER SYSTEMS INC,Telecom,55550000.0,-49.452,10.25,chairman & CEO,MALE,44.0,5010.0,50.0,7372.0,PREPACKAGED SOFTWARE
4294158.0,6.632878019901288,Richard Wambold,PACTIV CORP,Materials,3138000000.0,183.0,,chairman & CEO,MALE,52.0,1510.0,15.0,3089.0,"PLASTICS PRODUCTS, NEC"
20000.0,4.30102999566398,George Conrades,AKAMAI TECHNOLOGIES INC,IT,161259000.0,-29.281,5.09,chairman & CEO,MALE,65.0,4510.0,45.0,7370.0,"CMP PROGRAMMING,DATA PROCESS"
1403136.0,6.1470997673840495,Henry Carabelli,PAC-WEST TELECOM INC,Telecom,134640000.0,-15.25,0.14,president & CEO,MALE,48.0,5010.0,50.0,4813.0,PHONE COMM EX RADIOTELEPHONE
2311784.0,6.3639472536280834,Paul McLaughlin,RUDOLPH TECHNOLOGIES INC,IT,58500000.0,1.77,1.05,chairman & CEO,MALE,58.0,4530.0,45.0,3823.0,INDUSTRIAL MEASUREMENT INSTR
7882188.0,6.896646789117366,Edward Barnholt,AGILENT TECHNOLOGIES INC,IT,6056000000.0,-2058.0,,"chairman, president & CEO",MALE,60.0,4520.0,45.0,3825.0,ELEC MEAS & TEST INSTRUMENTS
4222559.0,6.625575726495365,Martin Leestma,RETEK INC,IT,168329000.0,-20.533,,president & CEO,MALE,45.0,4510.0,45.0,7372.0,PREPACKAGED SOFTWARE
2166687.0,6.335796177590744,Robert Mehrabian,TELEDYNE TECHNOLOGIES INC,Industrial,840700000.0,29.7,0.48,"chairman, president & CEO",MALE,62.0,2010.0,20.0,3663.0,"RADIO, TV BROADCAST, COMM EQ"
16865203.0,7.226991572993304,David D'Alessandro,HANCOCK JOHN FINL SVCS INC,Financial,9930400000.0,806.0,,"chairman, president & CEO",MALE,53.0,4030.0,40.0,6311.0,LIFE INSURANCE
2521617.0,6.401679123704965,Paul Stecko,PACKAGING CORP OF AMERICA,Materials,1735534000.0,-14.358,0.35,chairman & CEO,MALE,59.0,1510.0,15.0,2650.0,"PAPERBOARD CONTAINERS, BOXES"
687569.0,5.837316287688608,Kelly Conway,ELOYALTY CORP,IT,62579000.0,-18.271,5.35,president & CEO,MALE,47.0,4510.0,45.0,8742.0,MANAGEMENT CONSULTING SVCS
7009229.0,6.845670249142012,Richard Beyer,INTERSIL CORP  -CL A,IT,507684000.0,45.837,,president & CEO,MALE,55.0,4530.0,45.0,3674.0,"SEMICONDUCTOR,RELATED DEVICE"
848085.0,5.928439381951266,Michael McShane,GRANT PRIDECO INC,Energy,838456000.0,5.19,,president & CEO,MALE,49.0,1010.0,10.0,3533.0,"OIL & GAS FIELD MACHY, EQUIP"
1462819.0,6.165190592588598,Navdeep Sooch,SILICON LABORATORIES INC,IT,325305000.0,44.716,8.69,chairman & CEO,MALE,41.0,4530.0,45.0,3674.0,"SEMICONDUCTOR,RELATED DEVICE"
5580662.0,6.746685719707109,Michael Mussallem,EDWARDS LIFESCIENCES CORP,Health,860500000.0,79.0,0.12,chairman & CEO,MALE,51.0,3510.0,35.0,3842.0,"ORTHO,PROSTH,SURG APPL,SUPLY"
1816769.0,6.259299710795672,J. Mulcahy,ENERGIZER HOLDINGS INC,Staples,2232500000.0,169.9,,CEO,MALE,59.0,3030.0,30.0,3690.0,"MISC ELEC MACHY,EQ,SUPPLIES"
1058423.0,6.024659268693194,John Carrington,WEBSENSE INC,IT,81734000.0,16.688,,chairman & CEO,MALE,60.0,4510.0,45.0,7372.0,PREPACKAGED SOFTWARE
4114300.0,6.614295955709307,Matthew Neville,CABOT MICROELECTRONICS CORP,IT,251665000.0,37.733,,president & CEO,MALE,,4530.0,45.0,2890.0,MISC CHEMICAL PRODUCTS
5937768.0,6.773623224871991,Scott Livengood,KRISPY KREME DOUGHNUTS INC,Discretionary,665592000.0,57.087,0.15,"chairman, president & CEO",MALE,51.0,2530.0,25.0,5400.0,FOOD STORES
11623611.0,7.065341067275827,Robert Benmosche,METLIFE INC,Financial,35789000000.0,2217.0,,chairman & CEO,MALE,59.0,4030.0,40.0,6311.0,LIFE INSURANCE
852041.0,5.930460493411464,Paul Walsh,EFUNDS CORP,IT,532054000.0,28.908,,chairman & CEO,MALE,54.0,4510.0,45.0,7374.0,"CMP PROCESSING,DATA PREP SVC"
7460731.0,6.872781381589692,John Zeglis,AT&T WIRELESS SERVICES INC,Telecom,16695000000.0,442.0,,"chairman, president & CEO",MALE,,5010.0,50.0,4812.0,RADIOTELEPHONE COMMUNICATION
7432359.0,6.8711266789125895,Leonard Tow,CITIZENS COMMUNICATIONS CO,Telecom,2444938000.0,187.852,2.77,chairman & CEO,MALE,75.0,5010.0,50.0,4813.0,PHONE COMM EX RADIOTELEPHONE
5231906.0,6.718659932554737,Peter Pestillo,VISTEON CORP,Discretionary,17660000000.0,-1213.0,,chairman & CEO,MALE,66.0,2510.0,25.0,3714.0,"MOTOR VEHICLE PART,ACCESSORY"
4436073.0,6.6469986842842275,James Foster,CHARLES RIVER LABS INTL INC,Health,613723000.0,80.151,0.45,"chairman, president & CEO",MALE,53.0,3520.0,35.0,8731.0,"COML PHYSICAL, BIOLOGCL RESH"
4267210.0,6.63014401609508,Mark Whiston,JANUS CAPITAL GROUP INC,Financial,994700000.0,949.9,,vice chairman & CEO,MALE,42.0,4020.0,40.0,6282.0,INVESTMENT ADVICE
2132245.0,6.328837104686102,Mary Puma,AXCELIS TECHNOLOGIES INC,IT,321973000.0,-113.876,,president & CEO,FEMALE,46.0,4530.0,45.0,3559.0,"SPECIAL INDUSTRY MACHY, NEC"
1745457.0,6.241909154271509,Douglas Kohrs,AMERICAN MEDICAL SYSTMS HLDS,Health,168283000.0,29.05,1.31,chairman & CEO,MALE,46.0,3510.0,35.0,3842.0,"ORTHO,PROSTH,SURG APPL,SUPLY"
5338625.0,6.72742941586625,Donald Peterson,AVAYA INC,IT,4338000000.0,-88.0,0.08,"chairman, president & CEO",MALE,54.0,4520.0,45.0,3663.0,"RADIO, TV BROADCAST, COMM EQ"
4934763.0,6.693266299809341,"John Rutherfurd, Jr.",MOODYS CORP,Financial,1246600000.0,363.9,,chairman & CEO,MALE,64.0,4020.0,40.0,7320.0,CREDIT REPORTING AGENCIES
1439596.0,6.158240631270439,Christopher Seaver,HYDRIL,Energy,212017000.0,25.578,,president & CEO,MALE,55.0,1010.0,10.0,3533.0,"OIL & GAS FIELD MACHY, EQUIP"
2062310.0,6.314353947644978,Edward Voboril,WILSON GREATBATCH TECH INC,Health,216365000.0,23.288,0.76,"chairman, president & CEO",MALE,61.0,3510.0,35.0,3690.0,"MISC ELEC MACHY,EQ,SUPPLIES"
23263866.0,7.366681887647471,Lew Frankfort,COACH INC,Discretionary,953226000.0,146.628,0.7,chairman & CEO,MALE,57.0,2520.0,25.0,3100.0,LEATHER AND LEATHER PRODUCTS
736488.0,5.86716567503983,"Kenneth White, Jr.",W-H ENERGY SERVICES INC,Energy,398349000.0,19.261,1.43,"chairman, president & CEO",MALE,62.0,1010.0,10.0,1389.0,"OIL & GAS FIELD SERVICES,NEC"
1473086.0,6.168228102059996,Frank AtLee III,MONSANTO CO,Materials,4936000000.0,68.0,,president & CEO,MALE,63.0,1510.0,15.0,2870.0,AGRICULTURAL CHEMICALS
806060.0,5.906367370215852,Steven Shindler,NII HOLDINGS INC,Telecom,938687000.0,172.96,,CEO,MALE,41.0,5010.0,50.0,4812.0,RADIOTELEPHONE COMMUNICATION
1561893.0,6.193651278516145,"Floyd Pickrell, Jr.",SYBRON DENTAL SPECIALTIES,Health,526390999.99999994,57.452,0.32,president & CEO,MALE,58.0,3510.0,35.0,3843.0,DENTAL EQUIPMENT & SUPPLIES
6079477.0,6.783866219768838,Don Blankenship,MASSEY ENERGY CO,Materials,1535132000.0,-40.213,,"chairman, president & CEO",MALE,54.0,1510.0,15.0,1220.0,"BITUMINOUS COAL, LIGNITE MNG"
3096004.0,6.490801513114474,John Dickson,AGERE SYSTEMS INC,IT,1839000000.0,-338.0,,president & CEO,MALE,57.0,4530.0,45.0,3674.0,"SEMICONDUCTOR,RELATED DEVICE"
729997.0,5.8633210753449445,Richard Burnham,ODYSSEY HEALTHCARE INC,Health,274309000.0,31.207,0.87,chairman & CEO,MALE,62.0,3510.0,35.0,8050.0,NURSING & PERSONAL CARE FAC
3580006.0,6.55388375451111,Irl Engelhardt,PEABODY ENERGY CORP,Materials,2829480000.0,31.348,0.4,chairman & CEO,MALE,57.0,1510.0,15.0,1221.0,"BITMNS COAL,LIGNITE SURF MNG"
952121.0,5.978692144070442,Stephen Morris,ARBITRON INC,Discretionary,273550000.0,49.873,0.02,president & CEO,MALE,60.0,2540.0,25.0,8700.0,"ENGR,ACC,RESH,MGMT,REL SVCS"
5208052.0,6.716675311812115,Joseph Netherland,FMC TECHNOLOGIES INC,Energy,2307100000.0,75.6,1.7,"chairman, president & CEO",MALE,57.0,1010.0,10.0,3533.0,"OIL & GAS FIELD MACHY, EQUIP"
8031243.999999999,6.904782820557802,Roger Deromedi,KRAFT FOODS INC,Staples,31010000000.0,3476.0,,"co-CEO; president & CEO-Kraft Foods International, Inc.",MALE,,3020.0,30.0,2000.0,FOOD AND KINDRED PRODUCTS
11666805.0,7.066951939091797,Arthur Ryan,PRUDENTIAL FINANCIAL INC,Financial,27907000000.0,1264.0,,chairman & CEO,MALE,61.0,4030.0,40.0,6311.0,LIFE INSURANCE
2206240.0,6.343652754253863,Joe Forehand,ACCENTURE LTD,IT,13397240000.0,498.238,,chairman & CEO,MALE,55.0,4510.0,45.0,8742.0,MANAGEMENT CONSULTING SVCS
3774678.0,6.576879909928738,Clayton Jones,ROCKWELL COLLINS INC,Industrial,2542000000.0,258.0,,"chairman, president & CEO",MALE,54.0,2010.0,20.0,3728.0,"AIRCRAFT PARTS, AUX EQ, NEC"
2175175.0,6.337494203119145,Lee Kennedy,CERTEGY INC,IT,1015464000.0,92.402,0.36,"chairman, president & CEO",MALE,53.0,4510.0,45.0,7389.0,"BUSINESS SERVICES, NEC"
468167.0,5.670400798034258,Joseph Boshart,CROSS COUNTRY HEALTHCARE INC,Health,686930000.0,25.821,0.77,president & CEO,MALE,47.0,3510.0,35.0,7363.0,HELP SUPPLY SERVICES
2704453.0,6.432079438350456,Joseph Neubauer,ARAMARK CORP,Industrial,9447815000.0,301.092,30.38,chairman & CEO,MALE,62.0,2020.0,20.0,5812.0,EATING PLACES
5257694.0,6.720795306384525,J. Elliott,ZIMMER HOLDINGS INC,Health,1901000000.0,346.3,,"chairman, president & CEO",MALE,54.0,3510.0,35.0,3842.0,"ORTHO,PROSTH,SURG APPL,SUPLY"
51176587.0,7.7090713191343685,Larry Glasscock,ANTHEM INC,Health,16748500000.0,774.3,,president & CEO,MALE,55.0,3510.0,35.0,6324.0,HOSPITAL & MEDICAL SVC PLANS
958103.0,5.9814122000254075,Linda Huett,WEIGHT WATCHERS INTL INC,Discretionary,943932000.0,143.941,,president & CEO,FEMALE,59.0,2550.0,25.0,7200.0,PERSONAL SERVICES
3003448.0,6.47762011721943,Jeffrey McWaters,AMERIGROUP CORP,Health,1622234000.0,67.324,0.3,chairman & CEO,MALE,47.0,3510.0,35.0,6324.0,HOSPITAL & MEDICAL SVC PLANS
5887576.0,6.769936526280067,J. Griswell,PRINCIPAL FINANCIAL GRP INC,Financial,9404200000.0,746.3,,"chairman, president & CEO",MALE,55.0,4020.0,40.0,6311.0,LIFE INSURANCE
2779897.0,6.444028704853208,Randy Thurman,VIASYS HEALTHCARE INC,Health,394947000.0,21.586,0.02,chairman & CEO,MALE,,3510.0,35.0,3841.0,"SURGICAL,MED INSTR,APPARATUS"
1977731.0,6.296167220951641,Marc Breslawsky,IMAGISTICS INTERNATIONAL INC,Industrial,622196000.0,20.459,1.32,chairman & CEO,MALE,61.0,2020.0,20.0,5040.0,PROF & COML EQ & SUPPLY-WHSL
335236.0,5.525350650059198,David Neeleman,JETBLUE AIRWAYS CORP,Industrial,998351000.0,103.898,7.1,CEO,MALE,44.0,2030.0,20.0,4512.0,"AIR TRANSPORT, SCHEDULED"
3306210.0,6.519330435123121,Stephen Luczo,SEAGATE TECHNOLOGY,IT,6486000000.0,641.0,,CEO,MALE,46.0,4520.0,45.0,3572.0,COMPUTER STORAGE DEVICES
