Shape,Carat,Cut,Color,Clarity,Polish,Symmetry,L/W Ratio,Report,Depth,Table,Fluorescence,Culet,Date Loose,Price,ln price,ln carat
Princess,0.23,Very Good,I,VS1,VG,VG,1.04,GIA,74.2,75.0,Faint,None,2008-12-10,270.0,5.598421958998375,-1.4696759700589417
Round,0.3,Very Good,H,SI1,G,VG,1.01,GIA,62.3,59.0,Medium Blue,None,2008-12-12,278.0,5.627621113690637,-1.2039728043259361
Round,0.23,Very Good,I,SI1,G,G,1.02,GIA,59.9,61.0,None,None,2008-12-10,289.0,5.666426688112432,-1.4696759700589417
Round,0.3,Very Good,I,SI2,VG,VG,1.01,GIA,63.4,56.0,None,Very Small,2008-12-10,289.0,5.666426688112432,-1.2039728043259361
Round,0.23,Good,I,SI1,VG,VG,1.01,GIA,62.9,64.0,Faint,None,2008-12-10,291.0,5.673323267171493,-1.4696759700589417
Round,0.27,Ideal,J,VS2,VG,VG,1.01,GIA,61.9,55.0,Faint,None,2008-12-10,293.0,5.680172609017068,-1.3093333199837622
Round,0.32,Good,J,SI2,VG,G,1.01,GIA,58.5,60.0,None,None,2008-12-10,294.0,5.683579767338681,-1.1394342831883648
Round,0.28,Ideal,J,VS1,ID,ID,1.01,AGSL,61.7,56.0,None,None,2008-12-10,298.0,5.697093486505405,-1.2729656758128873
Round,0.28,Ideal,J,VS1,ID,ID,1.01,AGSL,61.4,56.0,None,None,2008-12-10,298.0,5.697093486505405,-1.2729656758128873
Round,0.31,Very Good,I,SI2,EX,VG,1.01,GIA,58.7,61.0,Faint,Very Small,2008-12-10,299.0,5.700443573390687,-1.171182981502945
Round,0.3,Very Good,I,SI1,EX,EX,1.0,GIA,62.4,56.0,None,None,2008-12-17,303.0,5.713732805509369,-1.2039728043259361
Round,0.3,Very Good,I,SI1,EX,EX,1.0,GIA,62.6,58.0,Medium Blue,None,2008-12-17,303.0,5.713732805509369,-1.2039728043259361
Round,0.31,Very Good,H,SI2,EX,EX,1.01,GIA,62.9,55.0,Medium Blue,None,2008-12-17,304.0,5.717027701406222,-1.171182981502945
Round,0.26,Ideal,H,SI2,VG,EX,1.01,GIA,61.6,55.0,None,None,2008-12-10,306.0,5.723585101952381,-1.3470736479666092
Princess,0.26,Very Good,I,VVS2,VG,VG,1.04,GIA,72.3,75.0,Faint,None,2008-12-10,306.0,5.723585101952381,-1.3470736479666092
Round,0.26,Ideal,J,VS1,EX,VG,1.01,GIA,61.7,55.0,Faint,None,2008-12-10,306.0,5.723585101952381,-1.3470736479666092
Round,0.26,Ideal,J,VS1,EX,EX,1.01,GIA,61.6,55.0,None,None,2008-12-10,306.0,5.723585101952381,-1.3470736479666092
Princess,0.23,Good,D,VS2,EX,G,1.01,GIA,61.9,73.0,None,None,2008-12-09,307.0,5.726847747587197,-1.4696759700589417
Emerald,0.23,Very Good,D,VS1,VG,VG,1.57,GIA,66.3,68.0,None,None,2008-12-17,309.0,5.733341276897746,-1.4696759700589417
Round,0.3,Very Good,G,SI2,EX,EX,1.01,GIA,62.8,57.0,None,None,2008-12-17,310.0,5.736572297479192,-1.2039728043259361
Round,0.3,Very Good,G,SI2,EX,EX,1.01,GIA,63.0,58.0,Faint,None,2008-12-17,310.0,5.736572297479192,-1.2039728043259361
Round,0.3,Very Good,G,SI2,EX,EX,1.0,GIA,62.5,53.0,Faint,None,2008-12-17,310.0,5.736572297479192,-1.2039728043259361
Round,0.3,Very Good,G,SI2,EX,EX,1.01,GIA,63.0,55.0,None,None,2008-12-17,310.0,5.736572297479192,-1.2039728043259361
Round,0.3,Very Good,G,SI2,EX,EX,1.01,GIA,62.3,57.0,None,None,2008-12-17,310.0,5.736572297479192,-1.2039728043259361
Princess,0.31,Very Good,G,VS1,VG,G,1.01,GIA,72.9,65.0,None,None,2008-12-10,311.0,5.739792912179234,-1.171182981502945
Round,0.23,Very Good,I,VVS1,EX,VG,1.01,GIA,59.4,58.0,None,None,2008-12-10,313.0,5.746203190540153,-1.4696759700589417
Round,0.32,Ideal,I,SI1,VG,EX,1.01,GIA,61.4,56.0,Strong Blue,None,2008-12-17,313.0,5.746203190540153,-1.1394342831883648
Emerald,0.23,Very Good,D,SI1,VG,G,1.33,GIA,66.3,69.0,Medium,None,2008-12-09,314.0,5.749392985908253,-1.4696759700589417
Princess,0.24,Very Good,I,VVS2,VG,G,1.01,GIA,72.1,73.0,Medium,None,2008-12-10,314.0,5.749392985908253,-1.4271163556401458
Round,0.25,Very Good,I,SI1,G,VG,1.01,GIA,63.6,58.0,Faint,None,2008-12-10,314.0,5.749392985908253,-1.3862943611198906
Princess,0.3,Very Good,I,SI1,VG,VG,1.05,GIA,73.9,76.0,None,None,2008-12-11,314.0,5.749392985908253,-1.2039728043259361
Round,0.31,Very Good,I,SI2,VG,EX,1.01,GIA,60.1,56.0,Faint,None,2008-12-10,314.0,5.749392985908253,-1.171182981502945
Princess,0.26,Very Good,I,VVS2,VG,VG,1.03,GIA,73.3,67.0,None,None,2008-12-10,315.0,5.752572638825633,-1.3470736479666092
Round,0.32,Ideal,I,SI2,VG,VG,1.0,GIA,58.4,61.0,None,None,2008-12-10,316.0,5.755742213586912,-1.1394342831883648
Round,0.32,Very Good,I,SI2,VG,VG,1.0,GIA,59.0,56.0,None,Small,2008-12-11,316.0,5.755742213586912,-1.1394342831883648
Round,0.32,Ideal,I,SI2,VG,VG,1.0,GIA,61.3,57.0,None,Very Small,2008-12-10,316.0,5.755742213586912,-1.1394342831883648
Round,0.32,Ideal,I,SI2,VG,VG,1.0,GIA,60.0,60.0,None,None,2008-12-10,316.0,5.755742213586912,-1.1394342831883648
Round,0.32,Ideal,I,SI2,EX,VG,1.0,GIA,61.9,59.0,None,None,2008-12-10,316.0,5.755742213586912,-1.1394342831883648
Round,0.32,Good,I,SI2,VG,VG,1.0,GIA,58.8,60.0,None,None,2008-12-10,316.0,5.755742213586912,-1.1394342831883648
Round,0.23,Ideal,I,VS1,VG,EX,1.01,GIA,61.4,56.0,None,None,2008-12-10,318.0,5.762051382780177,-1.4696759700589417
Emerald,0.23,Good,D,VS1,VG,VG,1.42,GIA,71.8,68.0,None,None,2008-12-09,318.0,5.762051382780177,-1.4696759700589417
Emerald,0.27,Very Good,G,VS1,VG,VG,1.37,GIA,68.9,66.0,None,None,2008-12-10,318.0,5.762051382780177,-1.3093333199837622
Round,0.32,Very Good,I,SI2,VG,VG,1.01,GIA,58.9,60.0,Medium,Very Small,2008-12-10,318.0,5.762051382780177,-1.1394342831883648
Round,0.33,Very Good,I,SI2,EX,VG,1.01,GIA,63.3,57.0,None,None,2008-12-10,319.0,5.765191102784844,-1.1086626245216111
Princess,0.23,Very Good,D,VS1,VG,VG,1.04,GIA,74.2,74.0,None,None,2008-12-17,321.0,5.771441123130016,-1.4696759700589417
Round,0.3,Very Good,I,VS2,VG,VG,1.01,GIA,60.7,60.0,Strong Blue,None,2008-12-10,321.0,5.771441123130016,-1.2039728043259361
Round,0.32,Very Good,I,SI2,EX,VG,1.01,GIA,63.4,57.0,None,None,2008-12-10,321.0,5.771441123130016,-1.1394342831883648
Emerald,0.23,Good,D,VS2,VG,G,1.46,GIA,57.5,70.0,None,None,2008-12-09,322.0,5.7745515455444085,-1.4696759700589417
Round,0.3,Ideal,G,SI2,EX,VG,1.01,GIA,62.1,57.0,None,None,2008-12-17,322.0,5.7745515455444085,-1.2039728043259361
Round,0.3,Ideal,H,SI2,VG,EX,1.01,GIA,61.5,56.0,None,None,2008-12-10,322.0,5.7745515455444085,-1.2039728043259361
Round,0.3,Very Good,I,SI1,VG,VG,1.0,GIA,62.7,57.0,None,None,2008-12-10,322.0,5.7745515455444085,-1.2039728043259361
Princess,0.23,Very Good,D,VS1,G,VG,1.04,GIA,68.7,73.0,None,None,2008-12-09,323.0,5.777652323222656,-1.4696759700589417
Round,0.33,Very Good,I,SI2,VG,G,1.01,GIA,58.6,63.0,None,None,2008-12-10,323.0,5.777652323222656,-1.1086626245216111
Round,0.28,Ideal,G,SI2,VG,EX,1.0,GIA,61.9,55.0,None,None,2008-12-10,324.0,5.780743515792329,-1.2729656758128873
Princess,0.23,Very Good,D,VS2,VG,G,1.03,GIA,72.1,73.0,None,None,2008-12-17,325.0,5.783825182329737,-1.4696759700589417
Round,0.26,Ideal,I,VVS2,EX,EX,1.01,GIA,61.7,56.0,Strong,None,2008-12-10,325.0,5.783825182329737,-1.3470736479666092
Round,0.31,Very Good,H,SI2,VG,VG,1.0,GIA,60.4,59.0,None,None,2008-12-11,325.0,5.783825182329737,-1.171182981502945
Emerald,0.23,Very Good,D,VS1,EX,VG,1.43,GIA,60.5,72.0,None,None,2008-12-09,326.0,5.786897381366708,-1.4696759700589417
Princess,0.32,Good,G,SI1,VG,VG,1.06,GIA,76.6,74.0,None,None,2008-12-10,326.0,5.786897381366708,-1.1394342831883648
Round,0.26,Ideal,I,VS1,EX,EX,1.01,GIA,61.5,56.0,Strong,None,2008-12-10,327.0,5.7899601708972535,-1.3470736479666092
Princess,0.3,Good,H,VS1,VG,G,1.04,GIA,78.0,69.0,None,None,2008-12-10,327.0,5.7899601708972535,-1.2039728043259361
Princess,0.3,Good,H,SI1,EX,VG,1.0,GIA,73.8,80.0,Faint,None,2008-12-11,327.0,5.7899601708972535,-1.2039728043259361
Round,0.3,Ideal,I,SI1,EX,EX,1.0,GIA,62.5,56.0,None,None,2008-12-17,327.0,5.7899601708972535,-1.2039728043259361
Princess,0.24,Good,D,VS1,VG,VG,1.01,GIA,60.5,72.0,None,None,2008-12-09,328.0,5.793013608384144,-1.4271163556401458
Princess,0.32,Good,D,SI2,VG,G,1.0,GIA,75.5,71.0,None,None,2008-12-09,333.0,5.808142489980444,-1.1394342831883648
Princess,0.23,Very Good,D,VS2,VG,VG,1.02,GIA,71.8,71.0,None,None,2008-12-17,338.0,5.823045895483019,-1.4696759700589417
Emerald,0.31,Fair,D,SI2,VG,VG,1.31,GIA,75.1,65.0,None,None,2008-12-10,338.0,5.823045895483019,-1.171182981502945
Princess,0.23,Good,G,VVS2,EX,G,1.02,GIA,59.7,73.0,Faint,None,2008-12-10,342.0,5.834810737062605,-1.4696759700589417
Princess,0.26,Very Good,D,SI1,EX,VG,1.04,GIA,74.1,72.0,None,None,2008-12-09,342.0,5.834810737062605,-1.3470736479666092
Emerald,0.28,Very Good,G,VS1,EX,VG,1.38,GIA,69.9,70.0,None,None,2008-12-10,342.0,5.834810737062605,-1.2729656758128873
Round,0.32,Ideal,G,SI2,EX,VG,1.0,GIA,61.7,56.0,None,None,2008-12-17,343.0,5.8377304471659395,-1.1394342831883648
Round,0.32,Ideal,G,SI2,VG,EX,1.0,GIA,61.7,56.0,None,None,2008-12-10,343.0,5.8377304471659395,-1.1394342831883648
Princess,0.31,Very Good,G,VS1,VG,VG,1.04,GIA,74.7,77.0,None,None,2008-12-10,344.0,5.840641657373398,-1.171182981502945
Round,0.23,Very Good,D,SI2,EX,VG,1.0,GIA,62.2,61.0,None,None,2008-12-09,346.0,5.846438775057725,-1.4696759700589417
Round,0.23,Very Good,D,SI2,VG,VG,1.01,GIA,60.5,65.0,None,None,2008-12-09,346.0,5.846438775057725,-1.4696759700589417
Round,0.23,Very Good,D,SI2,G,VG,1.01,GIA,62.3,57.0,None,None,2008-12-09,346.0,5.846438775057725,-1.4696759700589417
Round,0.23,Very Good,D,SI2,VG,G,1.01,GIA,63.3,56.0,None,None,2008-12-09,346.0,5.846438775057725,-1.4696759700589417
Emerald,0.26,Very Good,D,SI1,VG,G,1.32,GIA,64.8,70.0,None,None,2008-12-09,346.0,5.846438775057725,-1.3470736479666092
Princess,0.3,Very Good,D,SI1,VG,G,1.11,GIA,71.5,76.0,None,None,2008-12-09,346.0,5.846438775057725,-1.2039728043259361
Round,0.24,Good,G,SI1,VG,VG,1.01,GIA,62.9,63.0,None,None,2008-12-10,347.0,5.849324779946859,-1.4271163556401458
Round,0.24,Good,G,SI1,G,G,1.01,GIA,60.3,65.0,None,None,2008-12-10,347.0,5.849324779946859,-1.4271163556401458
Round,0.24,Good,G,SI1,VG,VG,1.01,GIA,61.3,63.0,None,None,2008-12-10,347.0,5.849324779946859,-1.4271163556401458
Round,0.31,Very Good,G,SI2,EX,EX,1.01,GIA,62.4,55.0,None,None,2008-12-10,347.0,5.849324779946859,-1.171182981502945
Round,0.23,Good,E,SI1,VG,G,1.01,GIA,61.6,65.0,None,None,2008-12-10,348.0,5.8522024797744745,-1.4696759700589417
Round,0.23,Good,E,SI1,VG,VG,1.01,GIA,63.5,64.0,Medium,None,2008-12-10,348.0,5.8522024797744745,-1.4696759700589417
Round,0.23,Ideal,E,SI1,VG,VG,1.01,GIA,61.1,60.0,None,None,2008-12-10,348.0,5.8522024797744745,-1.4696759700589417
Round,0.3,Very Good,G,VS2,VG,VG,1.0,GIA,62.4,58.0,Strong Blue,None,2008-12-12,348.0,5.8522024797744745,-1.2039728043259361
Round,0.3,Ideal,G,SI2,EX,VG,1.01,GIA,61.3,56.0,None,None,2008-12-10,349.0,5.855071922202427,-1.2039728043259361
Round,0.3,Ideal,G,SI2,EX,VG,1.01,GIA,60.4,56.0,None,None,2008-12-10,349.0,5.855071922202427,-1.2039728043259361
Round,0.23,Very Good,E,SI1,VG,VG,1.01,GIA,62.0,56.0,None,None,2008-12-10,350.0,5.857933154483459,-1.4696759700589417
Round,0.23,Very Good,E,SI1,VG,VG,1.01,GIA,60.5,60.0,None,None,2008-12-10,350.0,5.857933154483459,-1.4696759700589417
Round,0.23,Very Good,E,SI1,VG,VG,1.01,GIA,63.4,58.0,None,None,2008-12-10,350.0,5.857933154483459,-1.4696759700589417
Round,0.26,Very Good,G,SI1,EX,EX,1.0,GIA,61.3,57.0,None,None,2008-12-17,350.0,5.857933154483459,-1.3470736479666092
Round,0.26,Good,G,SI2,VG,VG,1.01,GIA,62.5,62.0,None,None,2008-12-10,351.0,5.860786223465865,-1.3470736479666092
Princess,0.27,Good,E,SI1,EX,G,1.02,GIA,59.5,71.0,None,None,2008-12-10,351.0,5.860786223465865,-1.3093333199837622
Round,0.3,Very Good,G,SI2,VG,VG,1.0,GIA,62.3,59.0,None,Very Small,2008-12-10,351.0,5.860786223465865,-1.2039728043259361
Princess,0.32,Very Good,G,SI1,EX,VG,1.01,GIA,73.9,75.0,None,None,2008-12-10,351.0,5.860786223465865,-1.1394342831883648
Round,0.23,Very Good,E,SI2,VG,VG,1.01,GIA,61.9,61.0,None,None,2008-12-10,352.0,5.863631175598097,-1.4696759700589417
Round,0.31,Ideal,G,SI2,EX,EX,1.01,GIA,61.9,57.0,None,None,2008-12-17,352.0,5.863631175598097,-1.171182981502945
Round,0.31,Ideal,G,SI2,EX,EX,1.0,GIA,61.6,56.0,None,None,2008-12-17,352.0,5.863631175598097,-1.171182981502945
Round,0.31,Ideal,G,SI2,EX,EX,1.0,GIA,61.5,56.0,Faint,None,2008-12-10,352.0,5.863631175598097,-1.171182981502945
Emerald,0.3,Very Good,E,VS2,VG,VG,1.28,GIA,60.6,71.0,None,None,2008-12-18,354.0,5.869296913133774,-1.2039728043259361
Round,0.3,Very Good,E,SI2,VG,G,1.02,GIA,61.0,57.0,None,None,2008-12-10,355.0,5.872117789475416,-1.2039728043259361
Princess,0.31,Very Good,E,SI1,EX,VG,1.05,GIA,66.8,76.0,None,None,2008-12-10,356.0,5.87493073085203,-1.171182981502945
Round,0.26,Ideal,E,SI2,EX,EX,1.0,GIA,61.0,56.0,Medium Blue,None,2008-12-10,357.0,5.877735781779639,-1.3470736479666092
Round,0.35,Very Good,H,SI1,VG,VG,1.01,GIA,63.5,56.0,None,None,2008-12-12,357.0,5.877735781779639,-1.0498221244986778
Round,0.31,Very Good,H,SI1,G,G,1.01,GIA,61.1,57.0,None,None,2008-12-10,358.0,5.8805329864007,-1.171182981502945
Princess,0.31,Very Good,E,SI1,VG,VG,1.01,GIA,74.5,60.0,None,None,2008-12-10,359.0,5.883322388488279,-1.171182981502945
Round,0.32,Very Good,E,SI2,EX,VG,1.02,GIA,59.6,61.0,Medium,None,2008-12-10,359.0,5.883322388488279,-1.1394342831883648
Princess,0.25,Very Good,E,SI1,G,G,1.0,GIA,69.2,69.0,None,None,2008-12-10,360.0,5.886104031450156,-1.3862943611198906
Princess,0.3,Good,H,VS1,VG,VG,1.03,GIA,77.2,75.0,None,None,2008-12-10,360.0,5.886104031450156,-1.2039728043259361
Round,0.35,Very Good,H,SI2,G,G,1.01,GIA,60.4,59.0,None,Small,2008-12-10,360.0,5.886104031450156,-1.0498221244986778
Princess,0.35,Very Good,E,SI1,G,G,1.06,GIA,68.7,77.0,None,None,2008-12-10,360.0,5.886104031450156,-1.0498221244986778
Round,0.26,Ideal,H,VS1,EX,EX,1.01,GIA,61.5,55.0,Strong,None,2008-12-10,361.0,5.8888779583328805,-1.3470736479666092
Round,0.26,Ideal,E,SI1,EX,EX,1.01,GIA,62.5,55.0,Strong,None,2008-12-10,361.0,5.8888779583328805,-1.3470736479666092
Round,0.3,Good,H,SI1,G,VG,1.0,GIA,61.1,61.0,None,None,2008-12-10,361.0,5.8888779583328805,-1.2039728043259361
Round,0.3,Ideal,H,SI1,EX,EX,1.0,GIA,62.4,55.0,None,None,2008-12-10,361.0,5.8888779583328805,-1.2039728043259361
Round,0.32,Very Good,H,SI2,G,G,1.0,GIA,62.7,58.0,None,None,2008-12-10,361.0,5.8888779583328805,-1.1394342831883648
Round,0.34,Ideal,H,SI2,VG,VG,1.01,GIA,61.0,58.0,None,None,2008-12-10,361.0,5.8888779583328805,-1.0788096613719298
Round,0.27,Ideal,H,SI1,VG,VG,1.02,GIA,60.5,61.0,None,Very Small,2008-12-10,362.0,5.8916442118257715,-1.3093333199837622
Round,0.27,Ideal,H,SI1,VG,VG,1.01,GIA,58.7,61.0,None,Small,2008-12-10,362.0,5.8916442118257715,-1.3093333199837622
Round,0.32,Ideal,H,SI2,EX,EX,1.01,GIA,61.5,55.0,None,None,2008-12-10,362.0,5.8916442118257715,-1.1394342831883648
Round,0.24,Good,E,SI1,G,G,1.01,GIA,63.3,60.0,None,None,2008-12-10,363.0,5.8944028342648505,-1.4271163556401458
Round,0.24,Good,E,SI1,G,VG,1.0,GIA,58.0,63.0,None,None,2008-12-10,363.0,5.8944028342648505,-1.4271163556401458
Round,0.27,Ideal,H,SI1,EX,EX,1.0,GIA,61.5,56.0,None,None,2008-12-10,363.0,5.8944028342648505,-1.3093333199837622
Round,0.27,Ideal,H,SI1,EX,EX,1.0,GIA,61.2,56.0,Faint,None,2008-12-10,363.0,5.8944028342648505,-1.3093333199837622
Round,0.27,Ideal,H,SI1,EX,EX,1.0,GIA,61.7,55.0,None,None,2008-12-10,363.0,5.8944028342648505,-1.3093333199837622
Round,0.27,Ideal,H,SI1,EX,EX,1.0,GIA,61.7,56.0,None,None,2008-12-10,363.0,5.8944028342648505,-1.3093333199837622
Round,0.27,Ideal,H,SI1,EX,EX,1.01,GIA,61.5,56.0,None,None,2008-12-10,363.0,5.8944028342648505,-1.3093333199837622
Round,0.31,Ideal,H,SI2,ID,ID,1.0,AGSL,61.8,56.0,None,None,2008-12-10,363.0,5.8944028342648505,-1.171182981502945
Round,0.27,Very Good,H,SI2,VG,G,1.0,GIA,61.4,62.0,None,None,2008-12-10,364.0,5.8971538676367405,-1.3093333199837622
Round,0.34,Very Good,H,SI2,VG,G,1.0,GIA,62.6,58.0,None,None,2008-12-10,364.0,5.8971538676367405,-1.0788096613719298
Round,0.23,Very Good,D,SI1,G,VG,1.01,GIA,62.8,60.0,None,Very Small,2008-12-09,365.0,5.8998973535824915,-1.4696759700589417
Round,0.23,Very Good,D,SI1,EX,VG,1.01,GIA,63.0,62.0,Medium,None,2008-12-09,365.0,5.8998973535824915,-1.4696759700589417
Round,0.23,Good,D,SI1,G,VG,1.01,GIA,59.8,64.0,None,None,2008-12-09,365.0,5.8998973535824915,-1.4696759700589417
Round,0.23,Good,D,SI1,VG,VG,1.02,GIA,62.0,62.0,Medium,None,2008-12-09,365.0,5.8998973535824915,-1.4696759700589417
Round,0.23,Good,D,SI1,G,VG,1.0,GIA,58.4,58.0,None,Very Small,2008-12-09,365.0,5.8998973535824915,-1.4696759700589417
Round,0.23,Ideal,D,SI1,VG,VG,1.01,GIA,59.8,60.0,Faint,None,2008-12-09,365.0,5.8998973535824915,-1.4696759700589417
Round,0.23,Good,D,SI1,VG,VG,1.02,GIA,66.2,56.0,None,None,2008-12-09,365.0,5.8998973535824915,-1.4696759700589417
Round,0.23,Good,D,SI1,G,VG,1.01,GIA,64.8,57.0,Medium,None,2008-12-09,365.0,5.8998973535824915,-1.4696759700589417
Round,0.23,Good,D,SI1,VG,VG,1.01,GIA,60.2,59.0,None,None,2008-12-09,365.0,5.8998973535824915,-1.4696759700589417
Round,0.23,Ideal,D,SI1,VG,VG,1.01,GIA,58.6,60.0,None,None,2008-12-09,365.0,5.8998973535824915,-1.4696759700589417
Round,0.23,Good,D,SI1,G,VG,1.01,GIA,64.6,58.0,None,None,2008-12-09,365.0,5.8998973535824915,-1.4696759700589417
Round,0.23,Ideal,G,VS2,VG,EX,1.01,GIA,61.9,54.0,None,None,2008-12-10,366.0,5.902633333401366,-1.4696759700589417
Round,0.23,Ideal,G,VS2,VG,EX,1.01,GIA,61.5,57.0,None,None,2008-12-10,366.0,5.902633333401366,-1.4696759700589417
Round,0.23,Ideal,G,VS2,EX,VG,1.01,GIA,61.5,56.0,None,None,2008-12-10,366.0,5.902633333401366,-1.4696759700589417
Round,0.23,Ideal,G,VS2,EX,EX,1.01,GIA,61.4,55.0,None,None,2008-12-10,366.0,5.902633333401366,-1.4696759700589417
Princess,0.23,Very Good,D,VVS2,VG,G,1.08,GIA,67.3,69.0,None,None,2008-12-09,366.0,5.902633333401366,-1.4696759700589417
Round,0.3,Very Good,D,SI2,EX,EX,1.01,GIA,63.1,56.0,None,None,2008-12-16,366.0,5.902633333401366,-1.2039728043259361
Princess,0.31,Very Good,G,SI1,EX,VG,1.02,GIA,72.8,73.0,None,None,2008-12-11,366.0,5.902633333401366,-1.171182981502945
Princess,0.31,Very Good,G,SI1,EX,G,1.02,GIA,71.9,71.0,None,None,2008-12-11,366.0,5.902633333401366,-1.171182981502945
Emerald,0.27,Fair,D,VVS2,G,VG,1.32,GIA,58.4,78.0,None,None,2008-12-09,367.0,5.905361848054571,-1.3093333199837622
Round,0.31,Very Good,G,SI2,ID,ID,1.01,AGSL,61.7,55.0,None,Pointed,2008-12-10,367.0,5.905361848054571,-1.171182981502945
Round,0.31,Ideal,G,SI2,EX,VG,1.01,GIA,61.0,55.0,None,None,2008-12-10,367.0,5.905361848054571,-1.171182981502945
Round,0.31,Ideal,G,SI2,VG,VG,1.01,GIA,62.3,58.0,Medium,None,2008-12-10,367.0,5.905361848054571,-1.171182981502945
Princess,0.31,Good,G,VVS2,VG,G,1.03,GIA,71.4,79.0,None,None,2008-12-10,367.0,5.905361848054571,-1.171182981502945
Round,0.33,Ideal,G,SI2,VG,VG,1.01,GIA,61.8,56.0,None,None,2008-12-10,367.0,5.905361848054571,-1.1086626245216111
Princess,0.33,Good,D,SI2,EX,G,1.02,GIA,79.0,78.0,Medium Blue,None,2008-12-10,367.0,5.905361848054571,-1.1086626245216111
Princess,0.24,Good,G,VS1,VG,VG,1.02,GIA,67.4,80.0,None,None,2008-12-10,368.0,5.908082938168931,-1.4271163556401458
Emerald,0.25,Very Good,D,VS1,VG,VG,1.49,GIA,65.0,69.0,None,None,2008-12-17,368.0,5.908082938168931,-1.3862943611198906
Emerald,0.26,Very Good,D,VS2,VG,G,1.36,GIA,66.5,63.0,Medium,None,2008-12-09,368.0,5.908082938168931,-1.3470736479666092
Round,0.32,Very Good,G,SI2,VG,VG,1.01,GIA,60.0,59.0,None,None,2008-12-10,368.0,5.908082938168931,-1.1394342831883648
Round,0.33,Ideal,G,SI2,VG,VG,1.0,GIA,62.8,56.0,None,None,2008-12-11,368.0,5.908082938168931,-1.1086626245216111
Round,0.33,Very Good,G,SI2,G,VG,1.01,GIA,59.0,61.0,None,None,2008-12-11,368.0,5.908082938168931,-1.1086626245216111
Round,0.33,Very Good,G,SI2,VG,G,1.0,GIA,62.5,59.0,None,None,2008-12-11,368.0,5.908082938168931,-1.1086626245216111
Round,0.33,Very Good,G,SI2,G,VG,1.01,GIA,62.4,59.0,None,None,2008-12-10,368.0,5.908082938168931,-1.1086626245216111
Princess,0.33,Very Good,G,SI1,EX,VG,1.04,GIA,72.2,72.0,None,None,2008-12-11,369.0,5.910796644040527,-1.1086626245216111
Princess,0.34,Good,G,VS2,G,G,1.03,GIA,76.5,71.0,None,None,2008-12-10,369.0,5.910796644040527,-1.0788096613719298
Round,0.26,Ideal,D,SI2,EX,VG,1.0,GIA,61.7,55.0,None,None,2008-12-09,370.0,5.91350300563827,-1.3470736479666092
Round,0.29,Ideal,F,SI2,EX,EX,1.0,GIA,61.0,56.0,None,None,2008-12-10,371.0,5.916202062607435,-1.2378743560016174
Round,0.33,Good,F,SI2,VG,VG,1.01,GIA,59.2,59.0,None,None,2008-12-10,371.0,5.916202062607435,-1.1086626245216111
Round,0.26,Good,F,SI2,VG,VG,1.01,GIA,60.7,64.0,None,None,2008-12-10,372.0,5.918893854273146,-1.3470736479666092
Round,0.26,Very Good,F,SI2,G,VG,1.01,GIA,63.5,57.0,Faint,None,2008-12-10,372.0,5.918893854273146,-1.3470736479666092
Round,0.26,Ideal,D,SI2,EX,EX,1.0,GIA,61.6,56.0,None,None,2008-12-09,373.0,5.921578419643816,-1.3470736479666092
Princess,0.34,Good,D,SI1,VG,G,1.03,GIA,77.4,71.0,None,None,2008-12-09,373.0,5.921578419643816,-1.0788096613719298
Princess,0.26,Good,F,VS2,VG,G,1.03,GIA,76.0,78.0,None,None,2008-12-10,374.0,5.924255797414532,-1.3470736479666092
Round,0.26,Ideal,F,SI1,VG,VG,1.01,GIA,62.2,55.0,None,None,2008-12-10,374.0,5.924255797414532,-1.3470736479666092
Round,0.26,Ideal,F,SI1,EX,VG,1.0,GIA,60.6,57.0,Medium,None,2008-12-10,374.0,5.924255797414532,-1.3470736479666092
Round,0.26,Very Good,F,SI1,G,VG,1.01,GIA,61.6,62.0,None,None,2008-12-10,374.0,5.924255797414532,-1.3470736479666092
Round,0.26,Good,F,SI1,VG,VG,1.0,GIA,62.7,63.0,None,None,2008-12-10,374.0,5.924255797414532,-1.3470736479666092
Round,0.26,Good,F,SI1,VG,G,1.01,GIA,62.4,64.0,Medium,None,2008-12-10,374.0,5.924255797414532,-1.3470736479666092
Round,0.26,Ideal,F,SI1,VG,VG,1.01,GIA,62.1,54.0,None,None,2008-12-10,374.0,5.924255797414532,-1.3470736479666092
Princess,0.31,Good,H,VS1,G,VG,1.0,GIA,67.4,79.0,None,None,2008-12-10,374.0,5.924255797414532,-1.171182981502945
Princess,0.32,Very Good,F,SI1,G,G,1.01,GIA,74.0,72.0,Strong Blue,None,2008-12-10,374.0,5.924255797414532,-1.1394342831883648
Princess,0.25,Good,F,VS1,G,G,1.0,GIA,79.1,67.0,None,None,2008-12-10,375.0,5.926926025970411,-1.3862943611198906
Round,0.31,Good,H,SI1,VG,VG,1.01,GIA,58.3,62.0,Medium,None,2008-12-10,375.0,5.926926025970411,-1.171182981502945
Round,0.31,Very Good,H,SI1,VG,VG,1.01,GIA,63.2,57.0,Medium,None,2008-12-10,375.0,5.926926025970411,-1.171182981502945
Round,0.28,Ideal,H,SI1,EX,EX,1.01,GIA,61.2,57.0,None,None,2008-12-10,376.0,5.929589143389895,-1.2729656758128873
Round,0.28,Ideal,H,SI1,EX,EX,1.01,GIA,61.3,56.0,Medium,None,2008-12-10,376.0,5.929589143389895,-1.2729656758128873
Princess,0.31,Good,F,VS1,VG,G,1.03,GIA,75.8,77.0,None,None,2008-12-11,376.0,5.929589143389895,-1.171182981502945
Princess,0.33,Very Good,H,VS1,VG,VG,1.02,GIA,68.0,75.0,Faint,None,2008-12-10,376.0,5.929589143389895,-1.1086626245216111
Princess,0.36,Very Good,F,SI1,G,G,1.13,GIA,71.7,75.0,None,None,2008-12-11,376.0,5.929589143389895,-1.0216512475319814
Princess,0.29,Very Good,H,VVS2,EX,VG,1.03,GIA,73.3,77.0,None,None,2008-12-11,377.0,5.932245187448011,-1.2378743560016174
Round,0.31,Very Good,H,SI2,VG,G,1.01,GIA,57.4,62.0,None,None,2008-12-10,377.0,5.932245187448011,-1.171182981502945
Round,0.31,Very Good,F,SI2,EX,VG,1.0,GIA,62.7,58.0,Medium Blue,None,2008-12-10,377.0,5.932245187448011,-1.171182981502945
Princess,0.32,Good,H,VS1,VG,G,1.01,GIA,74.3,79.0,None,None,2008-12-11,377.0,5.932245187448011,-1.1394342831883648
Round,0.3,Very Good,H,SI1,VG,VG,1.0,GIA,62.9,55.0,None,None,2008-12-10,378.0,5.934894195619588,-1.2039728043259361
Princess,0.23,Good,F,VVS2,VG,G,1.04,GIA,75.4,73.0,None,None,2008-12-18,379.0,5.937536205082426,-1.4696759700589417
Round,0.24,Ideal,F,SI1,EX,EX,1.01,GIA,61.5,56.0,None,None,2008-12-10,379.0,5.937536205082426,-1.4271163556401458
Round,0.24,Ideal,F,SI1,EX,EX,1.01,GIA,61.7,56.0,None,None,2008-12-10,379.0,5.937536205082426,-1.4271163556401458
Round,0.25,Ideal,H,VS2,EX,VG,1.0,GIA,62.7,59.0,None,None,2008-12-10,379.0,5.937536205082426,-1.3862943611198906
Round,0.28,Very Good,H,SI1,VG,VG,1.01,GIA,60.0,63.0,Medium Blue,None,2008-12-10,379.0,5.937536205082426,-1.2729656758128873
Round,0.28,Ideal,H,SI1,VG,EX,1.01,GIA,61.3,57.0,None,None,2008-12-10,379.0,5.937536205082426,-1.2729656758128873
Round,0.3,Good,H,SI1,VG,VG,1.0,GIA,62.3,62.0,Medium,None,2008-12-11,379.0,5.937536205082426,-1.2039728043259361
Round,0.25,Ideal,H,VS2,EX,EX,1.01,GIA,61.9,55.0,None,None,2008-12-10,380.0,5.940171252720432,-1.3862943611198906
Princess,0.3,Very Good,H,VS2,VG,VG,1.0,GIA,74.9,70.0,None,None,2008-12-11,380.0,5.940171252720432,-1.2039728043259361
Round,0.24,Very Good,D,SI1,VG,VG,1.01,GIA,61.7,62.0,None,None,2008-12-09,381.0,5.942799375126701,-1.4271163556401458
Round,0.24,Good,D,SI1,G,VG,1.01,GIA,63.1,60.0,Faint,None,2008-12-09,381.0,5.942799375126701,-1.4271163556401458
Round,0.24,Very Good,D,SI1,G,VG,1.0,GIA,59.6,59.0,Faint,None,2008-12-09,381.0,5.942799375126701,-1.4271163556401458
Round,0.24,Very Good,D,SI1,G,VG,1.01,GIA,63.6,57.0,Medium,None,2008-12-09,381.0,5.942799375126701,-1.4271163556401458
Round,0.33,Very Good,H,SI1,VG,G,1.01,GIA,62.8,54.0,None,None,2008-12-10,381.0,5.942799375126701,-1.1086626245216111
Round,0.36,Ideal,H,SI1,VG,VG,1.01,GIA,61.7,58.0,None,None,2008-12-12,381.0,5.942799375126701,-1.0216512475319814
Emerald,0.23,Good,D,VVS1,VG,G,1.53,GIA,57.1,69.0,None,None,2008-12-09,382.0,5.945420608606575,-1.4696759700589417
Round,0.25,Good,H,VS2,VG,VG,1.01,GIA,64.8,57.0,None,None,2008-12-10,382.0,5.945420608606575,-1.3862943611198906
Emerald,0.27,Very Good,D,VS2,VG,VG,1.38,GIA,68.0,65.0,None,None,2008-12-17,382.0,5.945420608606575,-1.3093333199837622
Princess,0.29,Very Good,H,VS1,EX,G,1.06,GIA,74.2,72.0,None,None,2008-12-11,382.0,5.945420608606575,-1.2378743560016174
Emerald,0.3,Very Good,D,SI1,VG,G,1.39,GIA,65.9,63.0,None,None,2008-12-09,382.0,5.945420608606575,-1.2039728043259361
Emerald,0.3,Very Good,D,SI1,EX,VG,1.42,GIA,68.3,69.0,None,None,2008-12-09,382.0,5.945420608606575,-1.2039728043259361
Princess,0.31,Very Good,D,VS2,VG,G,1.04,GIA,73.7,61.0,None,None,2008-12-09,383.0,5.948034989180646,-1.171182981502945
Princess,0.23,Very Good,D,VVS1,VG,G,1.08,GIA,72.8,75.0,None,None,2008-12-09,384.0,5.950642552587727,-1.4696759700589417
Princess,0.29,Good,D,SI1,VG,VG,1.03,GIA,75.3,74.0,None,None,2008-12-09,384.0,5.950642552587727,-1.2378743560016174
Princess,0.28,Very Good,D,VS2,EX,VG,1.04,GIA,63.3,74.0,None,None,2008-12-17,385.0,5.953243334287785,-1.2729656758128873
Round,0.3,Good,D,SI2,VG,G,1.02,GIA,65.2,57.0,Medium,None,2008-12-15,386.0,5.955837369464831,-1.2039728043259361
Round,0.3,Ideal,D,SI2,VG,VG,1.01,GIA,60.9,56.0,Medium,None,2008-12-09,386.0,5.955837369464831,-1.2039728043259361
Round,0.3,Good,D,SI1,VG,VG,1.01,GIA,64.0,58.0,None,None,2008-12-10,386.0,5.955837369464831,-1.2039728043259361
Round,0.31,Very Good,G,SI2,G,G,1.0,GIA,62.6,58.0,None,None,2008-12-10,387.0,5.958424693029782,-1.171182981502945
Round,0.27,Ideal,G,VS2,EX,VG,1.01,GIA,61.6,56.0,None,None,2008-12-10,388.0,5.961005339623274,-1.3093333199837622
Princess,0.3,Very Good,G,VS1,EX,VG,1.02,GIA,73.3,72.0,Faint Blue,None,2008-12-10,388.0,5.961005339623274,-1.2039728043259361
Princess,0.3,Very Good,D,SI1,VG,VG,1.02,GIA,72.7,78.0,None,None,2008-12-10,388.0,5.961005339623274,-1.2039728043259361
Princess,0.31,Very Good,D,VS2,G,G,1.04,GIA,71.8,70.0,Faint,None,2008-12-09,388.0,5.961005339623274,-1.171182981502945
Round,0.32,Ideal,G,SI1,VG,EX,1.01,GIA,61.9,56.0,None,None,2008-12-17,388.0,5.961005339623274,-1.1394342831883648
Round,0.34,Ideal,G,SI2,EX,VG,1.0,GIA,59.3,61.0,None,None,2008-12-11,388.0,5.961005339623274,-1.0788096613719298
Round,0.34,Ideal,G,SI1,VG,VG,1.0,GIA,62.3,57.0,None,None,2008-12-12,388.0,5.961005339623274,-1.0788096613719298
Round,0.27,Very Good,G,SI1,VG,G,1.0,GIA,62.2,58.0,None,Very Small,2008-12-10,389.0,5.963579343618446,-1.3093333199837622
Round,0.27,Ideal,G,SI1,VG,VG,1.0,GIA,61.2,61.0,None,None,2008-12-10,389.0,5.963579343618446,-1.3093333199837622
Round,0.27,Ideal,G,SI1,EX,VG,1.01,GIA,60.4,61.0,None,None,2008-12-10,389.0,5.963579343618446,-1.3093333199837622
Round,0.27,Ideal,G,SI1,EX,EX,1.01,GIA,61.3,56.0,None,None,2008-12-10,389.0,5.963579343618446,-1.3093333199837622
Princess,0.3,Good,G,VVS2,VG,G,1.06,GIA,76.5,72.0,None,None,2008-12-10,389.0,5.963579343618446,-1.2039728043259361
Round,0.3,Ideal,G,SI1,VG,VG,1.0,GIA,59.3,61.0,None,None,2008-12-10,389.0,5.963579343618446,-1.2039728043259361
Princess,0.3,Very Good,D,SI1,EX,G,1.04,GIA,67.4,78.0,None,None,2008-12-10,389.0,5.963579343618446,-1.2039728043259361
Round,0.31,Very Good,D,SI2,VG,VG,1.01,GIA,63.6,56.0,Faint,None,2008-12-09,389.0,5.963579343618446,-1.171182981502945
Round,0.31,Very Good,D,SI2,EX,VG,1.0,GIA,58.6,58.0,None,None,2008-12-09,389.0,5.963579343618446,-1.171182981502945
Emerald,0.26,Good,G,IF,G,G,1.31,GIA,65.2,73.0,None,None,2008-12-18,390.0,5.966146739123692,-1.3470736479666092
Round,0.29,Fair,G,SI2,VG,G,1.01,GIA,66.5,59.0,Faint,None,2008-12-10,390.0,5.966146739123692,-1.2378743560016174
Princess,0.3,Good,G,VS1,VG,VG,1.03,GIA,75.2,71.0,None,None,2008-12-10,390.0,5.966146739123692,-1.2039728043259361
Princess,0.3,Good,G,VS1,EX,VG,1.02,GIA,75.4,77.0,None,None,2008-12-10,390.0,5.966146739123692,-1.2039728043259361
Princess,0.3,Good,G,VS1,VG,VG,1.02,GIA,75.5,74.0,None,None,2008-12-10,390.0,5.966146739123692,-1.2039728043259361
Princess,0.32,Good,G,VS1,EX,VG,1.01,GIA,77.7,72.0,None,None,2008-12-10,390.0,5.966146739123692,-1.1394342831883648
Round,0.35,Ideal,G,SI2,VG,VG,1.01,GIA,60.9,61.0,None,None,2008-12-11,390.0,5.966146739123692,-1.0498221244986778
Round,0.25,Good,D,SI1,VG,VG,1.01,GIA,64.8,54.0,Medium,None,2008-12-09,397.0,5.983936280687191,-1.3862943611198906
Round,0.25,Ideal,D,SI1,VG,EX,1.01,GIA,61.8,55.0,None,None,2008-12-09,397.0,5.983936280687191,-1.3862943611198906
Round,0.25,Very Good,D,SI1,VG,EX,1.01,GIA,61.8,61.0,None,None,2008-12-09,397.0,5.983936280687191,-1.3862943611198906
Round,0.25,Very Good,D,SI1,VG,G,1.01,GIA,59.4,63.0,Medium,None,2008-12-09,397.0,5.983936280687191,-1.3862943611198906
Princess,0.3,Good,D,SI1,EX,VG,1.02,GIA,75.2,74.0,Faint,None,2008-12-10,397.0,5.983936280687191,-1.2039728043259361
Princess,0.31,Good,D,SI1,EX,G,1.0,GIA,76.1,75.0,None,None,2008-12-10,397.0,5.983936280687191,-1.171182981502945
Round,0.26,Ideal,D,SI2,EX,EX,1.0,GIA,61.7,56.0,None,None,2008-12-09,398.0,5.986452005284438,-1.3470736479666092
Princess,0.34,Very Good,D,SI1,EX,G,1.04,GIA,74.9,72.0,None,None,2008-12-09,398.0,5.986452005284438,-1.0788096613719298
Princess,0.29,Good,D,SI1,G,G,1.0,GIA,76.9,71.0,None,None,2008-12-09,399.0,5.988961416889864,-1.2378743560016174
Emerald,0.23,Very Good,F,VVS2,VG,G,1.28,GIA,67.5,67.0,None,None,2008-12-11,400.0,5.991464547107982,-1.4696759700589417
Princess,0.25,Good,F,VVS2,EX,EX,1.04,GIA,58.0,69.0,None,None,2008-12-18,400.0,5.991464547107982,-1.3862943611198906
Round,0.3,Ideal,F,SI2,EX,EX,1.01,GIA,60.8,57.0,None,None,2008-12-10,400.0,5.991464547107982,-1.2039728043259361
Princess,0.3,Very Good,D,SI1,EX,VG,1.02,GIA,72.7,71.0,None,None,2008-12-10,400.0,5.991464547107982,-1.2039728043259361
Princess,0.3,Very Good,D,SI1,EX,VG,1.02,GIA,74.0,73.0,None,None,2008-12-10,400.0,5.991464547107982,-1.2039728043259361
Princess,0.32,Good,D,VS2,G,G,1.01,GIA,68.4,82.0,None,None,2008-12-09,400.0,5.991464547107982,-1.1394342831883648
Round,0.34,Ideal,F,SI2,EX,EX,1.01,GIA,62.8,56.0,None,None,2008-12-17,400.0,5.991464547107982,-1.0788096613719298
Round,0.34,Ideal,F,SI2,EX,EX,1.0,GIA,61.5,55.0,None,None,2008-12-17,400.0,5.991464547107982,-1.0788096613719298
Round,0.23,Good,D,VS1,G,G,1.01,GIA,61.4,59.0,None,None,2008-12-11,401.0,5.993961427306569,-1.4696759700589417
Round,0.25,Very Good,F,VS2,VG,VG,1.01,GIA,59.3,65.0,Strong,None,2008-12-10,401.0,5.993961427306569,-1.3862943611198906
Round,0.25,Good,F,VS2,VG,VG,1.01,GIA,63.2,61.0,None,None,2008-12-10,401.0,5.993961427306569,-1.3862943611198906
Round,0.25,Very Good,F,VS2,EX,VG,1.01,GIA,61.5,63.0,None,None,2008-12-10,401.0,5.993961427306569,-1.3862943611198906
Round,0.25,Very Good,F,VS2,EX,G,1.01,GIA,60.3,59.0,None,None,2008-12-10,401.0,5.993961427306569,-1.3862943611198906
Round,0.25,Good,F,VS2,G,VG,1.01,GIA,61.4,63.0,None,None,2008-12-10,401.0,5.993961427306569,-1.3862943611198906
Round,0.25,Very Good,F,VS2,VG,VG,1.01,GIA,61.5,60.0,Medium,None,2008-12-10,401.0,5.993961427306569,-1.3862943611198906
Round,0.25,Very Good,F,VS2,EX,VG,1.01,GIA,63.2,62.0,Strong,None,2008-12-10,401.0,5.993961427306569,-1.3862943611198906
Round,0.28,Good,F,SI2,VG,VG,1.01,GIA,63.1,62.0,None,None,2008-12-10,401.0,5.993961427306569,-1.2729656758128873
Round,0.28,Very Good,F,SI2,G,VG,1.01,GIA,60.1,56.0,None,None,2008-12-10,401.0,5.993961427306569,-1.2729656758128873
Round,0.28,Good,F,SI2,VG,VG,1.01,GIA,64.1,61.0,None,None,2008-12-10,401.0,5.993961427306569,-1.2729656758128873
Round,0.28,Good,F,SI2,VG,VG,1.01,GIA,63.6,63.0,None,None,2008-12-10,401.0,5.993961427306569,-1.2729656758128873
Round,0.32,Very Good,D,SI2,EX,VG,1.01,GIA,63.7,59.0,None,None,2008-12-09,401.0,5.993961427306569,-1.1394342831883648
Round,0.36,Very Good,F,SI2,VG,VG,1.01,GIA,61.4,61.0,Medium,None,2008-12-10,401.0,5.993961427306569,-1.0216512475319814
Princess,0.23,Very Good,D,VVS1,VG,G,1.04,GIA,62.2,69.0,None,None,2008-12-09,402.0,5.996452088619021,-1.4696759700589417
Princess,0.24,Good,F,VVS1,G,G,1.03,GIA,74.5,81.0,None,None,2008-12-10,402.0,5.996452088619021,-1.4271163556401458
Round,0.25,Very Good,D,VS1,VG,VG,1.01,GIA,62.3,60.0,Strong Blue,None,2008-12-11,402.0,5.996452088619021,-1.3862943611198906
Round,0.27,Ideal,D,SI2,EX,EX,1.0,GIA,60.7,57.0,Medium,None,2008-12-09,402.0,5.996452088619021,-1.3093333199837622
Princess,0.3,Good,F,VVS2,VG,G,1.06,GIA,76.9,68.0,None,None,2008-12-10,402.0,5.996452088619021,-1.2039728043259361
Round,0.31,Very Good,D,SI2,VG,VG,1.0,GIA,60.0,57.0,None,Very Small,2008-12-17,402.0,5.996452088619021,-1.171182981502945
Princess,0.31,Very Good,D,SI1,EX,G,1.04,GIA,72.8,71.0,None,None,2008-12-10,402.0,5.996452088619021,-1.171182981502945
Round,0.28,Ideal,G,SI1,VG,VG,1.01,GIA,62.0,57.0,None,Small,2008-12-10,403.0,5.998936561946683,-1.2729656758128873
Round,0.28,Very Good,G,SI1,G,VG,1.01,GIA,62.6,62.0,None,None,2008-12-10,403.0,5.998936561946683,-1.2729656758128873
Princess,0.3,Good,D,SI1,EX,VG,1.02,GIA,75.3,78.0,None,None,2008-12-09,403.0,5.998936561946683,-1.2039728043259361
Round,0.31,Ideal,G,VS2,VG,VG,1.01,GIA,60.2,61.0,Medium Blue,None,2008-12-12,403.0,5.998936561946683,-1.171182981502945
Round,0.25,Very Good,G,VS1,VG,VG,1.01,GIA,62.5,54.0,None,None,2008-12-10,404.0,6.0014148779611505,-1.3862943611198906
Princess,0.23,Very Good,G,VVS1,VG,G,1.02,GIA,73.5,68.0,None,None,2008-12-10,406.0,6.0063531596017325,-1.4696759700589417
Round,0.28,Ideal,G,VS2,EX,EX,1.0,GIA,62.1,54.0,None,None,2008-12-17,406.0,6.0063531596017325,-1.2729656758128873
Round,0.3,Ideal,G,SI1,VG,VG,1.01,GIA,62.6,57.0,None,Very Small,2008-12-11,406.0,6.0063531596017325,-1.2039728043259361
Round,0.32,Ideal,G,SI1,EX,EX,1.0,GIA,61.7,55.0,Strong,None,2008-12-10,406.0,6.0063531596017325,-1.1394342831883648
Princess,0.32,Very Good,G,VS1,VG,VG,1.01,GIA,74.5,74.0,Medium Blue,None,2008-12-11,406.0,6.0063531596017325,-1.1394342831883648
Round,0.31,Very Good,G,SI1,EX,VG,1.01,GIA,61.5,60.0,None,None,2008-12-10,407.0,6.008813185442595,-1.171182981502945
Round,0.31,Very Good,G,SI1,VG,VG,1.0,GIA,62.6,58.0,None,None,2008-12-10,407.0,6.008813185442595,-1.171182981502945
Round,0.36,Very Good,G,SI2,VG,VG,1.01,GIA,61.1,61.0,None,None,2008-12-11,407.0,6.008813185442595,-1.0216512475319814
Round,0.36,Very Good,G,SI2,VG,VG,1.02,GIA,62.0,60.0,None,None,2008-12-11,407.0,6.008813185442595,-1.0216512475319814
Round,0.23,Very Good,G,VS1,VG,EX,1.01,GIA,60.6,56.0,None,None,2008-12-10,408.0,6.0112671744041615,-1.4696759700589417
Round,0.27,Good,E,SI1,VG,VG,1.01,GIA,62.8,62.0,None,None,2008-12-10,408.0,6.0112671744041615,-1.3093333199837622
Round,0.27,Ideal,E,SI1,EX,VG,1.01,GIA,61.3,58.0,None,None,2008-12-10,408.0,6.0112671744041615,-1.3093333199837622
Round,0.28,Ideal,G,VS2,VG,EX,1.01,GIA,62.2,55.0,None,None,2008-12-17,408.0,6.0112671744041615,-1.2729656758128873
Round,0.32,Ideal,G,SI1,EX,EX,1.01,GIA,62.3,55.0,None,None,2008-12-17,408.0,6.0112671744041615,-1.1394342831883648
Round,0.33,Ideal,G,SI2,EX,VG,1.01,GIA,61.3,56.0,None,None,2008-12-10,408.0,6.0112671744041615,-1.1086626245216111
Round,0.33,Ideal,G,SI2,EX,VG,1.01,GIA,61.5,56.0,None,None,2008-12-10,408.0,6.0112671744041615,-1.1086626245216111
Round,0.23,Very Good,E,VS2,EX,VG,1.01,GIA,63.0,60.0,None,None,2008-12-10,409.0,6.013715156042802,-1.4696759700589417
Round,0.23,Very Good,E,VS2,VG,G,1.0,GIA,61.4,59.0,Faint,None,2008-12-10,409.0,6.013715156042802,-1.4696759700589417
Round,0.23,Good,E,VS2,VG,VG,1.01,GIA,63.3,62.0,None,None,2008-12-10,409.0,6.013715156042802,-1.4696759700589417
Princess,0.23,Very Good,E,VVS2,VG,VG,1.01,GIA,71.7,73.0,None,None,2008-12-10,409.0,6.013715156042802,-1.4696759700589417
Emerald,0.24,Very Good,D,VVS1,VG,VG,1.27,GIA,66.4,65.0,None,None,2008-12-17,409.0,6.013715156042802,-1.4271163556401458
Emerald,0.24,Very Good,D,VVS1,VG,VG,1.48,GIA,61.3,67.0,None,None,2008-12-09,409.0,6.013715156042802,-1.4271163556401458
Emerald,0.24,Very Good,E,IF,G,VG,1.43,GIA,64.1,70.0,None,None,2008-12-10,409.0,6.013715156042802,-1.4271163556401458
Round,0.3,Ideal,E,SI1,EX,EX,1.0,GIA,61.4,57.0,Strong Blue,None,2008-12-10,409.0,6.013715156042802,-1.2039728043259361
Round,0.3,Ideal,E,SI1,EX,EX,1.0,GIA,61.7,56.0,Strong Blue,None,2008-12-17,409.0,6.013715156042802,-1.2039728043259361
Princess,0.31,Very Good,E,VS2,VG,VG,1.01,GIA,71.4,71.0,None,None,2008-12-11,409.0,6.013715156042802,-1.171182981502945
Round,0.35,Ideal,G,SI1,VG,VG,1.0,GIA,60.1,59.0,None,None,2008-12-12,409.0,6.013715156042802,-1.0498221244986778
Round,0.35,Ideal,E,SI2,EX,VG,1.02,GIA,61.8,55.0,None,None,2008-12-10,409.0,6.013715156042802,-1.0498221244986778
Round,0.23,Ideal,D,VS1,VG,VG,1.01,GIA,61.8,58.0,None,None,2008-12-09,410.0,6.016157159698354,-1.4696759700589417
Round,0.27,Ideal,E,SI1,VG,EX,1.0,GIA,62.0,54.0,None,None,2008-12-10,410.0,6.016157159698354,-1.3093333199837622
Round,0.27,Ideal,E,SI1,VG,VG,1.01,GIA,61.2,57.0,Medium,None,2008-12-10,410.0,6.016157159698354,-1.3093333199837622
Round,0.27,Ideal,E,SI1,EX,VG,1.01,GIA,61.2,56.0,None,None,2008-12-10,410.0,6.016157159698354,-1.3093333199837622
Round,0.27,Very Good,E,SI1,VG,VG,1.01,GIA,63.4,58.0,None,None,2008-12-10,410.0,6.016157159698354,-1.3093333199837622
Round,0.27,Very Good,E,SI1,EX,VG,1.01,GIA,61.3,60.0,None,None,2008-12-10,410.0,6.016157159698354,-1.3093333199837622
Round,0.27,Very Good,E,SI1,EX,VG,1.02,GIA,61.2,60.0,None,None,2008-12-10,410.0,6.016157159698354,-1.3093333199837622
Princess,0.28,Very Good,D,VS2,VG,G,1.0,GIA,67.9,73.0,None,None,2008-12-17,410.0,6.016157159698354,-1.2729656758128873
Round,0.32,Very Good,E,SI2,EX,EX,1.01,GIA,59.4,60.0,None,None,2008-12-10,410.0,6.016157159698354,-1.1394342831883648
Round,0.36,Very Good,E,SI2,VG,EX,1.0,GIA,60.2,57.0,Medium,None,2008-12-10,410.0,6.016157159698354,-1.0216512475319814
Round,0.36,Very Good,E,SI2,G,VG,1.01,GIA,63.4,55.0,None,None,2008-12-10,410.0,6.016157159698354,-1.0216512475319814
Princess,0.23,Good,D,VVS2,EX,VG,1.05,GIA,75.3,77.0,None,None,2008-12-09,411.0,6.018593214496234,-1.4696759700589417
Princess,0.23,Good,D,VVS2,VG,G,1.03,GIA,76.5,75.0,None,None,2008-12-09,411.0,6.018593214496234,-1.4696759700589417
Princess,0.23,Good,D,VVS2,EX,VG,1.04,GIA,75.1,77.0,None,None,2008-12-09,411.0,6.018593214496234,-1.4696759700589417
Emerald,0.24,Very Good,D,VS1,G,G,1.33,GIA,67.4,71.0,None,None,2008-12-09,411.0,6.018593214496234,-1.4271163556401458
Princess,0.29,Good,D,VS1,VG,VG,1.05,GIA,61.0,71.0,None,None,2008-12-17,411.0,6.018593214496234,-1.2378743560016174
Princess,0.33,Very Good,D,SI1,VG,G,1.06,GIA,70.1,72.0,None,None,2008-12-10,411.0,6.018593214496234,-1.1086626245216111
Round,0.26,Very Good,D,SI1,VG,G,1.01,GIA,60.9,61.0,Faint,None,2008-12-09,412.0,6.021023349349527,-1.3470736479666092
Round,0.26,Very Good,D,SI1,EX,VG,1.0,GIA,60.8,62.0,Medium Blue,None,2008-12-09,412.0,6.021023349349527,-1.3470736479666092
Round,0.26,Good,D,SI1,VG,VG,1.01,GIA,62.7,61.0,None,None,2008-12-09,412.0,6.021023349349527,-1.3470736479666092
Round,0.26,Ideal,D,SI1,VG,VG,1.01,GIA,62.1,53.0,None,None,2008-12-09,412.0,6.021023349349527,-1.3470736479666092
Round,0.26,Ideal,D,SI1,EX,VG,1.01,GIA,61.7,56.0,None,None,2008-12-09,412.0,6.021023349349527,-1.3470736479666092
Round,0.26,Ideal,D,SI1,VG,VG,1.01,GIA,61.7,56.0,None,None,2008-12-09,412.0,6.021023349349527,-1.3470736479666092
Round,0.26,Very Good,D,SI1,VG,G,1.0,GIA,62.7,58.0,None,None,2008-12-09,412.0,6.021023349349527,-1.3470736479666092
Round,0.26,Ideal,D,SI1,EX,VG,1.01,GIA,60.3,62.0,Faint,None,2008-12-09,412.0,6.021023349349527,-1.3470736479666092
Round,0.26,Good,D,SI1,VG,VG,1.01,GIA,57.9,61.0,None,None,2008-12-09,412.0,6.021023349349527,-1.3470736479666092
Round,0.31,Very Good,D,SI2,VG,VG,1.01,GIA,58.4,60.0,None,None,2008-12-09,412.0,6.021023349349527,-1.171182981502945
Round,0.3,Very Good,G,VS2,EX,EX,1.0,GIA,62.5,57.0,None,None,2008-12-17,415.0,6.028278520230698,-1.2039728043259361
Round,0.3,Very Good,G,VS2,EX,EX,1.01,GIA,62.7,56.0,None,None,2008-12-17,415.0,6.028278520230698,-1.2039728043259361
Round,0.31,Ideal,G,VS2,VG,VG,1.01,GIA,62.1,57.0,None,None,2008-12-12,415.0,6.028278520230698,-1.171182981502945
Round,0.31,Ideal,G,VS2,EX,VG,1.02,GIA,60.8,56.0,None,None,2008-12-12,415.0,6.028278520230698,-1.171182981502945
Round,0.31,Ideal,G,VS2,EX,VG,1.01,GIA,60.0,58.0,Medium Blue,None,2008-12-12,415.0,6.028278520230698,-1.171182981502945
Round,0.31,Ideal,G,VS2,EX,VG,1.01,GIA,61.2,56.0,None,None,2008-12-12,415.0,6.028278520230698,-1.171182981502945
Princess,0.33,Very Good,G,VS2,VG,VG,1.0,GIA,71.5,70.0,None,None,2008-12-11,415.0,6.028278520230698,-1.1086626245216111
Princess,0.28,Good,G,VVS2,EX,VG,1.02,GIA,75.1,68.0,None,None,2008-12-18,416.0,6.030685260261263,-1.2729656758128873
Round,0.29,Ideal,G,VS2,EX,EX,1.01,GIA,61.7,55.0,None,None,2008-12-10,416.0,6.030685260261263,-1.2378743560016174
Round,0.29,Ideal,G,VS2,EX,EX,1.01,GIA,61.6,55.0,None,None,2008-12-10,416.0,6.030685260261263,-1.2378743560016174
Round,0.29,Ideal,G,VS2,EX,EX,1.01,GIA,61.6,56.0,None,None,2008-12-10,416.0,6.030685260261263,-1.2378743560016174
Round,0.29,Ideal,G,VS2,EX,VG,1.01,GIA,61.4,54.0,None,None,2008-12-10,416.0,6.030685260261263,-1.2378743560016174
Round,0.3,Ideal,G,VS2,EX,EX,1.01,GIA,59.9,59.0,None,None,2008-12-12,416.0,6.030685260261263,-1.2039728043259361
Round,0.23,Very Good,G,VVS2,EX,VG,1.01,GIA,61.5,55.0,None,None,2008-12-10,417.0,6.0330862217988015,-1.4696759700589417
Round,0.31,Very Good,G,SI1,EX,EX,1.01,GIA,60.5,58.0,None,None,2008-12-10,417.0,6.0330862217988015,-1.171182981502945
Round,0.26,Ideal,G,VS1,EX,EX,1.01,GIA,61.6,54.0,None,None,2008-12-10,418.0,6.035481432524756,-1.3470736479666092
Round,0.29,Ideal,G,SI1,EX,VG,1.01,GIA,59.4,61.0,Faint,None,2008-12-10,418.0,6.035481432524756,-1.2378743560016174
Round,0.29,Good,G,SI1,VG,VG,1.01,GIA,63.1,60.0,None,None,2008-12-10,418.0,6.035481432524756,-1.2378743560016174
Round,0.28,Very Good,D,SI2,VG,VG,1.01,GIA,62.2,61.0,None,None,2008-12-09,420.0,6.040254711277414,-1.2729656758128873
Round,0.3,Ideal,D,SI2,EX,VG,1.01,GIA,61.8,55.0,None,None,2008-12-09,420.0,6.040254711277414,-1.2039728043259361
Round,0.32,Ideal,D,SI2,EX,EX,1.01,GIA,61.9,56.0,None,None,2008-12-16,420.0,6.040254711277414,-1.1394342831883648
Round,0.32,Ideal,D,SI2,EX,EX,1.0,GIA,61.5,56.0,Medium Blue,None,2008-12-16,420.0,6.040254711277414,-1.1394342831883648
Princess,0.33,Very Good,E,SI1,EX,VG,1.03,GIA,71.7,68.0,None,None,2008-12-11,420.0,6.040254711277414,-1.1086626245216111
Round,0.33,Ideal,E,SI2,VG,EX,1.0,GIA,59.1,58.0,None,None,2008-12-10,420.0,6.040254711277414,-1.1086626245216111
Round,0.24,Ideal,D,SI1,VG,EX,1.01,GIA,61.5,56.0,None,None,2008-12-09,421.0,6.042632833682381,-1.4271163556401458
Round,0.26,Ideal,D,SI1,EX,EX,1.0,GIA,60.9,57.0,Faint,None,2008-12-09,421.0,6.042632833682381,-1.3470736479666092
Round,0.26,Ideal,D,SI1,EX,EX,1.01,GIA,60.7,59.0,None,None,2008-12-16,421.0,6.042632833682381,-1.3470736479666092
Round,0.31,Ideal,E,SI1,VG,VG,1.01,GIA,60.8,59.0,Medium Blue,None,2008-12-12,421.0,6.042632833682381,-1.171182981502945
Princess,0.23,Very Good,E,VVS1,EX,VG,1.05,GIA,73.1,76.0,None,None,2008-12-10,422.0,6.045005314036012,-1.4696759700589417
Princess,0.25,Very Good,D,VVS1,EX,VG,1.03,GIA,67.8,69.0,None,None,2008-12-17,422.0,6.045005314036012,-1.3862943611198906
Round,0.3,Very Good,E,SI1,EX,EX,1.01,GIA,62.8,56.0,None,None,2008-12-10,422.0,6.045005314036012,-1.2039728043259361
Round,0.3,Very Good,E,SI1,EX,EX,1.0,GIA,62.2,58.0,None,None,2008-12-10,422.0,6.045005314036012,-1.2039728043259361
Round,0.3,Very Good,E,SI1,EX,EX,1.01,GIA,62.2,59.0,None,None,2008-12-17,422.0,6.045005314036012,-1.2039728043259361
Round,0.3,Very Good,E,SI1,EX,EX,1.01,GIA,62.4,57.0,None,None,2008-12-17,422.0,6.045005314036012,-1.2039728043259361
Round,0.3,Very Good,E,SI1,EX,EX,1.01,GIA,62.5,58.0,None,None,2008-12-17,422.0,6.045005314036012,-1.2039728043259361
Round,0.3,Very Good,E,SI1,EX,EX,1.01,GIA,62.8,56.0,None,None,2008-12-17,422.0,6.045005314036012,-1.2039728043259361
Round,0.3,Very Good,E,SI1,EX,EX,1.01,GIA,62.3,56.0,Medium Blue,None,2008-12-17,422.0,6.045005314036012,-1.2039728043259361
Round,0.3,Very Good,E,SI1,EX,EX,1.0,GIA,63.0,56.0,None,None,2008-12-17,422.0,6.045005314036012,-1.2039728043259361
Round,0.3,Very Good,E,SI1,EX,EX,1.0,GIA,62.7,57.0,Medium Blue,None,2008-12-17,422.0,6.045005314036012,-1.2039728043259361
Round,0.3,Very Good,E,SI1,EX,EX,1.01,GIA,62.8,57.0,Faint,None,2008-12-17,422.0,6.045005314036012,-1.2039728043259361
Round,0.3,Very Good,E,SI1,EX,EX,1.01,GIA,62.7,56.0,Medium Blue,None,2008-12-17,422.0,6.045005314036012,-1.2039728043259361
Round,0.3,Very Good,E,SI1,EX,EX,1.01,GIA,62.6,54.0,None,None,2008-12-17,422.0,6.045005314036012,-1.2039728043259361
Round,0.3,Very Good,E,SI1,EX,EX,1.0,GIA,62.1,58.0,None,None,2008-12-17,422.0,6.045005314036012,-1.2039728043259361
Round,0.3,Very Good,E,SI1,EX,EX,1.01,GIA,62.9,55.0,None,None,2008-12-17,422.0,6.045005314036012,-1.2039728043259361
Round,0.31,Ideal,E,SI1,EX,EX,1.01,GIA,61.7,56.0,Strong Blue,None,2008-12-17,422.0,6.045005314036012,-1.171182981502945
Princess,0.33,Very Good,D,SI1,VG,G,1.06,GIA,68.8,76.0,None,None,2008-12-10,422.0,6.045005314036012,-1.1086626245216111
Princess,0.34,Very Good,E,VS2,EX,VG,1.01,GIA,70.2,68.0,None,None,2008-12-10,422.0,6.045005314036012,-1.0788096613719298
Princess,0.3,Good,D,VS2,VG,G,1.01,GIA,75.1,73.0,Faint,None,2008-12-17,423.0,6.0473721790462776,-1.2039728043259361
Princess,0.3,Very Good,D,VS2,VG,VG,1.09,GIA,71.6,72.0,None,None,2008-12-09,423.0,6.0473721790462776,-1.2039728043259361
Princess,0.3,Very Good,D,VS2,EX,VG,1.02,GIA,72.8,72.0,Medium Blue,None,2008-12-10,423.0,6.0473721790462776,-1.2039728043259361
Princess,0.31,Very Good,D,SI1,G,G,1.01,GIA,73.8,72.0,None,None,2008-12-09,423.0,6.0473721790462776,-1.171182981502945
Round,0.24,Very Good,D,VS1,EX,VG,1.01,GIA,58.1,62.0,Medium Blue,None,2008-12-09,424.0,6.049733455231958,-1.4271163556401458
Round,0.24,Good,D,VS2,VG,VG,1.01,GIA,64.7,60.0,None,None,2008-12-09,424.0,6.049733455231958,-1.4271163556401458
Round,0.24,Very Good,D,VS2,VG,VG,1.0,GIA,60.0,61.0,None,None,2008-12-09,424.0,6.049733455231958,-1.4271163556401458
Emerald,0.3,Very Good,D,VS2,VG,VG,1.4,GIA,66.9,67.0,None,None,2008-12-17,424.0,6.049733455231958,-1.2039728043259361
Round,0.3,Very Good,D,SI2,VG,VG,1.0,GIA,62.2,57.0,None,None,2008-12-10,425.0,6.052089168924417,-1.2039728043259361
Round,0.34,Good,D,SI2,G,G,1.0,GIA,64.4,55.0,Medium,None,2008-12-09,425.0,6.052089168924417,-1.0788096613719298
Round,0.3,Ideal,D,SI2,EX,EX,1.01,GIA,62.3,55.0,None,None,2008-12-09,426.0,6.054439346269371,-1.2039728043259361
Round,0.28,Ideal,I,VVS2,EX,EX,1.01,GIA,61.7,56.0,None,None,2008-12-10,432.0,6.068425588244111,-1.2729656758128873
Round,0.31,Signature-Ideal,I,VS2,EX,EX,1.01,GIA,61.3,56.0,Medium Blue,None,2008-12-10,433.0,6.07073772800249,-1.171182981502945
Round,0.31,Signature-Ideal,I,VS2,EX,EX,1.0,GIA,60.8,57.0,None,None,2008-12-10,433.0,6.07073772800249,-1.171182981502945
Round,0.31,Signature-Ideal,I,VS2,EX,EX,1.01,GIA,61.6,55.0,None,None,2008-12-10,433.0,6.07073772800249,-1.171182981502945
Round,0.32,Ideal,I,VS2,EX,EX,1.0,GIA,62.0,54.0,None,None,2008-12-10,433.0,6.07073772800249,-1.1394342831883648
Round,0.32,Ideal,I,VS2,EX,EX,1.01,GIA,60.7,57.0,None,None,2008-12-10,433.0,6.07073772800249,-1.1394342831883648
Round,0.3,Very Good,D,SI1,G,VG,1.01,GIA,63.4,61.0,Medium Blue,None,2008-12-11,435.0,6.075346031088684,-1.2039728043259361
Round,0.32,Ideal,I,VVS2,EX,EX,1.01,GIA,62.0,55.0,Strong Blue,None,2008-12-17,435.0,6.075346031088684,-1.1394342831883648
Round,0.33,Ideal,I,SI1,EX,EX,1.01,GIA,61.4,55.0,None,None,2008-12-10,435.0,6.075346031088684,-1.1086626245216111
Round,0.36,Very Good,D,SI2,VG,VG,1.01,GIA,61.4,55.0,Medium,Small,2008-12-09,435.0,6.075346031088684,-1.0216512475319814
Round,0.37,Good,I,VS2,VG,VG,1.01,GIA,65.5,61.0,None,None,2008-12-12,435.0,6.075346031088684,-0.9942522733438669
Round,0.37,Good,I,VS2,VG,VG,1.01,GIA,64.0,59.0,None,None,2008-12-12,435.0,6.075346031088684,-0.9942522733438669
Round,0.3,Ideal,I,SI1,ID,ID,1.01,AGSL,61.7,55.0,None,Pointed,2008-12-10,436.0,6.077642243349034,-1.2039728043259361
Round,0.3,Very Good,D,SI1,EX,VG,1.01,GIA,62.6,55.0,Medium Blue,None,2008-12-16,436.0,6.077642243349034,-1.2039728043259361
Princess,0.31,Very Good,D,VS2,VG,VG,1.0,GIA,69.7,71.0,Medium Blue,None,2008-12-10,436.0,6.077642243349034,-1.171182981502945
Round,0.35,Very Good,I,VS2,VG,VG,1.01,GIA,58.7,60.0,None,None,2008-12-10,436.0,6.077642243349034,-1.0498221244986778
Round,0.23,Ideal,D,VS2,VG,EX,1.01,GIA,62.1,53.0,None,None,2008-12-16,437.0,6.07993319509559,-1.4696759700589417
Round,0.25,Ideal,G,VS1,EX,EX,1.01,GIA,61.9,55.0,None,None,2008-12-10,437.0,6.07993319509559,-1.3862943611198906
Round,0.25,Ideal,G,VS1,EX,EX,1.01,GIA,61.5,56.0,None,None,2008-12-10,437.0,6.07993319509559,-1.3862943611198906
Round,0.25,Ideal,G,VS1,VG,EX,1.0,GIA,61.9,55.0,None,None,2008-12-10,437.0,6.07993319509559,-1.3862943611198906
Round,0.25,Ideal,G,VS1,EX,EX,1.01,GIA,61.7,55.0,None,None,2008-12-10,437.0,6.07993319509559,-1.3862943611198906
Emerald,0.26,Very Good,D,VVS2,G,VG,1.47,GIA,60.4,69.0,None,None,2008-12-09,437.0,6.07993319509559,-1.3470736479666092
Princess,0.3,Very Good,D,VS2,VG,VG,1.05,GIA,70.8,73.0,None,None,2008-12-09,437.0,6.07993319509559,-1.2039728043259361
Princess,0.3,Very Good,E,VS1,VG,VG,1.02,GIA,67.6,78.0,None,None,2008-12-10,437.0,6.07993319509559,-1.2039728043259361
Princess,0.3,Very Good,E,VS1,VG,VG,1.02,GIA,67.2,71.0,None,None,2008-12-10,437.0,6.07993319509559,-1.2039728043259361
Princess,0.3,Very Good,E,VS1,VG,VG,1.03,GIA,68.9,76.0,None,None,2008-12-10,437.0,6.07993319509559,-1.2039728043259361
Princess,0.3,Very Good,E,VS1,VG,VG,1.0,GIA,70.3,73.0,None,None,2008-12-10,437.0,6.07993319509559,-1.2039728043259361
Round,0.31,Very Good,E,SI1,G,VG,1.0,GIA,60.7,61.0,Medium,None,2008-12-10,437.0,6.07993319509559,-1.171182981502945
Round,0.31,Very Good,E,SI1,VG,VG,1.01,GIA,62.0,62.0,Medium,None,2008-12-10,437.0,6.07993319509559,-1.171182981502945
Round,0.33,Ideal,G,SI1,EX,EX,1.0,GIA,61.8,57.0,None,None,2008-12-17,437.0,6.07993319509559,-1.1086626245216111
Round,0.33,Ideal,G,SI1,EX,EX,1.0,GIA,61.5,55.0,None,None,2008-12-17,437.0,6.07993319509559,-1.1086626245216111
Round,0.33,Ideal,I,VS2,EX,VG,1.01,GIA,61.0,56.0,None,None,2008-12-10,437.0,6.07993319509559,-1.1086626245216111
Round,0.33,Ideal,I,VS2,EX,VG,1.01,GIA,62.2,56.0,None,None,2008-12-10,437.0,6.07993319509559,-1.1086626245216111
Princess,0.36,Very Good,G,SI1,EX,VG,1.03,GIA,72.6,75.0,None,None,2008-12-11,437.0,6.07993319509559,-1.0216512475319814
Round,0.37,Good,G,SI1,VG,VG,1.01,GIA,64.2,59.0,Faint,None,2008-12-12,437.0,6.07993319509559,-0.9942522733438669
Round,0.23,Good,D,VVS2,VG,G,1.01,GIA,61.8,65.0,Faint Blue,None,2008-12-09,438.0,6.082218910376446,-1.4696759700589417
Princess,0.3,Very Good,G,VVS2,G,G,1.05,GIA,71.6,77.0,None,None,2008-12-10,438.0,6.082218910376446,-1.2039728043259361
Princess,0.3,Very Good,G,VVS2,EX,G,1.06,GIA,68.1,72.0,None,None,2008-12-10,438.0,6.082218910376446,-1.2039728043259361
Princess,0.3,Good,G,VVS2,VG,VG,1.02,GIA,75.2,74.0,None,None,2008-12-10,438.0,6.082218910376446,-1.2039728043259361
Princess,0.3,Very Good,G,VVS2,EX,G,1.02,GIA,70.8,73.0,None,None,2008-12-10,438.0,6.082218910376446,-1.2039728043259361
Princess,0.3,Very Good,D,VS2,EX,VG,1.04,GIA,71.5,71.0,None,None,2008-12-10,438.0,6.082218910376446,-1.2039728043259361
Princess,0.32,Very Good,G,VS1,EX,VG,1.05,GIA,73.1,68.0,None,None,2008-12-10,438.0,6.082218910376446,-1.1394342831883648
Princess,0.32,Good,G,VS1,EX,G,1.04,GIA,75.3,70.0,None,None,2008-12-10,438.0,6.082218910376446,-1.1394342831883648
Princess,0.35,Very Good,G,VS1,VG,G,1.05,GIA,66.2,73.0,None,None,2008-12-11,438.0,6.082218910376446,-1.0498221244986778
Round,0.35,Very Good,D,SI2,G,VG,1.0,GIA,59.4,61.0,None,None,2008-12-09,438.0,6.082218910376446,-1.0498221244986778
Round,0.37,Very Good,G,SI1,G,VG,1.01,GIA,62.6,58.0,None,None,2008-12-12,438.0,6.082218910376446,-0.9942522733438669
Round,0.38,Very Good,I,VS2,VG,VG,1.01,GIA,63.4,59.0,None,None,2008-12-12,438.0,6.082218910376446,-0.9675840262617056
Round,0.38,Good,E,SI2,G,VG,1.01,GIA,63.1,59.0,Medium Blue,None,2008-12-12,438.0,6.082218910376446,-0.9675840262617056
Round,0.23,Ideal,G,VS1,EX,EX,1.01,GIA,61.6,56.0,None,None,2008-12-10,439.0,6.0844994130751715,-1.4696759700589417
Round,0.23,Ideal,E,VS1,EX,EX,1.01,GIA,62.1,54.0,Strong,None,2008-12-10,439.0,6.0844994130751715,-1.4696759700589417
Princess,0.24,Very Good,E,VVS2,EX,VG,1.05,GIA,72.2,77.0,None,None,2008-12-10,439.0,6.0844994130751715,-1.4271163556401458
Round,0.25,Ideal,D,SI1,EX,EX,1.01,GIA,61.6,56.0,None,None,2008-12-09,439.0,6.0844994130751715,-1.3862943611198906
Round,0.25,Ideal,D,SI1,EX,VG,1.01,GIA,62.7,53.0,None,None,2008-12-09,439.0,6.0844994130751715,-1.3862943611198906
Round,0.25,Ideal,D,SI1,EX,VG,1.02,GIA,61.1,55.0,Faint,None,2008-12-09,439.0,6.0844994130751715,-1.3862943611198906
Round,0.25,Ideal,D,SI1,EX,EX,1.01,GIA,61.3,55.0,None,None,2008-12-09,439.0,6.0844994130751715,-1.3862943611198906
Round,0.3,Very Good,I,SI2,EX,G,1.01,GIA,62.3,59.0,None,None,2008-12-11,439.0,6.0844994130751715,-1.2039728043259361
Round,0.3,Very Good,I,SI2,VG,VG,1.01,GIA,62.5,58.0,Faint Blue,None,2008-12-11,439.0,6.0844994130751715,-1.2039728043259361
Princess,0.31,Very Good,D,SI1,EX,EX,1.03,GIA,68.9,72.0,None,None,2008-12-09,439.0,6.0844994130751715,-1.171182981502945
Princess,0.31,Good,D,VS2,EX,VG,1.03,GIA,75.6,72.0,None,None,2008-12-10,439.0,6.0844994130751715,-1.171182981502945
Round,0.31,Very Good,E,SI1,EX,VG,1.01,GIA,58.6,61.0,None,None,2008-12-12,439.0,6.0844994130751715,-1.171182981502945
Round,0.25,Good,E,VS2,VG,G,1.0,GIA,58.9,62.0,None,None,2008-12-10,440.0,6.0867747269123065,-1.3862943611198906
Round,0.25,Good,E,VS2,G,VG,1.01,GIA,62.8,61.0,Faint,Small,2008-12-10,440.0,6.0867747269123065,-1.3862943611198906
Round,0.25,Good,E,VS2,EX,G,1.01,GIA,63.0,60.0,None,None,2008-12-10,440.0,6.0867747269123065,-1.3862943611198906
Round,0.29,Very Good,E,SI1,VG,VG,1.0,GIA,58.8,61.0,None,None,2008-12-10,440.0,6.0867747269123065,-1.2378743560016174
Round,0.29,Very Good,E,SI1,VG,VG,1.01,GIA,62.1,63.0,Medium,None,2008-12-10,440.0,6.0867747269123065,-1.2378743560016174
Princess,0.3,Very Good,E,VS1,VG,G,1.0,GIA,68.8,76.0,None,None,2008-12-10,440.0,6.0867747269123065,-1.2039728043259361
Round,0.31,Ideal,D,SI2,EX,EX,1.01,GIA,61.2,56.0,None,None,2008-12-09,440.0,6.0867747269123065,-1.171182981502945
Round,0.31,Ideal,D,SI2,EX,EX,1.01,GIA,61.3,57.0,Faint,None,2008-12-09,440.0,6.0867747269123065,-1.171182981502945
Round,0.31,Ideal,D,SI2,EX,EX,1.01,GIA,61.0,55.0,None,None,2008-12-09,440.0,6.0867747269123065,-1.171182981502945
Round,0.31,Ideal,E,SI2,EX,EX,1.01,GIA,62.8,55.0,None,None,2008-12-10,440.0,6.0867747269123065,-1.171182981502945
Round,0.31,Ideal,E,SI2,EX,EX,1.01,GIA,61.9,56.0,None,None,2008-12-10,440.0,6.0867747269123065,-1.171182981502945
Princess,0.33,Very Good,D,SI1,EX,VG,1.02,GIA,73.3,72.0,None,None,2008-12-10,440.0,6.0867747269123065,-1.1086626245216111
Princess,0.35,Very Good,I,VVS1,EX,VG,1.0,GIA,69.0,70.0,Faint,None,2008-12-10,440.0,6.0867747269123065,-1.0498221244986778
Round,0.37,Ideal,G,SI2,EX,VG,1.01,GIA,61.4,58.0,None,None,2008-12-10,440.0,6.0867747269123065,-0.9942522733438669
Round,0.38,Fair,G,SI1,G,G,1.01,GIA,67.0,60.0,None,None,2008-12-10,440.0,6.0867747269123065,-0.9675840262617056
Princess,0.26,Good,E,VS1,VG,G,1.03,GIA,78.7,75.0,None,None,2008-12-10,441.0,6.089044875446846,-1.3470736479666092
Round,0.36,Ideal,I,SI1,VG,VG,1.01,GIA,62.2,55.0,None,None,2008-12-10,441.0,6.089044875446846,-1.0216512475319814
Princess,0.4,Good,E,SI1,EX,VG,1.15,GIA,75.9,75.0,None,None,2008-12-10,441.0,6.089044875446846,-0.916290731874155
Round,0.3,Very Good,I,VVS1,EX,EX,1.01,GIA,62.5,58.0,None,None,2008-12-17,442.0,6.091309882077698,-1.2039728043259361
Round,0.33,Ideal,E,SI2,ID,ID,1.01,AGSL,61.6,56.0,None,None,2008-12-10,451.0,6.111467339502679,-1.1086626245216111
Round,0.33,Ideal,E,SI2,ID,ID,1.0,AGSL,61.8,55.0,None,None,2008-12-10,451.0,6.111467339502679,-1.1086626245216111
Round,0.34,Ideal,E,SI2,EX,VG,1.01,GIA,61.6,55.0,None,None,2008-12-10,451.0,6.111467339502679,-1.0788096613719298
Princess,0.34,Very Good,E,VS2,VG,G,1.01,GIA,70.6,73.0,None,None,2008-12-11,451.0,6.111467339502679,-1.0788096613719298
Round,0.35,Good,E,SI2,VG,VG,1.01,GIA,63.6,60.0,None,None,2008-12-10,451.0,6.111467339502679,-1.0498221244986778
Princess,0.27,Very Good,E,VVS1,VG,VG,1.03,GIA,75.0,74.0,None,None,2008-12-10,452.0,6.113682179832232,-1.3093333199837622
Princess,0.31,Very Good,E,VS1,VG,VG,1.02,GIA,70.0,67.0,None,None,2008-12-10,452.0,6.113682179832232,-1.171182981502945
Princess,0.31,Very Good,E,VS1,EX,VG,1.04,GIA,71.5,75.0,None,None,2008-12-10,452.0,6.113682179832232,-1.171182981502945
Round,0.35,Very Good,E,SI2,VG,VG,1.01,GIA,61.1,62.0,None,None,2008-12-10,452.0,6.113682179832232,-1.0498221244986778
Round,0.37,Good,E,SI2,G,G,1.01,GIA,58.5,58.0,None,Small,2008-12-10,452.0,6.113682179832232,-0.9942522733438669
Round,0.24,Good,E,VVS2,VG,G,1.01,GIA,65.0,58.0,None,None,2008-12-10,453.0,6.115892125483034,-1.4271163556401458
Round,0.32,Very Good,E,SI1,EX,VG,1.02,GIA,61.0,60.0,Medium Blue,None,2008-12-12,453.0,6.115892125483034,-1.1394342831883648
Round,0.32,Very Good,E,SI1,VG,VG,1.01,GIA,61.7,59.0,Medium Blue,None,2008-12-12,453.0,6.115892125483034,-1.1394342831883648
Princess,0.35,Good,E,VS1,VG,VG,1.01,GIA,62.9,79.0,None,None,2008-12-10,453.0,6.115892125483034,-1.0498221244986778
Round,0.26,Ideal,G,VS1,EX,EX,1.01,GIA,61.9,55.0,Faint,None,2008-12-10,454.0,6.118097198041348,-1.3470736479666092
Round,0.26,Ideal,G,VS1,EX,EX,1.01,GIA,62.2,55.0,None,None,2008-12-10,454.0,6.118097198041348,-1.3470736479666092
Round,0.26,Ideal,G,VS1,EX,EX,1.01,GIA,62.5,54.0,None,None,2008-12-10,454.0,6.118097198041348,-1.3470736479666092
Round,0.26,Ideal,G,VS1,EX,EX,1.01,GIA,61.0,57.0,None,None,2008-12-10,454.0,6.118097198041348,-1.3470736479666092
Round,0.26,Ideal,G,VS1,EX,EX,1.01,GIA,61.8,55.0,None,None,2008-12-10,454.0,6.118097198041348,-1.3470736479666092
Round,0.26,Ideal,E,VS2,VG,VG,1.01,GIA,59.6,61.0,None,Small,2008-12-10,454.0,6.118097198041348,-1.3470736479666092
Round,0.31,Very Good,G,SI1,VG,VG,1.01,GIA,62.9,55.0,None,None,2008-12-10,454.0,6.118097198041348,-1.171182981502945
Round,0.31,Very Good,G,SI1,VG,VG,1.01,GIA,63.5,58.0,Faint,None,2008-12-10,454.0,6.118097198041348,-1.171182981502945
Princess,0.31,Very Good,E,VS1,VG,G,1.01,GIA,67.5,78.0,None,None,2008-12-10,454.0,6.118097198041348,-1.171182981502945
Round,0.32,Ideal,G,SI1,EX,EX,1.01,GIA,61.6,55.0,None,None,2008-12-10,454.0,6.118097198041348,-1.1394342831883648
Princess,0.32,Very Good,E,VS1,EX,G,1.01,GIA,70.7,70.0,None,None,2008-12-10,454.0,6.118097198041348,-1.1394342831883648
Round,0.32,Ideal,E,SI2,EX,EX,1.01,GIA,61.3,56.0,None,None,2008-12-10,454.0,6.118097198041348,-1.1394342831883648
Princess,0.32,Very Good,E,VS1,VG,VG,1.01,GIA,68.0,74.0,Strong Blue,None,2008-12-10,454.0,6.118097198041348,-1.1394342831883648
Round,0.34,Ideal,G,VS2,VG,VG,1.01,GIA,62.2,56.0,None,None,2008-12-12,454.0,6.118097198041348,-1.0788096613719298
Princess,0.35,Very Good,E,VS2,G,G,1.04,GIA,73.9,72.0,None,None,2008-12-11,454.0,6.118097198041348,-1.0498221244986778
Princess,0.36,Very Good,D,SI2,VG,VG,1.0,GIA,72.4,73.0,None,None,2008-12-10,454.0,6.118097198041348,-1.0216512475319814
Emerald,0.26,Very Good,D,VVS1,VG,VG,1.47,GIA,66.7,67.0,None,None,2008-12-09,455.0,6.12029741895095,-1.3470736479666092
Round,0.31,Good,D,SI1,VG,VG,1.02,GIA,62.6,60.0,Medium,None,2008-12-09,455.0,6.12029741895095,-1.171182981502945
Princess,0.33,Very Good,G,VS1,EX,VG,1.03,GIA,72.4,75.0,None,None,2008-12-11,455.0,6.12029741895095,-1.1086626245216111
Round,0.33,Very Good,G,VS2,EX,EX,1.0,GIA,63.6,53.0,None,None,2008-12-17,455.0,6.12029741895095,-1.1086626245216111
Round,0.34,Ideal,G,SI1,ID,ID,1.01,AGSL,61.7,57.0,None,Pointed,2008-12-10,455.0,6.12029741895095,-1.0788096613719298
Princess,0.34,Very Good,G,VVS2,VG,VG,1.03,GIA,69.8,66.0,None,None,2008-12-10,455.0,6.12029741895095,-1.0788096613719298
Round,0.35,Very Good,G,VS2,VG,VG,1.01,GIA,62.9,59.0,None,None,2008-12-12,455.0,6.12029741895095,-1.0498221244986778
Round,0.26,Ideal,D,SI1,EX,EX,1.0,GIA,61.7,56.0,Faint,None,2008-12-09,456.0,6.1224928095143865,-1.3470736479666092
Round,0.26,Ideal,D,SI1,EX,EX,1.01,GIA,62.0,56.0,Faint,None,2008-12-09,456.0,6.1224928095143865,-1.3470736479666092
Round,0.26,Ideal,D,SI1,EX,EX,1.01,GIA,62.0,54.0,None,None,2008-12-09,456.0,6.1224928095143865,-1.3470736479666092
Round,0.26,Ideal,D,SI1,EX,EX,1.01,GIA,62.3,55.0,None,None,2008-12-09,456.0,6.1224928095143865,-1.3470736479666092
Round,0.28,Ideal,G,VS2,EX,EX,1.01,GIA,61.3,55.0,None,None,2008-12-10,456.0,6.1224928095143865,-1.2729656758128873
Emerald,0.28,Very Good,D,SI1,VG,G,1.32,GIA,65.0,68.0,None,None,2008-12-09,456.0,6.1224928095143865,-1.2729656758128873
Round,0.29,Ideal,G,VS2,EX,VG,1.01,GIA,62.7,57.0,Strong Blue,None,2008-12-10,456.0,6.1224928095143865,-1.2378743560016174
Princess,0.31,Very Good,D,VS2,EX,VG,1.0,GIA,73.7,70.0,None,None,2008-12-09,456.0,6.1224928095143865,-1.171182981502945
Round,0.32,Very Good,G,SI1,VG,VG,1.01,GIA,62.6,58.0,Faint,None,2008-12-10,456.0,6.1224928095143865,-1.1394342831883648
Round,0.32,Very Good,G,SI1,VG,VG,1.01,GIA,59.4,60.0,Faint,None,2008-12-10,456.0,6.1224928095143865,-1.1394342831883648
Round,0.32,Ideal,D,SI1,EX,EX,1.01,GIA,61.8,57.0,Strong Blue,None,2008-12-09,456.0,6.1224928095143865,-1.1394342831883648
Round,0.33,Very Good,D,SI2,G,VG,1.0,GIA,63.5,59.0,Faint,None,2008-12-10,456.0,6.1224928095143865,-1.1086626245216111
Princess,0.39,Good,G,VS2,VG,G,1.03,GIA,77.5,72.0,None,None,2008-12-11,456.0,6.1224928095143865,-0.941608539858445
Emerald,0.27,Good,D,VS2,VG,G,1.38,GIA,70.6,70.0,None,None,2008-12-09,458.0,6.126869184114185,-1.3093333199837622
Emerald,0.27,Good,D,VS2,G,G,1.39,GIA,71.4,61.0,None,None,2008-12-09,458.0,6.126869184114185,-1.3093333199837622
Emerald,0.27,Fair,D,VS2,VG,G,1.36,GIA,68.5,76.0,None,None,2008-12-09,458.0,6.126869184114185,-1.3093333199837622
Round,0.26,Very Good,D,VS2,VG,VG,1.01,GIA,63.1,58.0,None,None,2008-12-09,459.0,6.129050210060545,-1.3470736479666092
Round,0.26,Good,D,VS1,VG,VG,1.0,GIA,55.7,63.0,None,None,2008-12-09,459.0,6.129050210060545,-1.3470736479666092
Round,0.26,Ideal,D,VS2,VG,VG,1.0,GIA,60.6,60.0,None,None,2008-12-09,459.0,6.129050210060545,-1.3470736479666092
Round,0.26,Ideal,D,VS2,VG,VG,1.0,GIA,60.3,60.0,None,None,2008-12-09,459.0,6.129050210060545,-1.3470736479666092
Round,0.26,Ideal,D,VS2,VG,VG,1.01,GIA,61.7,57.0,None,None,2008-12-09,459.0,6.129050210060545,-1.3470736479666092
Round,0.29,Ideal,D,SI1,VG,EX,1.01,GIA,60.7,61.0,None,None,2008-12-09,459.0,6.129050210060545,-1.2378743560016174
Round,0.3,Very Good,F,VS2,VG,VG,1.0,GIA,62.2,57.0,Strong Blue,None,2008-12-12,470.0,6.152732694704104,-1.2039728043259361
Round,0.3,Very Good,F,VS2,VG,VG,1.01,GIA,62.9,61.0,Medium Blue,None,2008-12-12,470.0,6.152732694704104,-1.2039728043259361
Princess,0.31,Very Good,F,VVS2,VG,G,1.01,GIA,71.7,74.0,None,None,2008-12-11,470.0,6.152732694704104,-1.171182981502945
Round,0.31,Very Good,F,SI1,VG,VG,1.0,GIA,58.8,61.0,None,None,2008-12-10,470.0,6.152732694704104,-1.171182981502945
Round,0.38,Good,F,SI2,EX,VG,1.01,GIA,58.3,58.0,None,None,2008-12-10,470.0,6.152732694704104,-0.9675840262617056
Princess,0.27,Very Good,F,VVS1,EX,VG,1.02,GIA,73.4,66.0,None,None,2008-12-10,471.0,6.154858094016418,-1.3093333199837622
Round,0.27,Very Good,D,VS2,G,G,1.01,GIA,60.7,64.0,Medium Blue,None,2008-12-09,471.0,6.154858094016418,-1.3093333199837622
Round,0.3,Ideal,F,SI1,EX,EX,1.01,GIA,61.6,56.0,None,None,2008-12-17,471.0,6.154858094016418,-1.2039728043259361
Round,0.3,Ideal,D,SI2,EX,VG,1.01,GIA,62.3,55.0,Faint,None,2008-12-15,471.0,6.154858094016418,-1.2039728043259361
Round,0.31,Ideal,F,SI1,EX,EX,1.0,GIA,59.4,60.0,None,None,2008-12-10,471.0,6.154858094016418,-1.171182981502945
Round,0.31,Ideal,F,SI1,EX,EX,1.01,GIA,62.5,58.0,None,None,2008-12-10,471.0,6.154858094016418,-1.171182981502945
Round,0.23,Ideal,D,VS2,VG,VG,1.01,GIA,62.4,53.0,Medium Blue,None,2008-12-09,472.0,6.156978985585555,-1.4696759700589417
Round,0.27,Ideal,F,VS1,EX,VG,1.01,GIA,62.1,53.0,None,None,2008-12-17,472.0,6.156978985585555,-1.3093333199837622
Round,0.3,Very Good,F,VS2,G,G,1.02,GIA,62.2,55.0,Medium Blue,None,2008-12-10,472.0,6.156978985585555,-1.2039728043259361
Round,0.3,Good,D,SI1,G,G,1.0,GIA,57.7,57.0,None,Small,2008-12-09,472.0,6.156978985585555,-1.2039728043259361
Round,0.32,Very Good,F,SI1,G,VG,1.01,GIA,59.7,59.0,Faint,None,2008-12-10,472.0,6.156978985585555,-1.1394342831883648
Round,0.32,Very Good,D,SI1,G,VG,1.01,GIA,60.6,61.0,Medium,None,2008-12-09,472.0,6.156978985585555,-1.1394342831883648
Princess,0.33,Good,D,VS2,VG,G,1.01,GIA,75.1,72.0,Strong,None,2008-12-09,472.0,6.156978985585555,-1.1086626245216111
Princess,0.34,Very Good,D,SI1,VG,VG,1.01,GIA,71.8,71.0,None,None,2008-12-10,472.0,6.156978985585555,-1.0788096613719298
Round,0.35,Very Good,D,SI2,VG,VG,1.01,GIA,64.1,56.0,Medium,None,2008-12-10,472.0,6.156978985585555,-1.0498221244986778
Round,0.35,Very Good,D,SI2,G,G,1.01,GIA,59.9,58.0,None,None,2008-12-09,472.0,6.156978985585555,-1.0498221244986778
Round,0.36,Very Good,D,SI2,VG,VG,1.01,GIA,61.7,61.0,Faint,None,2008-12-09,472.0,6.156978985585555,-1.0216512475319814
Princess,0.37,Fair,D,VS1,VG,G,1.07,GIA,67.8,86.0,None,None,2008-12-09,472.0,6.156978985585555,-0.9942522733438669
Round,0.27,Ideal,D,SI1,EX,EX,1.01,GIA,61.5,55.0,Faint,None,2008-12-09,473.0,6.159095388491933,-1.3093333199837622
Round,0.27,Ideal,D,SI1,EX,VG,1.01,GIA,61.9,55.0,None,None,2008-12-09,473.0,6.159095388491933,-1.3093333199837622
Round,0.3,Very Good,F,SI1,VG,EX,1.0,GIA,58.9,59.0,None,None,2008-12-10,473.0,6.159095388491933,-1.2039728043259361
Round,0.31,Ideal,F,SI1,EX,EX,1.01,GIA,61.8,56.0,Strong,None,2008-12-10,473.0,6.159095388491933,-1.171182981502945
Princess,0.32,Good,D,VS2,VG,VG,1.04,GIA,75.0,80.0,None,None,2008-12-09,473.0,6.159095388491933,-1.1394342831883648
Princess,0.39,Good,F,VS2,G,G,1.02,GIA,68.3,80.0,Faint Blue,None,2008-12-10,473.0,6.159095388491933,-0.941608539858445
Round,0.3,Very Good,F,SI1,VG,VG,1.01,GIA,64.4,57.0,None,None,2008-12-10,474.0,6.161207321695077,-1.2039728043259361
Round,0.3,Good,D,SI1,EX,VG,1.0,GIA,61.7,62.0,None,None,2008-12-09,474.0,6.161207321695077,-1.2039728043259361
Round,0.31,Good,F,SI1,EX,VG,1.01,GIA,63.2,60.0,None,None,2008-12-10,474.0,6.161207321695077,-1.171182981502945
Princess,0.35,Very Good,F,VS2,VG,VG,1.04,GIA,67.4,70.0,None,None,2008-12-11,474.0,6.161207321695077,-1.0498221244986778
Round,0.37,Very Good,D,SI1,G,VG,1.01,GIA,61.5,59.0,Strong,None,2008-12-15,474.0,6.161207321695077,-0.9942522733438669
Emerald,0.28,Good,D,VS2,G,G,1.37,GIA,74.9,68.0,None,None,2008-12-09,475.0,6.163314804034641,-1.2729656758128873
Princess,0.31,Very Good,D,VS2,VG,G,1.01,GIA,68.7,76.0,Faint,None,2008-12-09,476.0,6.16541785423142,-1.171182981502945
Princess,0.31,Very Good,D,VS2,VG,G,1.02,GIA,69.8,72.0,None,None,2008-12-09,476.0,6.16541785423142,-1.171182981502945
Princess,0.38,Good,D,SI2,G,G,1.04,GIA,80.3,76.0,Faint,None,2008-12-09,476.0,6.16541785423142,-0.9675840262617056
Round,0.35,Ideal,G,SI2,ID,ID,1.01,AGSL,61.0,55.0,Negligible,None,2008-12-10,477.0,6.1675164908883415,-1.0498221244986778
Princess,0.3,Very Good,G,VVS1,VG,VG,1.04,GIA,74.6,71.0,None,None,2008-12-11,478.0,6.169610732491456,-1.2039728043259361
Princess,0.32,Very Good,D,VS2,VG,G,1.02,GIA,70.1,72.0,None,None,2008-12-10,479.0,6.171700597410915,-1.1394342831883648
Round,0.37,Very Good,G,VS2,EX,EX,1.0,GIA,63.0,54.0,Strong Blue,None,2008-12-17,479.0,6.171700597410915,-0.9942522733438669
Round,0.26,Ideal,D,VS2,VG,VG,1.01,GIA,61.9,60.0,Faint,None,2008-12-11,480.0,6.173786103901937,-1.3470736479666092
Round,0.3,Very Good,D,SI1,VG,VG,1.0,GIA,64.1,56.0,Faint,None,2008-12-09,480.0,6.173786103901937,-1.2039728043259361
Round,0.3,Very Good,D,SI1,VG,VG,1.02,GIA,63.4,56.0,Faint Blue,None,2008-12-09,480.0,6.173786103901937,-1.2039728043259361
Princess,0.3,Very Good,D,VS1,VG,G,1.11,GIA,71.4,72.0,None,None,2008-12-09,480.0,6.173786103901937,-1.2039728043259361
Princess,0.3,Very Good,D,VS1,EX,G,1.04,GIA,72.5,73.0,None,None,2008-12-10,480.0,6.173786103901937,-1.2039728043259361
Princess,0.34,Very Good,G,VS1,EX,VG,1.01,GIA,71.9,74.0,None,None,2008-12-11,480.0,6.173786103901937,-1.0788096613719298
Round,0.34,Very Good,D,SI2,VG,VG,1.01,GIA,59.1,58.0,None,None,2008-12-09,480.0,6.173786103901937,-1.0788096613719298
Round,0.34,Very Good,D,SI2,VG,VG,1.01,GIA,62.7,59.0,None,None,2008-12-09,480.0,6.173786103901937,-1.0788096613719298
Princess,0.35,Very Good,G,VS1,VG,VG,1.0,GIA,68.0,75.0,None,None,2008-12-11,480.0,6.173786103901937,-1.0498221244986778
Round,0.24,Ideal,G,VVS2,EX,EX,1.02,GIA,61.5,55.0,None,None,2008-12-10,481.0,6.175867270105761,-1.4271163556401458
Princess,0.24,Good,D,VVS1,VG,G,1.0,GIA,70.7,79.0,None,None,2008-12-09,481.0,6.175867270105761,-1.4271163556401458
Round,0.31,Good,G,VS2,VG,G,1.01,GIA,58.8,56.0,Faint Blue,None,2008-12-10,481.0,6.175867270105761,-1.171182981502945
Round,0.31,Ideal,G,VS1,EX,EX,1.01,GIA,61.3,56.0,Strong Blue,None,2008-12-17,481.0,6.175867270105761,-1.171182981502945
Princess,0.33,Very Good,D,VS2,VG,VG,1.0,GIA,71.1,72.0,None,None,2008-12-10,481.0,6.175867270105761,-1.1086626245216111
Princess,0.27,Good,D,VVS2,VG,VG,1.05,GIA,78.4,78.0,None,None,2008-12-09,482.0,6.1779441140506,-1.3093333199837622
Princess,0.27,Very Good,D,VVS2,G,G,1.05,GIA,70.5,76.0,None,None,2008-12-09,482.0,6.1779441140506,-1.3093333199837622
Princess,0.27,Good,D,VVS2,VG,G,1.02,GIA,76.1,74.0,Faint Blue,None,2008-12-09,482.0,6.1779441140506,-1.3093333199837622
Princess,0.27,Good,D,VVS2,EX,VG,1.04,GIA,77.7,74.0,None,None,2008-12-09,482.0,6.1779441140506,-1.3093333199837622
Princess,0.29,Good,D,VVS2,VG,VG,1.04,GIA,75.5,72.0,None,None,2008-12-09,482.0,6.1779441140506,-1.2378743560016174
Round,0.31,Very Good,D,SI1,EX,VG,1.0,GIA,58.9,59.0,Medium,None,2008-12-09,482.0,6.1779441140506,-1.171182981502945
Round,0.34,Ideal,G,SI1,ID,ID,1.01,AGSL,61.8,56.0,None,None,2008-12-10,482.0,6.1779441140506,-1.0788096613719298
Round,0.34,Ideal,G,SI1,ID,ID,1.01,AGSL,61.3,56.0,None,None,2008-12-10,482.0,6.1779441140506,-1.0788096613719298
Round,0.34,Ideal,G,SI1,ID,ID,1.01,AGSL,61.3,57.0,None,None,2008-12-10,482.0,6.1779441140506,-1.0788096613719298
Round,0.34,Ideal,G,SI1,EX,EX,1.01,GIA,61.5,56.0,None,None,2008-12-10,482.0,6.1779441140506,-1.0788096613719298
Round,0.34,Ideal,D,SI2,EX,EX,1.01,GIA,61.4,57.0,None,None,2008-12-09,482.0,6.1779441140506,-1.0788096613719298
Princess,0.35,Very Good,G,VS1,VG,VG,1.04,GIA,74.5,70.0,None,None,2008-12-11,482.0,6.1779441140506,-1.0498221244986778
Round,0.35,Ideal,G,SI1,VG,VG,1.0,GIA,62.4,57.0,None,None,2008-12-10,483.0,6.180016653652572,-1.0498221244986778
Round,0.35,Very Good,D,SI2,VG,VG,1.0,GIA,60.2,56.0,None,Very Small,2008-12-10,483.0,6.180016653652572,-1.0498221244986778
Round,0.35,Very Good,D,SI2,VG,VG,1.01,GIA,59.0,58.0,None,Very Small,2008-12-10,483.0,6.180016653652572,-1.0498221244986778
Round,0.37,Ideal,G,SI1,EX,VG,1.01,GIA,62.1,58.0,None,None,2008-12-10,483.0,6.180016653652572,-0.9942522733438669
Round,0.3,Very Good,G,VS2,VG,VG,1.01,GIA,58.3,59.0,Medium,None,2008-12-10,484.0,6.182084906716632,-1.2039728043259361
Princess,0.33,Good,G,VVS1,VG,VG,1.01,GIA,75.3,76.0,Faint,None,2008-12-10,484.0,6.182084906716632,-1.1086626245216111
Round,0.3,Very Good,G,VS2,VG,VG,1.01,GIA,63.4,56.0,None,Small,2008-12-11,485.0,6.184148890937483,-1.2039728043259361
Princess,0.32,Very Good,G,VVS2,VG,VG,1.04,GIA,71.2,73.0,None,None,2008-12-11,485.0,6.184148890937483,-1.1394342831883648
Round,0.26,Very Good,D,VS2,EX,EX,1.01,GIA,61.4,56.0,Medium Blue,None,2008-12-16,491.0,6.19644412779452,-1.3470736479666092
Round,0.33,Ideal,D,SI1,VG,EX,1.01,GIA,60.7,56.0,Medium,None,2008-12-09,492.0,6.198478716492308,-1.1086626245216111
Round,0.28,Very Good,D,VS2,VG,VG,1.01,GIA,61.0,57.0,None,None,2008-12-09,493.0,6.20050917404269,-1.2729656758128873
Round,0.28,Very Good,D,VS2,VG,EX,1.0,GIA,61.8,59.0,None,None,2008-12-09,493.0,6.20050917404269,-1.2729656758128873
Round,0.28,Good,D,VS1,VG,VG,1.01,GIA,62.7,61.0,None,None,2008-12-09,493.0,6.20050917404269,-1.2729656758128873
Princess,0.31,Very Good,D,VS1,VG,VG,1.0,GIA,74.0,70.0,None,None,2008-12-09,493.0,6.20050917404269,-1.171182981502945
Round,0.31,Ideal,D,SI1,EX,EX,1.01,GIA,62.0,56.0,None,None,2008-12-16,493.0,6.20050917404269,-1.171182981502945
Princess,0.33,Very Good,D,VS2,VG,VG,1.03,GIA,66.2,67.0,None,None,2008-12-10,493.0,6.20050917404269,-1.1086626245216111
Princess,0.33,Very Good,D,VS2,EX,VG,1.02,GIA,70.9,75.0,None,None,2008-12-10,493.0,6.20050917404269,-1.1086626245216111
Round,0.36,Ideal,D,SI2,VG,VG,1.01,GIA,62.9,56.0,Faint,Very Small,2008-12-10,493.0,6.20050917404269,-1.0216512475319814
Princess,0.3,Very Good,D,SI1,EX,VG,1.0,GIA,68.7,69.0,None,None,2008-12-09,495.0,6.20455776256869,-1.2039728043259361
Round,0.31,Ideal,D,SI1,VG,VG,1.01,GIA,61.9,57.0,None,None,2008-12-09,495.0,6.20455776256869,-1.171182981502945
Round,0.34,Ideal,D,SI2,EX,EX,1.01,GIA,61.3,57.0,Faint,Very Small,2008-12-10,495.0,6.20455776256869,-1.0788096613719298
Princess,0.28,Good,D,VVS1,VG,G,1.03,GIA,62.8,80.0,None,None,2008-12-09,496.0,6.206575926724928,-1.2729656758128873
Princess,0.3,Very Good,D,VS1,VG,VG,1.06,GIA,71.9,72.0,None,None,2008-12-09,496.0,6.206575926724928,-1.2039728043259361
Princess,0.32,Very Good,D,VS1,VG,G,1.01,GIA,68.6,69.0,None,None,2008-12-09,496.0,6.206575926724928,-1.1394342831883648
Round,0.32,Very Good,D,SI1,VG,VG,1.01,GIA,63.7,57.0,Medium,None,2008-12-10,496.0,6.206575926724928,-1.1394342831883648
Round,0.37,Ideal,D,SI2,VG,VG,1.0,GIA,62.5,56.0,Medium,None,2008-12-10,496.0,6.206575926724928,-0.9942522733438669
Princess,0.34,Good,D,VS1,VG,VG,1.04,GIA,75.9,77.0,None,None,2008-12-09,497.0,6.208590026096629,-1.0788096613719298
Princess,0.35,Very Good,D,SI1,EX,VG,1.01,GIA,69.9,66.0,None,None,2008-12-09,497.0,6.208590026096629,-1.0498221244986778
Round,0.25,Ideal,G,VVS2,EX,EX,1.01,GIA,62.1,55.0,None,None,2008-12-10,500.0,6.214608098422191,-1.3862943611198906
Round,0.26,Ideal,F,VS1,EX,EX,1.01,GIA,61.2,56.0,None,None,2008-12-10,500.0,6.214608098422191,-1.3470736479666092
Round,0.26,Ideal,F,VS1,EX,EX,1.01,GIA,60.9,56.0,None,None,2008-12-10,500.0,6.214608098422191,-1.3470736479666092
Round,0.26,Ideal,F,VS1,VG,EX,1.01,GIA,62.0,55.0,Faint,None,2008-12-10,500.0,6.214608098422191,-1.3470736479666092
Round,0.26,Ideal,F,VS1,EX,EX,1.01,GIA,62.3,55.0,None,None,2008-12-10,500.0,6.214608098422191,-1.3470736479666092
Round,0.26,Ideal,F,VS1,EX,EX,1.01,GIA,61.8,56.0,None,None,2008-12-10,500.0,6.214608098422191,-1.3470736479666092
Round,0.26,Ideal,F,VS1,EX,EX,1.0,GIA,61.6,57.0,None,None,2008-12-10,500.0,6.214608098422191,-1.3470736479666092
Round,0.26,Ideal,F,VS1,EX,VG,1.01,GIA,61.9,54.0,None,None,2008-12-10,500.0,6.214608098422191,-1.3470736479666092
Round,0.3,Very Good,G,VS1,EX,EX,1.01,GIA,62.6,55.0,None,None,2008-12-17,500.0,6.214608098422191,-1.2039728043259361
Round,0.3,Very Good,F,VS2,EX,EX,1.01,GIA,63.0,55.0,Faint,None,2008-12-17,500.0,6.214608098422191,-1.2039728043259361
Round,0.3,Very Good,F,VS2,EX,EX,1.0,GIA,62.6,58.0,None,None,2008-12-17,500.0,6.214608098422191,-1.2039728043259361
Round,0.3,Very Good,F,VS2,EX,EX,1.01,GIA,62.0,58.0,Faint,None,2008-12-17,500.0,6.214608098422191,-1.2039728043259361
Round,0.3,Very Good,F,VS2,EX,EX,1.01,GIA,63.0,54.0,None,None,2008-12-17,500.0,6.214608098422191,-1.2039728043259361
Round,0.3,Very Good,F,VS2,EX,EX,1.0,GIA,62.6,57.0,None,None,2008-12-17,500.0,6.214608098422191,-1.2039728043259361
Round,0.3,Very Good,F,VS2,EX,EX,1.0,GIA,61.5,57.0,None,None,2008-12-17,500.0,6.214608098422191,-1.2039728043259361
Round,0.3,Very Good,F,VS2,EX,EX,1.0,GIA,62.4,58.0,Medium Blue,None,2008-12-17,500.0,6.214608098422191,-1.2039728043259361
Princess,0.34,Very Good,F,VS1,VG,VG,1.01,GIA,74.8,75.0,None,None,2008-12-10,500.0,6.214608098422191,-1.0788096613719298
Round,0.32,Ideal,G,VS2,ID,ID,1.0,AGSL,62.4,54.0,None,Pointed,2008-12-10,501.0,6.2166061010848646,-1.1394342831883648
Round,0.34,Ideal,G,SI1,EX,VG,1.01,GIA,61.5,56.0,None,None,2008-12-16,501.0,6.2166061010848646,-1.0788096613719298
Round,0.36,Very Good,F,SI1,G,VG,1.01,GIA,63.4,57.0,None,None,2008-12-12,501.0,6.2166061010848646,-1.0216512475319814
Round,0.36,Very Good,F,SI1,G,G,1.01,GIA,60.6,60.0,None,None,2008-12-12,501.0,6.2166061010848646,-1.0216512475319814
Round,0.36,Very Good,F,SI1,G,VG,1.01,GIA,64.4,58.0,None,None,2008-12-12,501.0,6.2166061010848646,-1.0216512475319814
Round,0.24,Very Good,F,VS2,ID,ID,1.01,AGSL,61.3,54.0,None,Pointed,2008-12-10,502.0,6.218600119691729,-1.4271163556401458
Round,0.32,Ideal,G,VS2,EX,EX,1.0,GIA,60.9,59.0,None,None,2008-12-10,502.0,6.218600119691729,-1.1394342831883648
Emerald,0.34,Very Good,G,VS2,G,VG,1.37,GIA,63.4,59.0,None,None,2008-12-17,502.0,6.218600119691729,-1.0788096613719298
Round,0.32,Ideal,G,VS1,VG,VG,1.01,GIA,60.9,59.0,Medium Blue,None,2008-12-12,503.0,6.220590170099739,-1.1394342831883648
Princess,0.33,Very Good,G,VVS1,VG,VG,1.05,GIA,72.2,74.0,None,None,2008-12-11,503.0,6.220590170099739,-1.1086626245216111
Round,0.24,Signature-Ideal,E,SI1,EX,EX,1.01,GIA,61.3,56.0,Faint,None,2008-12-10,504.0,6.222576268071369,-1.4271163556401458
Round,0.24,Signature-Ideal,E,SI1,EX,EX,1.01,GIA,61.4,57.0,None,None,2008-12-10,504.0,6.222576268071369,-1.4271163556401458
Round,0.27,Very Good,E,VS1,EX,EX,1.01,GIA,61.3,54.0,None,None,2008-12-17,504.0,6.222576268071369,-1.3093333199837622
Round,0.27,Very Good,E,VS1,EX,EX,1.0,GIA,60.9,55.0,None,None,2008-12-17,504.0,6.222576268071369,-1.3093333199837622
Princess,0.3,Very Good,G,VVS1,VG,VG,1.0,GIA,74.6,74.0,Faint,None,2008-12-11,504.0,6.222576268071369,-1.2039728043259361
Round,0.3,Very Good,E,VS2,EX,EX,1.0,GIA,62.8,57.0,Strong Blue,None,2008-12-17,504.0,6.222576268071369,-1.2039728043259361
Round,0.31,Ideal,G,VS1,VG,VG,1.01,GIA,60.8,59.0,Faint,None,2008-12-12,504.0,6.222576268071369,-1.171182981502945
Round,0.31,Ideal,G,VS1,VG,EX,1.01,GIA,62.1,58.0,Faint,None,2008-12-12,504.0,6.222576268071369,-1.171182981502945
Round,0.31,Ideal,G,VS1,VG,VG,1.01,GIA,60.5,57.0,None,None,2008-12-12,504.0,6.222576268071369,-1.171182981502945
Round,0.31,Ideal,G,VS1,EX,VG,1.01,GIA,61.6,57.0,None,None,2008-12-12,504.0,6.222576268071369,-1.171182981502945
Princess,0.34,Very Good,G,VVS1,EX,VG,1.02,GIA,73.2,74.0,None,None,2008-12-10,504.0,6.222576268071369,-1.0788096613719298
Princess,0.34,Very Good,G,VVS1,EX,VG,1.04,GIA,72.4,70.0,None,None,2008-12-10,504.0,6.222576268071369,-1.0788096613719298
Round,0.29,Ideal,G,VS1,EX,EX,1.01,GIA,61.6,55.0,Faint,None,2008-12-10,505.0,6.22455842927536,-1.2378743560016174
Round,0.29,Ideal,G,VS1,EX,VG,1.01,GIA,61.2,55.0,None,None,2008-12-10,505.0,6.22455842927536,-1.2378743560016174
Round,0.29,Ideal,E,VS2,VG,VG,1.0,GIA,58.7,61.0,None,Very Small,2008-12-10,505.0,6.22455842927536,-1.2378743560016174
Emerald,0.3,Good,E,VVS1,VG,VG,1.57,GIA,70.5,67.0,None,None,2008-12-10,505.0,6.22455842927536,-1.2039728043259361
Round,0.3,Very Good,E,VS2,EX,VG,1.0,GIA,61.4,62.0,Faint,None,2008-12-11,505.0,6.22455842927536,-1.2039728043259361
Round,0.32,Ideal,G,VS2,VG,EX,1.0,GIA,60.5,57.0,Medium,None,2008-12-16,505.0,6.22455842927536,-1.1394342831883648
Round,0.32,Ideal,G,VS2,VG,VG,1.01,GIA,60.1,57.0,Medium,None,2008-12-16,505.0,6.22455842927536,-1.1394342831883648
Princess,0.33,Very Good,E,VS1,G,G,1.01,GIA,74.6,74.0,None,None,2008-12-10,505.0,6.22455842927536,-1.1086626245216111
Round,0.33,Ideal,E,SI1,ID,ID,1.01,AGSL,62.3,53.0,None,Pointed,2008-12-10,505.0,6.22455842927536,-1.1086626245216111
Princess,0.33,Very Good,E,VS1,EX,VG,1.05,GIA,74.5,71.0,None,None,2008-12-10,505.0,6.22455842927536,-1.1086626245216111
Princess,0.33,Very Good,E,VS1,VG,VG,1.04,GIA,70.6,69.0,None,None,2008-12-10,505.0,6.22455842927536,-1.1086626245216111
Round,0.33,Very Good,E,SI1,VG,VG,1.0,GIA,62.9,57.0,None,None,2008-12-10,505.0,6.22455842927536,-1.1086626245216111
Round,0.3,Very Good,E,SI2,EX,EX,1.0,GIA,60.8,57.0,None,None,2008-12-11,506.0,6.226536669287466,-1.2039728043259361
Round,0.3,Very Good,E,SI1,VG,VG,1.01,GIA,60.9,60.0,Medium,None,2008-12-10,506.0,6.226536669287466,-1.2039728043259361
Round,0.3,Good,E,SI1,G,G,1.01,GIA,64.0,58.0,Medium,None,2008-12-10,506.0,6.226536669287466,-1.2039728043259361
Round,0.31,Very Good,E,SI1,EX,G,1.01,GIA,58.8,58.0,None,None,2008-12-10,506.0,6.226536669287466,-1.171182981502945
Round,0.31,Ideal,E,SI1,EX,VG,1.01,GIA,61.8,55.0,None,None,2008-12-10,506.0,6.226536669287466,-1.171182981502945
Princess,0.3,Very Good,E,VVS2,VG,G,1.05,GIA,69.4,74.0,None,None,2008-12-11,507.0,6.2285110035911835,-1.2039728043259361
Round,0.35,Ideal,D,SI1,EX,VG,1.01,GIA,60.5,58.0,Medium Blue,None,2008-12-11,507.0,6.2285110035911835,-1.0498221244986778
Round,0.35,Very Good,D,SI1,G,VG,1.01,GIA,63.7,56.0,Medium Blue,None,2008-12-11,507.0,6.2285110035911835,-1.0498221244986778
Round,0.32,Ideal,D,SI1,EX,EX,1.01,GIA,61.5,56.0,Medium Blue,None,2008-12-16,508.0,6.230481447578482,-1.1394342831883648
Round,0.32,Ideal,D,SI1,EX,EX,1.0,GIA,62.4,54.0,None,None,2008-12-16,508.0,6.230481447578482,-1.1394342831883648
Round,0.32,Ideal,D,SI1,EX,EX,1.01,GIA,60.3,57.0,None,None,2008-12-16,508.0,6.230481447578482,-1.1394342831883648
Princess,0.32,Very Good,D,VS1,VG,VG,1.0,GIA,67.4,73.0,None,None,2008-12-09,508.0,6.230481447578482,-1.1394342831883648
Round,0.36,Very Good,D,SI2,VG,VG,1.0,GIA,62.6,59.0,None,None,2008-12-10,508.0,6.230481447578482,-1.0216512475319814
Princess,0.3,Very Good,D,VS1,VG,VG,1.01,GIA,68.6,78.0,None,None,2008-12-09,510.0,6.234410725718371,-1.2039728043259361
Round,0.36,Ideal,D,SI2,EX,EX,1.02,GIA,60.9,57.0,None,None,2008-12-09,510.0,6.234410725718371,-1.0216512475319814
Round,0.37,Very Good,D,SI2,VG,VG,1.02,GIA,63.7,56.0,Faint,None,2008-12-10,510.0,6.234410725718371,-0.9942522733438669
Princess,0.37,Good,D,VVS2,VG,G,1.14,GIA,64.1,82.0,None,None,2008-12-09,510.0,6.234410725718371,-0.9942522733438669
Round,0.29,Good,D,VS2,G,VG,1.01,GIA,64.5,54.0,Faint,None,2008-12-09,511.0,6.236369590203704,-1.2378743560016174
Round,0.29,Very Good,D,VS1,VG,VG,1.0,GIA,60.0,61.0,Medium,None,2008-12-09,511.0,6.236369590203704,-1.2378743560016174
Round,0.29,Very Good,D,VS2,VG,VG,1.0,GIA,62.7,58.0,Medium,None,2008-12-09,511.0,6.236369590203704,-1.2378743560016174
Round,0.29,Very Good,D,VS1,VG,VG,1.01,GIA,61.9,61.0,None,None,2008-12-09,511.0,6.236369590203704,-1.2378743560016174
Round,0.3,Very Good,D,SI2,VG,VG,1.01,GIA,60.6,57.0,None,None,2008-12-10,511.0,6.236369590203704,-1.2039728043259361
Round,0.32,Very Good,D,SI1,VG,VG,1.0,GIA,62.7,60.0,None,None,2008-12-09,511.0,6.236369590203704,-1.1394342831883648
Round,0.34,Ideal,D,SI1,VG,EX,1.01,GIA,62.0,55.0,Medium Blue,None,2008-12-16,512.0,6.238324625039508,-1.0788096613719298
Round,0.36,Ideal,D,SI1,EX,EX,1.01,GIA,61.6,55.0,Strong Blue,None,2008-12-16,512.0,6.238324625039508,-1.0216512475319814
Princess,0.38,Very Good,D,SI1,G,G,1.01,GIA,65.9,76.0,None,None,2008-12-09,513.0,6.240275845170769,-0.9675840262617056
Princess,0.34,Very Good,G,VVS2,EX,VG,1.02,GIA,73.1,71.0,None,None,2008-12-11,515.0,6.244166900663736,-1.0788096613719298
Round,0.26,Ideal,G,VVS2,VG,EX,1.01,GIA,61.2,57.0,None,None,2008-12-10,516.0,6.246106765481563,-1.3470736479666092
Princess,0.32,Very Good,G,VVS1,VG,VG,1.02,GIA,70.6,76.0,None,None,2008-12-10,516.0,6.246106765481563,-1.1394342831883648
Round,0.37,Very Good,G,VS2,G,VG,1.01,GIA,59.9,63.0,None,None,2008-12-12,516.0,6.246106765481563,-0.9942522733438669
Round,0.3,Ideal,G,VS1,VG,VG,1.01,GIA,61.8,58.0,Faint,None,2008-12-10,517.0,6.248042874508429,-1.2039728043259361
Round,0.3,Ideal,E,VS2,VG,VG,1.01,GIA,61.6,59.0,Medium Blue,None,2008-12-12,517.0,6.248042874508429,-1.2039728043259361
Round,0.3,Ideal,E,VS2,VG,VG,1.01,GIA,59.6,59.0,Medium Blue,None,2008-12-12,517.0,6.248042874508429,-1.2039728043259361
Round,0.3,Ideal,E,VS2,VG,VG,1.0,GIA,61.6,60.0,Medium Blue,None,2008-12-12,517.0,6.248042874508429,-1.2039728043259361
Round,0.3,Ideal,E,VS2,VG,VG,1.01,GIA,60.6,59.0,Medium Blue,None,2008-12-12,517.0,6.248042874508429,-1.2039728043259361
Round,0.31,Ideal,G,VS2,ID,ID,1.01,AGSL,61.8,55.0,None,None,2008-12-10,517.0,6.248042874508429,-1.171182981502945
Round,0.25,Very Good,E,VVS2,VG,G,1.0,GIA,60.3,63.0,None,None,2008-12-10,518.0,6.249975242259483,-1.3862943611198906
Princess,0.3,Very Good,G,VVS2,EX,VG,1.0,GIA,66.2,70.0,Faint,None,2008-12-10,518.0,6.249975242259483,-1.2039728043259361
Round,0.3,Ideal,G,VS2,VG,EX,1.01,GIA,61.2,57.0,None,None,2008-12-16,518.0,6.249975242259483,-1.2039728043259361
Round,0.3,Ideal,G,VS2,EX,EX,1.01,GIA,62.1,55.0,Faint,None,2008-12-16,518.0,6.249975242259483,-1.2039728043259361
Round,0.31,Ideal,G,VS1,EX,EX,1.0,GIA,62.7,58.0,None,None,2008-12-12,518.0,6.249975242259483,-1.171182981502945
Round,0.31,Ideal,G,VS1,EX,EX,1.01,GIA,59.4,60.0,None,None,2008-12-12,518.0,6.249975242259483,-1.171182981502945
Round,0.33,Very Good,G,VS1,VG,VG,1.0,GIA,63.8,58.0,Faint,None,2008-12-12,518.0,6.249975242259483,-1.1086626245216111
Princess,0.35,Very Good,G,VVS1,VG,G,1.02,GIA,65.2,67.0,None,None,2008-12-10,518.0,6.249975242259483,-1.0498221244986778
Round,0.35,Signature-Ideal,G,SI1,EX,EX,1.01,GIA,61.7,55.0,None,None,2008-12-10,518.0,6.249975242259483,-1.0498221244986778
Round,0.23,Ideal,E,VVS2,EX,VG,1.01,GIA,61.8,55.0,None,None,2008-12-10,519.0,6.251903883165888,-1.4696759700589417
Round,0.24,Very Good,G,VVS1,EX,ID,1.01,AGSL,61.7,56.0,None,Pointed,2008-12-10,519.0,6.251903883165888,-1.4271163556401458
Round,0.25,Ideal,E,VS1,EX,EX,1.01,GIA,62.6,53.0,None,None,2008-12-10,519.0,6.251903883165888,-1.3862943611198906
Round,0.25,Ideal,E,VS1,EX,EX,1.0,GIA,61.7,55.0,None,None,2008-12-10,519.0,6.251903883165888,-1.3862943611198906
Round,0.25,Ideal,E,VS1,EX,EX,1.01,GIA,62.4,55.0,None,None,2008-12-10,519.0,6.251903883165888,-1.3862943611198906
Round,0.25,Ideal,E,VS1,EX,EX,1.01,GIA,62.0,55.0,Faint,None,2008-12-10,519.0,6.251903883165888,-1.3862943611198906
Round,0.25,Ideal,E,VS1,EX,EX,1.0,GIA,62.0,56.0,None,None,2008-12-10,519.0,6.251903883165888,-1.3862943611198906
Round,0.25,Ideal,E,VS1,EX,EX,1.0,GIA,62.1,54.0,None,None,2008-12-10,519.0,6.251903883165888,-1.3862943611198906
Round,0.25,Ideal,E,VS1,EX,EX,1.0,GIA,62.0,54.0,None,None,2008-12-10,519.0,6.251903883165888,-1.3862943611198906
Round,0.25,Ideal,E,VS1,EX,EX,1.01,GIA,62.1,54.0,None,None,2008-12-10,519.0,6.251903883165888,-1.3862943611198906
Round,0.25,Ideal,E,VS1,EX,EX,1.0,GIA,62.2,55.0,None,None,2008-12-10,519.0,6.251903883165888,-1.3862943611198906
Round,0.25,Ideal,E,VS1,EX,EX,1.01,GIA,62.2,54.0,Faint,None,2008-12-10,519.0,6.251903883165888,-1.3862943611198906
Round,0.25,Ideal,E,VS1,EX,EX,1.0,GIA,62.3,54.0,None,None,2008-12-10,519.0,6.251903883165888,-1.3862943611198906
Princess,0.3,Very Good,E,VVS1,VG,VG,1.05,GIA,74.7,76.0,None,None,2008-12-10,519.0,6.251903883165888,-1.2039728043259361
Round,0.31,Very Good,E,SI1,EX,VG,1.0,GIA,61.5,59.0,Faint,None,2008-12-11,519.0,6.251903883165888,-1.171182981502945
Round,0.32,Ideal,G,VS1,VG,VG,1.01,GIA,61.9,57.0,None,None,2008-12-12,519.0,6.251903883165888,-1.1394342831883648
Round,0.32,Ideal,G,VS1,EX,VG,1.01,GIA,60.4,57.0,None,None,2008-12-12,519.0,6.251903883165888,-1.1394342831883648
Round,0.33,Ideal,G,VS2,VG,VG,1.01,GIA,60.4,61.0,None,None,2008-12-18,519.0,6.251903883165888,-1.1086626245216111
Round,0.33,Very Good,E,SI1,VG,VG,1.01,GIA,63.8,57.0,Medium,None,2008-12-11,519.0,6.251903883165888,-1.1086626245216111
Round,0.32,Ideal,G,VS2,EX,EX,1.01,GIA,61.2,56.0,Medium,None,2008-12-10,520.0,6.253828811575473,-1.1394342831883648
Princess,0.3,Good,D,VS1,VG,G,1.03,GIA,76.5,75.0,None,None,2008-12-09,525.0,6.263398262591624,-1.2039728043259361
Princess,0.3,Very Good,D,VS1,EX,VG,1.05,GIA,69.9,73.0,None,None,2008-12-09,525.0,6.263398262591624,-1.2039728043259361
Princess,0.3,Very Good,D,VS1,EX,VG,1.05,GIA,72.8,70.0,Medium,None,2008-12-09,525.0,6.263398262591624,-1.2039728043259361
Princess,0.3,Good,D,VS1,VG,G,1.03,GIA,76.9,75.0,None,None,2008-12-09,525.0,6.263398262591624,-1.2039728043259361
Princess,0.3,Very Good,D,VS1,VG,VG,1.04,GIA,71.6,71.0,None,None,2008-12-09,525.0,6.263398262591624,-1.2039728043259361
Princess,0.3,Very Good,D,VS1,VG,VG,1.04,GIA,71.0,73.0,None,None,2008-12-09,525.0,6.263398262591624,-1.2039728043259361
Princess,0.3,Very Good,D,VS1,VG,VG,1.01,GIA,69.8,74.0,None,None,2008-12-09,525.0,6.263398262591624,-1.2039728043259361
Princess,0.3,Very Good,D,VS1,EX,G,1.03,GIA,72.1,76.0,None,None,2008-12-09,525.0,6.263398262591624,-1.2039728043259361
Princess,0.3,Very Good,D,VS1,EX,G,1.02,GIA,72.5,73.0,None,None,2008-12-09,525.0,6.263398262591624,-1.2039728043259361
Princess,0.3,Very Good,D,VS1,VG,VG,1.02,GIA,72.4,73.0,Faint,None,2008-12-09,525.0,6.263398262591624,-1.2039728043259361
Princess,0.3,Very Good,D,VS1,VG,VG,1.02,GIA,73.7,71.0,None,None,2008-12-09,525.0,6.263398262591624,-1.2039728043259361
Princess,0.3,Very Good,D,VS1,VG,VG,1.04,GIA,70.7,72.0,None,None,2008-12-09,525.0,6.263398262591624,-1.2039728043259361
Princess,0.3,Very Good,D,VS1,VG,VG,1.04,GIA,69.7,76.0,Medium Blue,None,2008-12-09,525.0,6.263398262591624,-1.2039728043259361
Round,0.37,Ideal,D,SI1,EX,EX,1.0,GIA,61.8,56.0,Strong Blue,None,2008-12-16,526.0,6.26530121273771,-0.9942522733438669
Round,0.24,Ideal,D,VS1,EX,EX,1.01,GIA,62.0,55.0,Medium,None,2008-12-09,527.0,6.267200548541362,-1.4271163556401458
Princess,0.32,Very Good,D,VS1,VG,VG,1.04,GIA,73.5,72.0,None,None,2008-12-09,527.0,6.267200548541362,-1.1394342831883648
Round,0.33,Very Good,D,SI1,VG,VG,1.01,GIA,63.3,57.0,None,Very Small,2008-12-09,527.0,6.267200548541362,-1.1086626245216111
Round,0.34,Good,D,SI1,VG,G,1.01,GIA,61.5,58.0,None,None,2008-12-09,527.0,6.267200548541362,-1.0788096613719298
Princess,0.32,Very Good,D,VVS2,VG,G,1.04,GIA,73.9,71.0,Faint Blue,None,2008-12-09,528.0,6.269096283706261,-1.1394342831883648
Princess,0.31,Very Good,D,VS1,EX,G,1.01,GIA,70.8,72.0,Faint,None,2008-12-09,529.0,6.270988431858299,-1.171182981502945
Round,0.25,Ideal,F,VVS2,EX,VG,1.01,GIA,61.3,57.0,None,None,2008-12-10,538.0,6.2878585601617845,-1.3862943611198906
Round,0.28,Ideal,F,VS1,EX,EX,1.01,GIA,61.4,56.0,None,None,2008-12-10,538.0,6.2878585601617845,-1.2729656758128873
Round,0.34,Very Good,F,SI2,G,G,1.0,GIA,61.5,60.0,None,None,2008-12-10,538.0,6.2878585601617845,-1.0788096613719298
Round,0.34,Ideal,F,VS2,VG,VG,1.01,GIA,62.2,57.0,Medium Blue,None,2008-12-12,538.0,6.2878585601617845,-1.0788096613719298
Round,0.34,Ideal,F,VS2,VG,VG,1.0,GIA,62.3,58.0,Strong Blue,None,2008-12-12,538.0,6.2878585601617845,-1.0788096613719298
Princess,0.38,Good,F,VS1,VG,VG,1.0,GIA,68.6,79.0,None,None,2008-12-10,538.0,6.2878585601617845,-0.9675840262617056
Emerald,0.3,Very Good,F,VVS1,VG,G,1.36,GIA,66.4,65.0,None,None,2008-12-17,539.0,6.289715570908998,-1.2039728043259361
Round,0.31,Ideal,F,VS2,EX,VG,1.01,GIA,61.7,59.0,None,None,2008-12-12,539.0,6.289715570908998,-1.171182981502945
Round,0.31,Ideal,F,VS2,VG,VG,1.01,GIA,60.7,57.0,None,None,2008-12-12,539.0,6.289715570908998,-1.171182981502945
Round,0.31,Ideal,F,VS2,EX,VG,1.01,GIA,60.5,57.0,None,None,2008-12-12,539.0,6.289715570908998,-1.171182981502945
Round,0.31,Ideal,F,VS2,VG,VG,1.0,GIA,62.2,56.0,None,None,2008-12-12,539.0,6.289715570908998,-1.171182981502945
Princess,0.33,Very Good,F,VVS2,VG,G,1.04,GIA,70.6,78.0,None,None,2008-12-10,539.0,6.289715570908998,-1.1086626245216111
Princess,0.33,Good,F,VVS2,VG,VG,1.01,GIA,75.2,72.0,None,None,2008-12-10,539.0,6.289715570908998,-1.1086626245216111
Princess,0.33,Very Good,F,VVS2,VG,G,1.03,GIA,71.4,70.0,None,None,2008-12-10,539.0,6.289715570908998,-1.1086626245216111
Round,0.3,Good,F,VS2,VG,VG,1.01,GIA,64.6,57.0,Strong,None,2008-12-10,540.0,6.29156913955832,-1.2039728043259361
Round,0.3,Very Good,F,VS1,VG,VG,1.01,GIA,62.4,60.0,Medium Blue,None,2008-12-12,540.0,6.29156913955832,-1.2039728043259361
Round,0.34,Very Good,F,SI1,VG,VG,1.01,GIA,61.9,57.0,None,None,2008-12-10,540.0,6.29156913955832,-1.0788096613719298
Princess,0.4,Very Good,F,SI1,VG,G,1.02,GIA,74.2,59.0,None,None,2008-12-10,540.0,6.29156913955832,-0.916290731874155
Princess,0.3,Very Good,F,VVS1,VG,VG,1.05,GIA,70.4,75.0,None,None,2008-12-10,541.0,6.293419278846481,-1.2039728043259361
Round,0.3,Very Good,D,VS2,EX,EX,1.01,GIA,62.4,57.0,Strong Blue,None,2008-12-16,542.0,6.295266001439646,-1.2039728043259361
Princess,0.31,Very Good,D,VS1,VG,VG,1.04,GIA,69.4,73.0,None,None,2008-12-09,542.0,6.295266001439646,-1.171182981502945
Princess,0.31,Very Good,D,VS1,EX,VG,1.02,GIA,74.1,71.0,None,None,2008-12-09,542.0,6.295266001439646,-1.171182981502945
Princess,0.31,Very Good,D,VS1,EX,VG,1.02,GIA,73.0,70.0,None,None,2008-12-09,542.0,6.295266001439646,-1.171182981502945
Round,0.3,Good,D,VS2,EX,VG,1.01,GIA,64.1,59.0,Medium,None,2008-12-09,544.0,6.298949246855942,-1.2039728043259361
Emerald,0.31,Very Good,D,VVS2,VG,VG,1.43,GIA,69.8,68.0,Faint,None,2008-12-16,544.0,6.298949246855942,-1.171182981502945
Princess,0.31,Very Good,D,SI1,VG,G,1.0,GIA,74.4,66.0,None,None,2008-12-09,544.0,6.298949246855942,-1.171182981502945
Round,0.38,Very Good,D,SI1,G,G,1.01,GIA,59.5,58.0,Strong Blue,None,2008-12-11,544.0,6.298949246855942,-0.9675840262617056
Round,0.3,Ideal,D,SI2,EX,EX,1.01,GIA,63.1,58.0,None,None,2008-12-10,545.0,6.300785794663244,-1.2039728043259361
Princess,0.33,Very Good,D,VS1,VG,VG,1.03,GIA,73.0,72.0,None,None,2008-12-10,545.0,6.300785794663244,-1.1086626245216111
Round,0.35,Good,D,SI1,VG,VG,1.01,GIA,58.2,58.0,None,Small,2008-12-09,545.0,6.300785794663244,-1.0498221244986778
Round,0.38,Ideal,D,SI2,VG,VG,1.01,GIA,62.5,57.0,Faint,None,2008-12-09,545.0,6.300785794663244,-0.9675840262617056
Round,0.38,Ideal,D,SI2,EX,VG,1.01,GIA,61.9,59.0,None,None,2008-12-09,545.0,6.300785794663244,-0.9675840262617056
Round,0.26,Good,D,VVS2,VG,VG,1.01,GIA,63.3,61.0,None,None,2008-12-09,546.0,6.302618975744905,-1.3470736479666092
Princess,0.3,Very Good,D,VVS2,EX,VG,1.04,GIA,73.4,73.0,None,None,2008-12-10,546.0,6.302618975744905,-1.2039728043259361
Round,0.35,Very Good,D,SI1,VG,VG,1.01,GIA,61.0,56.0,None,None,2008-12-11,546.0,6.302618975744905,-1.0498221244986778
Emerald,0.38,Good,D,VS2,VG,VG,1.59,GIA,70.4,64.0,Faint,None,2008-12-16,546.0,6.302618975744905,-0.9675840262617056
Round,0.23,Very Good,D,VS2,EX,EX,1.01,AGSL,60.2,57.0,Negligible,Very Small,2008-12-09,547.0,6.304448802421981,-1.4696759700589417
Princess,0.32,Very Good,D,VS1,VG,VG,1.03,GIA,71.0,75.0,Faint,None,2008-12-09,547.0,6.304448802421981,-1.1394342831883648
Princess,0.33,Good,D,VS1,EX,VG,1.0,GIA,76.0,74.0,Faint,None,2008-12-09,547.0,6.304448802421981,-1.1086626245216111
Round,0.35,Ideal,G,VS2,VG,VG,1.0,GIA,61.7,57.0,None,None,2008-12-18,550.0,6.309918278226516,-1.0498221244986778
Round,0.31,Very Good,G,VVS2,VG,EX,1.01,GIA,62.3,58.0,None,None,2008-12-17,551.0,6.311734809152915,-1.171182981502945
Round,0.32,Ideal,G,VS2,VG,VG,1.01,GIA,61.9,58.0,None,None,2008-12-16,551.0,6.311734809152915,-1.1394342831883648
Round,0.32,Ideal,G,VS2,VG,EX,1.01,GIA,61.8,57.0,None,None,2008-12-16,551.0,6.311734809152915,-1.1394342831883648
Round,0.32,Ideal,G,VS2,VG,VG,1.01,GIA,61.0,60.0,None,None,2008-12-16,551.0,6.311734809152915,-1.1394342831883648
Round,0.32,Ideal,G,VS2,EX,VG,1.01,GIA,61.6,56.0,None,None,2008-12-16,551.0,6.311734809152915,-1.1394342831883648
Round,0.32,Ideal,G,VS2,VG,VG,1.01,GIA,61.6,57.0,None,None,2008-12-16,551.0,6.311734809152915,-1.1394342831883648
Round,0.3,Good,G,VVS2,VG,VG,1.01,GIA,62.5,64.0,Strong,None,2008-12-10,552.0,6.313548046277095,-1.2039728043259361
Round,0.33,Very Good,G,VS2,VG,VG,1.0,GIA,58.5,61.0,None,None,2008-12-16,552.0,6.313548046277095,-1.1086626245216111
Round,0.33,Very Good,G,VS2,EX,VG,1.01,GIA,61.1,56.0,None,None,2008-12-16,552.0,6.313548046277095,-1.1086626245216111
Round,0.33,Very Good,G,VS2,VG,EX,1.01,GIA,60.1,56.0,None,None,2008-12-16,552.0,6.313548046277095,-1.1086626245216111
Round,0.33,Very Good,G,VS2,VG,VG,1.01,GIA,60.8,59.0,None,None,2008-12-16,552.0,6.313548046277095,-1.1086626245216111
Round,0.37,Ideal,G,VS2,EX,EX,1.0,GIA,62.0,55.0,Medium Blue,None,2008-12-17,552.0,6.313548046277095,-0.9942522733438669
Round,0.39,Very Good,G,VS2,VG,VG,1.01,GIA,61.0,60.0,None,None,2008-12-12,552.0,6.313548046277095,-0.941608539858445
Round,0.24,Ideal,G,VVS1,EX,EX,1.01,GIA,62.0,55.0,None,None,2008-12-10,553.0,6.315358001522335,-1.4271163556401458
Round,0.24,Ideal,E,VVS2,EX,EX,1.01,GIA,61.5,56.0,None,None,2008-12-10,553.0,6.315358001522335,-1.4271163556401458
Round,0.3,Very Good,G,VS1,VG,VG,1.0,GIA,59.8,59.0,None,None,2008-12-10,553.0,6.315358001522335,-1.2039728043259361
Round,0.3,Good,E,VS2,VG,VG,1.01,GIA,60.9,65.0,None,None,2008-12-10,553.0,6.315358001522335,-1.2039728043259361
Round,0.33,Ideal,E,VS2,EX,EX,1.0,GIA,61.7,55.0,Strong Blue,None,2008-12-17,553.0,6.315358001522335,-1.1086626245216111
Round,0.4,Very Good,G,SI2,EX,VG,1.01,GIA,62.5,54.0,Faint,None,2008-12-10,553.0,6.315358001522335,-0.916290731874155
Round,0.4,Ideal,G,SI2,EX,EX,1.01,GIA,62.0,55.0,Strong,None,2008-12-10,553.0,6.315358001522335,-0.916290731874155
Round,0.25,Very Good,E,VS1,EX,VG,1.0,GIA,60.2,62.0,None,None,2008-12-10,554.0,6.317164686747284,-1.3862943611198906
Round,0.25,Very Good,E,VS1,G,G,1.01,GIA,62.4,58.0,Faint,None,2008-12-10,554.0,6.317164686747284,-1.3862943611198906
Round,0.25,Very Good,E,VS1,G,VG,1.01,GIA,62.2,59.0,None,None,2008-12-10,554.0,6.317164686747284,-1.3862943611198906
Round,0.25,Very Good,E,VS1,VG,VG,1.01,GIA,61.2,64.0,None,None,2008-12-10,554.0,6.317164686747284,-1.3862943611198906
Round,0.25,Very Good,E,VS1,EX,VG,1.01,GIA,63.9,57.0,None,None,2008-12-10,554.0,6.317164686747284,-1.3862943611198906
Round,0.25,Very Good,E,VS1,G,G,1.0,GIA,60.9,58.0,Faint,None,2008-12-10,554.0,6.317164686747284,-1.3862943611198906
Princess,0.31,Good,E,VVS2,VG,VG,1.02,GIA,72.4,80.0,None,None,2008-12-10,554.0,6.317164686747284,-1.171182981502945
Princess,0.31,Good,E,VVS2,VG,VG,1.1,GIA,73.7,80.0,None,None,2008-12-10,554.0,6.317164686747284,-1.171182981502945
Round,0.31,Very Good,E,VS2,G,EX,1.0,GIA,62.3,54.0,None,None,2008-12-10,554.0,6.317164686747284,-1.171182981502945
Emerald,0.34,Very Good,E,VS1,VG,VG,1.16,GIA,65.1,68.0,None,None,2008-12-10,554.0,6.317164686747284,-1.0788096613719298
Emerald,0.34,Very Good,E,VS1,VG,G,1.26,GIA,59.8,65.0,Medium Blue,None,2008-12-10,554.0,6.317164686747284,-1.0788096613719298
Round,0.35,Very Good,E,SI1,VG,VG,1.01,GIA,63.3,56.0,None,None,2008-12-10,554.0,6.317164686747284,-1.0498221244986778
Round,0.42,Very Good,G,SI2,VG,G,1.01,GIA,64.2,57.0,None,None,2008-12-10,554.0,6.317164686747284,-0.8675005677047231
Round,0.26,Ideal,E,VS2,EX,EX,1.01,GIA,61.8,55.0,None,None,2008-12-10,555.0,6.318968113746434,-1.3470736479666092
Round,0.27,Ideal,E,VS1,EX,VG,1.01,GIA,61.3,56.0,None,None,2008-12-10,555.0,6.318968113746434,-1.3093333199837622
Princess,0.3,Very Good,E,VVS1,EX,VG,1.05,GIA,72.2,74.0,None,None,2008-12-11,555.0,6.318968113746434,-1.2039728043259361
Round,0.27,Very Good,E,VS1,VG,G,1.01,GIA,62.5,59.0,Medium Blue,None,2008-12-10,556.0,6.320768294250582,-1.3093333199837622
Round,0.4,Very Good,E,SI2,VG,VG,1.0,GIA,63.7,54.0,None,None,2008-12-10,556.0,6.320768294250582,-0.916290731874155
Round,0.27,Ideal,D,VS1,EX,VG,1.02,GIA,62.8,53.0,Strong Blue,None,2008-12-16,559.0,6.326149473155099,-1.3093333199837622
Round,0.27,Ideal,D,VS1,EX,EX,1.0,GIA,60.7,55.0,None,None,2008-12-16,559.0,6.326149473155099,-1.3093333199837622
Round,0.27,Ideal,D,VS1,VG,VG,1.01,GIA,61.7,55.0,None,None,2008-12-16,559.0,6.326149473155099,-1.3093333199837622
Princess,0.28,Very Good,D,VVS1,EX,VG,1.05,GIA,69.5,76.0,None,None,2008-12-09,559.0,6.326149473155099,-1.2729656758128873
Princess,0.32,Very Good,D,VS1,VG,G,1.02,GIA,74.1,73.0,Faint,None,2008-12-09,559.0,6.326149473155099,-1.1394342831883648
Princess,0.32,Good,D,VS1,EX,VG,1.08,GIA,78.9,78.0,None,None,2008-12-09,559.0,6.326149473155099,-1.1394342831883648
Princess,0.32,Very Good,D,VS1,VG,VG,1.02,GIA,71.6,72.0,None,None,2008-12-09,559.0,6.326149473155099,-1.1394342831883648
Princess,0.32,Very Good,D,VS1,EX,VG,1.05,GIA,69.3,72.0,None,None,2008-12-09,559.0,6.326149473155099,-1.1394342831883648
Princess,0.32,Good,D,VS1,VG,G,1.04,GIA,76.2,79.0,None,None,2008-12-09,559.0,6.326149473155099,-1.1394342831883648
Princess,0.32,Very Good,D,VS1,EX,VG,1.03,GIA,72.9,72.0,None,None,2008-12-09,559.0,6.326149473155099,-1.1394342831883648
Princess,0.32,Good,D,VS1,EX,VG,1.03,GIA,75.3,69.0,None,None,2008-12-09,559.0,6.326149473155099,-1.1394342831883648
Princess,0.32,Good,D,VS1,VG,G,1.05,GIA,75.5,73.0,None,None,2008-12-09,559.0,6.326149473155099,-1.1394342831883648
Princess,0.32,Very Good,D,VS1,G,VG,1.0,GIA,73.0,72.0,None,None,2008-12-09,559.0,6.326149473155099,-1.1394342831883648
Princess,0.32,Very Good,D,VS1,EX,VG,1.05,GIA,73.7,72.0,None,None,2008-12-09,559.0,6.326149473155099,-1.1394342831883648
Princess,0.32,Very Good,D,VS1,VG,G,1.02,GIA,73.7,69.0,Medium,None,2008-12-09,559.0,6.326149473155099,-1.1394342831883648
Princess,0.33,Very Good,D,VS1,EX,VG,1.02,GIA,71.4,72.0,None,None,2008-12-09,560.0,6.327936783729195,-1.1086626245216111
Princess,0.32,Very Good,D,VVS2,VG,G,1.01,GIA,72.7,76.0,None,None,2008-12-09,561.0,6.329720905522696,-1.1394342831883648
Princess,0.32,Very Good,D,VVS2,VG,VG,1.09,GIA,74.8,68.0,Faint,None,2008-12-09,561.0,6.329720905522696,-1.1394342831883648
Round,0.34,Ideal,D,SI1,EX,EX,1.0,GIA,60.0,59.0,Strong,None,2008-12-09,561.0,6.329720905522696,-1.0788096613719298
Princess,0.37,Very Good,D,VS1,VG,G,1.03,GIA,70.5,68.0,None,None,2008-12-09,561.0,6.329720905522696,-0.9942522733438669
Princess,0.31,Very Good,E,VVS2,VG,G,1.05,GIA,72.5,74.0,None,None,2008-12-10,563.0,6.333279628139691,-1.171182981502945
Princess,0.31,Very Good,E,VVS2,VG,VG,1.02,GIA,74.0,70.0,None,None,2008-12-10,563.0,6.333279628139691,-1.171182981502945
Princess,0.31,Very Good,E,VVS2,VG,VG,1.04,GIA,73.7,70.0,None,None,2008-12-10,563.0,6.333279628139691,-1.171182981502945
Princess,0.31,Very Good,E,VVS2,VG,G,1.04,GIA,73.9,71.0,Faint,None,2008-12-10,563.0,6.333279628139691,-1.171182981502945
Princess,0.31,Very Good,E,VVS2,VG,G,1.01,GIA,73.9,72.0,None,None,2008-12-10,563.0,6.333279628139691,-1.171182981502945
Princess,0.31,Very Good,E,VVS2,G,G,1.0,GIA,74.4,73.0,None,None,2008-12-10,563.0,6.333279628139691,-1.171182981502945
Princess,0.31,Very Good,E,VVS2,EX,VG,1.02,GIA,74.0,78.0,None,None,2008-12-10,563.0,6.333279628139691,-1.171182981502945
Princess,0.31,Very Good,E,VVS2,VG,G,1.02,GIA,72.9,73.0,None,None,2008-12-10,563.0,6.333279628139691,-1.171182981502945
Princess,0.33,Very Good,E,VVS2,EX,VG,1.01,GIA,69.4,71.0,None,None,2008-12-10,564.0,6.335054251498059,-1.1086626245216111
Round,0.37,Very Good,E,SI1,G,G,1.02,GIA,60.5,59.0,None,None,2008-12-12,564.0,6.335054251498059,-0.9942522733438669
Round,0.37,Very Good,E,SI1,G,VG,1.01,GIA,62.3,57.0,None,None,2008-12-12,564.0,6.335054251498059,-0.9942522733438669
Round,0.37,Very Good,E,SI1,G,VG,1.01,GIA,61.3,54.0,None,None,2008-12-12,564.0,6.335054251498059,-0.9942522733438669
Round,0.31,Very Good,E,VS2,EX,G,1.01,GIA,62.1,57.0,None,None,2008-12-10,565.0,6.336825731146441,-1.171182981502945
Princess,0.31,Very Good,E,VVS2,VG,VG,1.0,GIA,72.2,73.0,None,None,2008-12-11,565.0,6.336825731146441,-1.171182981502945
Round,0.31,Very Good,E,VS2,G,VG,1.01,GIA,59.3,62.0,Faint,None,2008-12-10,565.0,6.336825731146441,-1.171182981502945
Round,0.32,Ideal,E,SI1,EX,EX,1.0,GIA,60.8,56.0,None,None,2008-12-10,565.0,6.336825731146441,-1.1394342831883648
Round,0.32,Ideal,E,SI1,EX,EX,1.01,GIA,61.3,57.0,None,None,2008-12-10,565.0,6.336825731146441,-1.1394342831883648
Round,0.23,Ideal,E,VVS1,EX,VG,1.01,GIA,61.7,55.0,None,None,2008-12-10,566.0,6.338594078203183,-1.4696759700589417
Round,0.23,Ideal,E,VVS1,EX,VG,1.01,GIA,62.1,54.0,None,None,2008-12-10,566.0,6.338594078203183,-1.4696759700589417
Round,0.31,Signature-Ideal,E,SI1,EX,EX,1.0,GIA,61.6,56.0,None,None,2008-12-10,566.0,6.338594078203183,-1.171182981502945
Round,0.33,Very Good,D,SI2,VG,VG,1.01,GIA,62.0,59.0,None,None,2008-12-10,569.0,6.343880434126331,-1.1086626245216111
Round,0.26,Ideal,D,VS1,EX,EX,1.0,GIA,60.7,57.0,Medium,None,2008-12-09,570.0,6.345636360828596,-1.3470736479666092
Round,0.26,Ideal,D,VS1,EX,EX,1.0,GIA,61.6,56.0,Medium,None,2008-12-09,570.0,6.345636360828596,-1.3470736479666092
Round,0.26,Ideal,D,VS1,EX,EX,1.01,GIA,61.6,56.0,Medium,None,2008-12-09,570.0,6.345636360828596,-1.3470736479666092
Round,0.26,Ideal,D,VS1,EX,EX,1.0,GIA,61.9,55.0,Medium,None,2008-12-09,570.0,6.345636360828596,-1.3470736479666092
Round,0.27,Very Good,D,VVS2,G,G,1.01,GIA,64.6,53.0,None,None,2008-12-09,570.0,6.345636360828596,-1.3093333199837622
Round,0.31,Very Good,D,VS2,G,VG,1.01,GIA,61.8,58.0,Medium Blue,None,2008-12-11,570.0,6.345636360828596,-1.171182981502945
Princess,0.32,Very Good,D,VVS2,EX,VG,1.04,GIA,72.9,70.0,None,None,2008-12-09,570.0,6.345636360828596,-1.1394342831883648
Princess,0.32,Very Good,D,VVS2,EX,VG,1.04,GIA,72.6,73.0,None,None,2008-12-09,570.0,6.345636360828596,-1.1394342831883648
Round,0.33,Ideal,D,SI1,VG,EX,1.01,GIA,62.0,60.0,None,None,2008-12-10,570.0,6.345636360828596,-1.1086626245216111
Round,0.33,Ideal,D,SI1,VG,EX,1.0,GIA,61.0,58.0,None,None,2008-12-09,570.0,6.345636360828596,-1.1086626245216111
Round,0.3,Good,D,VS2,G,VG,1.01,GIA,59.1,61.0,Medium Blue,None,2008-12-11,571.0,6.3473892096560105,-1.2039728043259361
Round,0.3,Good,D,VS2,G,VG,1.01,GIA,63.8,58.0,Medium Blue,None,2008-12-11,571.0,6.3473892096560105,-1.2039728043259361
Round,0.3,Good,D,VS2,G,VG,1.01,GIA,63.8,58.0,Medium Blue,None,2008-12-11,571.0,6.3473892096560105,-1.2039728043259361
Princess,0.32,Very Good,D,VVS2,VG,VG,1.0,GIA,73.8,73.0,None,None,2008-12-10,571.0,6.3473892096560105,-1.1394342831883648
Princess,0.32,Very Good,D,VVS2,VG,G,1.02,GIA,67.7,78.0,None,None,2008-12-10,571.0,6.3473892096560105,-1.1394342831883648
Round,0.3,Very Good,D,VS2,EX,VG,1.01,GIA,61.9,62.0,Faint,None,2008-12-09,572.0,6.349138991379798,-1.2039728043259361
Round,0.3,Very Good,D,VS2,VG,G,1.01,GIA,61.3,58.0,None,None,2008-12-09,572.0,6.349138991379798,-1.2039728043259361
Princess,0.38,Very Good,D,VS2,VG,G,1.11,GIA,74.4,76.0,None,None,2008-12-09,572.0,6.349138991379798,-0.9675840262617056
Princess,0.3,Very Good,D,VVS2,EX,G,1.02,GIA,69.8,77.0,None,None,2008-12-09,573.0,6.35088571671474,-1.2039728043259361
Princess,0.34,Very Good,D,VS1,VG,VG,1.03,GIA,72.1,75.0,None,None,2008-12-09,576.0,6.3561076606958915,-1.0788096613719298
Emerald,0.3,Very Good,D,VVS1,VG,VG,1.54,GIA,58.2,67.0,None,None,2008-12-09,577.0,6.3578422665081,-1.2039728043259361
Round,0.24,Ideal,D,VS1,EX,EX,1.01,GIA,61.2,56.0,None,None,2008-12-09,578.0,6.359573868672378,-1.4271163556401458
Round,0.26,Ideal,D,VS1,VG,EX,1.01,GIA,61.9,55.0,None,None,2008-12-09,578.0,6.359573868672378,-1.3470736479666092
Round,0.26,Ideal,D,VS1,VG,EX,1.0,GIA,61.0,56.0,None,None,2008-12-09,578.0,6.359573868672378,-1.3470736479666092
Round,0.26,Ideal,D,VS1,EX,VG,1.01,GIA,62.1,55.0,None,None,2008-12-09,578.0,6.359573868672378,-1.3470736479666092
Round,0.28,Ideal,D,VS1,EX,VG,1.01,GIA,62.5,55.0,None,None,2008-12-16,578.0,6.359573868672378,-1.2729656758128873
Round,0.32,Ideal,D,SI1,EX,EX,1.0,GIA,62.1,57.0,None,None,2008-12-09,578.0,6.359573868672378,-1.1394342831883648
Princess,0.37,Very Good,D,VS1,VG,G,1.05,GIA,72.1,68.0,None,None,2008-12-09,578.0,6.359573868672378,-0.9942522733438669
Round,0.37,Ideal,D,SI2,VG,VG,1.01,GIA,61.0,55.0,None,None,2008-12-15,578.0,6.359573868672378,-0.9942522733438669
Round,0.37,Ideal,D,SI1,EX,VG,1.0,GIA,61.6,60.0,Medium Blue,None,2008-12-11,578.0,6.359573868672378,-0.9942522733438669
Princess,0.29,Good,D,VVS1,VG,VG,1.03,GIA,75.6,78.0,None,None,2008-12-09,579.0,6.361302477572996,-1.2378743560016174
Princess,0.33,Very Good,D,VS1,EX,EX,1.02,GIA,70.5,76.0,None,None,2008-12-10,579.0,6.361302477572996,-1.1086626245216111
Princess,0.34,Very Good,D,VS1,EX,G,1.01,GIA,74.5,69.0,None,None,2008-12-09,579.0,6.361302477572996,-1.0788096613719298
Round,0.36,Very Good,D,SI1,G,VG,1.01,GIA,61.3,56.0,Faint Blue,None,2008-12-09,579.0,6.361302477572996,-1.0216512475319814
Round,0.3,Very Good,D,VS1,EX,EX,1.01,GIA,63.0,55.0,Strong Blue,None,2008-12-16,580.0,6.363028103540465,-1.2039728043259361
Princess,0.32,Very Good,D,VVS2,VG,VG,1.03,GIA,73.3,72.0,None,None,2008-12-09,580.0,6.363028103540465,-1.1394342831883648
Round,0.37,Good,D,SI1,VG,VG,1.01,GIA,59.6,56.0,None,None,2008-12-10,580.0,6.363028103540465,-0.9942522733438669
Round,0.23,Very Good,D,VS1,EX,VG,1.01,AGSL,61.5,58.0,Negligible,Very Small,2008-12-09,581.0,6.364750756851911,-1.4696759700589417
Round,0.3,Very Good,D,VS2,EX,EX,1.01,GIA,62.6,55.0,None,None,2008-12-09,581.0,6.364750756851911,-1.2039728043259361
Round,0.29,Signature-Ideal,E,SI1,EX,EX,1.01,GIA,61.6,56.0,Medium Blue,None,2008-12-10,583.0,6.368187186350492,-1.2378743560016174
Round,0.31,Very Good,E,VS2,VG,G,1.0,GIA,62.6,58.0,Medium Blue,None,2008-12-10,584.0,6.369900982828227,-1.171182981502945
Round,0.34,Ideal,E,VS2,EX,VG,1.01,GIA,61.6,56.0,Medium Blue,None,2008-12-12,584.0,6.369900982828227,-1.0788096613719298
Round,0.3,Good,E,VS1,VG,EX,1.0,GIA,57.6,61.0,None,None,2008-12-10,585.0,6.371611847231857,-1.2039728043259361
Round,0.31,Ideal,E,VS2,VG,VG,1.01,GIA,61.6,57.0,None,None,2008-12-12,585.0,6.371611847231857,-1.171182981502945
Round,0.31,Ideal,E,VS2,EX,VG,1.01,GIA,61.3,56.0,None,None,2008-12-12,585.0,6.371611847231857,-1.171182981502945
Round,0.31,Ideal,E,VS2,VG,VG,1.01,GIA,62.1,57.0,None,None,2008-12-12,585.0,6.371611847231857,-1.171182981502945
Round,0.31,Ideal,E,VS2,VG,VG,1.01,GIA,61.9,56.0,None,None,2008-12-12,585.0,6.371611847231857,-1.171182981502945
Round,0.31,Ideal,E,VS2,VG,VG,1.0,GIA,61.7,56.0,None,None,2008-12-12,585.0,6.371611847231857,-1.171182981502945
Princess,0.32,Very Good,E,VVS1,VG,G,1.05,GIA,70.5,65.0,None,None,2008-12-10,585.0,6.371611847231857,-1.1394342831883648
Emerald,0.3,Very Good,E,VVS2,VG,G,1.06,GIA,59.1,65.0,None,None,2008-12-10,586.0,6.373319789577012,-1.2039728043259361
Princess,0.3,Very Good,E,VVS2,EX,VG,1.01,GIA,71.0,67.0,Faint,None,2008-12-10,586.0,6.373319789577012,-1.2039728043259361
Round,0.3,Very Good,E,SI1,VG,VG,1.01,GIA,60.0,57.0,None,None,2008-12-11,586.0,6.373319789577012,-1.2039728043259361
Princess,0.31,Very Good,E,VVS1,EX,VG,1.01,GIA,66.0,72.0,None,None,2008-12-10,586.0,6.373319789577012,-1.171182981502945
Round,0.32,Ideal,E,VS2,ID,ID,1.01,AGSL,62.0,54.0,None,Pointed,2008-12-10,586.0,6.373319789577012,-1.1394342831883648
Round,0.32,Ideal,E,VS2,VG,EX,1.0,GIA,59.5,56.0,Medium,None,2008-12-10,586.0,6.373319789577012,-1.1394342831883648
Round,0.32,Very Good,E,VS2,EX,VG,1.0,GIA,63.4,56.0,None,None,2008-12-10,586.0,6.373319789577012,-1.1394342831883648
Round,0.4,Very Good,E,SI2,EX,EX,1.01,GIA,62.5,58.0,Strong Blue,None,2008-12-10,586.0,6.373319789577012,-0.916290731874155
Round,0.4,Very Good,E,SI2,EX,EX,1.02,GIA,63.3,56.0,None,None,2008-12-10,586.0,6.373319789577012,-0.916290731874155
Round,0.3,Very Good,D,VS2,VG,VG,1.01,GIA,64.4,58.0,Medium Blue,None,2008-12-11,592.0,6.3835066348840055,-1.2039728043259361
Round,0.3,Very Good,D,VS2,VG,VG,1.01,GIA,60.4,57.0,Medium Blue,None,2008-12-11,592.0,6.3835066348840055,-1.2039728043259361
Princess,0.31,Very Good,D,VVS2,VG,VG,1.01,GIA,74.2,72.0,None,None,2008-12-09,592.0,6.3835066348840055,-1.171182981502945
Princess,0.31,Good,D,VVS2,VG,VG,1.02,GIA,75.7,74.0,None,None,2008-12-09,592.0,6.3835066348840055,-1.171182981502945
Princess,0.31,Very Good,D,VVS2,EX,G,1.05,GIA,73.5,72.0,Faint,None,2008-12-09,592.0,6.3835066348840055,-1.171182981502945
Princess,0.31,Very Good,D,VVS2,VG,G,1.05,GIA,74.2,74.0,None,None,2008-12-09,592.0,6.3835066348840055,-1.171182981502945
Princess,0.31,Good,D,VVS2,EX,VG,1.04,GIA,77.1,78.0,None,None,2008-12-09,592.0,6.3835066348840055,-1.171182981502945
Princess,0.31,Very Good,D,VVS2,VG,VG,1.03,GIA,73.8,69.0,None,None,2008-12-09,592.0,6.3835066348840055,-1.171182981502945
Princess,0.31,Very Good,D,VVS2,VG,G,1.01,GIA,71.4,70.0,None,None,2008-12-09,592.0,6.3835066348840055,-1.171182981502945
Princess,0.31,Very Good,D,VVS2,VG,VG,1.02,GIA,72.0,71.0,None,None,2008-12-09,592.0,6.3835066348840055,-1.171182981502945
Princess,0.31,Very Good,D,VVS2,EX,G,1.04,GIA,73.1,73.0,None,None,2008-12-09,592.0,6.3835066348840055,-1.171182981502945
Princess,0.31,Good,D,VVS2,VG,G,1.04,GIA,76.9,75.0,None,None,2008-12-09,592.0,6.3835066348840055,-1.171182981502945
Princess,0.31,Very Good,D,VVS2,EX,G,1.03,GIA,70.6,71.0,None,None,2008-12-09,592.0,6.3835066348840055,-1.171182981502945
Princess,0.31,Very Good,D,VVS2,VG,VG,1.05,GIA,72.7,71.0,None,None,2008-12-09,592.0,6.3835066348840055,-1.171182981502945
Princess,0.31,Very Good,D,VVS2,EX,VG,1.02,GIA,73.7,72.0,Faint,None,2008-12-09,592.0,6.3835066348840055,-1.171182981502945
Princess,0.31,Very Good,D,VVS2,VG,VG,1.03,GIA,70.0,72.0,None,None,2008-12-09,592.0,6.3835066348840055,-1.171182981502945
Princess,0.31,Very Good,D,VVS2,VG,G,1.02,GIA,66.6,69.0,None,None,2008-12-09,592.0,6.3835066348840055,-1.171182981502945
Princess,0.31,Very Good,D,VVS2,VG,VG,1.03,GIA,70.4,73.0,None,None,2008-12-09,592.0,6.3835066348840055,-1.171182981502945
Princess,0.34,Good,D,VVS1,G,VG,1.03,GIA,75.1,69.0,None,None,2008-12-09,592.0,6.3835066348840055,-1.0788096613719298
Princess,0.35,Very Good,D,VS1,VG,G,1.03,GIA,73.1,72.0,None,None,2008-12-10,592.0,6.3835066348840055,-1.0498221244986778
Round,0.4,Very Good,H,SI2,VG,VG,1.01,GIA,59.8,62.0,Faint,None,2008-12-10,594.0,6.386879319362645,-0.916290731874155
Round,0.38,Very Good,G,VS1,VG,VG,1.0,GIA,62.8,61.0,Medium Blue,None,2008-12-12,595.0,6.38856140554563,-0.9675840262617056
Round,0.31,Very Good,G,VS1,VG,EX,1.0,GIA,60.3,60.0,None,None,2008-12-10,596.0,6.39024066706535,-1.171182981502945
Princess,0.4,Good,H,VS1,VG,VG,1.01,GIA,76.9,69.0,Medium Blue,None,2008-12-10,596.0,6.39024066706535,-0.916290731874155
Princess,0.49,Good,G,SI2,G,G,1.1,GIA,65.2,83.0,None,None,2008-12-10,596.0,6.39024066706535,-0.7133498878774648
Round,0.36,Ideal,G,VS2,VG,EX,1.01,GIA,61.4,56.0,Faint,None,2008-12-16,597.0,6.391917113392602,-1.0216512475319814
Round,0.26,Ideal,G,VVS1,EX,EX,1.0,GIA,61.3,56.0,Medium,None,2008-12-10,598.0,6.393590753950631,-1.3470736479666092
Princess,0.3,Very Good,G,IF,VG,G,1.02,GIA,66.8,68.0,None,None,2008-12-10,598.0,6.393590753950631,-1.2039728043259361
Round,0.31,Ideal,G,VVS2,VG,EX,1.01,GIA,60.6,56.0,None,None,2008-12-12,598.0,6.393590753950631,-1.171182981502945
Round,0.31,Ideal,G,VVS2,VG,VG,1.0,GIA,61.3,57.0,None,None,2008-12-12,598.0,6.393590753950631,-1.171182981502945
Round,0.33,Ideal,G,VS1,ID,ID,1.01,AGSL,61.6,54.0,None,Pointed,2008-12-10,598.0,6.393590753950631,-1.1086626245216111
Round,0.33,Ideal,G,VS1,ID,ID,1.0,AGSL,62.1,54.0,None,Pointed,2008-12-10,598.0,6.393590753950631,-1.1086626245216111
Round,0.41,Very Good,H,SI2,EX,VG,1.0,GIA,61.5,59.0,Strong,None,2008-12-11,598.0,6.393590753950631,-0.8915981192837836
Round,0.3,Ideal,G,VVS1,EX,VG,1.01,GIA,62.0,58.0,Strong Blue,None,2008-12-10,599.0,6.395261598115449,-1.2039728043259361
Round,0.3,Ideal,G,VVS1,EX,EX,1.01,GIA,62.2,58.0,Strong Blue,None,2008-12-17,599.0,6.395261598115449,-1.2039728043259361
Round,0.34,Ideal,H,VS1,ID,ID,1.01,AGSL,61.5,55.0,None,None,2008-12-10,599.0,6.395261598115449,-1.0788096613719298
Round,0.36,Ideal,H,VS1,VG,VG,1.0,GIA,61.5,58.0,None,Very Small,2008-12-18,599.0,6.395261598115449,-1.0216512475319814
Round,0.4,Ideal,G,SI2,VG,EX,1.0,GIA,62.1,54.0,None,None,2008-12-10,599.0,6.395261598115449,-0.916290731874155
Round,0.31,Ideal,H,SI1,VG,EX,1.01,GIA,61.3,56.0,None,None,2008-12-10,600.0,6.396929655216146,-1.171182981502945
Round,0.36,Very Good,G,VS2,VG,VG,1.01,GIA,62.0,59.0,None,None,2008-12-16,601.0,6.398594934535208,-1.0216512475319814
Round,0.41,Ideal,G,SI2,ID,ID,1.01,AGSL,61.5,56.0,None,None,2008-12-10,601.0,6.398594934535208,-0.8915981192837836
Round,0.44,Very Good,G,SI2,VG,VG,1.01,GIA,63.6,57.0,Strong Blue,None,2008-12-10,601.0,6.398594934535208,-0.8209805520698302
Round,0.26,Signature-Ideal,E,VS2,EX,EX,1.01,GIA,61.2,56.0,None,None,2008-12-10,602.0,6.400257445308821,-1.3470736479666092
Round,0.26,Signature-Ideal,E,VS2,EX,EX,1.01,GIA,61.4,55.0,None,None,2008-12-10,602.0,6.400257445308821,-1.3470736479666092
Round,0.26,Signature-Ideal,E,VS2,EX,EX,1.0,GIA,61.6,56.0,None,None,2008-12-10,602.0,6.400257445308821,-1.3470736479666092
Round,0.31,Ideal,G,VVS2,EX,EX,1.01,GIA,62.2,54.0,Medium Blue,None,2008-12-17,602.0,6.400257445308821,-1.171182981502945
Round,0.31,Ideal,G,VVS2,EX,EX,1.03,GIA,61.4,54.0,Medium Blue,None,2008-12-17,602.0,6.400257445308821,-1.171182981502945
Round,0.33,Very Good,E,VS2,VG,VG,1.0,GIA,62.4,59.0,None,None,2008-12-10,602.0,6.400257445308821,-1.1086626245216111
Round,0.4,Very Good,G,SI2,VG,G,1.0,GIA,63.0,58.0,None,None,2008-12-10,602.0,6.400257445308821,-0.916290731874155
Princess,0.4,Very Good,H,VVS1,EX,G,1.03,GIA,65.6,74.0,None,None,2008-12-10,602.0,6.400257445308821,-0.916290731874155
Round,0.41,Ideal,H,SI2,VG,VG,1.0,GIA,61.3,57.0,None,Very Small,2008-12-11,602.0,6.400257445308821,-0.8915981192837836
Round,0.37,Very Good,E,SI1,G,VG,1.0,GIA,61.7,58.0,Faint,None,2008-12-16,603.0,6.401917196727186,-0.9942522733438669
Princess,0.39,Signature-Ideal,H,VVS2,VG,VG,1.0,GIA,68.7,69.0,None,Very Small,2008-12-10,603.0,6.401917196727186,-0.941608539858445
Round,0.41,Very Good,E,SI2,VG,VG,1.01,GIA,60.7,62.0,None,None,2008-12-10,603.0,6.401917196727186,-0.8915981192837836
Round,0.28,Good,D,VVS2,VG,G,1.01,GIA,58.6,60.0,None,None,2008-12-09,604.0,6.403574197934815,-1.2729656758128873
Round,0.32,Very Good,H,VVS2,EX,VG,1.01,GIA,63.0,56.0,None,None,2008-12-10,604.0,6.403574197934815,-1.1394342831883648
Round,0.32,Ideal,E,VS2,VG,EX,1.01,GIA,61.0,58.0,None,None,2008-12-12,604.0,6.403574197934815,-1.1394342831883648
Round,0.32,Ideal,E,VS2,VG,VG,1.01,GIA,61.9,57.0,None,None,2008-12-12,604.0,6.403574197934815,-1.1394342831883648
Round,0.32,Ideal,E,VS2,VG,VG,1.01,GIA,62.4,57.0,None,None,2008-12-12,604.0,6.403574197934815,-1.1394342831883648
Round,0.32,Ideal,E,VS2,EX,VG,1.01,GIA,62.1,57.0,None,None,2008-12-12,604.0,6.403574197934815,-1.1394342831883648
Round,0.33,Ideal,E,VS2,ID,ID,1.01,AGSL,62.4,54.0,None,Pointed,2008-12-10,604.0,6.403574197934815,-1.1086626245216111
Round,0.33,Ideal,E,VS2,EX,EX,1.01,GIA,62.7,54.0,None,None,2008-12-10,604.0,6.403574197934815,-1.1086626245216111
Round,0.33,Ideal,E,VS2,ID,ID,1.0,AGSL,61.5,56.0,None,Pointed,2008-12-10,604.0,6.403574197934815,-1.1086626245216111
Round,0.33,Ideal,E,VS2,ID,ID,1.01,AGSL,62.1,54.0,None,Pointed,2008-12-10,604.0,6.403574197934815,-1.1086626245216111
Round,0.33,Ideal,E,VS2,ID,ID,1.0,AGSL,62.3,55.0,None,Pointed,2008-12-10,604.0,6.403574197934815,-1.1086626245216111
Round,0.33,Very Good,E,VS2,VG,VG,1.01,GIA,60.9,60.0,Medium,None,2008-12-10,604.0,6.403574197934815,-1.1086626245216111
Round,0.35,Very Good,D,SI1,EX,G,1.01,GIA,63.2,55.0,Faint,Small,2008-12-09,604.0,6.403574197934815,-1.0498221244986778
Round,0.37,Ideal,D,SI2,EX,EX,1.01,GIA,61.6,56.0,None,None,2008-12-09,604.0,6.403574197934815,-0.9942522733438669
Round,0.4,Very Good,D,SI2,VG,VG,1.01,GIA,62.2,60.0,None,None,2008-12-09,604.0,6.403574197934815,-0.916290731874155
Round,0.41,Ideal,E,SI2,VG,VG,1.01,GIA,61.6,56.0,None,None,2008-12-12,604.0,6.403574197934815,-0.8915981192837836
Round,0.3,Very Good,D,VS2,VG,VG,1.01,GIA,64.3,56.0,None,None,2008-12-09,605.0,6.405228458030842,-1.2039728043259361
Round,0.3,Very Good,D,VS2,EX,VG,1.01,GIA,62.9,58.0,None,None,2008-12-09,605.0,6.405228458030842,-1.2039728043259361
Princess,0.31,Very Good,D,VVS1,EX,VG,1.02,GIA,72.7,65.0,Medium Blue,None,2008-12-09,605.0,6.405228458030842,-1.171182981502945
Round,0.33,Very Good,E,VS2,VG,G,1.01,GIA,61.5,58.0,Medium,None,2008-12-11,605.0,6.405228458030842,-1.1086626245216111
Princess,0.34,Very Good,E,VS2,G,G,1.03,GIA,72.3,70.0,None,None,2008-12-10,605.0,6.405228458030842,-1.0788096613719298
Princess,0.4,Very Good,H,VS1,EX,VG,1.03,GIA,66.9,67.0,None,None,2008-12-10,605.0,6.405228458030842,-0.916290731874155
Round,0.43,Very Good,H,SI2,G,VG,1.01,GIA,58.2,62.0,None,None,2008-12-11,605.0,6.405228458030842,-0.843970070294529
Round,0.26,Very Good,D,VVS2,EX,VG,1.01,GIA,61.9,54.0,None,None,2008-12-09,606.0,6.406879986069314,-1.3470736479666092
Princess,0.32,Good,D,VS1,VG,VG,1.04,GIA,78.3,77.0,None,None,2008-12-10,606.0,6.406879986069314,-1.1394342831883648
Emerald,0.36,Good,H,VS1,VG,G,1.33,GIA,71.4,67.0,None,None,2008-12-10,606.0,6.406879986069314,-1.0216512475319814
Round,0.36,Ideal,D,SI1,VG,VG,1.01,GIA,61.9,56.0,None,None,2008-12-10,606.0,6.406879986069314,-1.0216512475319814
Round,0.36,Ideal,D,SI1,VG,VG,1.01,GIA,62.2,57.0,None,None,2008-12-10,606.0,6.406879986069314,-1.0216512475319814
Round,0.36,Very Good,D,SI1,G,VG,1.01,GIA,62.2,56.0,None,None,2008-12-09,606.0,6.406879986069314,-1.0216512475319814
Round,0.37,Ideal,D,SI1,VG,VG,1.02,GIA,62.5,57.0,Faint,None,2008-12-09,606.0,6.406879986069314,-0.9942522733438669
Round,0.4,Ideal,H,SI2,EX,EX,1.01,GIA,61.9,54.6,None,None,2008-12-10,606.0,6.406879986069314,-0.916290731874155
Round,0.42,Very Good,H,SI1,VG,VG,1.01,GIA,59.0,62.0,Strong,None,2008-12-10,606.0,6.406879986069314,-0.8675005677047231
Round,0.23,Very Good,D,VVS2,VG,G,1.01,GIA,58.9,59.0,None,None,2008-12-09,607.0,6.408528791059498,-1.4696759700589417
Round,0.29,Signature-Ideal,D,SI1,EX,EX,1.0,GIA,61.7,56.0,None,None,2008-12-09,607.0,6.408528791059498,-1.2378743560016174
Round,0.31,Ideal,D,VS2,VG,VG,1.0,GIA,61.0,58.0,Medium Blue,None,2008-12-11,607.0,6.408528791059498,-1.171182981502945
Round,0.34,Good,D,VS2,VG,VG,1.01,GIA,63.1,61.0,Strong Blue,None,2008-12-11,607.0,6.408528791059498,-1.0788096613719298
Emerald,0.4,Very Good,D,SI1,EX,VG,1.5,GIA,68.7,63.0,None,None,2008-12-09,607.0,6.408528791059498,-0.916290731874155
Round,0.41,Ideal,H,SI2,EX,EX,1.01,GIA,61.9,54.0,None,None,2008-12-10,607.0,6.408528791059498,-0.8915981192837836
Round,0.42,Very Good,H,SI2,EX,EX,1.01,GIA,63.5,58.0,None,None,2008-12-10,607.0,6.408528791059498,-0.8675005677047231
Round,0.3,Ideal,H,VVS2,ID,ID,1.01,AGSL,60.9,57.0,None,None,2008-12-10,608.0,6.410174881966167,-1.2039728043259361
Round,0.3,Ideal,D,VS1,EX,EX,1.01,GIA,62.6,57.0,Strong,None,2008-12-11,608.0,6.410174881966167,-1.2039728043259361
Princess,0.3,Very Good,D,VVS1,VG,VG,1.03,GIA,67.8,75.0,None,None,2008-12-09,608.0,6.410174881966167,-1.2039728043259361
Round,0.4,Ideal,H,SI1,VG,VG,1.0,GIA,60.3,60.0,None,Very Small,2008-12-10,608.0,6.410174881966167,-0.916290731874155
Round,0.31,Good,F,VS1,VG,VG,1.01,GIA,58.8,59.0,None,None,2008-12-10,609.0,6.411818267709897,-1.171182981502945
Round,0.37,Very Good,F,SI1,VG,G,1.01,GIA,64.3,55.0,None,None,2008-12-11,609.0,6.411818267709897,-0.9942522733438669
Round,0.39,Ideal,F,SI1,VG,EX,1.01,GIA,61.4,54.0,Faint,None,2008-12-10,609.0,6.411818267709897,-0.941608539858445
Round,0.41,Ideal,F,SI2,EX,EX,1.01,GIA,62.5,55.0,None,None,2008-12-17,609.0,6.411818267709897,-0.8915981192837836
Round,0.45,Very Good,H,SI1,EX,VG,1.01,GIA,60.8,57.0,None,None,2008-12-12,609.0,6.411818267709897,-0.7985076962177716
Round,0.31,Very Good,F,VS1,VG,VG,1.0,GIA,63.7,56.0,None,None,2008-12-10,610.0,6.413458957167357,-1.171182981502945
Round,0.3,Good,F,VVS2,VG,VG,1.01,GIA,61.3,65.0,None,None,2008-12-11,611.0,6.415096959171596,-1.2039728043259361
Round,0.31,Ideal,F,VS1,EX,VG,1.0,GIA,61.2,59.0,None,None,2008-12-11,611.0,6.415096959171596,-1.171182981502945
Princess,0.34,Very Good,F,VVS1,EX,VG,1.02,GIA,74.4,77.0,None,None,2008-12-10,611.0,6.415096959171596,-1.0788096613719298
Round,0.38,Very Good,F,SI1,VG,VG,1.01,GIA,59.3,58.0,None,Very Small,2008-12-10,611.0,6.415096959171596,-0.9675840262617056
Round,0.38,Very Good,F,SI1,EX,VG,1.0,GIA,63.9,58.0,None,None,2008-12-10,611.0,6.415096959171596,-0.9675840262617056
Round,0.38,Very Good,F,SI1,EX,VG,1.01,GIA,63.6,56.0,None,None,2008-12-10,611.0,6.415096959171596,-0.9675840262617056
Round,0.3,Very Good,F,VS1,VG,VG,1.0,GIA,62.0,60.0,Faint,None,2008-12-10,612.0,6.416732282512326,-1.2039728043259361
Round,0.3,Very Good,F,VS1,VG,VG,1.01,GIA,61.6,56.0,None,None,2008-12-10,612.0,6.416732282512326,-1.2039728043259361
Round,0.3,Very Good,F,VS1,VG,VG,1.01,GIA,62.8,56.0,None,None,2008-12-10,612.0,6.416732282512326,-1.2039728043259361
Round,0.32,Ideal,F,VS2,ID,ID,1.01,AGSL,62.6,53.0,None,Pointed,2008-12-10,612.0,6.416732282512326,-1.1394342831883648
Round,0.32,Ideal,F,VS2,ID,ID,1.01,AGSL,62.8,53.0,None,Pointed,2008-12-10,612.0,6.416732282512326,-1.1394342831883648
Round,0.43,Very Good,F,SI1,VG,VG,1.01,GIA,63.5,58.0,Strong Blue,None,2008-12-12,612.0,6.416732282512326,-0.843970070294529
Emerald,0.36,Good,F,VS2,VG,G,1.25,GIA,73.3,71.0,None,None,2008-12-10,613.0,6.418364935936212,-1.0216512475319814
Round,0.39,Ideal,F,SI1,EX,VG,1.01,GIA,61.8,57.0,None,None,2008-12-10,613.0,6.418364935936212,-0.941608539858445
Princess,0.36,Good,D,VS1,VG,G,1.04,GIA,76.0,74.0,None,None,2008-12-09,618.0,6.42648845745769,-1.0216512475319814
Round,0.36,Ideal,D,SI1,EX,EX,1.0,GIA,61.9,55.0,None,None,2008-12-16,618.0,6.42648845745769,-1.0216512475319814
Round,0.36,Ideal,D,SI1,EX,EX,1.01,GIA,61.3,56.0,None,None,2008-12-16,618.0,6.42648845745769,-1.0216512475319814
Round,0.36,Ideal,D,SI1,EX,EX,1.0,GIA,61.8,55.0,None,None,2008-12-16,618.0,6.42648845745769,-1.0216512475319814
Princess,0.39,Very Good,D,VS1,G,G,1.02,GIA,73.3,77.0,None,None,2008-12-09,618.0,6.42648845745769,-0.941608539858445
Round,0.28,Good,D,VS1,G,G,1.01,GIA,63.7,58.0,None,None,2008-12-09,619.0,6.428105272684596,-1.2729656758128873
Round,0.28,Very Good,D,VS1,EX,VG,1.01,GIA,62.0,59.0,None,None,2008-12-09,619.0,6.428105272684596,-1.2729656758128873
Round,0.4,Very Good,D,SI2,VG,VG,1.01,GIA,60.7,63.0,Faint,None,2008-12-09,619.0,6.428105272684596,-0.916290731874155
Round,0.36,Very Good,D,SI2,VG,VG,1.0,GIA,60.3,55.0,None,None,2008-12-10,620.0,6.429719478039138,-1.0216512475319814
Round,0.36,Ideal,D,SI2,VG,VG,1.01,GIA,60.9,58.0,None,None,2008-12-10,620.0,6.429719478039138,-1.0216512475319814
Round,0.3,Ideal,D,VS2,VG,VG,1.01,GIA,61.2,60.0,None,None,2008-12-09,621.0,6.431331081933479,-1.2039728043259361
Round,0.3,Very Good,D,VS1,EX,EX,1.01,GIA,63.1,56.0,Medium Blue,None,2008-12-09,622.0,6.432940092739179,-1.2039728043259361
Round,0.3,Very Good,D,VS1,EX,EX,1.01,GIA,62.9,56.0,Faint,None,2008-12-09,622.0,6.432940092739179,-1.2039728043259361
Round,0.3,Very Good,D,VS1,EX,EX,1.01,GIA,61.7,56.0,Medium Blue,None,2008-12-16,622.0,6.432940092739179,-1.2039728043259361
Round,0.3,Very Good,D,VS1,EX,EX,1.01,GIA,63.2,55.0,Medium Blue,None,2008-12-16,622.0,6.432940092739179,-1.2039728043259361
Round,0.3,Very Good,D,VS1,EX,EX,1.0,GIA,62.4,58.0,None,None,2008-12-16,622.0,6.432940092739179,-1.2039728043259361
Round,0.3,Very Good,D,VS1,EX,EX,1.0,GIA,62.7,56.0,Faint,None,2008-12-16,622.0,6.432940092739179,-1.2039728043259361
Round,0.3,Ideal,D,VS2,EX,EX,1.0,GIA,62.9,56.0,Medium,None,2008-12-09,622.0,6.432940092739179,-1.2039728043259361
Round,0.35,Ideal,D,SI1,VG,VG,1.02,GIA,60.9,57.0,Faint,Very Small,2008-12-09,622.0,6.432940092739179,-1.0498221244986778
Round,0.3,Good,D,VS2,G,VG,1.0,GIA,63.2,64.0,None,None,2008-12-09,623.0,6.434546518787453,-1.2039728043259361
Round,0.23,Ideal,E,IF,EX,EX,1.01,GIA,61.3,56.0,None,None,2008-12-10,631.0,6.447305862541213,-1.4696759700589417
Round,0.3,Very Good,E,VS2,EX,VG,1.02,GIA,62.3,54.0,None,None,2008-12-10,631.0,6.447305862541213,-1.2039728043259361
Round,0.31,Very Good,E,VS2,VG,EX,1.01,GIA,61.6,61.0,Faint,None,2008-12-16,631.0,6.447305862541213,-1.171182981502945
Round,0.31,Very Good,E,VS2,VG,VG,1.01,GIA,63.0,58.0,None,None,2008-12-16,631.0,6.447305862541213,-1.171182981502945
Round,0.31,Very Good,E,VS2,VG,VG,1.01,GIA,63.0,59.0,None,None,2008-12-16,631.0,6.447305862541213,-1.171182981502945
Round,0.31,Very Good,E,VS2,VG,VG,1.01,GIA,62.9,57.0,Faint,None,2008-12-16,631.0,6.447305862541213,-1.171182981502945
Round,0.31,Good,E,VS1,VG,VG,1.01,GIA,63.7,58.0,Medium,None,2008-12-10,631.0,6.447305862541213,-1.171182981502945
Round,0.31,Very Good,E,VS2,EX,VG,1.01,GIA,61.5,58.0,None,None,2008-12-10,631.0,6.447305862541213,-1.171182981502945
Round,0.31,Very Good,E,VS2,VG,VG,1.01,GIA,63.2,57.0,None,None,2008-12-10,631.0,6.447305862541213,-1.171182981502945
Round,0.31,Very Good,E,VS2,VG,VG,1.01,GIA,62.1,57.0,None,None,2008-12-10,631.0,6.447305862541213,-1.171182981502945
Round,0.31,Very Good,E,VS2,VG,VG,1.01,GIA,61.1,60.0,None,None,2008-12-16,631.0,6.447305862541213,-1.171182981502945
Round,0.31,Ideal,E,VS2,VG,VG,1.01,GIA,62.6,56.0,Faint,None,2008-12-10,631.0,6.447305862541213,-1.171182981502945
Round,0.32,Ideal,E,VS2,EX,VG,1.0,GIA,59.8,57.0,None,Very Small,2008-12-11,631.0,6.447305862541213,-1.1394342831883648
Round,0.32,Ideal,E,VS2,EX,VG,1.01,GIA,61.6,59.0,None,None,2008-12-11,631.0,6.447305862541213,-1.1394342831883648
Round,0.32,Very Good,E,VS1,VG,VG,1.0,GIA,63.9,58.0,None,None,2008-12-12,631.0,6.447305862541213,-1.1394342831883648
Princess,0.33,Very Good,E,VS1,VG,VG,1.01,GIA,70.9,69.0,None,None,2008-12-10,631.0,6.447305862541213,-1.1086626245216111
Round,0.33,Good,E,VS2,EX,VG,1.01,GIA,63.9,56.0,None,None,2008-12-10,631.0,6.447305862541213,-1.1086626245216111
Round,0.41,Very Good,E,SI1,G,G,1.02,GIA,64.1,60.0,None,None,2008-12-16,631.0,6.447305862541213,-0.8915981192837836
Round,0.42,Ideal,E,SI2,EX,EX,1.0,GIA,62.0,56.0,Medium Blue,None,2008-12-10,631.0,6.447305862541213,-0.8675005677047231
Round,0.3,Ideal,D,VS2,EX,VG,1.02,GIA,60.5,57.0,None,None,2008-12-17,642.0,6.464588303689961,-1.2039728043259361
Round,0.3,Ideal,D,VS2,VG,VG,1.01,GIA,59.8,60.0,None,None,2008-12-17,642.0,6.464588303689961,-1.2039728043259361
Round,0.3,Very Good,D,VS1,VG,G,1.01,GIA,59.2,63.0,Faint,Very Small,2008-12-10,642.0,6.464588303689961,-1.2039728043259361
Round,0.3,Very Good,D,VS1,G,G,1.01,GIA,60.6,61.0,None,None,2008-12-10,642.0,6.464588303689961,-1.2039728043259361
Round,0.3,Very Good,D,VS1,EX,VG,1.0,GIA,63.6,57.0,Strong Blue,None,2008-12-09,643.0,6.466144724237619,-1.2039728043259361
Round,0.38,Ideal,D,SI1,EX,EX,1.01,GIA,61.8,56.0,None,None,2008-12-16,643.0,6.466144724237619,-0.9675840262617056
Round,0.28,Signature-Ideal,D,VS2,EX,EX,1.01,GIA,61.5,55.0,None,None,2008-12-09,644.0,6.467698726104354,-1.2729656758128873
Round,0.31,Very Good,D,VS2,VG,G,1.01,GIA,63.0,57.0,None,None,2008-12-10,644.0,6.467698726104354,-1.171182981502945
Princess,0.36,Good,D,VVS1,VG,VG,1.05,GIA,76.1,69.0,None,None,2008-12-09,644.0,6.467698726104354,-1.0216512475319814
Round,0.25,Very Good,D,VVS2,EX,VG,1.01,AGSL,59.5,56.0,Medium Blue,Very Small,2008-12-09,645.0,6.4692503167957724,-1.3862943611198906
Round,0.3,Very Good,D,VS1,EX,VG,1.01,GIA,62.7,63.0,None,None,2008-12-09,645.0,6.4692503167957724,-1.2039728043259361
Round,0.3,Very Good,D,VS1,VG,VG,1.01,GIA,62.7,56.0,None,None,2008-12-09,645.0,6.4692503167957724,-1.2039728043259361
Round,0.3,Very Good,D,VS1,EX,VG,1.01,GIA,60.1,58.0,None,None,2008-12-09,645.0,6.4692503167957724,-1.2039728043259361
Princess,0.32,Very Good,D,VVS1,VG,VG,1.04,GIA,73.3,69.0,None,None,2008-12-10,645.0,6.4692503167957724,-1.1394342831883648
Princess,0.33,Good,D,VS1,VG,G,1.13,GIA,76.4,80.0,None,None,2008-12-10,645.0,6.4692503167957724,-1.1086626245216111
Round,0.35,Very Good,D,VS2,VG,VG,1.02,GIA,57.8,60.0,Medium Blue,None,2008-12-11,645.0,6.4692503167957724,-1.0498221244986778
Round,0.35,Very Good,D,VS2,EX,VG,1.01,GIA,63.0,56.0,Medium Blue,None,2008-12-11,645.0,6.4692503167957724,-1.0498221244986778
Round,0.41,Ideal,D,SI2,EX,VG,1.01,GIA,61.7,60.0,None,None,2008-12-17,645.0,6.4692503167957724,-0.8915981192837836
Round,0.41,Ideal,D,SI2,VG,VG,1.01,GIA,62.9,56.0,None,None,2008-12-17,645.0,6.4692503167957724,-0.8915981192837836
Princess,0.33,Very Good,D,VVS1,EX,VG,1.01,GIA,74.3,69.0,Faint,None,2008-12-09,646.0,6.470799503782602,-1.1086626245216111
Round,0.25,Ideal,D,VVS2,VG,VG,1.01,GIA,62.9,56.0,None,None,2008-12-09,654.0,6.483107351457199,-1.3862943611198906
Round,0.27,Signature-Ideal,D,VS2,EX,EX,1.0,GIA,61.9,55.0,None,None,2008-12-09,654.0,6.483107351457199,-1.3093333199837622
Round,0.27,Signature-Ideal,D,VS2,EX,EX,1.01,GIA,61.3,57.0,None,None,2008-12-09,654.0,6.483107351457199,-1.3093333199837622
Round,0.27,Signature-Ideal,D,VS2,EX,EX,1.0,GIA,61.8,55.0,Medium Blue,None,2008-12-09,654.0,6.483107351457199,-1.3093333199837622
Round,0.27,Signature-Ideal,D,VS2,EX,EX,1.01,GIA,61.4,56.0,Faint,None,2008-12-09,654.0,6.483107351457199,-1.3093333199837622
Round,0.27,Signature-Ideal,D,VS2,EX,EX,1.0,GIA,61.2,56.0,None,None,2008-12-09,654.0,6.483107351457199,-1.3093333199837622
Princess,0.34,Very Good,D,VVS2,VG,VG,1.0,GIA,72.1,75.0,None,None,2008-12-10,654.0,6.483107351457199,-1.0788096613719298
Princess,0.34,Very Good,D,VVS2,EX,VG,1.04,GIA,74.8,71.0,None,None,2008-12-10,654.0,6.483107351457199,-1.0788096613719298
Round,0.43,Good,D,SI2,VG,VG,1.01,GIA,57.6,61.0,Faint,None,2008-12-09,654.0,6.483107351457199,-0.843970070294529
Round,0.3,Very Good,D,VS2,VG,EX,1.0,GIA,62.5,59.0,None,None,2008-12-09,655.0,6.484635235635252,-1.2039728043259361
Round,0.3,Very Good,D,VS2,VG,VG,1.01,GIA,62.0,61.0,None,None,2008-12-09,655.0,6.484635235635252,-1.2039728043259361
Round,0.3,Very Good,D,VS2,VG,VG,1.01,GIA,63.1,59.0,None,None,2008-12-09,655.0,6.484635235635252,-1.2039728043259361
Round,0.3,Very Good,D,VS2,VG,VG,1.01,GIA,61.9,60.0,Faint,None,2008-12-09,655.0,6.484635235635252,-1.2039728043259361
Round,0.31,Very Good,D,VS2,VG,VG,1.01,GIA,63.3,56.0,None,None,2008-12-09,655.0,6.484635235635252,-1.171182981502945
Round,0.31,Ideal,D,VS2,EX,VG,1.0,GIA,61.7,59.0,Faint,None,2008-12-09,655.0,6.484635235635252,-1.171182981502945
Round,0.32,Very Good,D,VS2,EX,VG,1.0,GIA,62.8,56.0,None,None,2008-12-09,655.0,6.484635235635252,-1.1394342831883648
Round,0.32,Very Good,D,VS2,EX,VG,1.01,GIA,58.4,60.0,None,None,2008-12-09,655.0,6.484635235635252,-1.1394342831883648
Round,0.31,Ideal,D,VS2,G,G,1.01,GIA,61.0,54.0,Faint,None,2008-12-09,656.0,6.486160788944089,-1.171182981502945
Princess,0.31,Very Good,D,VVS1,VG,VG,1.04,GIA,71.6,75.0,Faint,None,2008-12-09,656.0,6.486160788944089,-1.171182981502945
Round,0.3,Good,D,VVS2,EX,VG,1.01,GIA,58.0,60.0,Strong Blue,None,2008-12-11,665.0,6.499787040655854,-1.2039728043259361
Round,0.4,Ideal,D,SI1,EX,VG,1.01,GIA,62.4,56.0,Medium Blue,None,2008-12-11,665.0,6.499787040655854,-0.916290731874155
Round,0.3,Ideal,D,VS1,VG,VG,1.01,GIA,61.0,57.0,None,None,2008-12-11,666.0,6.501289670540389,-1.2039728043259361
Round,0.3,Ideal,D,VS1,VG,VG,1.02,GIA,61.6,57.0,None,None,2008-12-11,666.0,6.501289670540389,-1.2039728043259361
Round,0.32,Ideal,D,VS2,VG,VG,1.01,GIA,61.4,60.0,Faint Blue,None,2008-12-09,666.0,6.501289670540389,-1.1394342831883648
Round,0.34,Ideal,D,SI1,EX,EX,1.01,GIA,60.4,60.0,None,None,2008-12-10,666.0,6.501289670540389,-1.0788096613719298
Emerald,0.36,Fair,D,VS2,VG,VG,1.31,GIA,59.5,76.0,None,Very Small,2008-12-09,666.0,6.501289670540389,-1.0216512475319814
Round,0.28,Very Good,D,VVS2,VG,VG,1.01,GIA,59.4,55.0,None,None,2008-12-09,667.0,6.502790045915623,-1.2729656758128873
Round,0.3,Very Good,D,VS2,EX,VG,1.0,GIA,62.9,59.0,None,None,2008-12-17,667.0,6.502790045915623,-1.2039728043259361
Round,0.33,Ideal,D,VS2,EX,VG,1.01,GIA,61.8,57.0,None,None,2008-12-11,667.0,6.502790045915623,-1.1086626245216111
Princess,0.35,Very Good,D,VVS2,EX,VG,1.04,GIA,73.1,72.0,None,None,2008-12-09,667.0,6.502790045915623,-1.0498221244986778
Princess,0.35,Very Good,D,VVS2,EX,VG,1.05,GIA,72.6,71.0,None,None,2008-12-09,667.0,6.502790045915623,-1.0498221244986778
Round,0.35,Signature-Ideal,D,SI1,EX,EX,1.01,GIA,61.2,56.0,Medium Blue,None,2008-12-09,667.0,6.502790045915623,-1.0498221244986778
Round,0.37,Very Good,D,SI1,VG,VG,1.0,GIA,62.6,58.0,Medium Blue,None,2008-12-09,667.0,6.502790045915623,-0.9942522733438669
Round,0.37,Very Good,D,SI1,VG,VG,1.0,GIA,62.8,59.0,None,None,2008-12-09,667.0,6.502790045915623,-0.9942522733438669
Round,0.31,Very Good,D,VS1,G,VG,1.01,GIA,61.2,56.0,None,None,2008-12-09,668.0,6.504288173536645,-1.171182981502945
Princess,0.35,Very Good,D,VS2,VG,G,1.03,GIA,74.2,68.0,None,None,2008-12-09,668.0,6.504288173536645,-1.0498221244986778
Princess,0.35,Signature-Ideal,D,VS2,VG,VG,1.04,GIA,69.2,66.0,Medium Blue,None,2008-12-09,669.0,6.505784060128229,-1.0498221244986778
Princess,0.35,Signature-Ideal,D,VS2,EX,VG,1.01,GIA,69.5,69.0,None,None,2008-12-09,669.0,6.505784060128229,-1.0498221244986778
Princess,0.39,Good,D,VS1,VG,VG,1.01,GIA,75.9,76.0,Medium Blue,None,2008-12-09,669.0,6.505784060128229,-0.941608539858445
Round,0.4,Ideal,I,VS1,ID,ID,1.02,AGSL,61.7,54.0,None,None,2008-12-10,680.0,6.522092798170152,-0.916290731874155
Round,0.4,Ideal,I,VS1,ID,ID,1.01,AGSL,62.3,54.0,None,None,2008-12-10,680.0,6.522092798170152,-0.916290731874155
Round,0.49,Good,I,SI2,VG,VG,1.01,GIA,63.2,59.0,None,None,2008-12-11,681.0,6.523562306149512,-0.7133498878774648
Round,0.3,Ideal,D,VS1,EX,EX,1.01,GIA,60.1,58.0,None,None,2008-12-11,684.0,6.52795791762255,-1.2039728043259361
Round,0.32,Ideal,D,VS2,EX,VG,1.0,GIA,61.3,59.0,None,None,2008-12-09,684.0,6.52795791762255,-1.1394342831883648
Round,0.32,Ideal,D,VS2,VG,VG,1.0,GIA,62.2,58.0,None,None,2008-12-17,684.0,6.52795791762255,-1.1394342831883648
Round,0.32,Ideal,D,VS2,EX,VG,1.01,GIA,62.9,55.0,None,None,2008-12-17,684.0,6.52795791762255,-1.1394342831883648
Round,0.32,Very Good,D,VS1,G,G,1.01,GIA,59.9,62.0,None,None,2008-12-10,684.0,6.52795791762255,-1.1394342831883648
Round,0.32,Ideal,D,VS2,VG,VG,1.0,GIA,61.5,56.0,Faint,None,2008-12-09,684.0,6.52795791762255,-1.1394342831883648
Princess,0.38,Very Good,D,VS1,VG,VG,1.05,GIA,65.4,76.0,None,None,2008-12-17,684.0,6.52795791762255,-0.9675840262617056
Round,0.42,Very Good,I,VS2,VG,VG,1.01,GIA,63.2,58.0,Faint,None,2008-12-10,684.0,6.52795791762255,-0.8675005677047231
Round,0.31,Very Good,D,VS1,VG,EX,1.01,GIA,59.6,57.0,Faint,None,2008-12-10,685.0,6.529418838262226,-1.171182981502945
Round,0.31,Very Good,D,VS1,VG,G,1.02,GIA,59.0,61.0,None,None,2008-12-10,685.0,6.529418838262226,-1.171182981502945
Round,0.31,Very Good,D,VS1,VG,G,1.01,GIA,61.6,61.0,None,None,2008-12-10,685.0,6.529418838262226,-1.171182981502945
Round,0.31,Very Good,D,VS1,VG,G,1.01,GIA,60.4,62.0,None,None,2008-12-10,685.0,6.529418838262226,-1.171182981502945
Round,0.35,Good,D,VS2,VG,VG,1.01,GIA,62.7,58.0,Medium,None,2008-12-10,685.0,6.529418838262226,-1.0498221244986778
Princess,0.36,Very Good,D,VVS2,EX,VG,1.05,GIA,70.4,72.0,None,None,2008-12-09,685.0,6.529418838262226,-1.0216512475319814
Princess,0.36,Very Good,D,VVS2,EX,G,1.02,GIA,68.3,72.0,None,None,2008-12-09,685.0,6.529418838262226,-1.0216512475319814
Round,0.32,Ideal,D,VS1,EX,EX,1.01,GIA,61.6,55.0,Strong Blue,None,2008-12-09,686.0,6.530877627725885,-1.1394342831883648
Round,0.32,Very Good,D,VS1,VG,VG,1.01,GIA,60.3,57.0,Faint,None,2008-12-09,686.0,6.530877627725885,-1.1394342831883648
Round,0.32,Very Good,D,VS1,VG,VG,1.01,GIA,62.6,58.0,None,None,2008-12-09,686.0,6.530877627725885,-1.1394342831883648
Round,0.32,Ideal,D,VS1,VG,VG,1.01,GIA,62.1,58.0,None,None,2008-12-09,686.0,6.530877627725885,-1.1394342831883648
Round,0.36,Signature-Ideal,I,VVS1,EX,EX,1.01,GIA,61.7,56.0,None,None,2008-12-10,686.0,6.530877627725885,-1.0216512475319814
Round,0.36,Signature-Ideal,I,VVS1,EX,EX,1.01,GIA,61.2,56.0,None,None,2008-12-10,686.0,6.530877627725885,-1.0216512475319814
Princess,0.38,Very Good,D,VVS2,VG,VG,1.03,GIA,73.4,75.0,None,None,2008-12-09,686.0,6.530877627725885,-0.9675840262617056
Round,0.38,Ideal,D,SI1,EX,EX,1.01,GIA,61.2,55.0,Strong,None,2008-12-09,686.0,6.530877627725885,-0.9675840262617056
Round,0.35,Ideal,I,IF,EX,EX,1.01,GIA,61.6,56.0,None,None,2008-12-17,687.0,6.532334292222349,-1.0498221244986778
Round,0.31,Ideal,I,VVS1,EX,EX,1.01,GIA,61.8,57.0,None,None,2008-12-11,689.0,6.535241271013659,-1.171182981502945
Round,0.4,Ideal,I,VS1,VG,VG,1.01,GIA,61.9,54.0,None,None,2008-12-10,691.0,6.53813982376767,-0.916290731874155
Princess,0.43,Very Good,I,VVS1,EX,VG,1.0,GIA,72.6,74.0,None,None,2008-12-11,691.0,6.53813982376767,-0.843970070294529
Princess,0.46,Very Good,I,VS2,EX,VG,1.02,GIA,72.1,73.0,None,None,2008-12-10,691.0,6.53813982376767,-0.7765287894989963
Round,0.32,Signature-Ideal,I,IF,EX,EX,1.0,GIA,61.0,56.0,Medium Blue,None,2008-12-10,692.0,6.539585955617669,-1.1394342831883648
Round,0.32,Signature-Ideal,I,IF,EX,EX,1.01,GIA,61.4,57.0,None,None,2008-12-10,692.0,6.539585955617669,-1.1394342831883648
Round,0.32,Signature-Ideal,I,IF,EX,EX,1.01,GIA,61.9,55.0,None,None,2008-12-10,692.0,6.539585955617669,-1.1394342831883648
Round,0.41,Very Good,I,VS2,VG,G,1.01,GIA,61.6,57.0,None,Very Small,2008-12-11,692.0,6.539585955617669,-0.8915981192837836
Round,0.5,Good,I,SI1,VG,VG,1.01,GIA,63.6,61.0,Strong Blue,None,2008-12-12,692.0,6.539585955617669,-0.6931471805599453
Round,0.4,Ideal,I,VS1,VG,VG,1.01,GIA,62.0,58.0,None,Very Small,2008-12-11,693.0,6.541029999189903,-0.916290731874155
Round,0.44,Very Good,I,SI1,G,VG,1.01,GIA,59.4,58.0,None,Small,2008-12-11,693.0,6.541029999189903,-0.8209805520698302
Round,0.4,Ideal,I,VS2,VG,VG,1.0,GIA,61.7,59.0,Faint,None,2008-12-11,695.0,6.543911845564792,-0.916290731874155
Round,0.41,Ideal,I,VS1,EX,VG,1.01,GIA,61.8,57.0,Medium,None,2008-12-11,695.0,6.543911845564792,-0.8915981192837836
Round,0.33,Ideal,D,VS2,EX,VG,1.0,GIA,61.3,57.0,None,None,2008-12-17,704.0,6.556778356158042,-1.1086626245216111
Round,0.35,Ideal,D,VS2,EX,VG,1.01,GIA,61.1,58.0,Strong,None,2008-12-10,704.0,6.556778356158042,-1.0498221244986778
Princess,0.36,Very Good,D,VVS2,VG,VG,1.03,GIA,71.5,69.0,None,None,2008-12-10,704.0,6.556778356158042,-1.0216512475319814
Round,0.3,Very Good,D,VS1,VG,VG,1.01,GIA,61.6,59.0,None,None,2008-12-17,705.0,6.558197802812269,-1.2039728043259361
Round,0.3,Very Good,D,VS1,VG,VG,1.01,GIA,63.0,59.0,None,None,2008-12-09,705.0,6.558197802812269,-1.2039728043259361
Round,0.3,Very Good,D,VS1,EX,VG,1.01,GIA,63.9,56.0,Faint,None,2008-12-09,705.0,6.558197802812269,-1.2039728043259361
Round,0.34,Very Good,D,VS2,VG,G,1.0,GIA,63.0,58.0,Faint,None,2008-12-09,705.0,6.558197802812269,-1.0788096613719298
Round,0.34,Very Good,D,VS2,EX,VG,1.0,GIA,63.0,58.0,None,None,2008-12-09,705.0,6.558197802812269,-1.0788096613719298
Round,0.34,Very Good,D,VS2,VG,VG,1.01,GIA,60.4,61.0,None,None,2008-12-09,705.0,6.558197802812269,-1.0788096613719298
Round,0.34,Very Good,D,VS2,VG,VG,1.01,GIA,60.7,60.0,None,None,2008-12-09,705.0,6.558197802812269,-1.0788096613719298
Round,0.4,Very Good,D,SI1,VG,G,1.01,GIA,63.8,57.0,None,None,2008-12-09,705.0,6.558197802812269,-0.916290731874155
Princess,0.4,Very Good,D,VS2,EX,G,1.02,GIA,71.8,74.0,None,None,2008-12-09,705.0,6.558197802812269,-0.916290731874155
Round,0.29,Very Good,D,SI1,EX,EX,1.01,AGSL,59.8,55.0,Medium Blue,Very Small,2008-12-09,706.0,6.559615237493242,-1.2378743560016174
Princess,0.33,Good,D,VVS1,VG,VG,1.03,GIA,67.2,79.0,None,None,2008-12-17,706.0,6.559615237493242,-1.1086626245216111
Round,0.35,Ideal,D,VS2,VG,VG,1.01,GIA,61.1,57.0,None,None,2008-12-11,706.0,6.559615237493242,-1.0498221244986778
Round,0.41,Very Good,F,SI1,EX,EX,1.01,GIA,62.6,55.0,None,None,2008-12-10,706.0,6.559615237493242,-0.8915981192837836
Round,0.41,Very Good,F,SI1,EX,EX,1.01,GIA,62.5,55.0,None,None,2008-12-10,706.0,6.559615237493242,-0.8915981192837836
Round,0.42,Very Good,D,SI1,VG,VG,1.01,GIA,59.2,60.0,None,None,2008-12-10,706.0,6.559615237493242,-0.8675005677047231
Round,0.45,Ideal,D,SI2,VG,VG,1.01,GIA,62.0,59.0,None,None,2008-12-09,706.0,6.559615237493242,-0.7985076962177716
Round,0.32,Very Good,D,VS1,VG,VG,1.01,GIA,60.4,58.0,None,None,2008-12-10,707.0,6.561030665896573,-1.1394342831883648
Round,0.34,Very Good,F,VVS2,G,VG,1.01,GIA,61.2,58.0,Medium Blue,None,2008-12-12,707.0,6.561030665896573,-1.0788096613719298
Round,0.35,Very Good,F,VVS2,G,VG,1.01,GIA,63.4,58.0,None,None,2008-12-12,707.0,6.561030665896573,-1.0498221244986778
Princess,0.38,Very Good,D,VVS2,EX,VG,1.04,GIA,73.4,72.0,None,None,2008-12-09,707.0,6.561030665896573,-0.9675840262617056
Round,0.38,Ideal,D,SI1,VG,VG,1.01,GIA,61.9,55.0,None,None,2008-12-09,707.0,6.561030665896573,-0.9675840262617056
Round,0.31,Signature-Ideal,F,VS1,EX,EX,1.01,GIA,61.8,56.0,None,None,2008-12-10,708.0,6.56244409369372,-1.171182981502945
Round,0.31,Signature-Ideal,F,VS1,EX,EX,1.0,GIA,61.5,55.0,Medium Blue,None,2008-12-10,708.0,6.56244409369372,-1.171182981502945
Round,0.31,Signature-Ideal,F,VS1,EX,EX,1.0,GIA,61.7,55.0,Faint,None,2008-12-10,708.0,6.56244409369372,-1.171182981502945
Round,0.31,Ideal,F,VVS2,EX,EX,1.01,GIA,61.8,56.0,None,None,2008-12-12,708.0,6.56244409369372,-1.171182981502945
Round,0.31,Signature-Ideal,F,VS1,EX,EX,1.01,GIA,61.3,56.0,Medium Blue,None,2008-12-10,708.0,6.56244409369372,-1.171182981502945
Round,0.31,Signature-Ideal,F,VS1,EX,EX,1.01,GIA,60.9,57.0,None,None,2008-12-10,708.0,6.56244409369372,-1.171182981502945
Round,0.32,Very Good,F,VVS2,VG,G,1.01,GIA,60.9,57.0,None,Very Small,2008-12-18,708.0,6.56244409369372,-1.1394342831883648
Round,0.32,Very Good,F,VVS2,G,VG,1.01,GIA,62.1,59.0,None,None,2008-12-10,708.0,6.56244409369372,-1.1394342831883648
Round,0.33,Ideal,F,VVS2,ID,ID,1.01,AGSL,61.2,56.0,None,Pointed,2008-12-10,708.0,6.56244409369372,-1.1086626245216111
Round,0.36,Very Good,F,VS1,EX,VG,1.01,GIA,60.7,64.0,None,None,2008-12-10,708.0,6.56244409369372,-1.0216512475319814
Round,0.38,Ideal,F,VS2,VG,VG,1.01,GIA,62.4,57.0,None,None,2008-12-12,708.0,6.56244409369372,-0.9675840262617056
Round,0.38,Ideal,F,VS2,VG,EX,1.01,GIA,61.2,57.0,None,None,2008-12-12,708.0,6.56244409369372,-0.9675840262617056
Princess,0.4,Fair,F,VS2,VG,VG,1.1,GIA,71.8,86.0,None,None,2008-12-10,708.0,6.56244409369372,-0.916290731874155
Princess,0.4,Very Good,F,VS1,EX,VG,1.03,GIA,74.4,71.0,None,None,2008-12-10,708.0,6.56244409369372,-0.916290731874155
Round,0.41,Ideal,F,SI1,EX,VG,1.01,GIA,62.4,58.0,None,None,2008-12-10,708.0,6.56244409369372,-0.8915981192837836
Round,0.32,Ideal,F,VS1,EX,VG,1.01,GIA,62.1,56.0,None,None,2008-12-10,726.0,6.587550014824796,-1.1394342831883648
Princess,0.38,Very Good,F,VVS1,VG,VG,1.05,GIA,71.3,75.0,None,None,2008-12-11,726.0,6.587550014824796,-0.9675840262617056
Round,0.39,Ideal,F,VS2,VG,VG,1.0,GIA,61.4,57.0,None,None,2008-12-12,726.0,6.587550014824796,-0.941608539858445
Round,0.41,Ideal,F,SI1,EX,EX,1.01,GIA,62.0,56.0,None,None,2008-12-10,726.0,6.587550014824796,-0.8915981192837836
Round,0.31,Very Good,F,VVS2,EX,EX,1.01,GIA,62.7,55.0,None,None,2008-12-10,727.0,6.588926477533519,-1.171182981502945
Round,0.31,Ideal,D,VS1,EX,VG,1.01,GIA,62.8,55.0,Faint,None,2008-12-09,727.0,6.588926477533519,-1.171182981502945
Round,0.35,Ideal,F,VS1,VG,EX,1.01,GIA,62.2,57.0,None,None,2008-12-10,727.0,6.588926477533519,-1.0498221244986778
Round,0.37,Very Good,D,VS2,VG,VG,1.01,GIA,63.2,58.0,Medium Blue,None,2008-12-11,727.0,6.588926477533519,-0.9942522733438669
Princess,0.4,Good,F,VVS2,VG,VG,1.01,GIA,77.1,75.0,None,None,2008-12-10,727.0,6.588926477533519,-0.916290731874155
Princess,0.4,Very Good,F,VS2,VG,G,1.0,GIA,68.8,74.0,None,None,2008-12-10,727.0,6.588926477533519,-0.916290731874155
Round,0.42,Ideal,F,SI1,VG,EX,1.0,GIA,62.8,54.0,None,None,2008-12-10,727.0,6.588926477533519,-0.8675005677047231
Round,0.42,Ideal,F,SI1,VG,VG,1.01,GIA,62.9,55.0,None,None,2008-12-10,727.0,6.588926477533519,-0.8675005677047231
Round,0.32,Ideal,D,VS1,EX,EX,1.0,GIA,61.9,56.0,None,None,2008-12-11,728.0,6.590301048196686,-1.1394342831883648
Round,0.33,Good,D,VS1,EX,G,1.01,GIA,63.7,61.0,None,None,2008-12-10,728.0,6.590301048196686,-1.1086626245216111
Round,0.33,Very Good,D,VS1,VG,G,1.01,GIA,62.3,63.0,None,None,2008-12-10,728.0,6.590301048196686,-1.1086626245216111
Round,0.34,Ideal,D,VS2,EX,EX,1.01,GIA,61.0,58.0,Medium Blue,None,2008-12-09,728.0,6.590301048196686,-1.0788096613719298
Round,0.34,Ideal,D,VS1,EX,VG,1.02,GIA,60.8,59.0,None,None,2008-12-09,728.0,6.590301048196686,-1.0788096613719298
Princess,0.4,Very Good,D,VS2,VG,VG,1.03,GIA,74.2,69.0,None,None,2008-12-09,728.0,6.590301048196686,-0.916290731874155
Round,0.41,Ideal,F,SI1,VG,EX,1.01,GIA,61.6,57.0,None,None,2008-12-10,728.0,6.590301048196686,-0.8915981192837836
Round,0.42,Ideal,D,SI1,EX,VG,1.01,GIA,61.0,55.0,Medium,Small,2008-12-17,728.0,6.590301048196686,-0.8675005677047231
Princess,0.31,Signature-Ideal,F,VVS1,EX,VG,1.01,GIA,69.7,68.0,None,None,2008-12-10,729.0,6.591673732008658,-1.171182981502945
Emerald,0.31,Very Good,D,VVS1,VG,VG,1.63,GIA,62.3,72.0,None,None,2008-12-09,729.0,6.591673732008658,-1.171182981502945
Round,0.32,Ideal,D,VS2,VG,VG,1.01,GIA,62.0,58.0,None,None,2008-12-09,729.0,6.591673732008658,-1.1394342831883648
Round,0.33,Good,F,VS2,G,G,1.01,AGSL,59.8,62.0,None,None,2008-12-10,729.0,6.591673732008658,-1.1086626245216111
Round,0.33,Very Good,D,VS2,VG,VG,1.01,GIA,62.6,56.0,None,None,2008-12-09,729.0,6.591673732008658,-1.1086626245216111
Princess,0.34,Very Good,D,VS1,VG,G,1.02,GIA,70.1,72.0,None,None,2008-12-09,729.0,6.591673732008658,-1.0788096613719298
Princess,0.36,Very Good,D,VS1,VG,G,1.01,GIA,68.9,71.0,None,None,2008-12-09,729.0,6.591673732008658,-1.0216512475319814
Princess,0.41,Good,D,VS2,VG,G,1.03,GIA,78.1,71.0,Faint,None,2008-12-09,729.0,6.591673732008658,-0.8915981192837836
Emerald,0.41,Good,D,VS2,G,G,1.38,GIA,63.2,75.0,None,None,2008-12-09,729.0,6.591673732008658,-0.8915981192837836
Round,0.42,Ideal,D,SI2,EX,VG,1.0,GIA,62.3,57.0,None,None,2008-12-09,729.0,6.591673732008658,-0.8675005677047231
Round,0.43,Ideal,F,SI1,EX,VG,1.02,GIA,61.3,55.0,Medium Blue,None,2008-12-17,729.0,6.591673732008658,-0.843970070294529
Round,0.46,Ideal,F,SI2,VG,VG,1.01,GIA,61.5,59.0,None,Small,2008-12-10,729.0,6.591673732008658,-0.7765287894989963
Round,0.25,Very Good,F,VVS2,EX,VG,1.0,GIA,59.4,65.0,None,None,2008-12-10,730.0,6.593044534142437,-1.3862943611198906
Round,0.25,Very Good,F,VVS2,EX,G,1.0,GIA,59.9,60.0,None,None,2008-12-10,730.0,6.593044534142437,-1.3862943611198906
Round,0.33,Very Good,F,VVS2,EX,EX,1.0,GIA,61.1,57.0,None,Very Small,2008-12-18,730.0,6.593044534142437,-1.1086626245216111
Round,0.33,Very Good,F,VVS2,EX,EX,1.0,GIA,63.0,54.0,None,None,2008-12-10,730.0,6.593044534142437,-1.1086626245216111
Princess,0.38,Very Good,D,VVS2,VG,VG,1.05,GIA,74.9,72.0,None,None,2008-12-09,730.0,6.593044534142437,-0.9675840262617056
Princess,0.39,Very Good,D,VS1,EX,EX,1.02,GIA,68.9,69.0,None,None,2008-12-09,730.0,6.593044534142437,-0.941608539858445
Round,0.43,Ideal,D,SI2,EX,EX,1.01,GIA,61.7,55.0,Faint,None,2008-12-09,730.0,6.593044534142437,-0.843970070294529
Round,0.33,Ideal,D,VS2,ID,ID,1.01,AGSL,61.4,55.0,None,Pointed,2008-12-09,749.0,6.618738983517219,-1.1086626245216111
Round,0.35,Ideal,D,VS1,VG,VG,1.01,GIA,61.0,57.0,Medium,None,2008-12-09,749.0,6.618738983517219,-1.0498221244986778
Round,0.31,Very Good,D,VS1,VG,VG,1.01,GIA,61.8,58.0,None,None,2008-12-09,750.0,6.620073206530356,-1.171182981502945
Round,0.32,Very Good,D,VS1,EX,VG,1.01,GIA,61.4,59.0,None,None,2008-12-09,750.0,6.620073206530356,-1.1394342831883648
Round,0.33,Ideal,D,VS1,EX,EX,1.01,GIA,61.3,58.0,None,None,2008-12-11,750.0,6.620073206530356,-1.1086626245216111
Round,0.34,Very Good,D,VS1,VG,VG,1.01,GIA,59.9,60.0,None,None,2008-12-10,750.0,6.620073206530356,-1.0788096613719298
Round,0.34,Very Good,D,VS2,EX,VG,1.01,GIA,62.6,57.0,None,None,2008-12-09,750.0,6.620073206530356,-1.0788096613719298
Round,0.41,Ideal,D,SI1,VG,VG,1.01,GIA,61.4,55.0,None,None,2008-12-17,750.0,6.620073206530356,-0.8915981192837836
Round,0.41,Very Good,D,SI1,EX,VG,1.01,GIA,59.3,58.0,None,None,2008-12-17,750.0,6.620073206530356,-0.8915981192837836
Round,0.33,Ideal,D,VS1,EX,VG,1.02,GIA,62.4,57.0,None,None,2008-12-10,751.0,6.621405651764134,-1.1086626245216111
Round,0.36,Very Good,D,VS2,EX,VG,1.01,GIA,62.3,60.0,Faint,None,2008-12-10,751.0,6.621405651764134,-1.0216512475319814
Round,0.25,Signature-Ideal,D,VVS2,EX,EX,1.01,GIA,60.7,57.0,None,None,2008-12-09,752.0,6.62273632394984,-1.3862943611198906
Round,0.31,Good,D,VVS2,G,G,1.01,GIA,60.6,65.0,None,None,2008-12-10,752.0,6.62273632394984,-1.171182981502945
Round,0.31,Very Good,D,VS1,VG,EX,1.01,GIA,63.1,57.0,None,None,2008-12-09,753.0,6.6240652277998935,-1.171182981502945
Round,0.37,Very Good,D,VS2,G,G,1.01,GIA,62.0,55.0,None,None,2008-12-09,753.0,6.6240652277998935,-0.9942522733438669
Round,0.4,Ideal,D,SI1,EX,EX,1.01,GIA,61.4,56.0,Medium,None,2008-12-09,753.0,6.6240652277998935,-0.916290731874155
Round,0.42,Ideal,D,SI1,EX,VG,1.0,GIA,62.1,56.0,None,None,2008-12-10,753.0,6.6240652277998935,-0.8675005677047231
Round,0.32,Ideal,D,VS2,VG,VG,1.01,GIA,61.0,60.0,Medium Blue,None,2008-12-09,754.0,6.625392368007956,-1.1394342831883648
Round,0.32,Ideal,D,VS2,VG,EX,1.01,GIA,61.6,57.0,Faint,None,2008-12-09,754.0,6.625392368007956,-1.1394342831883648
Round,0.32,Ideal,D,VS2,VG,VG,1.01,GIA,61.7,56.0,None,None,2008-12-09,754.0,6.625392368007956,-1.1394342831883648
Round,0.32,Ideal,F,VVS2,EX,EX,1.01,GIA,62.4,56.0,None,None,2008-12-10,773.0,6.650279048587422,-1.1394342831883648
Round,0.3,Very Good,D,VVS2,G,VG,1.0,GIA,61.2,56.0,None,None,2008-12-17,774.0,6.651571873589727,-1.2039728043259361
Round,0.34,Ideal,F,VVS2,EX,EX,1.01,GIA,62.8,56.0,None,None,2008-12-12,774.0,6.651571873589727,-1.0788096613719298
Round,0.35,Ideal,D,VS1,EX,VG,1.01,GIA,60.7,56.0,None,None,2008-12-11,774.0,6.651571873589727,-1.0498221244986778
Round,0.37,Very Good,F,VS1,VG,G,1.01,GIA,62.8,56.0,Faint,None,2008-12-10,774.0,6.651571873589727,-0.9942522733438669
Round,0.41,Very Good,F,SI1,VG,VG,1.01,GIA,63.2,56.0,None,None,2008-12-11,774.0,6.651571873589727,-0.8915981192837836
Round,0.35,Ideal,F,VS1,VG,VG,1.01,GIA,60.6,57.0,None,None,2008-12-11,775.0,6.652863029353347,-1.0498221244986778
Princess,0.42,Very Good,F,VS1,EX,VG,1.02,GIA,71.2,74.0,None,None,2008-12-11,775.0,6.652863029353347,-0.8675005677047231
Princess,0.43,Very Good,F,VS2,VG,VG,1.03,GIA,74.3,74.0,Faint,None,2008-12-11,775.0,6.652863029353347,-0.843970070294529
Princess,0.43,Good,F,VS1,VG,VG,1.05,GIA,75.4,70.0,None,None,2008-12-10,775.0,6.652863029353347,-0.843970070294529
Round,0.44,Ideal,D,SI1,VG,VG,1.0,GIA,62.2,56.0,None,None,2008-12-10,775.0,6.652863029353347,-0.8209805520698302
Princess,0.5,Good,F,SI2,VG,VG,1.01,GIA,76.1,77.0,None,None,2008-12-10,775.0,6.652863029353347,-0.6931471805599453
Round,0.3,Very Good,F,IF,EX,EX,1.0,GIA,60.5,55.0,None,Very Small,2008-12-17,776.0,6.654152520183219,-1.2039728043259361
Round,0.3,Very Good,F,IF,EX,EX,1.01,GIA,62.2,57.0,None,None,2008-12-17,776.0,6.654152520183219,-1.2039728043259361
Round,0.3,Very Good,F,IF,EX,EX,1.01,GIA,62.9,56.0,Medium Blue,None,2008-12-17,776.0,6.654152520183219,-1.2039728043259361
Round,0.3,Very Good,F,IF,EX,EX,1.01,GIA,62.4,57.0,Medium Blue,None,2008-12-17,776.0,6.654152520183219,-1.2039728043259361
Round,0.3,Ideal,D,VS1,EX,EX,1.01,GIA,62.7,58.0,None,None,2008-12-09,776.0,6.654152520183219,-1.2039728043259361
Round,0.32,Very Good,D,VS1,EX,EX,1.02,GIA,61.3,55.0,None,None,2008-12-09,776.0,6.654152520183219,-1.1394342831883648
Round,0.33,Ideal,D,VS2,VG,EX,1.0,GIA,61.1,57.0,Faint,None,2008-12-09,776.0,6.654152520183219,-1.1086626245216111
Round,0.39,Very Good,F,VS2,VG,VG,1.01,GIA,62.8,57.0,None,None,2008-12-10,776.0,6.654152520183219,-0.941608539858445
Princess,0.4,Good,D,VS2,VG,G,1.03,GIA,81.2,78.0,None,None,2008-12-09,776.0,6.654152520183219,-0.916290731874155
Round,0.41,Ideal,F,SI1,ID,ID,1.01,AGSL,62.0,55.0,None,None,2008-12-10,776.0,6.654152520183219,-0.8915981192837836
Round,0.42,Good,D,SI1,EX,VG,1.01,GIA,59.1,58.0,None,None,2008-12-09,776.0,6.654152520183219,-0.8675005677047231
Round,0.42,Ideal,D,SI1,EX,VG,1.01,GIA,61.2,56.0,Medium Blue,None,2008-12-16,776.0,6.654152520183219,-0.8675005677047231
Princess,0.46,Very Good,F,SI1,VG,G,1.02,GIA,72.0,77.0,None,None,2008-12-11,776.0,6.654152520183219,-0.7765287894989963
Round,0.3,Ideal,F,VVS1,EX,EX,1.01,GIA,62.6,57.0,None,None,2008-12-10,777.0,6.655440350367647,-1.2039728043259361
Round,0.3,Ideal,F,VVS1,EX,EX,1.0,GIA,62.0,57.0,None,None,2008-12-10,777.0,6.655440350367647,-1.2039728043259361
Round,0.3,Ideal,D,VVS2,EX,EX,1.0,GIA,61.8,54.0,Medium Blue,None,2008-12-09,777.0,6.655440350367647,-1.2039728043259361
Round,0.3,Ideal,D,VVS2,EX,EX,1.01,GIA,62.3,55.0,Medium Blue,None,2008-12-09,777.0,6.655440350367647,-1.2039728043259361
Round,0.38,Ideal,F,VS2,EX,VG,1.01,GIA,61.4,54.0,None,None,2008-12-10,777.0,6.655440350367647,-0.9675840262617056
Round,0.33,Very Good,D,VS2,VG,VG,1.01,GIA,63.4,57.0,Faint,None,2008-12-09,778.0,6.656726524178391,-1.1086626245216111
Round,0.35,Ideal,D,VS1,EX,VG,1.01,GIA,62.6,58.0,Medium Blue,None,2008-12-09,778.0,6.656726524178391,-1.0498221244986778
Emerald,0.38,Very Good,D,SI1,G,G,1.38,GIA,64.7,67.0,Faint,None,2008-12-09,778.0,6.656726524178391,-0.9675840262617056
Round,0.3,Ideal,D,VVS2,VG,VG,1.01,GIA,62.1,58.0,Medium Blue,None,2008-12-09,779.0,6.658011045870748,-1.2039728043259361
Round,0.36,Ideal,D,VS2,VG,VG,1.01,GIA,61.5,56.0,None,Very Small,2008-12-17,779.0,6.658011045870748,-1.0216512475319814
Round,0.36,Ideal,D,VS2,VG,VG,1.01,GIA,62.0,59.0,Faint,None,2008-12-17,779.0,6.658011045870748,-1.0216512475319814
Round,0.39,Ideal,D,VS2,EX,VG,1.01,GIA,61.8,58.0,Strong,None,2008-12-09,779.0,6.658011045870748,-0.941608539858445
Princess,0.47,Very Good,D,SI1,EX,EX,1.0,GIA,70.8,68.0,None,None,2008-12-09,779.0,6.658011045870748,-0.7550225842780328
Round,0.4,Ideal,D,SI1,EX,EX,1.0,GIA,62.0,55.0,Medium,None,2008-12-09,798.0,6.682108597449809,-0.916290731874155
Round,0.4,Ideal,D,SI1,EX,EX,1.01,GIA,62.3,54.0,None,None,2008-12-09,798.0,6.682108597449809,-0.916290731874155
Round,0.4,Ideal,D,SI1,EX,EX,1.01,GIA,61.8,55.0,None,None,2008-12-09,798.0,6.682108597449809,-0.916290731874155
Round,0.4,Ideal,D,SI1,EX,EX,1.01,GIA,62.0,55.0,None,None,2008-12-09,798.0,6.682108597449809,-0.916290731874155
Round,0.4,Ideal,D,SI1,EX,EX,1.0,GIA,61.4,57.0,None,None,2008-12-09,798.0,6.682108597449809,-0.916290731874155
Round,0.4,Ideal,D,SI1,EX,EX,1.01,GIA,61.7,56.0,None,None,2008-12-09,798.0,6.682108597449809,-0.916290731874155
Round,0.42,Ideal,D,SI1,VG,VG,1.0,GIA,62.3,59.0,None,None,2008-12-09,798.0,6.682108597449809,-0.8675005677047231
Round,0.3,Very Good,D,VVS2,VG,VG,1.01,GIA,62.4,59.0,Faint,None,2008-12-09,799.0,6.683360945766275,-1.2039728043259361
Round,0.3,Very Good,D,VVS2,VG,VG,1.0,GIA,61.4,56.0,None,None,2008-12-17,799.0,6.683360945766275,-1.2039728043259361
Round,0.34,Ideal,D,VS2,EX,VG,1.01,GIA,62.1,56.0,None,None,2008-12-09,799.0,6.683360945766275,-1.0788096613719298
Round,0.37,Good,D,VS1,VG,VG,1.01,GIA,58.1,61.0,Strong Blue,None,2008-12-09,799.0,6.683360945766275,-0.9942522733438669
Round,0.37,Very Good,D,VS2,VG,VG,1.01,GIA,60.0,58.0,None,None,2008-12-11,799.0,6.683360945766275,-0.9942522733438669
Round,0.37,Very Good,D,VS2,EX,VG,1.01,GIA,63.4,57.0,None,None,2008-12-11,799.0,6.683360945766275,-0.9942522733438669
Round,0.4,Very Good,D,VS2,EX,VG,1.01,GIA,59.8,56.0,Strong,None,2008-12-09,799.0,6.683360945766275,-0.916290731874155
Round,0.35,Very Good,D,VS1,VG,VG,1.01,GIA,62.4,58.0,None,None,2008-12-09,800.0,6.684611727667927,-1.0498221244986778
Princess,0.4,Very Good,D,VS1,VG,G,1.04,GIA,75.0,73.0,Faint,None,2008-12-17,800.0,6.684611727667927,-0.916290731874155
Round,0.5,Very Good,H,SI2,VG,EX,1.01,GIA,62.2,61.0,None,None,2008-12-12,800.0,6.684611727667927,-0.6931471805599453
Round,0.5,Very Good,H,SI2,EX,VG,1.01,GIA,63.1,57.0,None,None,2008-12-12,800.0,6.684611727667927,-0.6931471805599453
Round,0.5,Very Good,H,SI2,G,G,1.02,GIA,61.8,58.0,None,None,2008-12-12,800.0,6.684611727667927,-0.6931471805599453
Round,0.5,Very Good,H,SI2,VG,VG,1.01,GIA,58.5,61.0,None,None,2008-12-12,800.0,6.684611727667927,-0.6931471805599453
Round,0.5,Very Good,H,SI2,VG,VG,1.01,GIA,60.2,60.0,None,None,2008-12-12,800.0,6.684611727667927,-0.6931471805599453
Round,0.5,Very Good,H,SI2,VG,G,1.02,GIA,62.4,58.0,None,None,2008-12-12,800.0,6.684611727667927,-0.6931471805599453
Princess,0.51,Good,D,SI1,G,G,1.05,GIA,72.7,82.0,Faint,None,2008-12-09,800.0,6.684611727667927,-0.6733445532637656
Round,0.3,Very Good,D,VVS2,VG,VG,1.0,GIA,60.8,59.0,None,None,2008-12-09,801.0,6.68586094706836,-1.2039728043259361
Princess,0.41,Very Good,D,VS1,VG,VG,1.0,GIA,73.8,74.0,None,None,2008-12-10,801.0,6.68586094706836,-0.8915981192837836
Round,0.41,Ideal,D,SI1,EX,VG,1.01,GIA,61.1,56.0,None,None,2008-12-09,801.0,6.68586094706836,-0.8915981192837836
Round,0.3,Signature-Ideal,H,IF,EX,EX,1.0,GIA,61.6,55.0,None,None,2008-12-10,802.0,6.687108607866515,-1.2039728043259361
Round,0.4,Ideal,H,VS2,VG,EX,1.0,GIA,61.1,60.0,None,None,2008-12-12,802.0,6.687108607866515,-0.916290731874155
Princess,0.41,Good,H,VVS1,EX,EX,1.04,GIA,75.3,71.0,None,None,2008-12-10,802.0,6.687108607866515,-0.8915981192837836
Round,0.41,Very Good,H,VS1,VG,VG,1.01,GIA,62.3,58.0,None,None,2008-12-11,803.0,6.688354713946762,-0.8915981192837836
Round,0.38,Ideal,H,VVS1,ID,ID,1.0,AGSL,62.0,54.0,None,Pointed,2008-12-10,804.0,6.6895992691789665,-0.9675840262617056
Round,0.4,Very Good,H,VS1,EX,VG,1.01,GIA,61.1,62.0,None,None,2008-12-18,805.0,6.690842277418564,-0.916290731874155
Round,0.37,Ideal,H,VVS1,VG,VG,1.02,GIA,60.6,57.0,None,None,2008-12-12,806.0,6.692083742506628,-0.9942522733438669
Round,0.4,Ideal,H,VS1,EX,EX,1.01,GIA,61.9,56.0,None,None,2008-12-10,807.0,6.693323668269949,-0.916290731874155
Round,0.5,Ideal,H,SI2,VG,VG,1.01,GIA,63.0,57.0,None,None,2008-12-12,807.0,6.693323668269949,-0.6931471805599453
Round,0.4,Ideal,H,VS2,G,VG,1.01,GIA,61.6,57.0,Faint,None,2008-12-11,809.0,6.695798917058491,-0.916290731874155
Princess,0.44,Very Good,H,VVS1,VG,VG,1.04,GIA,70.7,73.0,None,None,2008-12-11,809.0,6.695798917058491,-0.8209805520698302
Round,0.31,Ideal,H,IF,EX,EX,1.0,GIA,61.4,56.0,Faint,None,2008-12-10,810.0,6.697034247666484,-1.171182981502945
Round,0.51,Very Good,H,SI2,EX,EX,1.01,GIA,63.2,55.0,None,None,2008-12-12,810.0,6.697034247666484,-0.6733445532637656
Round,0.51,Very Good,H,SI2,EX,EX,1.01,GIA,63.6,57.0,None,None,2008-12-12,810.0,6.697034247666484,-0.6733445532637656
Princess,0.54,Very Good,J,VS2,EX,VG,1.0,GIA,74.8,74.0,None,None,2008-12-10,816.0,6.704414354964107,-0.616186139423817
Round,0.5,Ideal,J,SI1,EX,EX,1.01,GIA,61.9,55.0,None,None,2008-12-10,817.0,6.705639094860003,-0.6931471805599453
Round,0.46,Ideal,J,VS1,EX,EX,1.01,GIA,62.5,55.0,None,None,2008-12-10,818.0,6.706862336602747,-0.7765287894989963
Round,0.46,Ideal,J,VS1,EX,EX,1.01,GIA,62.2,55.0,None,None,2008-12-10,818.0,6.706862336602747,-0.7765287894989963
Princess,0.52,Very Good,J,VS1,VG,VG,1.01,GIA,73.7,72.0,None,None,2008-12-10,818.0,6.706862336602747,-0.6539264674066639
Round,0.3,Very Good,D,VVS1,VG,VG,1.01,GIA,60.1,58.0,Medium Blue,None,2008-12-11,819.0,6.70808408385307,-1.2039728043259361
Round,0.46,Ideal,D,SI2,VG,EX,1.01,GIA,62.5,58.0,None,None,2008-12-09,819.0,6.70808408385307,-0.7765287894989963
Round,0.54,Ideal,J,SI2,EX,EX,1.01,GIA,61.3,57.0,None,None,2008-12-10,819.0,6.70808408385307,-0.616186139423817
Round,0.55,Ideal,J,SI1,VG,VG,1.01,GIA,61.9,58.0,None,None,2008-12-10,819.0,6.70808408385307,-0.5978370007556204
Round,0.31,Ideal,D,VVS2,VG,VG,1.01,GIA,61.1,56.0,None,None,2008-12-10,820.0,6.709304340258298,-1.171182981502945
Round,0.34,Very Good,D,VS1,VG,VG,1.01,GIA,62.9,59.0,None,None,2008-12-09,820.0,6.709304340258298,-1.0788096613719298
Round,0.38,Very Good,D,VS1,EX,EX,1.01,GIA,60.7,57.0,Medium Blue,None,2008-12-11,820.0,6.709304340258298,-0.9675840262617056
Round,0.38,Very Good,D,VS2,EX,EX,1.01,GIA,59.7,60.0,None,None,2008-12-09,820.0,6.709304340258298,-0.9675840262617056
Round,0.44,Ideal,J,VVS1,ID,ID,1.01,AGSL,61.5,56.0,None,None,2008-12-10,820.0,6.709304340258298,-0.8209805520698302
Round,0.31,Very Good,D,VVS2,G,G,1.01,GIA,61.5,57.0,None,None,2008-12-09,821.0,6.710523109452428,-1.171182981502945
Round,0.31,Very Good,D,VVS2,EX,G,1.02,GIA,63.1,58.0,Medium,None,2008-12-09,821.0,6.710523109452428,-1.171182981502945
Round,0.31,Very Good,D,VVS2,VG,G,1.0,GIA,62.2,57.0,None,None,2008-12-09,821.0,6.710523109452428,-1.171182981502945
Round,0.31,Very Good,D,VVS2,G,G,1.01,GIA,61.2,58.0,None,None,2008-12-09,821.0,6.710523109452428,-1.171182981502945
Round,0.34,Ideal,D,VS2,VG,VG,1.0,GIA,62.6,57.0,None,Very Small,2008-12-09,821.0,6.710523109452428,-1.0788096613719298
Round,0.4,Very Good,D,SI1,EX,EX,1.01,GIA,62.2,59.0,None,None,2008-12-10,821.0,6.710523109452428,-0.916290731874155
Round,0.4,Very Good,D,SI1,VG,VG,1.01,GIA,63.2,60.0,None,None,2008-12-10,821.0,6.710523109452428,-0.916290731874155
Princess,0.41,Signature-Ideal,D,SI1,VG,VG,1.0,GIA,70.0,68.0,None,None,2008-12-09,821.0,6.710523109452428,-0.8915981192837836
Princess,0.41,Very Good,D,VS1,EX,VG,1.05,GIA,70.4,73.0,None,None,2008-12-09,821.0,6.710523109452428,-0.8915981192837836
Round,0.33,Very Good,D,VVS2,EX,EX,1.01,GIA,59.9,56.0,None,None,2008-12-11,822.0,6.71174039505618,-1.1086626245216111
Round,0.44,Very Good,J,VVS2,EX,VG,1.01,GIA,63.3,59.0,Medium,None,2008-12-10,822.0,6.71174039505618,-0.8209805520698302
Round,0.3,Very Good,D,VVS1,EX,EX,1.0,GIA,63.0,55.0,Medium Blue,None,2008-12-16,823.0,6.71295620067707,-1.2039728043259361
Round,0.3,Very Good,D,VVS1,EX,EX,1.0,GIA,62.9,56.0,None,None,2008-12-16,823.0,6.71295620067707,-1.2039728043259361
Round,0.3,Very Good,D,VVS1,EX,EX,1.01,GIA,62.5,57.0,None,None,2008-12-16,823.0,6.71295620067707,-1.2039728043259361
Round,0.38,Very Good,D,VS2,VG,VG,1.01,GIA,63.7,56.0,Faint,None,2008-12-09,823.0,6.71295620067707,-0.9675840262617056
Round,0.44,Ideal,J,IF,EX,EX,1.01,GIA,61.2,56.0,Medium Blue,None,2008-12-17,824.0,6.714170529909472,-0.8209805520698302
Princess,0.5,Good,J,IF,VG,VG,1.0,GIA,78.4,70.0,None,None,2008-12-10,828.0,6.71901315438526,-0.6931471805599453
Round,0.56,Ideal,J,SI2,VG,VG,1.01,GIA,61.0,61.0,Faint,Very Small,2008-12-10,828.0,6.71901315438526,-0.579818495252942
Princess,0.5,Very Good,J,IF,VG,VG,1.05,GIA,75.0,71.0,None,None,2008-12-10,829.0,6.720220155135295,-0.6931471805599453
Round,0.51,Ideal,J,VS2,VG,VG,1.01,GIA,61.7,58.0,None,None,2008-12-12,830.0,6.721425700790643,-0.6733445532637656
Round,0.55,Very Good,J,VS2,G,VG,1.01,GIA,61.8,57.0,Very Strong Blue,None,2008-12-12,830.0,6.721425700790643,-0.5978370007556204
Round,0.53,Ideal,J,SI1,VG,EX,1.01,GIA,60.8,57.0,None,None,2008-12-10,831.0,6.7226297948554485,-0.6348782724359695
Round,0.54,Ideal,J,SI1,EX,VG,1.0,GIA,61.2,59.0,None,Very Small,2008-12-11,835.0,6.727431724850855,-0.616186139423817
Round,0.47,Ideal,J,VS1,EX,EX,1.0,GIA,61.7,56.0,None,None,2008-12-10,836.0,6.728628613084702,-0.7550225842780328
Princess,0.57,Good,J,SI1,VG,VG,1.0,GIA,75.5,75.0,None,None,2008-12-10,836.0,6.728628613084702,-0.5621189181535413
Princess,0.57,Very Good,J,SI1,VG,VG,1.03,GIA,74.7,75.0,Faint,None,2008-12-10,836.0,6.728628613084702,-0.5621189181535413
Round,0.37,Very Good,F,VVS2,VG,VG,1.01,GIA,63.0,59.0,None,None,2008-12-12,847.0,6.741700694652055,-0.9942522733438669
Round,0.31,Ideal,F,VVS1,VG,VG,1.01,GIA,61.4,57.0,None,None,2008-12-10,848.0,6.742880635791903,-1.171182981502945
Princess,0.46,Very Good,F,VS2,EX,VG,1.05,GIA,69.6,70.0,Medium Blue,None,2008-12-10,848.0,6.742880635791903,-0.7765287894989963
Round,0.3,Very Good,F,IF,VG,VG,1.0,GIA,58.8,57.0,None,None,2008-12-11,849.0,6.744059186311348,-1.2039728043259361
Round,0.4,Very Good,F,SI1,EX,VG,1.01,GIA,62.1,60.0,None,None,2008-12-11,849.0,6.744059186311348,-0.916290731874155
Princess,0.46,Very Good,F,VS1,VG,VG,1.02,GIA,72.7,64.0,None,None,2008-12-10,849.0,6.744059186311348,-0.7765287894989963
Round,0.31,Very Good,F,VVS1,EX,EX,1.01,GIA,59.9,55.0,Faint Blue,None,2008-12-10,850.0,6.745236349484363,-1.171182981502945
Round,0.33,Very Good,F,VVS1,VG,G,1.02,GIA,62.7,60.0,None,None,2008-12-11,850.0,6.745236349484363,-1.1086626245216111
Round,0.4,Very Good,F,VS2,EX,EX,1.01,GIA,63.2,55.0,None,None,2008-12-10,850.0,6.745236349484363,-0.916290731874155
Round,0.4,Very Good,F,VS2,EX,EX,1.01,GIA,61.8,54.0,None,None,2008-12-10,850.0,6.745236349484363,-0.916290731874155
Round,0.44,Ideal,F,SI1,EX,EX,1.01,GIA,61.9,56.0,None,None,2008-12-10,850.0,6.745236349484363,-0.8209805520698302
Round,0.33,Ideal,F,VVS1,EX,EX,1.01,GIA,62.2,55.0,None,None,2008-12-10,852.0,6.747586526829315,-1.1086626245216111
Round,0.39,Very Good,F,VVS2,G,VG,1.01,GIA,59.7,63.0,None,None,2008-12-12,852.0,6.747586526829315,-0.941608539858445
Round,0.41,Ideal,F,VS2,EX,EX,1.01,GIA,61.4,54.0,None,None,2008-12-10,852.0,6.747586526829315,-0.8915981192837836
Princess,0.4,Very Good,F,VVS1,VG,VG,1.01,GIA,71.5,73.0,None,None,2008-12-10,853.0,6.748759547491679,-0.916290731874155
Round,0.46,Very Good,F,SI1,EX,VG,1.01,GIA,62.6,59.0,Faint,None,2008-12-11,853.0,6.748759547491679,-0.7765287894989963
Princess,0.41,Good,F,IF,VG,VG,1.02,GIA,72.0,79.0,None,None,2008-12-10,856.0,6.752270376141742,-0.8915981192837836
Round,0.5,Very Good,F,SI2,VG,VG,1.01,GIA,60.2,56.0,None,None,2008-12-10,856.0,6.752270376141742,-0.6931471805599453
Round,0.31,Very Good,D,VVS1,VG,G,1.01,GIA,61.5,57.0,Medium,None,2008-12-10,857.0,6.75343791859778,-1.171182981502945
Round,0.41,Ideal,D,SI1,EX,EX,1.01,GIA,60.2,58.0,None,None,2008-12-09,857.0,6.75343791859778,-0.8915981192837836
Round,0.43,Very Good,F,VS2,VG,VG,1.01,GIA,62.6,59.0,None,None,2008-12-12,857.0,6.75343791859778,-0.843970070294529
Round,0.3,Good,D,VVS1,VG,G,1.01,GIA,64.3,57.0,Strong,None,2008-12-09,858.0,6.754604099487962,-1.2039728043259361
Round,0.31,Ideal,D,VVS2,VG,EX,1.0,GIA,60.5,58.0,None,None,2008-12-09,858.0,6.754604099487962,-1.171182981502945
Round,0.33,Ideal,D,VVS2,VG,VG,1.01,GIA,60.8,59.0,Faint,None,2008-12-09,858.0,6.754604099487962,-1.1086626245216111
Round,0.33,Ideal,D,VVS2,VG,VG,1.02,GIA,62.5,56.0,None,None,2008-12-09,858.0,6.754604099487962,-1.1086626245216111
Round,0.4,Very Good,D,VS2,VG,VG,1.01,GIA,62.1,58.0,None,Small,2008-12-09,858.0,6.754604099487962,-0.916290731874155
Princess,0.43,Very Good,D,VS1,VG,VG,1.04,GIA,71.6,74.0,None,None,2008-12-10,858.0,6.754604099487962,-0.843970070294529
Round,0.38,Ideal,D,VS1,EX,EX,1.01,GIA,62.0,58.0,Medium Blue,None,2008-12-11,860.0,6.756932389247553,-0.9675840262617056
Round,0.42,Very Good,D,SI1,EX,EX,1.01,GIA,62.5,58.0,None,None,2008-12-10,860.0,6.756932389247553,-0.8675005677047231
Round,0.42,Very Good,D,SI1,VG,VG,1.0,GIA,61.1,56.0,None,None,2008-12-10,860.0,6.756932389247553,-0.8675005677047231
Round,0.42,Ideal,D,SI1,VG,VG,1.01,GIA,60.7,59.0,Medium,None,2008-12-10,860.0,6.756932389247553,-0.8675005677047231
Round,0.42,Very Good,D,SI1,VG,VG,1.0,GIA,61.8,60.0,None,None,2008-12-10,860.0,6.756932389247553,-0.8675005677047231
Princess,0.43,Very Good,D,VS1,VG,VG,1.05,GIA,72.9,71.0,None,None,2008-12-09,860.0,6.756932389247553,-0.843970070294529
Princess,0.43,Very Good,D,VS1,VG,VG,1.05,GIA,66.8,74.0,None,None,2008-12-09,860.0,6.756932389247553,-0.843970070294529
Round,0.33,Very Good,D,VVS2,VG,EX,1.01,GIA,62.9,59.0,Medium Blue,None,2008-12-09,861.0,6.7580945044277305,-1.1086626245216111
Round,0.34,Ideal,D,VVS2,VG,VG,1.01,GIA,62.2,58.0,None,None,2008-12-11,861.0,6.7580945044277305,-1.0788096613719298
Emerald,0.47,Very Good,D,VS2,VG,VG,1.33,GIA,67.0,68.0,None,None,2008-12-09,861.0,6.7580945044277305,-0.7550225842780328
Princess,0.4,Very Good,D,VS1,EX,EX,1.01,GIA,72.5,70.0,None,None,2008-12-09,862.0,6.759255270663693,-0.916290731874155
Round,0.5,Very Good,G,SI2,EX,VG,1.01,GIA,62.5,56.0,None,None,2008-12-10,891.0,6.792344427470809,-0.6931471805599453
Princess,0.5,Good,G,VS2,VG,VG,1.01,GIA,76.9,76.0,None,None,2008-12-10,891.0,6.792344427470809,-0.6931471805599453
Round,0.39,Ideal,G,VVS2,ID,ID,1.01,AGSL,61.1,56.0,Medium Blue,Very Small,2008-12-10,892.0,6.79346613258001,-0.941608539858445
Princess,0.5,Very Good,G,VS2,VG,VG,1.04,GIA,66.2,78.0,None,None,2008-12-10,892.0,6.79346613258001,-0.6931471805599453
Princess,0.5,Very Good,G,VS2,EX,VG,1.03,GIA,69.0,67.0,None,None,2008-12-10,892.0,6.79346613258001,-0.6931471805599453
Round,0.52,Ideal,G,SI2,EX,EX,1.01,GIA,60.8,58.0,None,None,2008-12-12,892.0,6.79346613258001,-0.6539264674066639
Round,0.56,Very Good,G,SI2,G,EX,1.01,GIA,61.0,57.0,None,None,2008-12-12,892.0,6.79346613258001,-0.579818495252942
Round,0.31,Ideal,E,VVS1,VG,VG,1.01,GIA,61.0,57.0,None,None,2008-12-12,893.0,6.794586580876499,-1.171182981502945
Round,0.31,Ideal,E,VVS1,EX,VG,1.0,GIA,62.1,56.0,None,None,2008-12-12,893.0,6.794586580876499,-1.171182981502945
Round,0.31,Ideal,E,VVS1,VG,VG,1.02,GIA,62.2,56.0,None,None,2008-12-12,893.0,6.794586580876499,-1.171182981502945
Round,0.33,Signature-Ideal,G,VVS1,EX,EX,1.01,GIA,61.7,56.0,None,None,2008-12-10,893.0,6.794586580876499,-1.1086626245216111
Round,0.33,Signature-Ideal,G,VVS1,EX,EX,1.0,GIA,61.8,56.0,None,None,2008-12-10,893.0,6.794586580876499,-1.1086626245216111
Round,0.4,Ideal,G,VS1,EX,EX,1.01,GIA,62.7,55.0,Medium,None,2008-12-10,893.0,6.794586580876499,-0.916290731874155
Round,0.54,Very Good,G,SI2,VG,VG,1.0,GIA,62.5,58.0,None,None,2008-12-11,893.0,6.794586580876499,-0.616186139423817
Round,0.32,Ideal,G,IF,VG,EX,1.01,GIA,61.3,56.0,None,None,2008-12-10,894.0,6.795705775173514,-1.1394342831883648
Round,0.32,Signature-Ideal,E,VVS2,EX,EX,1.01,GIA,61.7,57.0,None,None,2008-12-10,894.0,6.795705775173514,-1.1394342831883648
Round,0.32,Very Good,E,IF,EX,VG,1.01,GIA,63.5,58.0,Medium Blue,None,2008-12-12,894.0,6.795705775173514,-1.1394342831883648
Round,0.39,Very Good,E,VVS2,VG,VG,1.01,GIA,57.7,64.0,None,None,2008-12-11,894.0,6.795705775173514,-0.941608539858445
Round,0.41,Very Good,E,VS2,EX,VG,1.0,GIA,62.9,56.0,Medium,None,2008-12-10,894.0,6.795705775173514,-0.8915981192837836
Princess,0.5,Good,G,VS1,G,G,1.03,GIA,59.5,84.0,None,None,2008-12-10,894.0,6.795705775173514,-0.6931471805599453
Princess,0.56,Very Good,G,SI1,EX,VG,1.01,GIA,73.1,69.0,None,None,2008-12-10,894.0,6.795705775173514,-0.579818495252942
Round,0.33,Ideal,G,IF,EX,VG,1.01,GIA,61.8,55.0,None,None,2008-12-10,895.0,6.796823718274855,-1.1086626245216111
Round,0.33,Ideal,E,VVS2,VG,VG,1.01,GIA,62.4,55.0,Faint,None,2008-12-12,895.0,6.796823718274855,-1.1086626245216111
Round,0.4,Very Good,E,VS2,VG,VG,1.01,GIA,63.2,59.0,Medium,None,2008-12-16,895.0,6.796823718274855,-0.916290731874155
Round,0.4,Very Good,E,VS2,VG,VG,1.01,GIA,58.5,60.0,Medium,None,2008-12-16,895.0,6.796823718274855,-0.916290731874155
Round,0.4,Very Good,E,VS2,EX,EX,1.01,GIA,59.2,58.0,None,None,2008-12-10,895.0,6.796823718274855,-0.916290731874155
Round,0.4,Very Good,E,VS2,EX,EX,1.01,GIA,63.2,54.0,None,None,2008-12-10,895.0,6.796823718274855,-0.916290731874155
Round,0.4,Very Good,E,VS2,EX,EX,1.0,GIA,59.1,59.0,None,None,2008-12-10,895.0,6.796823718274855,-0.916290731874155
Round,0.4,Very Good,E,VS2,EX,EX,1.02,GIA,60.4,55.0,None,None,2008-12-10,895.0,6.796823718274855,-0.916290731874155
Round,0.4,Very Good,E,VS2,EX,EX,1.01,GIA,61.0,56.0,None,None,2008-12-10,895.0,6.796823718274855,-0.916290731874155
Princess,0.44,Very Good,E,VVS2,VG,VG,1.06,GIA,73.4,77.0,None,None,2008-12-11,895.0,6.796823718274855,-0.8209805520698302
Princess,0.46,Very Good,G,VVS1,VG,VG,1.02,GIA,68.4,74.0,None,None,2008-12-10,895.0,6.796823718274855,-0.7765287894989963
Round,0.46,Very Good,E,SI1,G,G,1.01,GIA,61.4,62.0,None,None,2008-12-10,895.0,6.796823718274855,-0.7765287894989963
Princess,0.51,Very Good,E,SI1,EX,VG,1.03,GIA,75.0,73.0,None,None,2008-12-10,896.0,6.79794041297493,-0.6733445532637656
Princess,0.54,Very Good,E,SI2,VG,VG,1.07,GIA,68.5,74.0,None,None,2008-12-10,896.0,6.79794041297493,-0.616186139423817
Round,0.4,Ideal,G,VS1,VG,EX,1.01,GIA,60.3,56.0,None,None,2008-12-10,906.0,6.80903930604298,-0.916290731874155
Round,0.42,Ideal,G,VS2,EX,EX,1.0,GIA,61.9,55.0,None,None,2008-12-17,906.0,6.80903930604298,-0.8675005677047231
Round,0.38,Signature-Ideal,G,VS1,ID,ID,1.01,AGSL,61.7,56.1,None,None,2008-12-10,907.0,6.810142450115136,-0.9675840262617056
Round,0.5,Ideal,G,SI2,EX,VG,1.01,GIA,62.0,55.0,Faint,None,2008-12-10,907.0,6.810142450115136,-0.6931471805599453
Round,0.5,Ideal,G,SI2,VG,EX,1.02,GIA,61.8,55.0,None,None,2008-12-10,907.0,6.810142450115136,-0.6931471805599453
Round,0.54,Very Good,G,SI2,VG,EX,1.0,GIA,61.9,55.0,None,None,2008-12-11,907.0,6.810142450115136,-0.616186139423817
Round,0.3,Ideal,E,VVS1,VG,VG,1.02,GIA,60.8,57.0,None,None,2008-12-10,908.0,6.811244378601294,-1.2039728043259361
Round,0.39,Very Good,E,VVS2,EX,VG,1.01,GIA,60.8,63.0,None,None,2008-12-11,908.0,6.811244378601294,-0.941608539858445
Round,0.39,Good,E,VVS2,VG,G,1.02,GIA,60.3,57.0,None,None,2008-12-11,908.0,6.811244378601294,-0.941608539858445
Round,0.41,Ideal,G,VS2,EX,EX,1.01,GIA,59.7,59.0,None,None,2008-12-12,908.0,6.811244378601294,-0.8915981192837836
Princess,0.42,Very Good,G,VVS1,EX,VG,1.04,GIA,68.7,73.0,None,None,2008-12-10,908.0,6.811244378601294,-0.8675005677047231
Round,0.43,Ideal,F,VS2,EX,EX,1.01,GIA,59.9,59.0,None,None,2008-12-10,908.0,6.811244378601294,-0.843970070294529
Round,0.45,Ideal,G,VS2,EX,EX,1.0,GIA,61.7,55.0,None,None,2008-12-17,908.0,6.811244378601294,-0.7985076962177716
Round,0.5,Very Good,E,SI2,EX,VG,1.01,GIA,64.0,57.0,None,None,2008-12-10,908.0,6.811244378601294,-0.6931471805599453
Princess,0.51,Very Good,G,SI1,G,G,1.1,GIA,70.2,77.0,None,None,2008-12-10,908.0,6.811244378601294,-0.6733445532637656
Round,0.51,Very Good,G,SI2,VG,EX,1.01,GIA,58.6,60.0,None,None,2008-12-10,908.0,6.811244378601294,-0.6733445532637656
Round,0.51,Very Good,G,SI2,VG,EX,1.01,GIA,62.8,57.0,None,None,2008-12-10,908.0,6.811244378601294,-0.6733445532637656
Round,0.57,Very Good,G,SI2,G,VG,1.01,GIA,61.0,60.0,None,None,2008-12-12,908.0,6.811244378601294,-0.5621189181535413
Round,0.3,Ideal,E,IF,VG,VG,1.0,GIA,61.6,57.0,Medium Blue,None,2008-12-10,909.0,6.812345094177479,-1.2039728043259361
Round,0.35,Ideal,G,IF,G,EX,1.0,GIA,61.3,56.0,None,None,2008-12-11,909.0,6.812345094177479,-1.0498221244986778
Round,0.35,Ideal,E,VVS2,EX,VG,1.02,GIA,61.9,56.0,None,None,2008-12-10,909.0,6.812345094177479,-1.0498221244986778
Round,0.42,Very Good,F,VS2,EX,EX,1.01,GIA,60.1,59.0,Faint,None,2008-12-10,909.0,6.812345094177479,-0.8675005677047231
Round,0.48,Ideal,G,SI1,VG,EX,1.0,GIA,61.3,57.0,Strong,None,2008-12-10,909.0,6.812345094177479,-0.7339691750802004
Princess,0.5,Good,F,VS1,VG,G,1.02,GIA,78.7,78.0,None,None,2008-12-11,909.0,6.812345094177479,-0.6931471805599453
Princess,0.52,Very Good,E,SI1,VG,G,1.05,GIA,74.0,71.0,None,None,2008-12-10,909.0,6.812345094177479,-0.6539264674066639
Round,0.33,Very Good,E,VVS1,VG,VG,1.01,GIA,60.4,62.0,Medium Blue,None,2008-12-10,910.0,6.813444599510896,-1.1086626245216111
Round,0.43,Good,E,VS2,VG,G,1.02,GIA,57.1,59.0,None,Very Small,2008-12-11,910.0,6.813444599510896,-0.843970070294529
Princess,0.47,Very Good,E,VS1,VG,G,1.0,GIA,63.6,67.0,None,None,2008-12-10,910.0,6.813444599510896,-0.7550225842780328
Round,0.48,Very Good,E,SI1,VG,VG,1.01,GIA,60.2,58.0,None,Small,2008-12-11,910.0,6.813444599510896,-0.7339691750802004
Round,0.5,Good,F,SI2,VG,VG,1.01,GIA,65.3,59.0,None,None,2008-12-12,910.0,6.813444599510896,-0.6931471805599453
Round,0.5,Very Good,E,SI2,EX,VG,1.01,GIA,62.2,60.0,None,None,2008-12-11,910.0,6.813444599510896,-0.6931471805599453
Round,0.5,Very Good,E,SI2,VG,VG,1.01,GIA,62.5,57.0,None,None,2008-12-11,910.0,6.813444599510896,-0.6931471805599453
Princess,0.52,Very Good,F,SI1,VG,VG,1.0,GIA,69.0,69.0,Faint,None,2008-12-10,910.0,6.813444599510896,-0.6539264674066639
Round,0.54,Very Good,G,SI2,VG,VG,1.0,GIA,63.2,57.0,None,None,2008-12-12,910.0,6.813444599510896,-0.616186139423817
Round,0.55,Very Good,G,SI2,VG,EX,1.01,GIA,62.9,57.0,None,None,2008-12-11,910.0,6.813444599510896,-0.5978370007556204
Princess,0.55,Very Good,F,SI1,VG,VG,1.02,GIA,74.4,74.0,None,None,2008-12-10,910.0,6.813444599510896,-0.5978370007556204
Round,0.3,Ideal,F,IF,EX,VG,1.01,GIA,61.7,55.0,None,None,2008-12-10,911.0,6.814542897259958,-1.2039728043259361
Round,0.3,Ideal,F,IF,EX,VG,1.02,GIA,62.1,55.0,None,None,2008-12-10,911.0,6.814542897259958,-1.2039728043259361
Round,0.33,Very Good,E,VVS1,EX,EX,1.0,GIA,59.9,56.0,None,None,2008-12-10,911.0,6.814542897259958,-1.1086626245216111
Round,0.4,Very Good,F,VS1,VG,VG,1.01,GIA,63.5,55.0,Medium Blue,None,2008-12-12,911.0,6.814542897259958,-0.916290731874155
Round,0.41,Ideal,F,VS2,VG,VG,1.02,GIA,62.3,57.0,Faint,None,2008-12-10,911.0,6.814542897259958,-0.8915981192837836
Round,0.41,Ideal,F,VS2,EX,VG,1.01,GIA,62.7,56.0,None,None,2008-12-10,911.0,6.814542897259958,-0.8915981192837836
Round,0.41,Very Good,F,VS2,EX,EX,1.0,GIA,63.1,54.0,None,None,2008-12-10,911.0,6.814542897259958,-0.8915981192837836
Round,0.45,Ideal,E,SI1,EX,EX,1.01,GIA,60.5,59.0,None,None,2008-12-10,911.0,6.814542897259958,-0.7985076962177716
Princess,0.5,Good,G,VS1,G,G,1.09,GIA,72.7,80.0,None,None,2008-12-10,911.0,6.814542897259958,-0.6931471805599453
Princess,0.5,Very Good,F,VS2,G,G,1.05,GIA,74.7,71.0,None,None,2008-12-10,911.0,6.814542897259958,-0.6931471805599453
Princess,0.5,Good,F,VS2,VG,VG,1.03,GIA,75.4,62.0,None,None,2008-12-10,911.0,6.814542897259958,-0.6931471805599453
Princess,0.53,Very Good,F,SI1,VG,VG,1.03,GIA,72.5,71.0,None,None,2008-12-18,911.0,6.814542897259958,-0.6348782724359695
Round,0.56,Very Good,G,SI2,G,VG,1.01,GIA,64.3,55.0,None,None,2008-12-11,911.0,6.814542897259958,-0.579818495252942
Round,0.35,Very Good,E,VVS2,EX,EX,1.01,GIA,62.3,57.0,None,None,2008-12-16,912.0,6.815639990074331,-1.0498221244986778
Round,0.42,Ideal,E,VS2,VG,VG,1.0,GIA,62.3,56.0,Medium,None,2008-12-11,912.0,6.815639990074331,-0.8675005677047231
Round,0.43,Very Good,F,VS2,EX,EX,1.01,GIA,60.5,55.0,None,None,2008-12-10,912.0,6.815639990074331,-0.843970070294529
Princess,0.51,Very Good,E,SI1,EX,EX,1.03,GIA,71.5,71.0,Medium Blue,None,2008-12-10,912.0,6.815639990074331,-0.6733445532637656
Round,0.3,Ideal,F,IF,EX,VG,1.02,GIA,60.8,56.0,None,None,2008-12-10,913.0,6.816735880594968,-1.2039728043259361
Round,0.38,Ideal,F,VS2,VG,EX,1.01,GIA,59.6,60.0,None,None,2008-12-12,913.0,6.816735880594968,-0.9675840262617056
Round,0.4,Ideal,F,SI1,EX,EX,1.01,GIA,61.5,55.0,None,None,2008-12-17,913.0,6.816735880594968,-0.916290731874155
Princess,0.41,Signature-Ideal,E,VS2,EX,VG,1.01,GIA,69.3,66.0,None,None,2008-12-10,913.0,6.816735880594968,-0.8915981192837836
Round,0.58,Very Good,I,SI2,VG,VG,1.01,GIA,63.2,58.0,None,None,2008-12-10,913.0,6.816735880594968,-0.5447271754416722
Round,0.53,Ideal,I,SI1,EX,VG,1.01,GIA,62.4,55.0,None,None,2008-12-10,915.0,6.818924065275521,-0.6348782724359695
Round,0.51,Ideal,I,SI2,EX,VG,1.01,GIA,62.5,53.0,None,None,2008-12-10,919.0,6.823286122355687,-0.6733445532637656
Round,0.44,Very Good,I,VS1,G,VG,1.01,GIA,62.3,58.0,None,None,2008-12-11,920.0,6.824373670043086,-0.8209805520698302
Round,0.46,Fair,I,VVS2,VG,G,1.01,GIA,65.7,54.0,None,None,2008-12-10,920.0,6.824373670043086,-0.7765287894989963
Round,0.53,Ideal,I,SI1,EX,EX,1.01,GIA,61.6,55.0,Strong,None,2008-12-10,920.0,6.824373670043086,-0.6348782724359695
Princess,0.55,Very Good,I,VS1,VG,VG,1.05,GIA,73.8,72.0,None,None,2008-12-10,920.0,6.824373670043086,-0.5978370007556204
Round,0.51,Very Good,I,SI1,VG,VG,1.01,GIA,63.2,56.0,None,None,2008-12-10,921.0,6.825460036255307,-0.6733445532637656
Round,0.51,Very Good,I,SI1,VG,VG,1.02,GIA,61.0,56.0,Faint,None,2008-12-10,921.0,6.825460036255307,-0.6733445532637656
Round,0.51,Very Good,I,SI1,VG,VG,1.01,GIA,63.1,59.0,None,None,2008-12-10,921.0,6.825460036255307,-0.6733445532637656
Round,0.55,Ideal,I,SI2,EX,EX,1.01,GIA,61.4,56.0,None,None,2008-12-10,921.0,6.825460036255307,-0.5978370007556204
Round,0.41,Signature-Ideal,I,VS1,EX,EX,1.01,GIA,61.9,56.0,None,None,2008-12-10,922.0,6.826545223556594,-0.8915981192837836
Round,0.41,Signature-Ideal,I,VS1,EX,EX,1.0,GIA,61.7,56.0,None,None,2008-12-10,922.0,6.826545223556594,-0.8915981192837836
Round,0.32,Very Good,D,VVS1,VG,G,1.01,GIA,61.6,58.0,Faint,None,2008-12-17,923.0,6.827629234502852,-1.1394342831883648
Round,0.51,Ideal,I,SI1,EX,EX,1.0,GIA,61.5,56.0,None,None,2008-12-10,923.0,6.827629234502852,-0.6733445532637656
Princess,0.4,Very Good,D,VVS2,VG,VG,1.03,GIA,74.1,73.0,None,None,2008-12-09,924.0,6.828712071641684,-0.916290731874155
Princess,0.5,Very Good,D,SI1,VG,VG,1.02,GIA,72.1,77.0,None,None,2008-12-10,924.0,6.828712071641684,-0.6931471805599453
Princess,0.52,Very Good,I,VS2,VG,G,1.01,GIA,65.3,74.0,Faint Blue,None,2008-12-11,924.0,6.828712071641684,-0.6539264674066639
Princess,0.52,Very Good,D,SI2,VG,VG,1.01,GIA,73.9,72.0,None,None,2008-12-10,924.0,6.828712071641684,-0.6539264674066639
Princess,0.39,Very Good,D,VVS2,EX,VG,1.02,GIA,65.9,70.0,None,None,2008-12-09,925.0,6.829793737512425,-0.941608539858445
Round,0.4,Ideal,I,IF,VG,EX,1.01,GIA,62.1,56.0,None,None,2008-12-17,925.0,6.829793737512425,-0.916290731874155
Princess,0.41,Signature-Ideal,D,VS2,EX,VG,1.03,GIA,69.3,70.0,None,None,2008-12-09,925.0,6.829793737512425,-0.8915981192837836
Princess,0.41,Very Good,D,VS1,EX,EX,1.03,GIA,72.5,73.0,None,None,2008-12-09,925.0,6.829793737512425,-0.8915981192837836
Princess,0.54,Very Good,I,VVS2,EX,VG,1.03,GIA,73.6,75.0,Faint,None,2008-12-10,925.0,6.829793737512425,-0.616186139423817
Round,0.31,Ideal,D,VVS1,VG,VG,1.01,GIA,61.7,59.0,None,None,2008-12-09,926.0,6.8308742346461795,-1.171182981502945
Round,0.31,Ideal,E,VVS1,EX,EX,1.0,GIA,61.1,57.0,None,None,2008-12-12,926.0,6.8308742346461795,-1.171182981502945
Princess,0.4,Signature-Ideal,D,VS2,EX,VG,1.01,GIA,69.2,67.0,None,None,2008-12-09,926.0,6.8308742346461795,-0.916290731874155
Round,0.43,Ideal,E,VS2,EX,VG,1.01,GIA,62.4,59.0,Faint,None,2008-12-10,926.0,6.8308742346461795,-0.843970070294529
Princess,0.51,Very Good,E,SI1,VG,VG,1.0,GIA,74.5,66.0,None,None,2008-12-11,926.0,6.8308742346461795,-0.6733445532637656
Princess,0.54,Very Good,I,VVS2,EX,VG,1.0,GIA,73.7,73.0,Medium,None,2008-12-10,926.0,6.8308742346461795,-0.616186139423817
Round,0.54,Ideal,I,SI2,EX,EX,1.01,GIA,62.4,55.0,None,None,2008-12-10,926.0,6.8308742346461795,-0.616186139423817
Round,0.56,Ideal,I,SI1,VG,VG,1.02,GIA,61.0,58.0,None,None,2008-12-11,926.0,6.8308742346461795,-0.579818495252942
Round,0.37,Very Good,E,VVS1,EX,EX,1.0,GIA,60.9,56.0,None,None,2008-12-17,927.0,6.831953565565855,-0.9942522733438669
Princess,0.39,Very Good,D,VS1,EX,VG,1.04,GIA,69.2,66.0,None,None,2008-12-09,927.0,6.831953565565855,-0.941608539858445
Round,0.41,Ideal,D,VS2,VG,VG,1.01,GIA,60.4,57.0,None,Very Small,2008-12-10,927.0,6.831953565565855,-0.8915981192837836
Round,0.41,Ideal,D,VS2,EX,VG,1.01,GIA,62.3,55.0,Faint,None,2008-12-10,927.0,6.831953565565855,-0.8915981192837836
Round,0.41,Ideal,D,VS2,VG,VG,1.01,GIA,62.6,55.0,None,None,2008-12-10,927.0,6.831953565565855,-0.8915981192837836
Princess,0.44,Good,D,VS1,G,G,1.02,GIA,79.1,68.0,None,None,2008-12-09,927.0,6.831953565565855,-0.8209805520698302
Round,0.5,Good,D,SI2,EX,VG,1.01,GIA,62.1,58.0,None,None,2008-12-10,927.0,6.831953565565855,-0.6931471805599453
Round,0.52,Very Good,E,SI2,EX,VG,1.01,GIA,63.9,56.0,None,None,2008-12-10,927.0,6.831953565565855,-0.6539264674066639
Round,0.31,Ideal,D,VVS1,EX,EX,1.0,GIA,60.6,56.0,Faint,None,2008-12-09,928.0,6.833031732786201,-1.171182981502945
Round,0.32,Ideal,E,VVS1,EX,VG,1.01,GIA,60.6,57.0,None,None,2008-12-10,928.0,6.833031732786201,-1.1394342831883648
Round,0.4,Ideal,E,VS1,VG,VG,1.01,GIA,62.1,57.0,Strong Blue,None,2008-12-12,928.0,6.833031732786201,-0.916290731874155
Round,0.35,Very Good,D,VVS2,G,VG,1.01,GIA,63.3,56.0,Faint,None,2008-12-15,929.0,6.834108738813838,-1.0498221244986778
Emerald,0.4,Good,D,VVS1,VG,VG,1.52,GIA,70.0,65.0,None,None,2008-12-09,929.0,6.834108738813838,-0.916290731874155
Round,0.41,Ideal,E,VS2,EX,VG,1.01,GIA,62.4,55.0,Medium,None,2008-12-10,929.0,6.834108738813838,-0.8915981192837836
Round,0.42,Ideal,D,VS2,VG,VG,1.01,GIA,62.4,57.0,Faint,Very Small,2008-12-10,929.0,6.834108738813838,-0.8675005677047231
Round,0.46,Very Good,D,VS2,EX,VG,1.01,GIA,63.9,60.0,Strong,None,2008-12-11,929.0,6.834108738813838,-0.7765287894989963
Round,0.33,Ideal,E,IF,VG,EX,1.0,GIA,60.9,60.0,None,None,2008-12-10,930.0,6.835184586147301,-1.1086626245216111
Round,0.33,Very Good,E,IF,VG,VG,1.01,GIA,62.0,59.0,None,None,2008-12-10,930.0,6.835184586147301,-1.1086626245216111
Princess,0.51,Very Good,E,SI1,EX,EX,1.03,GIA,70.7,70.0,None,None,2008-12-10,930.0,6.835184586147301,-0.6733445532637656
Round,0.32,Very Good,E,VVS1,EX,EX,1.0,GIA,59.8,59.0,None,None,2008-12-10,931.0,6.836259277277067,-1.1394342831883648
Round,0.4,Very Good,E,VS2,VG,EX,1.01,GIA,59.2,60.0,None,None,2008-12-10,931.0,6.836259277277067,-0.916290731874155
Round,0.4,Very Good,E,VS2,VG,VG,1.01,GIA,62.8,58.0,None,None,2008-12-10,931.0,6.836259277277067,-0.916290731874155
Princess,0.44,Very Good,E,VVS1,EX,VG,1.02,GIA,70.4,74.0,None,None,2008-12-10,931.0,6.836259277277067,-0.8209805520698302
Princess,0.5,Very Good,E,SI1,VG,VG,1.01,GIA,70.1,75.0,None,None,2008-12-11,931.0,6.836259277277067,-0.6931471805599453
Princess,0.56,Very Good,E,SI2,VG,VG,1.03,GIA,73.4,68.0,None,None,2008-12-11,931.0,6.836259277277067,-0.579818495252942
Princess,0.4,Very Good,E,VS1,VG,VG,1.04,GIA,74.4,70.0,None,None,2008-12-10,932.0,6.837332814685591,-0.916290731874155
Princess,0.53,Very Good,E,SI2,VG,VG,1.04,GIA,70.1,70.0,None,None,2008-12-10,932.0,6.837332814685591,-0.6348782724359695
Round,0.52,Ideal,G,SI1,VG,VG,1.01,GIA,59.8,60.0,Very Strong Blue,None,2008-12-12,933.0,6.838405200847344,-0.6539264674066639
Round,0.52,Ideal,G,SI1,VG,VG,1.01,GIA,59.8,60.0,Very Strong Blue,None,2008-12-12,933.0,6.838405200847344,-0.6539264674066639
Round,0.42,Very Good,G,VS1,EX,EX,1.0,GIA,62.8,58.0,None,None,2008-12-11,934.0,6.839476438228843,-0.8675005677047231
Round,0.42,Very Good,G,VS1,EX,EX,1.0,GIA,62.8,58.0,None,None,2008-12-11,934.0,6.839476438228843,-0.8675005677047231
Round,0.51,Ideal,G,SI2,EX,VG,1.0,GIA,59.9,59.0,None,None,2008-12-10,934.0,6.839476438228843,-0.6733445532637656
Round,0.51,Ideal,G,SI2,EX,VG,1.0,GIA,59.9,59.0,None,None,2008-12-10,934.0,6.839476438228843,-0.6733445532637656
Round,0.42,Ideal,G,VS2,EX,EX,1.0,GIA,62.0,55.0,None,None,2008-12-11,935.0,6.840546529288687,-0.8675005677047231
Round,0.42,Ideal,G,VS2,EX,EX,1.0,GIA,62.0,55.0,None,None,2008-12-11,935.0,6.840546529288687,-0.8675005677047231
Round,0.4,Very Good,G,VS1,EX,VG,1.01,GIA,60.4,57.0,None,None,2008-12-10,936.0,6.841615476477592,-0.916290731874155
Round,0.4,Very Good,G,VS1,EX,EX,1.0,GIA,59.3,60.0,None,None,2008-12-10,936.0,6.841615476477592,-0.916290731874155
Round,0.4,Very Good,G,VS1,EX,EX,1.01,GIA,62.4,57.0,None,None,2008-12-10,936.0,6.841615476477592,-0.916290731874155
Round,0.4,Very Good,G,VS1,EX,VG,1.01,GIA,62.9,56.0,None,None,2008-12-10,936.0,6.841615476477592,-0.916290731874155
Round,0.4,Very Good,G,VS1,EX,VG,1.01,GIA,60.4,57.0,None,None,2008-12-10,936.0,6.841615476477592,-0.916290731874155
Round,0.4,Very Good,G,VS1,EX,EX,1.0,GIA,59.3,60.0,None,None,2008-12-10,936.0,6.841615476477592,-0.916290731874155
Round,0.4,Very Good,G,VS1,EX,EX,1.01,GIA,62.4,57.0,None,None,2008-12-10,936.0,6.841615476477592,-0.916290731874155
Round,0.4,Very Good,G,VS1,EX,VG,1.01,GIA,62.9,56.0,None,None,2008-12-10,936.0,6.841615476477592,-0.916290731874155
Round,0.45,Very Good,G,VS2,EX,EX,1.01,GIA,62.7,55.0,None,None,2008-12-10,936.0,6.841615476477592,-0.7985076962177716
Round,0.45,Very Good,G,VS2,EX,EX,1.01,GIA,62.7,55.0,None,None,2008-12-10,936.0,6.841615476477592,-0.7985076962177716
Emerald,0.5,Fair,G,VS1,VG,VG,1.43,GIA,66.5,76.0,None,None,2008-12-10,936.0,6.841615476477592,-0.6931471805599453
Round,0.5,Good,G,SI1,G,VG,1.01,GIA,65.3,58.0,Faint,None,2008-12-12,936.0,6.841615476477592,-0.6931471805599453
Round,0.5,Good,G,SI1,G,G,1.01,GIA,64.2,58.0,None,None,2008-12-12,936.0,6.841615476477592,-0.6931471805599453
Round,0.5,Good,G,SI1,G,G,1.01,GIA,65.8,58.0,None,None,2008-12-12,936.0,6.841615476477592,-0.6931471805599453
Round,0.5,Good,G,SI1,VG,G,1.01,GIA,65.9,59.0,None,None,2008-12-12,936.0,6.841615476477592,-0.6931471805599453
Round,0.5,Good,G,SI1,VG,G,1.03,GIA,65.9,59.0,None,None,2008-12-12,936.0,6.841615476477592,-0.6931471805599453
Emerald,0.5,Fair,G,VS1,VG,VG,1.43,GIA,66.5,76.0,None,None,2008-12-10,936.0,6.841615476477592,-0.6931471805599453
Round,0.5,Good,G,SI1,G,VG,1.01,GIA,65.3,58.0,Faint,None,2008-12-12,936.0,6.841615476477592,-0.6931471805599453
Round,0.5,Good,G,SI1,G,G,1.01,GIA,64.2,58.0,None,None,2008-12-12,936.0,6.841615476477592,-0.6931471805599453
Round,0.5,Good,G,SI1,G,G,1.01,GIA,65.8,58.0,None,None,2008-12-12,936.0,6.841615476477592,-0.6931471805599453
Round,0.5,Good,G,SI1,VG,G,1.01,GIA,65.9,59.0,None,None,2008-12-12,936.0,6.841615476477592,-0.6931471805599453
Round,0.5,Good,G,SI1,VG,G,1.03,GIA,65.9,59.0,None,None,2008-12-12,936.0,6.841615476477592,-0.6931471805599453
Round,0.33,Ideal,G,IF,EX,EX,1.0,GIA,61.7,56.0,None,None,2008-12-10,939.0,6.844815479208263,-1.1086626245216111
Round,0.33,Ideal,G,IF,EX,EX,1.0,GIA,61.7,56.0,None,None,2008-12-10,939.0,6.844815479208263,-1.1086626245216111
Round,0.4,Ideal,G,VVS2,VG,EX,1.0,GIA,60.2,58.0,None,None,2008-12-12,939.0,6.844815479208263,-0.916290731874155
Round,0.4,Ideal,G,VVS2,VG,VG,1.01,GIA,61.3,56.0,None,None,2008-12-12,939.0,6.844815479208263,-0.916290731874155
Round,0.4,Ideal,G,VVS2,VG,EX,1.0,GIA,60.2,58.0,None,None,2008-12-12,939.0,6.844815479208263,-0.916290731874155
Round,0.4,Ideal,G,VVS2,VG,VG,1.01,GIA,61.3,56.0,None,None,2008-12-12,939.0,6.844815479208263,-0.916290731874155
Princess,0.53,Very Good,G,SI1,VG,VG,1.04,GIA,71.7,70.0,None,None,2008-12-11,940.0,6.84587987526405,-0.6348782724359695
Princess,0.53,Very Good,G,SI1,VG,VG,1.04,GIA,71.7,70.0,None,None,2008-12-11,940.0,6.84587987526405,-0.6348782724359695
Round,0.4,Very Good,E,VS2,EX,EX,1.01,GIA,63.3,58.0,None,None,2008-12-10,955.0,6.86171134048073,-0.916290731874155
Round,0.4,Very Good,E,VS2,EX,EX,1.0,GIA,62.7,57.0,Faint,None,2008-12-10,955.0,6.86171134048073,-0.916290731874155
Round,0.4,Very Good,E,VS2,EX,VG,1.0,GIA,63.3,59.0,None,None,2008-12-10,955.0,6.86171134048073,-0.916290731874155
Round,0.4,Very Good,E,VS2,VG,VG,1.01,GIA,63.9,56.0,None,None,2008-12-10,955.0,6.86171134048073,-0.916290731874155
Round,0.4,Very Good,E,VS2,VG,EX,1.0,GIA,63.7,57.0,None,None,2008-12-10,955.0,6.86171134048073,-0.916290731874155
Round,0.4,Very Good,E,VS2,VG,VG,1.01,GIA,63.5,55.0,None,None,2008-12-10,955.0,6.86171134048073,-0.916290731874155
Round,0.43,Very Good,E,SI1,VG,EX,1.01,GIA,62.8,58.0,None,None,2008-12-11,956.0,6.862757913051401,-0.843970070294529
Round,0.31,Ideal,E,IF,VG,VG,1.01,GIA,60.9,59.0,None,None,2008-12-11,957.0,6.863803391452954,-1.171182981502945
Round,0.36,Ideal,E,VVS2,EX,EX,1.01,GIA,62.6,55.0,None,None,2008-12-10,957.0,6.863803391452954,-1.0216512475319814
Round,0.42,Ideal,E,VS2,VG,VG,1.01,GIA,62.1,57.0,None,None,2008-12-12,957.0,6.863803391452954,-0.8675005677047231
Round,0.5,Good,E,SI2,VG,VG,1.01,GIA,64.6,56.0,None,Very Small,2008-12-10,957.0,6.863803391452954,-0.6931471805599453
Round,0.3,Very Good,E,IF,EX,VG,1.0,GIA,59.1,59.0,None,None,2008-12-10,959.0,6.8658910748834385,-1.2039728043259361
Princess,0.49,Good,E,VS1,G,G,1.05,GIA,75.9,75.0,None,None,2008-12-10,959.0,6.8658910748834385,-0.7133498878774648
Princess,0.49,Good,E,VS1,G,G,1.04,GIA,76.1,73.0,None,None,2008-12-10,959.0,6.8658910748834385,-0.7133498878774648
Princess,0.52,Very Good,E,SI1,VG,VG,1.0,GIA,73.6,74.0,None,None,2008-12-10,959.0,6.8658910748834385,-0.6539264674066639
Round,0.5,Very Good,E,SI2,G,VG,1.01,GIA,61.3,57.0,None,None,2008-12-10,960.0,6.866933284461882,-0.6931471805599453
Round,0.41,Signature-Ideal,E,SI1,EX,EX,1.0,GIA,61.8,56.0,Faint,None,2008-12-10,961.0,6.8679744089702925,-0.8915981192837836
Round,0.41,Signature-Ideal,E,SI1,EX,EX,1.0,GIA,61.1,55.0,None,None,2008-12-10,961.0,6.8679744089702925,-0.8915981192837836
Round,0.51,Very Good,E,SI2,G,G,1.01,GIA,58.8,57.0,None,Very Small,2008-12-11,961.0,6.8679744089702925,-0.6733445532637656
Round,0.51,Good,E,SI2,EX,VG,1.01,GIA,60.2,56.0,None,None,2008-12-11,961.0,6.8679744089702925,-0.6733445532637656
Round,0.5,Good,G,SI1,VG,VG,1.01,GIA,65.4,58.0,None,None,2008-12-12,967.0,6.874198495453294,-0.6931471805599453
Round,0.5,Good,G,SI1,VG,VG,1.01,GIA,65.5,57.0,Faint,None,2008-12-12,967.0,6.874198495453294,-0.6931471805599453
Round,0.5,Good,G,SI1,VG,VG,1.01,GIA,63.3,58.0,None,None,2008-12-12,967.0,6.874198495453294,-0.6931471805599453
Round,0.5,Good,G,SI1,VG,VG,1.01,GIA,60.7,58.0,None,None,2008-12-12,967.0,6.874198495453294,-0.6931471805599453
Round,0.5,Good,G,SI1,VG,VG,1.01,GIA,65.1,58.0,None,None,2008-12-12,967.0,6.874198495453294,-0.6931471805599453
Round,0.5,Good,G,SI1,VG,VG,1.01,GIA,65.4,58.0,None,None,2008-12-12,967.0,6.874198495453294,-0.6931471805599453
Round,0.5,Good,G,SI1,EX,VG,1.01,GIA,64.5,60.0,None,None,2008-12-12,967.0,6.874198495453294,-0.6931471805599453
Round,0.5,Good,G,SI1,VG,EX,1.01,GIA,58.3,61.0,None,None,2008-12-12,967.0,6.874198495453294,-0.6931471805599453
Round,0.5,Good,G,SI1,VG,VG,1.01,GIA,65.3,59.0,None,None,2008-12-12,967.0,6.874198495453294,-0.6931471805599453
Round,0.56,Very Good,G,SI2,VG,EX,1.01,GIA,62.5,57.0,None,None,2008-12-10,967.0,6.874198495453294,-0.579818495252942
Round,0.4,Ideal,G,VS1,EX,EX,1.0,GIA,62.3,56.0,None,None,2008-12-10,969.0,6.876264611890766,-0.916290731874155
Round,0.4,Ideal,G,VS1,EX,EX,1.0,GIA,62.6,54.0,None,None,2008-12-10,969.0,6.876264611890766,-0.916290731874155
Round,0.4,Ideal,G,VS1,EX,EX,1.0,GIA,62.9,53.0,None,None,2008-12-10,969.0,6.876264611890766,-0.916290731874155
Round,0.4,Ideal,G,VS1,EX,EX,1.01,GIA,62.3,54.0,None,None,2008-12-10,969.0,6.876264611890766,-0.916290731874155
Princess,0.49,Good,G,VS1,EX,VG,1.04,GIA,75.2,74.0,None,None,2008-12-10,969.0,6.876264611890766,-0.7133498878774648
Round,0.33,Very Good,G,IF,VG,VG,1.0,GIA,63.2,56.0,None,None,2008-12-10,970.0,6.877296071497429,-1.1086626245216111
Round,0.38,Ideal,G,VVS1,G,G,1.01,GIA,62.1,56.0,Medium,None,2008-12-10,970.0,6.877296071497429,-0.9675840262617056
Round,0.42,Very Good,G,VVS2,EX,EX,1.01,GIA,63.2,55.0,None,None,2008-12-17,970.0,6.877296071497429,-0.8675005677047231
Round,0.48,Ideal,G,SI1,EX,EX,1.01,GIA,62.4,57.0,None,None,2008-12-10,971.0,6.878326468291325,-0.7339691750802004
Round,0.31,Ideal,D,VVS1,EX,VG,1.01,GIA,60.4,59.0,None,None,2008-12-09,989.0,6.8966943316227125,-1.171182981502945
Princess,0.41,Fair,D,VVS1,G,VG,1.05,GIA,83.2,75.0,None,None,2008-12-09,989.0,6.8966943316227125,-0.8915981192837836
Princess,0.51,Good,D,VS2,EX,EX,1.03,GIA,76.2,73.0,Strong Blue,None,2008-12-09,989.0,6.8966943316227125,-0.6733445532637656
Round,0.37,Ideal,D,VS1,EX,VG,1.01,GIA,62.0,58.0,None,None,2008-12-11,990.0,6.897704943128636,-0.9942522733438669
Emerald,0.38,Good,D,VS1,VG,G,1.39,GIA,69.0,73.0,None,None,2008-12-09,990.0,6.897704943128636,-0.9675840262617056
Round,0.47,Very Good,D,SI1,EX,EX,1.0,GIA,63.5,55.0,None,None,2008-12-09,990.0,6.897704943128636,-0.7550225842780328
Round,0.31,Ideal,D,VVS1,EX,EX,1.0,GIA,62.0,55.0,None,None,2008-12-17,991.0,6.898714534329988,-1.171182981502945
Round,0.4,Ideal,D,VS2,EX,EX,1.01,GIA,61.5,56.0,Medium,None,2008-12-09,991.0,6.898714534329988,-0.916290731874155
Princess,0.5,Good,D,SI1,EX,VG,1.02,GIA,77.6,77.0,None,None,2008-12-09,991.0,6.898714534329988,-0.6931471805599453
Princess,0.56,Very Good,D,SI1,EX,VG,1.02,GIA,71.5,72.0,None,None,2008-12-10,991.0,6.898714534329988,-0.579818495252942
Princess,0.5,Good,D,VS1,G,G,1.05,GIA,67.3,82.0,None,None,2008-12-09,992.0,6.899723107284872,-0.6931471805599453
Round,0.37,Ideal,D,VVS2,EX,EX,1.01,GIA,62.7,56.0,Medium Blue,None,2008-12-11,993.0,6.900730664045173,-0.9942522733438669
Round,0.4,Very Good,D,VS1,VG,VG,1.01,GIA,63.5,58.0,Medium Blue,None,2008-12-11,993.0,6.900730664045173,-0.916290731874155
Princess,0.5,Good,D,VS2,EX,VG,1.02,GIA,76.8,71.0,None,None,2008-12-09,993.0,6.900730664045173,-0.6931471805599453
Princess,0.51,Good,D,SI1,EX,VG,1.05,GIA,77.9,73.0,None,None,2008-12-09,993.0,6.900730664045173,-0.6733445532637656
Round,0.4,Ideal,F,VS1,EX,EX,1.01,GIA,60.0,60.0,None,None,2008-12-12,994.0,6.901737206656574,-0.916290731874155
Round,0.4,Ideal,F,VS1,EX,EX,1.01,GIA,62.1,57.0,None,None,2008-12-12,994.0,6.901737206656574,-0.916290731874155
Princess,0.4,Very Good,D,VVS1,EX,VG,1.03,GIA,74.7,74.0,None,None,2008-12-09,994.0,6.901737206656574,-0.916290731874155
Round,0.5,Very Good,D,SI2,EX,VG,1.01,GIA,63.7,56.0,None,None,2008-12-10,994.0,6.901737206656574,-0.6931471805599453
Round,0.5,Very Good,D,SI2,VG,EX,1.01,GIA,63.1,57.0,None,None,2008-12-10,994.0,6.901737206656574,-0.6931471805599453
Round,0.51,Very Good,D,SI2,VG,VG,1.01,GIA,64.1,55.0,None,None,2008-12-09,994.0,6.901737206656574,-0.6733445532637656
Round,0.53,Very Good,F,SI2,VG,VG,1.01,GIA,62.3,57.0,Faint,None,2008-12-12,994.0,6.901737206656574,-0.6348782724359695
Round,0.53,Good,D,SI2,G,G,1.01,GIA,54.3,65.0,None,None,2008-12-09,994.0,6.901737206656574,-0.6348782724359695
Princess,0.57,Very Good,F,SI1,EX,VG,1.03,GIA,66.1,72.0,None,None,2008-12-10,994.0,6.901737206656574,-0.5621189181535413
Round,0.3,Ideal,F,IF,EX,EX,1.01,GIA,60.4,59.0,Faint,None,2008-12-11,995.0,6.902742737158593,-1.2039728043259361
Round,0.4,Ideal,F,VS1,EX,VG,1.01,GIA,62.4,56.0,None,Very Small,2008-12-11,995.0,6.902742737158593,-0.916290731874155
Round,0.4,Ideal,F,VS1,EX,VG,1.0,GIA,62.4,57.0,None,None,2008-12-11,995.0,6.902742737158593,-0.916290731874155
Round,0.41,Very Good,F,VS1,EX,EX,1.01,GIA,60.6,56.0,None,None,2008-12-17,995.0,6.902742737158593,-0.8915981192837836
Round,0.44,Ideal,F,VS2,EX,EX,1.01,GIA,61.3,55.0,None,None,2008-12-17,995.0,6.902742737158593,-0.8209805520698302
Round,0.44,Ideal,F,VS2,EX,EX,1.01,GIA,61.4,56.0,Faint,None,2008-12-17,995.0,6.902742737158593,-0.8209805520698302
Round,0.44,Ideal,F,VS2,EX,EX,1.01,GIA,61.5,55.0,None,None,2008-12-17,995.0,6.902742737158593,-0.8209805520698302
Round,0.44,Ideal,F,VS2,EX,EX,1.0,GIA,61.9,56.0,None,None,2008-12-17,995.0,6.902742737158593,-0.8209805520698302
Round,0.5,Very Good,F,SI2,EX,EX,1.01,GIA,59.2,58.0,None,None,2008-12-10,995.0,6.902742737158593,-0.6931471805599453
Round,0.5,Very Good,F,SI2,EX,EX,1.01,GIA,63.0,59.0,None,None,2008-12-10,995.0,6.902742737158593,-0.6931471805599453
Round,0.51,Very Good,F,SI2,VG,G,1.01,GIA,62.9,57.0,Medium,None,2008-12-10,996.0,6.903747257584598,-0.6733445532637656
Princess,0.52,Very Good,F,VS2,EX,VG,1.01,GIA,72.1,70.0,Medium Blue,None,2008-12-10,996.0,6.903747257584598,-0.6539264674066639
Round,0.54,Very Good,F,SI2,G,VG,1.01,GIA,63.5,57.0,None,None,2008-12-12,996.0,6.903747257584598,-0.616186139423817
Princess,0.42,Very Good,F,IF,EX,EX,1.03,GIA,70.9,69.0,None,None,2008-12-10,997.0,6.904750769961838,-0.8675005677047231
Princess,0.52,Very Good,F,VS2,VG,VG,1.03,GIA,73.6,71.0,None,None,2008-12-11,998.0,6.905753276311464,-0.6539264674066639
Princess,0.53,Very Good,E,SI1,EX,EX,1.0,GIA,72.4,71.0,None,None,2008-12-10,1004.0,6.911747300251674,-0.6348782724359695
Round,0.3,Ideal,E,IF,EX,EX,1.01,GIA,61.0,59.0,None,None,2008-12-12,1005.0,6.912742820493176,-1.2039728043259361
Round,0.4,Very Good,E,VS1,G,VG,1.0,GIA,60.0,60.0,None,None,2008-12-10,1005.0,6.912742820493176,-0.916290731874155
Emerald,0.5,Very Good,E,SI1,VG,VG,1.35,GIA,63.5,68.0,None,None,2008-12-10,1005.0,6.912742820493176,-0.6931471805599453
Princess,0.51,Good,E,VS2,VG,VG,1.04,GIA,76.9,71.0,None,None,2008-12-10,1005.0,6.912742820493176,-0.6733445532637656
Princess,0.51,Good,E,VS2,EX,VG,1.04,GIA,75.1,69.0,None,None,2008-12-10,1005.0,6.912742820493176,-0.6733445532637656
Princess,0.51,Good,E,VS2,EX,VG,1.04,GIA,75.1,69.0,None,None,2008-12-10,1005.0,6.912742820493176,-0.6733445532637656
Princess,0.52,Good,E,VS2,G,G,1.03,GIA,71.6,81.0,None,None,2008-12-10,1005.0,6.912742820493176,-0.6539264674066639
Princess,0.5,Very Good,E,VS1,VG,G,1.03,GIA,74.3,77.0,None,None,2008-12-10,1006.0,6.913737350659685,-0.6931471805599453
Princess,0.5,Good,E,VS1,VG,VG,1.04,GIA,79.1,72.0,None,None,2008-12-10,1006.0,6.913737350659685,-0.6931471805599453
Princess,0.5,Very Good,E,VS1,EX,VG,1.04,GIA,71.6,77.0,Faint,None,2008-12-10,1006.0,6.913737350659685,-0.6931471805599453
Princess,0.5,Good,E,VS1,VG,VG,1.0,GIA,71.3,80.0,None,None,2008-12-10,1006.0,6.913737350659685,-0.6931471805599453
Round,0.41,Ideal,E,VS2,EX,EX,1.01,GIA,61.0,59.0,None,None,2008-12-10,1007.0,6.914730892718563,-0.8915981192837836
Round,0.43,Ideal,G,VS2,EX,EX,1.01,GIA,61.7,55.0,None,None,2008-12-10,1007.0,6.914730892718563,-0.843970070294529
Round,0.5,Very Good,G,SI1,VG,VG,1.01,GIA,59.5,58.0,None,None,2008-12-12,1007.0,6.914730892718563,-0.6931471805599453
Round,0.5,Very Good,G,SI1,EX,VG,1.01,GIA,62.5,58.0,None,None,2008-12-12,1007.0,6.914730892718563,-0.6931471805599453
Round,0.5,Very Good,G,SI1,EX,VG,1.01,GIA,61.9,56.0,None,None,2008-12-12,1007.0,6.914730892718563,-0.6931471805599453
Round,0.5,Very Good,G,SI1,EX,VG,1.01,GIA,60.3,56.0,None,None,2008-12-12,1007.0,6.914730892718563,-0.6931471805599453
Round,0.5,Very Good,G,SI1,VG,EX,1.01,GIA,62.2,58.0,None,None,2008-12-12,1007.0,6.914730892718563,-0.6931471805599453
Round,0.5,Very Good,G,SI1,VG,VG,1.01,GIA,59.5,59.0,None,None,2008-12-12,1007.0,6.914730892718563,-0.6931471805599453
Round,0.5,Very Good,G,SI1,VG,EX,1.01,GIA,63.5,58.0,None,None,2008-12-12,1007.0,6.914730892718563,-0.6931471805599453
Round,0.5,Very Good,G,SI1,EX,EX,1.01,GIA,63.0,54.0,None,None,2008-12-10,1007.0,6.914730892718563,-0.6931471805599453
Round,0.5,Very Good,G,SI1,VG,VG,1.02,GIA,63.7,57.0,None,None,2008-12-12,1007.0,6.914730892718563,-0.6931471805599453
Round,0.5,Very Good,G,SI1,VG,VG,1.01,GIA,59.9,60.0,None,None,2008-12-12,1007.0,6.914730892718563,-0.6931471805599453
Round,0.5,Very Good,G,SI1,EX,VG,1.01,GIA,61.5,57.0,None,None,2008-12-12,1007.0,6.914730892718563,-0.6931471805599453
Round,0.5,Very Good,G,SI1,VG,VG,1.0,GIA,63.0,60.0,None,None,2008-12-12,1007.0,6.914730892718563,-0.6931471805599453
Round,0.5,Very Good,G,SI1,VG,VG,1.01,GIA,58.3,62.0,None,None,2008-12-12,1007.0,6.914730892718563,-0.6931471805599453
Round,0.5,Very Good,G,SI1,VG,VG,1.02,GIA,63.3,58.0,None,None,2008-12-12,1007.0,6.914730892718563,-0.6931471805599453
Round,0.5,Very Good,G,SI1,VG,VG,1.0,GIA,60.2,56.0,None,None,2008-12-12,1007.0,6.914730892718563,-0.6931471805599453
Round,0.5,Good,E,SI2,VG,VG,1.01,GIA,62.7,61.0,None,None,2008-12-10,1008.0,6.915723448631314,-0.6931471805599453
Princess,0.52,Very Good,E,VS2,VG,VG,1.0,GIA,69.0,74.0,Medium Blue,None,2008-12-10,1008.0,6.915723448631314,-0.6539264674066639
Princess,0.52,Very Good,E,VS2,VG,VG,1.03,GIA,74.7,73.0,None,None,2008-12-10,1008.0,6.915723448631314,-0.6539264674066639
Princess,0.52,Very Good,E,VS2,EX,VG,1.04,GIA,73.3,74.0,None,None,2008-12-10,1008.0,6.915723448631314,-0.6539264674066639
Round,0.36,Good,E,VVS1,VG,EX,1.0,GIA,61.2,56.0,None,None,2008-12-10,1009.0,6.9167150203536085,-1.0216512475319814
Round,0.5,Fair,E,SI2,EX,VG,1.01,GIA,57.1,59.0,Medium Blue,None,2008-12-10,1009.0,6.9167150203536085,-0.6931471805599453
Princess,0.52,Very Good,G,VS1,VG,VG,1.02,GIA,72.0,70.0,None,None,2008-12-10,1009.0,6.9167150203536085,-0.6539264674066639
Princess,0.53,Good,G,VS1,VG,VG,1.07,GIA,76.3,68.0,Faint,None,2008-12-10,1009.0,6.9167150203536085,-0.6348782724359695
Emerald,0.45,Very Good,G,VVS1,EX,G,1.54,GIA,67.7,63.0,None,None,2008-12-17,1010.0,6.917705609835305,-0.7985076962177716
Round,0.4,Very Good,E,VS1,VG,G,1.01,GIA,63.1,56.0,None,None,2008-12-10,1030.0,6.937314081223682,-0.916290731874155
Round,0.41,Ideal,E,VS2,EX,VG,1.01,GIA,61.7,58.0,None,None,2008-12-10,1030.0,6.937314081223682,-0.8915981192837836
Round,0.41,Ideal,E,VS2,VG,EX,1.0,GIA,61.0,59.0,None,None,2008-12-10,1030.0,6.937314081223682,-0.8915981192837836
Round,0.46,Very Good,E,VS2,EX,EX,1.01,GIA,57.9,61.0,None,None,2008-12-12,1030.0,6.937314081223682,-0.7765287894989963
Round,0.4,Very Good,E,VS2,EX,EX,1.01,GIA,63.4,54.0,Medium,None,2008-12-17,1031.0,6.93828448401696,-0.916290731874155
Round,0.41,Very Good,E,VS1,VG,VG,1.0,GIA,60.8,62.0,Medium,None,2008-12-10,1031.0,6.93828448401696,-0.8915981192837836
Round,0.5,Very Good,E,SI2,VG,VG,1.0,GIA,63.5,58.0,Medium,None,2008-12-10,1031.0,6.93828448401696,-0.6931471805599453
Princess,0.5,Very Good,E,VS1,VG,VG,1.02,GIA,72.8,71.0,None,None,2008-12-10,1031.0,6.93828448401696,-0.6931471805599453
Princess,0.5,Very Good,E,VS1,VG,VG,1.05,GIA,74.2,71.0,None,None,2008-12-10,1031.0,6.93828448401696,-0.6931471805599453
Princess,0.5,Very Good,E,VS1,VG,VG,1.0,GIA,74.2,73.0,None,None,2008-12-10,1031.0,6.93828448401696,-0.6931471805599453
Round,0.5,Very Good,E,SI2,VG,VG,1.01,GIA,62.6,60.0,None,None,2008-12-10,1031.0,6.93828448401696,-0.6931471805599453
Round,0.5,Very Good,E,SI2,VG,VG,1.01,GIA,61.7,61.0,None,None,2008-12-18,1031.0,6.93828448401696,-0.6931471805599453
Princess,0.5,Very Good,E,VS1,VG,VG,1.03,GIA,73.9,75.0,None,None,2008-12-10,1031.0,6.93828448401696,-0.6931471805599453
Princess,0.5,Very Good,E,VS1,EX,VG,1.04,GIA,70.2,77.0,Faint,None,2008-12-10,1031.0,6.93828448401696,-0.6931471805599453
Princess,0.5,Very Good,E,VS1,VG,VG,1.05,GIA,69.2,72.0,None,None,2008-12-10,1031.0,6.93828448401696,-0.6931471805599453
Princess,0.5,Very Good,E,VS1,VG,VG,1.04,GIA,67.6,75.0,None,None,2008-12-10,1031.0,6.93828448401696,-0.6931471805599453
Princess,0.5,Very Good,E,VS1,VG,VG,1.05,GIA,71.4,73.0,None,None,2008-12-10,1031.0,6.93828448401696,-0.6931471805599453
Princess,0.5,Very Good,E,VS1,VG,VG,1.04,GIA,66.2,72.0,None,None,2008-12-10,1031.0,6.93828448401696,-0.6931471805599453
Princess,0.5,Very Good,E,VS1,VG,VG,1.04,GIA,71.7,75.0,None,None,2008-12-10,1031.0,6.93828448401696,-0.6931471805599453
Round,0.4,Very Good,D,VS1,VG,VG,1.01,GIA,63.2,60.0,Medium,None,2008-12-10,1033.0,6.940222469119639,-0.916290731874155
Round,0.57,Very Good,G,SI2,VG,VG,1.01,GIA,60.7,58.0,Faint,None,2008-12-10,1033.0,6.940222469119639,-0.5621189181535413
Round,0.5,Very Good,G,SI1,G,VG,1.01,GIA,62.7,56.0,None,None,2008-12-10,1034.0,6.9411900550683745,-0.6931471805599453
Round,0.5,Very Good,G,SI1,EX,G,1.01,GIA,60.1,60.0,None,None,2008-12-10,1034.0,6.9411900550683745,-0.6931471805599453
Round,0.51,Very Good,D,SI2,EX,VG,1.01,GIA,57.5,61.0,None,Very Small,2008-12-09,1034.0,6.9411900550683745,-0.6733445532637656
Round,0.41,Signature-Ideal,G,VS2,EX,EX,1.01,GIA,61.8,57.0,None,None,2008-12-10,1035.0,6.942156705699469,-0.8915981192837836
Princess,0.45,Signature-Ideal,D,VS2,EX,EX,1.0,GIA,69.9,69.0,None,None,2008-12-09,1035.0,6.942156705699469,-0.7985076962177716
Princess,0.52,Very Good,G,VVS2,EX,VG,1.02,GIA,70.0,70.0,None,None,2008-12-11,1035.0,6.942156705699469,-0.6539264674066639
Princess,0.57,Very Good,D,SI1,VG,VG,1.04,GIA,72.9,69.0,None,None,2008-12-10,1035.0,6.942156705699469,-0.5621189181535413
Emerald,0.43,Good,G,IF,EX,VG,1.46,GIA,70.1,62.0,None,None,2008-12-10,1036.0,6.943122422819428,-0.843970070294529
Round,0.35,Very Good,D,VVS1,VG,VG,1.01,GIA,61.9,58.0,None,None,2008-12-11,1037.0,6.9440872082295275,-1.0498221244986778
Round,0.4,Ideal,G,VVS2,VG,VG,1.01,GIA,62.0,56.0,None,None,2008-12-11,1037.0,6.9440872082295275,-0.916290731874155
Round,0.46,Ideal,G,VS2,EX,EX,1.01,GIA,62.4,53.0,None,None,2008-12-10,1037.0,6.9440872082295275,-0.7765287894989963
Round,0.46,Ideal,D,SI1,ID,ID,1.0,AGSL,61.6,56.0,None,None,2008-12-09,1037.0,6.9440872082295275,-0.7765287894989963
Round,0.46,Ideal,D,SI1,ID,ID,1.01,AGSL,62.0,55.0,None,None,2008-12-09,1037.0,6.9440872082295275,-0.7765287894989963
Round,0.46,Ideal,D,SI1,ID,ID,1.01,AGSL,62.5,54.0,None,None,2008-12-09,1037.0,6.9440872082295275,-0.7765287894989963
Round,0.46,Ideal,D,SI1,ID,ID,1.0,AGSL,62.0,55.0,None,None,2008-12-09,1037.0,6.9440872082295275,-0.7765287894989963
Round,0.51,Very Good,D,SI2,G,VG,1.01,GIA,61.5,59.0,Strong,None,2008-12-10,1037.0,6.9440872082295275,-0.6733445532637656
Princess,0.55,Very Good,G,VS2,VG,VG,1.02,GIA,72.5,72.0,None,None,2008-12-10,1037.0,6.9440872082295275,-0.5978370007556204
Princess,0.57,Good,G,VS2,VG,VG,1.04,GIA,75.1,73.0,Faint,None,2008-12-10,1037.0,6.9440872082295275,-0.5621189181535413
Round,0.37,Ideal,G,IF,ID,ID,1.01,AGSL,62.2,55.0,None,Pointed,2008-12-10,1038.0,6.945051063725834,-0.9942522733438669
Round,0.37,Ideal,G,IF,ID,ID,1.0,AGSL,61.9,54.0,None,Pointed,2008-12-10,1038.0,6.945051063725834,-0.9942522733438669
Round,0.41,Very Good,D,VS2,VG,VG,1.01,GIA,59.2,58.0,Medium,None,2008-12-10,1038.0,6.945051063725834,-0.8915981192837836
Princess,0.47,Signature-Ideal,G,SI1,EX,EX,1.05,GIA,67.7,73.0,None,None,2008-12-10,1038.0,6.945051063725834,-0.7550225842780328
Round,0.5,Very Good,D,SI2,EX,G,1.01,GIA,59.7,60.0,None,None,2008-12-09,1038.0,6.945051063725834,-0.6931471805599453
Princess,0.51,Very Good,G,VVS2,VG,G,1.02,GIA,74.1,72.0,None,None,2008-12-10,1038.0,6.945051063725834,-0.6733445532637656
Princess,0.51,Good,G,VS1,VG,G,1.01,GIA,76.2,77.0,None,None,2008-12-10,1038.0,6.945051063725834,-0.6733445532637656
Princess,0.51,Good,G,VS1,EX,VG,1.01,GIA,75.5,73.0,None,None,2008-12-10,1038.0,6.945051063725834,-0.6733445532637656
Round,0.4,Very Good,D,VS1,EX,VG,1.01,GIA,59.9,57.0,Medium,None,2008-12-09,1039.0,6.946013991099227,-0.916290731874155
Round,0.5,Very Good,D,SI2,VG,VG,1.01,GIA,60.4,62.0,Medium Blue,None,2008-12-11,1039.0,6.946013991099227,-0.6931471805599453
Round,0.54,Very Good,D,SI2,G,VG,1.0,GIA,58.5,62.0,Strong Blue,None,2008-12-11,1039.0,6.946013991099227,-0.616186139423817
Round,0.6,Good,G,SI2,VG,VG,1.01,GIA,62.1,61.0,None,None,2008-12-12,1039.0,6.946013991099227,-0.5108256237659907
Round,0.4,Very Good,D,VS2,VG,EX,1.01,GIA,63.7,58.0,None,None,2008-12-10,1040.0,6.946975992135418,-0.916290731874155
Round,0.4,Ideal,D,VS2,VG,VG,1.01,GIA,62.0,58.0,None,None,2008-12-09,1040.0,6.946975992135418,-0.916290731874155
Round,0.4,Ideal,D,VS2,VG,EX,1.01,GIA,61.7,59.0,None,None,2008-12-09,1040.0,6.946975992135418,-0.916290731874155
Emerald,0.42,Very Good,G,VVS1,G,G,1.47,GIA,64.8,69.0,None,None,2008-12-10,1040.0,6.946975992135418,-0.8675005677047231
Round,0.42,Very Good,G,VVS2,VG,G,1.0,GIA,63.2,58.0,None,None,2008-12-11,1040.0,6.946975992135418,-0.8675005677047231
Princess,0.52,Very Good,D,SI1,EX,VG,1.03,GIA,71.8,74.0,None,None,2008-12-09,1040.0,6.946975992135418,-0.6539264674066639
Princess,0.59,Very Good,D,SI2,EX,EX,1.0,GIA,74.2,72.0,Medium Blue,None,2008-12-09,1041.0,6.947937068614969,-0.527632742082372
Round,0.37,Very Good,F,VVS1,G,G,1.01,GIA,60.1,59.0,None,None,2008-12-12,1045.0,6.951772164398911,-0.9942522733438669
Round,0.52,Very Good,F,SI2,EX,EX,1.0,GIA,62.4,56.0,None,None,2008-12-10,1045.0,6.951772164398911,-0.6539264674066639
Princess,0.49,Very Good,F,VS1,VG,VG,1.06,GIA,68.7,76.0,None,None,2008-12-11,1046.0,6.952728644624869,-0.7133498878774648
Princess,0.51,Very Good,F,VS2,VG,VG,1.02,GIA,73.1,67.0,None,None,2008-12-10,1046.0,6.952728644624869,-0.6733445532637656
Round,0.51,Ideal,F,SI2,EX,EX,1.01,GIA,62.4,55.0,None,None,2008-12-12,1046.0,6.952728644624869,-0.6733445532637656
Princess,0.52,Very Good,F,VS1,VG,VG,1.04,GIA,71.6,74.0,None,None,2008-12-10,1046.0,6.952728644624869,-0.6539264674066639
Princess,0.55,Very Good,F,VS2,VG,VG,1.02,GIA,72.9,70.0,None,None,2008-12-10,1046.0,6.952728644624869,-0.5978370007556204
Princess,0.55,Very Good,F,VS2,EX,VG,1.05,GIA,70.4,76.0,None,None,2008-12-10,1046.0,6.952728644624869,-0.5978370007556204
Round,0.54,Very Good,F,SI2,VG,G,1.01,GIA,63.5,56.0,None,None,2008-12-10,1047.0,6.953684210870537,-0.616186139423817
Princess,0.64,Good,F,VS2,G,G,1.03,GIA,75.4,82.0,None,None,2008-12-10,1047.0,6.953684210870537,-0.4462871026284195
Round,0.56,Very Good,F,SI2,EX,VG,1.0,GIA,62.8,59.0,Faint,None,2008-12-12,1048.0,6.954638864880987,-0.579818495252942
Round,0.4,Very Good,F,VVS2,G,VG,1.02,GIA,63.0,57.0,None,None,2008-12-11,1049.0,6.955592608396297,-0.916290731874155
Princess,0.51,Very Good,F,VS1,VG,VG,1.03,GIA,69.4,65.0,None,None,2008-12-10,1049.0,6.955592608396297,-0.6733445532637656
Round,0.35,Ideal,F,IF,VG,VG,1.01,GIA,61.7,56.0,Faint,None,2008-12-12,1050.0,6.956545443151569,-1.0498221244986778
Round,0.35,Ideal,F,IF,VG,VG,1.02,GIA,60.6,56.0,None,None,2008-12-12,1050.0,6.956545443151569,-1.0498221244986778
Round,0.43,Very Good,F,VS1,EX,EX,1.0,GIA,60.3,57.0,None,None,2008-12-11,1050.0,6.956545443151569,-0.843970070294529
Princess,0.51,Very Good,F,VS1,VG,G,1.02,GIA,73.7,68.0,None,None,2008-12-11,1050.0,6.956545443151569,-0.6733445532637656
Princess,0.53,Very Good,F,SI2,EX,VG,1.0,GIA,69.2,68.0,None,None,2008-12-10,1050.0,6.956545443151569,-0.6348782724359695
Princess,0.56,Very Good,F,SI1,EX,EX,1.02,GIA,70.7,70.0,None,None,2008-12-10,1050.0,6.956545443151569,-0.579818495252942
Round,0.5,Ideal,G,SI1,EX,EX,1.01,GIA,60.7,57.0,Strong,None,2008-12-10,1075.0,6.980075940561763,-0.6931471805599453
Round,0.5,Very Good,G,SI1,EX,VG,1.01,GIA,62.7,55.0,None,None,2008-12-10,1075.0,6.980075940561763,-0.6931471805599453
Round,0.5,Very Good,G,SI1,VG,VG,1.01,GIA,59.6,59.0,None,None,2008-12-10,1075.0,6.980075940561763,-0.6931471805599453
Round,0.5,Very Good,G,SI1,VG,EX,1.0,GIA,62.5,58.0,None,None,2008-12-10,1075.0,6.980075940561763,-0.6931471805599453
Round,0.5,Very Good,G,SI1,VG,VG,1.01,GIA,60.1,56.0,None,None,2008-12-10,1075.0,6.980075940561763,-0.6931471805599453
Round,0.5,Very Good,G,SI1,VG,EX,1.01,GIA,63.4,58.0,None,None,2008-12-10,1075.0,6.980075940561763,-0.6931471805599453
Round,0.4,Ideal,G,VVS1,EX,VG,1.01,GIA,60.9,56.0,None,None,2008-12-12,1076.0,6.98100574072173,-0.916290731874155
Round,0.4,Ideal,G,VVS1,VG,VG,1.01,GIA,61.3,56.0,None,None,2008-12-12,1076.0,6.98100574072173,-0.916290731874155
Round,0.4,Ideal,G,VVS1,VG,VG,1.01,GIA,62.0,56.0,None,None,2008-12-12,1076.0,6.98100574072173,-0.916290731874155
Round,0.51,Ideal,G,SI1,EX,EX,1.0,GIA,60.8,58.0,None,None,2008-12-12,1076.0,6.98100574072173,-0.6733445532637656
Round,0.52,Ideal,G,SI1,VG,VG,1.0,GIA,62.2,56.0,Strong Blue,None,2008-12-17,1076.0,6.98100574072173,-0.6539264674066639
Round,0.55,Very Good,G,SI2,VG,G,1.01,GIA,62.6,55.0,None,None,2008-12-11,1076.0,6.98100574072173,-0.5978370007556204
Princess,0.53,Very Good,G,VVS2,VG,G,1.01,GIA,73.7,72.0,None,None,2008-12-10,1077.0,6.981934677156389,-0.6348782724359695
Emerald,0.37,Fair,G,IF,G,VG,1.44,GIA,76.3,67.0,None,None,2008-12-10,1079.0,6.983789965258135,-0.9942522733438669
Round,0.56,Ideal,G,SI2,ID,ID,1.01,AGSL,62.4,55.0,None,Pointed,2008-12-10,1079.0,6.983789965258135,-0.579818495252942
Round,0.61,Ideal,G,SI2,EX,VG,1.02,GIA,61.0,58.0,None,None,2008-12-12,1079.0,6.983789965258135,-0.4942963218147801
Round,0.62,Very Good,G,SI2,VG,VG,1.01,GIA,63.8,58.0,None,None,2008-12-12,1080.0,6.984716320118266,-0.4780358009429998
Round,0.37,Very Good,G,IF,EX,EX,1.03,GIA,60.8,58.0,None,None,2008-12-10,1082.0,6.9865664594064265,-0.9942522733438669
Round,0.41,Very Good,G,VVS1,EX,VG,1.01,GIA,60.3,54.0,Medium,None,2008-12-10,1082.0,6.9865664594064265,-0.8915981192837836
Round,0.5,Very Good,H,VS2,EX,EX,1.0,GIA,62.5,57.0,Medium Blue,None,2008-12-17,1128.0,7.028201432058005,-0.6931471805599453
Round,0.45,Signature-Ideal,H,VS1,EX,EX,1.0,GIA,61.7,56.0,None,None,2008-12-10,1129.0,7.029087564149662,-0.7985076962177716
Round,0.51,Ideal,H,SI1,EX,EX,1.01,GIA,61.8,55.0,None,None,2008-12-17,1129.0,7.029087564149662,-0.6733445532637656
Princess,0.54,Very Good,H,VVS1,EX,VG,1.04,GIA,74.5,69.0,None,None,2008-12-10,1129.0,7.029087564149662,-0.616186139423817
Round,0.5,Very Good,H,SI1,VG,VG,1.0,GIA,62.4,59.0,Faint Blue,None,2008-12-11,1130.0,7.029972911706386,-0.6931471805599453
Emerald,0.57,Very Good,H,SI1,VG,VG,1.33,GIA,66.6,68.0,None,Small,2008-12-10,1130.0,7.029972911706386,-0.5621189181535413
Princess,0.63,Very Good,H,SI2,VG,VG,1.0,GIA,72.5,72.0,None,None,2008-12-10,1130.0,7.029972911706386,-0.4620354595965587
Round,0.5,Very Good,H,VS2,EX,VG,1.01,GIA,64.4,54.0,None,Very Small,2008-12-10,1131.0,7.030857476116121,-0.6931471805599453
Round,0.5,Very Good,H,VS2,EX,VG,1.01,GIA,63.0,56.0,None,None,2008-12-10,1131.0,7.030857476116121,-0.6931471805599453
Round,0.5,Very Good,H,VS2,EX,VG,1.01,GIA,63.3,54.0,None,None,2008-12-10,1131.0,7.030857476116121,-0.6931471805599453
Round,0.5,Very Good,H,VS2,VG,VG,1.01,GIA,63.9,56.0,None,None,2008-12-10,1131.0,7.030857476116121,-0.6931471805599453
Round,0.5,Very Good,H,VS2,G,VG,1.01,GIA,60.1,64.0,None,None,2008-12-12,1131.0,7.030857476116121,-0.6931471805599453
Round,0.5,Good,H,VS2,EX,VG,1.01,GIA,66.5,58.0,None,None,2008-12-12,1132.0,7.0317412587631285,-0.6931471805599453
Round,0.5,Good,H,VS2,EX,VG,1.01,GIA,64.9,61.0,None,None,2008-12-12,1132.0,7.0317412587631285,-0.6931471805599453
Princess,0.58,Good,H,VS1,VG,VG,1.01,GIA,75.5,72.0,None,None,2008-12-10,1132.0,7.0317412587631285,-0.5447271754416722
Princess,0.57,Good,H,VVS2,EX,G,1.01,GIA,78.2,69.0,None,None,2008-12-10,1133.0,7.0326242610280065,-0.5621189181535413
Round,0.51,Ideal,H,SI1,EX,EX,1.01,GIA,62.6,55.0,None,None,2008-12-10,1134.0,7.033506484287697,-0.6733445532637656
Princess,0.57,Good,H,VVS1,EX,G,1.02,GIA,79.0,73.0,None,None,2008-12-10,1134.0,7.033506484287697,-0.5621189181535413
Round,0.42,Ideal,F,VVS2,EX,EX,1.0,GIA,61.7,56.0,Very Strong,None,2008-12-10,1135.0,7.034387929915503,-0.8675005677047231
Round,0.42,Ideal,F,VVS2,EX,EX,1.01,GIA,61.3,56.0,Strong,None,2008-12-10,1135.0,7.034387929915503,-0.8675005677047231
Round,0.4,Ideal,F,VS1,EX,EX,1.01,GIA,60.2,59.0,Medium,None,2008-12-11,1136.0,7.035268599281097,-0.916290731874155
Round,0.4,Ideal,E,VVS2,EX,VG,1.01,GIA,59.1,59.0,None,None,2008-12-10,1136.0,7.035268599281097,-0.916290731874155
Round,0.4,Ideal,E,VVS2,VG,VG,1.01,GIA,61.1,60.0,None,None,2008-12-10,1136.0,7.035268599281097,-0.916290731874155
Round,0.42,Ideal,F,VS1,EX,EX,1.01,GIA,62.2,54.0,None,None,2008-12-10,1136.0,7.035268599281097,-0.8675005677047231
Princess,0.5,Good,F,VVS2,VG,VG,1.05,GIA,75.5,73.0,None,None,2008-12-10,1136.0,7.035268599281097,-0.6931471805599453
Round,0.57,Very Good,H,SI2,VG,VG,1.01,GIA,58.8,60.0,None,None,2008-12-11,1136.0,7.035268599281097,-0.5621189181535413
Round,0.59,Very Good,F,SI2,EX,VG,1.01,GIA,58.5,61.0,None,None,2008-12-10,1136.0,7.035268599281097,-0.527632742082372
Princess,0.63,Very Good,F,SI1,VG,G,1.11,GIA,66.1,75.0,None,None,2008-12-10,1136.0,7.035268599281097,-0.4620354595965587
Round,0.36,Ideal,F,IF,VG,EX,1.01,GIA,59.7,58.0,None,None,2008-12-12,1137.0,7.036148493750536,-1.0216512475319814
Round,0.4,Ideal,F,VS1,VG,VG,1.01,GIA,62.7,57.0,None,None,2008-12-10,1137.0,7.036148493750536,-0.916290731874155
Round,0.4,Ideal,F,VS1,EX,EX,1.01,GIA,62.2,55.0,None,None,2008-12-10,1137.0,7.036148493750536,-0.916290731874155
Round,0.4,Ideal,F,VS1,EX,EX,1.0,GIA,62.2,55.0,None,None,2008-12-10,1137.0,7.036148493750536,-0.916290731874155
Round,0.41,Ideal,F,VS1,VG,EX,1.01,GIA,61.6,58.0,None,None,2008-12-10,1137.0,7.036148493750536,-0.8915981192837836
Princess,0.5,Signature-Ideal,E,SI1,EX,VG,1.04,GIA,66.2,71.0,None,None,2008-12-10,1137.0,7.036148493750536,-0.6931471805599453
Princess,0.57,Very Good,H,VVS2,EX,VG,1.02,GIA,70.5,68.0,None,None,2008-12-10,1137.0,7.036148493750536,-0.5621189181535413
Round,0.41,Ideal,E,VVS2,VG,VG,1.01,GIA,59.3,60.0,None,None,2008-12-11,1138.0,7.037027614686276,-0.8915981192837836
Princess,0.49,Good,F,IF,VG,G,1.02,GIA,76.4,74.0,None,None,2008-12-10,1138.0,7.037027614686276,-0.7133498878774648
Emerald,0.55,Very Good,E,SI1,EX,G,1.39,GIA,63.2,67.0,Faint,Small,2008-12-10,1138.0,7.037027614686276,-0.5978370007556204
Round,0.41,Ideal,F,VVS2,EX,VG,1.01,GIA,62.5,57.0,Faint,None,2008-12-11,1139.0,7.037905963447182,-0.8915981192837836
Round,0.43,Very Good,F,VS1,VG,VG,1.01,GIA,63.4,56.0,None,None,2008-12-10,1139.0,7.037905963447182,-0.843970070294529
Round,0.44,Very Good,F,VVS2,EX,VG,1.01,GIA,59.9,62.0,None,None,2008-12-11,1139.0,7.037905963447182,-0.8209805520698302
Princess,0.51,Very Good,F,VVS2,VG,VG,1.02,GIA,71.9,72.0,None,None,2008-12-10,1139.0,7.037905963447182,-0.6733445532637656
Princess,0.52,Very Good,F,VVS2,EX,VG,1.0,GIA,74.6,72.0,None,None,2008-12-10,1139.0,7.037905963447182,-0.6539264674066639
Princess,0.52,Good,E,VVS2,G,VG,1.05,GIA,68.5,79.0,None,None,2008-12-10,1140.0,7.038783541388542,-0.6539264674066639
Princess,0.55,Very Good,E,VS2,VG,VG,1.04,GIA,70.7,70.0,None,None,2008-12-10,1140.0,7.038783541388542,-0.5978370007556204
Round,0.47,Ideal,E,VS2,EX,VG,1.01,GIA,61.5,57.0,None,None,2008-12-10,1141.0,7.039660349862076,-0.7550225842780328
Round,0.4,Ideal,E,VS1,EX,EX,1.01,GIA,60.4,56.0,None,None,2008-12-10,1142.0,7.040536390215956,-0.916290731874155
Round,0.4,Ideal,E,VS1,EX,EX,1.01,GIA,61.9,55.0,None,None,2008-12-10,1142.0,7.040536390215956,-0.916290731874155
Round,0.4,Ideal,E,VS1,EX,EX,1.01,GIA,61.3,60.0,None,None,2008-12-10,1142.0,7.040536390215956,-0.916290731874155
Round,0.58,Very Good,E,SI2,EX,EX,1.01,GIA,63.1,58.0,Strong,None,2008-12-11,1142.0,7.040536390215956,-0.5447271754416722
Round,0.43,Ideal,E,VVS2,EX,VG,1.01,GIA,62.4,57.0,Medium Blue,None,2008-12-12,1143.0,7.04141166379481,-0.843970070294529
Princess,0.52,Good,E,VS1,VG,G,1.02,GIA,75.1,68.0,None,None,2008-12-10,1143.0,7.04141166379481,-0.6539264674066639
Round,0.44,Ideal,E,VS2,EX,EX,1.01,GIA,61.8,57.0,None,None,2008-12-10,1144.0,7.042286171939743,-0.8209805520698302
Round,0.44,Very Good,E,VVS2,VG,G,1.01,GIA,61.5,63.0,None,None,2008-12-11,1144.0,7.042286171939743,-0.8209805520698302
Round,0.5,Ideal,E,SI2,EX,VG,1.01,GIA,62.2,58.0,None,None,2008-12-10,1144.0,7.042286171939743,-0.6931471805599453
Round,0.5,Very Good,E,SI2,EX,EX,1.01,GIA,59.2,58.0,None,None,2008-12-10,1144.0,7.042286171939743,-0.6931471805599453
Princess,0.53,Very Good,E,VS1,EX,VG,1.01,GIA,74.7,73.0,None,None,2008-12-10,1144.0,7.042286171939743,-0.6348782724359695
Round,0.59,Very Good,E,SI2,VG,VG,1.01,GIA,57.9,60.0,None,Small,2008-12-18,1144.0,7.042286171939743,-0.527632742082372
Round,0.4,Ideal,D,VS1,VG,VG,1.0,GIA,62.0,56.0,None,None,2008-12-09,1145.0,7.0431599159883405,-0.916290731874155
Round,0.4,Very Good,D,VVS2,VG,VG,1.01,GIA,62.9,59.0,Medium Blue,None,2008-12-11,1145.0,7.0431599159883405,-0.916290731874155
Princess,0.58,Good,D,SI1,EX,VG,1.02,GIA,75.1,74.0,None,None,2008-12-09,1145.0,7.0431599159883405,-0.5447271754416722
Round,0.38,Ideal,D,VVS2,EX,EX,1.01,GIA,61.9,55.0,None,None,2008-12-09,1146.0,7.044032897274685,-0.9675840262617056
Round,0.51,Ideal,D,SI2,VG,VG,1.01,GIA,62.4,57.0,None,None,2008-12-09,1146.0,7.044032897274685,-0.6733445532637656
Princess,0.52,Good,D,VS1,G,VG,1.01,GIA,76.0,78.0,None,None,2008-12-09,1149.0,7.046647277848756,-0.6539264674066639
Princess,0.59,Good,D,SI1,VG,VG,1.04,GIA,75.4,75.0,None,None,2008-12-10,1149.0,7.046647277848756,-0.527632742082372
Princess,0.5,Very Good,D,VS1,EX,G,1.04,GIA,73.5,74.0,None,None,2008-12-09,1150.0,7.047517221357296,-0.6931471805599453
Round,0.5,Very Good,D,SI2,VG,VG,1.01,GIA,64.0,54.0,None,None,2008-12-09,1150.0,7.047517221357296,-0.6931471805599453
Princess,0.5,Very Good,D,VS1,VG,G,1.05,GIA,74.6,69.0,Faint,None,2008-12-09,1150.0,7.047517221357296,-0.6931471805599453
Princess,0.5,Good,D,VS1,VG,G,1.0,GIA,75.9,67.0,None,None,2008-12-09,1150.0,7.047517221357296,-0.6931471805599453
Round,0.34,Very Good,D,VVS1,EX,EX,1.01,GIA,60.3,57.0,Faint,None,2008-12-10,1151.0,7.048386408721883,-1.0788096613719298
Princess,0.54,Very Good,D,VS2,VG,G,1.02,GIA,73.0,71.0,None,None,2008-12-09,1151.0,7.048386408721883,-0.616186139423817
Princess,0.51,Very Good,D,VS1,VG,VG,1.06,GIA,74.5,74.0,None,None,2008-12-09,1152.0,7.049254841255837,-0.6733445532637656
Round,0.4,Good,D,VVS2,VG,VG,1.01,GIA,60.8,62.0,Medium,None,2008-12-10,1153.0,7.050122520269059,-0.916290731874155
Princess,0.47,Very Good,D,VS1,EX,EX,1.01,GIA,64.6,70.0,Strong Blue,None,2008-12-09,1153.0,7.050122520269059,-0.7550225842780328
Round,0.42,Ideal,D,VS1,VG,EX,1.0,GIA,62.1,59.0,None,None,2008-12-10,1154.0,7.050989447068045,-0.8675005677047231
Round,0.42,Ideal,D,VS1,EX,VG,1.01,GIA,61.1,59.0,None,None,2008-12-10,1154.0,7.050989447068045,-0.8675005677047231
Round,0.43,Very Good,D,VS1,VG,G,1.02,GIA,58.6,64.0,None,None,2008-12-10,1154.0,7.050989447068045,-0.843970070294529
Round,0.47,Very Good,D,VS2,EX,VG,1.01,GIA,63.2,59.0,None,None,2008-12-11,1154.0,7.050989447068045,-0.7550225842780328
Round,0.61,Ideal,I,SI2,EX,VG,1.01,GIA,61.0,56.0,None,None,2008-12-11,1161.0,7.057036981697891,-0.4942963218147801
Round,0.51,Ideal,I,VS1,EX,EX,1.0,GIA,62.1,55.0,None,None,2008-12-10,1163.0,7.0587581525186645,-0.6733445532637656
Princess,0.51,Signature-Ideal,I,VVS2,EX,VG,1.02,GIA,69.4,69.0,None,None,2008-12-10,1166.0,7.061334366910438,-0.6733445532637656
Princess,0.51,Signature-Ideal,I,VVS2,EX,EX,1.01,GIA,69.2,72.0,None,None,2008-12-10,1166.0,7.061334366910438,-0.6733445532637656
Princess,0.51,Signature-Ideal,I,VVS2,EX,VG,1.02,GIA,69.8,67.0,None,None,2008-12-10,1166.0,7.061334366910438,-0.6733445532637656
Emerald,0.56,Very Good,I,IF,VG,VG,1.4,GIA,64.9,69.0,None,None,2008-12-10,1167.0,7.062191632286556,-0.579818495252942
Princess,0.52,Very Good,I,VVS1,EX,EX,1.01,GIA,64.6,78.0,None,None,2008-12-10,1169.0,7.063903961472068,-0.6539264674066639
Round,0.58,Very Good,I,VS2,EX,VG,1.01,GIA,63.3,58.0,Faint,None,2008-12-12,1169.0,7.063903961472068,-0.5447271754416722
Round,0.58,Very Good,I,VS2,VG,EX,1.01,GIA,60.1,58.0,Faint,None,2008-12-12,1169.0,7.063903961472068,-0.5447271754416722
Round,0.52,Ideal,I,VS2,EX,EX,1.01,GIA,61.5,56.0,None,None,2008-12-10,1170.0,7.064759027791802,-0.6539264674066639
Round,0.45,Signature-Ideal,I,VVS1,EX,EX,1.01,GIA,61.8,55.0,None,None,2008-12-10,1171.0,7.065613363597717,-0.7985076962177716
Princess,0.58,Very Good,I,VVS1,VG,VG,1.01,GIA,70.2,71.0,None,None,2008-12-10,1172.0,7.066466970136958,-0.5447271754416722
Princess,0.6,Very Good,I,VS1,EX,VG,1.0,GIA,72.7,75.0,None,None,2008-12-10,1172.0,7.066466970136958,-0.5108256237659907
Round,0.52,Ideal,I,VS2,EX,EX,1.01,GIA,60.8,57.0,None,None,2008-12-10,1173.0,7.067319848653476,-0.6539264674066639
Round,0.54,Ideal,I,VS2,ID,ID,1.01,AGSL,61.7,56.0,None,None,2008-12-10,1173.0,7.067319848653476,-0.616186139423817
Round,0.57,Ideal,I,SI1,VG,EX,1.0,GIA,59.9,60.0,None,None,2008-12-11,1173.0,7.067319848653476,-0.5621189181535413
Round,0.59,Ideal,I,SI1,EX,EX,1.01,GIA,60.7,58.0,None,None,2008-12-10,1173.0,7.067319848653476,-0.527632742082372
Princess,0.53,Very Good,I,IF,EX,VG,1.02,GIA,74.7,71.0,None,None,2008-12-10,1174.0,7.068172000388042,-0.6348782724359695
Princess,0.63,Good,I,VS1,VG,VG,1.02,GIA,75.3,74.0,Faint,None,2008-12-11,1174.0,7.068172000388042,-0.4620354595965587
Round,0.42,Very Good,E,VVS2,G,VG,1.0,GIA,61.5,58.0,Faint,None,2008-12-10,1181.0,7.074116816197362,-0.8675005677047231
Round,0.42,Very Good,E,VVS2,G,VG,1.01,GIA,61.7,58.0,None,None,2008-12-10,1181.0,7.074116816197362,-0.8675005677047231
Round,0.43,Ideal,E,VS1,EX,EX,1.0,GIA,62.3,55.0,None,None,2008-12-10,1181.0,7.074116816197362,-0.843970070294529
Round,0.46,Ideal,E,VS2,EX,EX,1.01,GIA,61.8,54.0,None,None,2008-12-10,1182.0,7.074963197966044,-0.7765287894989963
Princess,0.48,Signature-Ideal,E,VS1,EX,EX,1.0,GIA,69.7,68.0,None,None,2008-12-10,1182.0,7.074963197966044,-0.7339691750802004
Round,0.52,Good,E,SI2,G,G,1.01,GIA,60.5,62.0,Strong Blue,None,2008-12-10,1182.0,7.074963197966044,-0.6539264674066639
Round,0.46,Ideal,E,VS2,EX,EX,1.0,GIA,61.8,54.0,None,None,2008-12-17,1183.0,7.075808863978387,-0.7765287894989963
Princess,0.63,Very Good,E,SI1,VG,G,1.06,GIA,65.8,77.0,None,None,2008-12-10,1183.0,7.075808863978387,-0.4620354595965587
Round,0.4,Very Good,E,VVS2,EX,EX,1.01,GIA,63.7,54.0,None,None,2008-12-10,1184.0,7.076653815443951,-0.916290731874155
Princess,0.5,Good,E,VS2,EX,VG,1.05,GIA,76.0,66.0,None,None,2008-12-10,1184.0,7.076653815443951,-0.6931471805599453
Round,0.51,Ideal,E,SI2,EX,EX,1.01,GIA,61.9,58.0,None,None,2008-12-10,1184.0,7.076653815443951,-0.6733445532637656
Princess,0.52,Very Good,E,VS1,EX,VG,1.05,GIA,71.8,66.0,Medium Blue,None,2008-12-10,1184.0,7.076653815443951,-0.6539264674066639
Princess,0.52,Very Good,E,VS1,G,VG,1.0,GIA,73.6,76.0,None,None,2008-12-10,1184.0,7.076653815443951,-0.6539264674066639
Princess,0.6,Very Good,E,SI2,EX,G,1.05,GIA,73.3,71.0,None,None,2008-12-10,1184.0,7.076653815443951,-0.5108256237659907
Round,0.5,Very Good,E,SI1,EX,EX,1.01,GIA,63.3,58.0,None,None,2008-12-11,1186.0,7.078341579557671,-0.6931471805599453
Round,0.53,Good,E,SI1,G,VG,1.01,GIA,65.5,59.0,Medium Blue,None,2008-12-12,1187.0,7.079184394609668,-0.6348782724359695
Round,0.4,Very Good,E,VVS1,VG,VG,1.01,GIA,64.4,59.0,None,None,2008-12-11,1188.0,7.080026499922591,-0.916290731874155
Princess,0.56,Good,E,VS2,VG,VG,1.02,GIA,75.3,70.0,None,None,2008-12-10,1188.0,7.080026499922591,-0.579818495252942
Princess,0.49,Very Good,E,VS2,G,G,1.03,GIA,71.5,78.0,None,None,2008-12-10,1189.0,7.080867896690782,-0.7133498878774648
Princess,0.51,Good,E,VVS2,EX,VG,1.05,GIA,77.3,71.0,None,None,2008-12-11,1189.0,7.080867896690782,-0.6733445532637656
Round,0.42,Ideal,D,VS1,VG,EX,1.01,GIA,62.2,55.0,Medium,None,2008-12-09,1195.0,7.085901464365611,-0.8675005677047231
Round,0.34,Ideal,D,VVS1,EX,EX,1.01,GIA,60.8,55.0,None,None,2008-12-09,1196.0,7.086737934510577,-1.0788096613719298
Round,0.34,Ideal,D,VVS1,EX,EX,1.01,GIA,61.9,55.0,None,None,2008-12-09,1196.0,7.086737934510577,-1.0788096613719298
Round,0.34,Ideal,D,VVS1,EX,EX,1.01,GIA,61.6,55.0,None,None,2008-12-09,1196.0,7.086737934510577,-1.0788096613719298
Emerald,0.5,Very Good,D,VS1,G,VG,1.5,GIA,68.8,65.0,None,None,2008-12-09,1196.0,7.086737934510577,-0.6931471805599453
Round,0.52,Ideal,D,SI2,VG,EX,1.01,GIA,61.3,56.0,Faint,None,2008-12-09,1198.0,7.088408778675395,-0.6539264674066639
Princess,0.54,Very Good,D,VS2,VG,VG,1.01,GIA,74.0,73.0,None,None,2008-12-09,1198.0,7.088408778675395,-0.616186139423817
Round,0.38,Ideal,D,VVS2,EX,EX,1.01,GIA,60.5,57.0,None,None,2008-12-10,1199.0,7.089243155027514,-0.9675840262617056
Round,0.4,Ideal,E,VS1,EX,EX,1.01,GIA,62.2,56.0,None,None,2008-12-10,1199.0,7.089243155027514,-0.916290731874155
Princess,0.41,Signature-Ideal,D,VS1,EX,VG,1.04,GIA,69.2,69.0,None,None,2008-12-09,1199.0,7.089243155027514,-0.8915981192837836
Round,0.41,Ideal,E,VS1,EX,EX,1.01,GIA,61.9,55.0,None,None,2008-12-10,1199.0,7.089243155027514,-0.8915981192837836
Round,0.41,Ideal,E,VS1,EX,EX,1.0,GIA,61.5,55.0,None,None,2008-12-10,1199.0,7.089243155027514,-0.8915981192837836
Round,0.41,Ideal,E,VS1,EX,EX,1.0,GIA,61.4,56.0,None,None,2008-12-10,1199.0,7.089243155027514,-0.8915981192837836
Round,0.41,Ideal,E,VS1,EX,EX,1.01,GIA,62.2,55.0,None,None,2008-12-10,1199.0,7.089243155027514,-0.8915981192837836
Princess,0.52,Very Good,D,VS2,EX,G,1.03,GIA,73.3,75.0,Medium,None,2008-12-09,1199.0,7.089243155027514,-0.6539264674066639
Princess,0.54,Very Good,D,VS2,EX,VG,1.0,GIA,73.2,68.0,None,None,2008-12-10,1199.0,7.089243155027514,-0.616186139423817
Round,0.5,Very Good,G,SI1,VG,EX,1.01,GIA,62.1,58.0,Faint Blue,None,2008-12-11,1200.0,7.090076835776092,-0.6931471805599453
Round,0.5,Very Good,G,SI1,VG,VG,1.01,GIA,61.9,61.0,None,None,2008-12-11,1200.0,7.090076835776092,-0.6931471805599453
Princess,0.52,Signature-Ideal,E,SI1,EX,VG,1.04,GIA,67.2,71.0,None,None,2008-12-10,1200.0,7.090076835776092,-0.6539264674066639
Princess,0.57,Good,E,VVS2,VG,G,1.04,GIA,75.2,71.0,None,None,2008-12-10,1200.0,7.090076835776092,-0.5621189181535413
Round,0.38,Very Good,D,VVS1,VG,VG,1.01,GIA,63.7,57.0,None,None,2008-12-11,1201.0,7.0909098220799835,-0.9675840262617056
Round,0.4,Ideal,D,VS1,EX,VG,1.01,GIA,62.2,57.0,Faint,None,2008-12-17,1201.0,7.0909098220799835,-0.916290731874155
Round,0.5,Ideal,G,SI1,EX,EX,1.0,GIA,61.6,57.0,None,None,2008-12-10,1201.0,7.0909098220799835,-0.6931471805599453
Round,0.5,Ideal,G,SI1,EX,EX,1.01,GIA,61.6,55.0,None,None,2008-12-10,1201.0,7.0909098220799835,-0.6931471805599453
Round,0.5,Ideal,G,SI1,EX,EX,1.01,GIA,62.3,55.0,None,None,2008-12-10,1201.0,7.0909098220799835,-0.6931471805599453
Round,0.5,Ideal,G,SI1,ID,ID,1.01,AGSL,63.0,54.0,None,None,2008-12-10,1201.0,7.0909098220799835,-0.6931471805599453
Round,0.5,Ideal,G,SI1,ID,ID,1.01,AGSL,62.1,53.0,None,None,2008-12-10,1201.0,7.0909098220799835,-0.6931471805599453
Princess,0.5,Very Good,E,VS1,VG,VG,1.05,GIA,73.7,67.0,None,None,2008-12-10,1201.0,7.0909098220799835,-0.6931471805599453
Princess,0.51,Very Good,G,VS1,G,G,1.09,GIA,70.4,69.0,None,None,2008-12-10,1201.0,7.0909098220799835,-0.6733445532637656
Princess,0.54,Very Good,G,VVS2,VG,G,1.04,GIA,74.6,68.0,None,None,2008-12-10,1201.0,7.0909098220799835,-0.616186139423817
Round,0.54,Very Good,D,SI2,G,VG,1.01,GIA,62.1,57.0,None,None,2008-12-09,1201.0,7.0909098220799835,-0.616186139423817
Round,0.58,Very Good,E,SI2,EX,VG,1.01,GIA,62.3,59.0,Medium Blue,None,2008-12-10,1201.0,7.0909098220799835,-0.5447271754416722
Round,0.41,Very Good,D,VS1,VG,VG,1.01,GIA,61.4,57.0,None,None,2008-12-09,1202.0,7.091742115095153,-0.8915981192837836
Round,0.41,Ideal,E,VVS2,VG,EX,1.01,GIA,61.9,59.0,None,None,2008-12-10,1202.0,7.091742115095153,-0.8915981192837836
Round,0.41,Ideal,E,VVS2,VG,VG,1.0,GIA,61.2,58.0,None,None,2008-12-10,1202.0,7.091742115095153,-0.8915981192837836
Round,0.41,Ideal,E,VVS2,VG,VG,1.01,GIA,61.5,56.0,None,None,2008-12-10,1202.0,7.091742115095153,-0.8915981192837836
Round,0.42,Ideal,G,IF,EX,VG,1.01,GIA,61.1,57.0,None,None,2008-12-10,1202.0,7.091742115095153,-0.8675005677047231
Round,0.42,Ideal,G,IF,EX,VG,1.01,GIA,61.5,56.0,None,None,2008-12-10,1202.0,7.091742115095153,-0.8675005677047231
Round,0.42,Ideal,G,IF,EX,EX,1.01,GIA,61.6,55.0,Medium,None,2008-12-10,1202.0,7.091742115095153,-0.8675005677047231
Emerald,0.5,Very Good,D,SI1,VG,VG,1.33,GIA,64.5,59.0,None,None,2008-12-09,1202.0,7.091742115095153,-0.6931471805599453
Round,0.52,Ideal,D,SI2,EX,EX,1.0,GIA,61.7,59.0,None,None,2008-12-09,1202.0,7.091742115095153,-0.6539264674066639
Princess,0.54,Very Good,E,VVS2,VG,G,1.06,GIA,66.0,71.0,None,None,2008-12-10,1202.0,7.091742115095153,-0.616186139423817
Princess,0.52,Very Good,D,VS1,VG,VG,1.0,GIA,72.5,71.0,None,None,2008-12-09,1203.0,7.0925737159746784,-0.6539264674066639
Princess,0.52,Very Good,D,VS1,EX,VG,1.02,GIA,74.5,69.0,None,None,2008-12-09,1203.0,7.0925737159746784,-0.6539264674066639
Princess,0.55,Very Good,D,VS2,EX,VG,1.03,GIA,75.0,72.0,None,None,2008-12-09,1203.0,7.0925737159746784,-0.5978370007556204
Princess,0.55,Very Good,E,VS1,VG,VG,1.01,GIA,74.1,65.0,None,None,2008-12-11,1203.0,7.0925737159746784,-0.5978370007556204
Princess,0.56,Very Good,G,VS2,VG,G,1.0,GIA,70.8,69.0,None,None,2008-12-10,1203.0,7.0925737159746784,-0.579818495252942
Princess,0.57,Very Good,E,VS2,EX,VG,1.04,GIA,72.3,66.0,None,None,2008-12-10,1203.0,7.0925737159746784,-0.5621189181535413
Round,0.59,Very Good,G,SI1,VG,EX,1.01,GIA,62.7,54.0,None,None,2008-12-10,1203.0,7.0925737159746784,-0.527632742082372
Round,0.46,Very Good,E,VS1,VG,G,1.0,GIA,62.5,56.0,None,None,2008-12-10,1204.0,7.093404625868766,-0.7765287894989963
Round,0.54,Very Good,G,SI1,EX,EX,1.01,GIA,61.0,56.0,None,None,2008-12-10,1204.0,7.093404625868766,-0.616186139423817
Round,0.56,Very Good,E,SI2,G,VG,1.01,GIA,62.3,58.0,None,None,2008-12-11,1204.0,7.093404625868766,-0.579818495252942
Round,0.59,Ideal,E,SI2,EX,VG,1.01,GIA,62.6,54.0,None,None,2008-12-10,1204.0,7.093404625868766,-0.527632742082372
Round,0.32,Ideal,E,VVS1,EX,EX,1.01,GIA,60.7,57.0,None,None,2008-12-17,1205.0,7.094234845924755,-1.1394342831883648
Princess,0.54,Very Good,G,VVS1,VG,VG,1.01,GIA,74.7,71.0,Faint,None,2008-12-10,1205.0,7.094234845924755,-0.616186139423817
Emerald,0.48,Very Good,G,IF,VG,VG,1.18,GIA,65.6,64.0,None,None,2008-12-10,1206.0,7.095064377287131,-0.7339691750802004
Round,0.58,Very Good,G,SI1,VG,VG,1.01,GIA,62.3,59.0,None,None,2008-12-12,1206.0,7.095064377287131,-0.5447271754416722
Round,0.5,Ideal,J,VVS1,EX,EX,1.0,GIA,62.6,58.0,None,None,2008-12-11,1247.0,7.1284959456800365,-0.6931471805599453
Round,0.67,Ideal,J,SI1,EX,EX,1.01,GIA,62.1,56.0,None,None,2008-12-10,1248.0,7.129297548929373,-0.40047756659712525
Princess,0.51,Very Good,E,VVS2,VG,VG,1.05,GIA,74.3,72.0,None,None,2008-12-10,1250.0,7.1308988302963465,-0.6733445532637656
Princess,0.51,Very Good,E,VVS2,VG,VG,1.01,GIA,72.5,70.0,None,None,2008-12-10,1250.0,7.1308988302963465,-0.6733445532637656
Princess,0.51,Very Good,E,VVS2,EX,VG,1.03,GIA,73.7,68.0,None,None,2008-12-10,1250.0,7.1308988302963465,-0.6733445532637656
Princess,0.51,Very Good,E,VVS2,VG,VG,1.05,GIA,74.6,68.0,None,None,2008-12-10,1250.0,7.1308988302963465,-0.6733445532637656
Round,0.4,Ideal,E,VS1,EX,EX,1.01,GIA,61.7,56.0,None,Small,2008-12-10,1251.0,7.1316985104669115,-0.916290731874155
Round,0.45,Very Good,E,VVS2,EX,VG,1.0,GIA,59.9,60.0,None,Very Small,2008-12-11,1251.0,7.1316985104669115,-0.7985076962177716
Round,0.5,Very Good,E,SI1,EX,VG,1.0,GIA,61.4,60.0,None,None,2008-12-11,1251.0,7.1316985104669115,-0.6931471805599453
Round,0.5,Very Good,E,SI1,VG,EX,1.0,GIA,59.9,61.0,None,None,2008-12-11,1251.0,7.1316985104669115,-0.6931471805599453
Round,0.5,Very Good,E,SI1,EX,VG,1.01,GIA,62.3,58.0,None,None,2008-12-11,1251.0,7.1316985104669115,-0.6931471805599453
Round,0.5,Very Good,E,SI1,VG,G,1.0,GIA,59.5,60.0,None,None,2008-12-10,1251.0,7.1316985104669115,-0.6931471805599453
Emerald,0.52,Very Good,E,VS2,G,G,1.42,GIA,68.4,71.0,None,None,2008-12-11,1251.0,7.1316985104669115,-0.6539264674066639
Round,0.52,Very Good,E,SI1,EX,VG,1.01,GIA,62.6,58.0,None,None,2008-12-10,1251.0,7.1316985104669115,-0.6539264674066639
Round,0.57,Very Good,E,SI1,VG,VG,1.01,GIA,62.1,58.0,Strong,None,2008-12-11,1251.0,7.1316985104669115,-0.5621189181535413
Round,0.46,Ideal,E,VS2,EX,EX,1.01,GIA,61.7,55.0,Faint,None,2008-12-10,1252.0,7.132497551660044,-0.7765287894989963
Round,0.46,Ideal,E,VS2,ID,ID,1.01,AGSL,61.6,55.0,None,None,2008-12-10,1252.0,7.132497551660044,-0.7765287894989963
Round,0.46,Ideal,E,VS2,ID,ID,1.0,AGSL,62.0,54.0,None,None,2008-12-10,1252.0,7.132497551660044,-0.7765287894989963
Princess,0.51,Very Good,E,VVS2,VG,VG,1.01,GIA,74.8,74.0,None,None,2008-12-10,1252.0,7.132497551660044,-0.6733445532637656
Princess,0.51,Very Good,E,VVS2,VG,VG,1.0,GIA,70.0,74.0,None,None,2008-12-10,1252.0,7.132497551660044,-0.6733445532637656
Princess,0.51,Very Good,E,VVS2,VG,VG,1.0,GIA,70.5,76.0,Medium Blue,None,2008-12-11,1252.0,7.132497551660044,-0.6733445532637656
Round,0.6,Very Good,J,VS2,VG,VG,1.01,GIA,62.0,57.0,None,None,2008-12-11,1252.0,7.132497551660044,-0.5108256237659907
Princess,0.53,Very Good,E,SI1,VG,VG,1.03,GIA,71.6,67.0,None,None,2008-12-10,1253.0,7.133295954896068,-0.6348782724359695
Princess,0.54,Very Good,D,VS1,EX,VG,1.03,GIA,73.6,69.0,None,None,2008-12-09,1257.0,7.136483208590247,-0.616186139423817
Round,0.41,Very Good,D,VS1,EX,VG,1.01,GIA,63.3,58.0,Medium,None,2008-12-10,1258.0,7.1372784372603855,-0.8915981192837836
Round,0.41,Very Good,D,VS1,VG,EX,1.01,GIA,64.0,57.0,None,None,2008-12-10,1258.0,7.1372784372603855,-0.8915981192837836
Round,0.41,Signature-Ideal,D,VS2,EX,EX,1.01,GIA,61.8,56.0,Faint,None,2008-12-09,1258.0,7.1372784372603855,-0.8915981192837836
Round,0.41,Signature-Ideal,D,VS2,EX,EX,1.01,GIA,61.6,55.0,Faint,None,2008-12-09,1258.0,7.1372784372603855,-0.8915981192837836
Round,0.41,Signature-Ideal,D,VS2,EX,EX,1.01,GIA,61.8,56.0,Medium Blue,None,2008-12-09,1258.0,7.1372784372603855,-0.8915981192837836
Round,0.41,Signature-Ideal,D,VS2,EX,EX,1.0,GIA,61.8,55.0,Medium Blue,None,2008-12-09,1258.0,7.1372784372603855,-0.8915981192837836
Round,0.41,Signature-Ideal,D,VS2,EX,EX,1.0,GIA,61.6,55.0,None,None,2008-12-09,1258.0,7.1372784372603855,-0.8915981192837836
Round,0.41,Signature-Ideal,D,VS2,EX,EX,1.0,GIA,61.7,55.0,Medium Blue,None,2008-12-09,1258.0,7.1372784372603855,-0.8915981192837836
Princess,0.59,Good,D,SI1,G,G,1.01,GIA,75.7,78.0,None,None,2008-12-10,1258.0,7.1372784372603855,-0.527632742082372
Round,0.63,Good,J,VVS2,VG,VG,1.01,GIA,65.3,60.0,None,None,2008-12-12,1258.0,7.1372784372603855,-0.4620354595965587
Round,0.41,Ideal,D,VS1,EX,EX,1.01,GIA,61.1,56.0,None,None,2008-12-09,1259.0,7.138073034044347,-0.8915981192837836
Princess,0.48,Very Good,D,VVS2,EX,VG,1.04,GIA,70.9,72.0,Faint,None,2008-12-09,1259.0,7.138073034044347,-0.7339691750802004
Princess,0.51,Very Good,D,VS2,VG,VG,1.02,GIA,74.0,63.0,None,None,2008-12-09,1259.0,7.138073034044347,-0.6733445532637656
Round,0.57,Good,D,SI2,VG,VG,1.01,GIA,58.1,57.0,None,None,2008-12-09,1259.0,7.138073034044347,-0.5621189181535413
Round,0.4,Very Good,D,VS1,VG,VG,1.01,GIA,63.2,56.0,None,None,2008-12-10,1260.0,7.138866999945524,-0.916290731874155
Round,0.4,Very Good,D,VVS2,VG,VG,1.01,GIA,62.8,60.0,None,None,2008-12-09,1260.0,7.138866999945524,-0.916290731874155
Round,0.5,Very Good,D,SI1,VG,G,1.01,GIA,61.9,62.0,None,None,2008-12-10,1260.0,7.138866999945524,-0.6931471805599453
Princess,0.51,Very Good,D,VS1,EX,VG,1.04,GIA,73.3,69.0,None,None,2008-12-09,1261.0,7.13966033596492,-0.6733445532637656
Round,0.43,Very Good,D,VVS2,VG,VG,1.01,GIA,61.0,55.0,None,None,2008-12-10,1262.0,7.140453043101158,-0.843970070294529
Princess,0.55,Very Good,J,VS2,EX,EX,1.0,GIA,74.2,69.0,None,None,2008-12-11,1262.0,7.140453043101158,-0.5978370007556204
Round,0.57,Very Good,D,SI2,EX,EX,1.0,GIA,63.8,57.0,Strong Blue,None,2008-12-10,1262.0,7.140453043101158,-0.5621189181535413
Round,0.65,Ideal,J,VS2,EX,EX,1.01,GIA,61.5,55.0,Strong,None,2008-12-10,1265.0,7.142827401161621,-0.4307829160924542
Round,0.54,Ideal,J,VVS1,EX,EX,1.01,GIA,61.4,57.0,Faint,None,2008-12-11,1270.0,7.146772179452637,-0.616186139423817
Round,0.59,Ideal,J,VS1,VG,EX,1.0,GIA,60.8,60.0,None,None,2008-12-11,1274.0,7.149916836132109,-0.527632742082372
Princess,0.71,Very Good,J,VS2,EX,EX,1.01,GIA,70.6,72.0,None,None,2008-12-10,1283.0,7.1569563646156364,-0.342490308946776
Princess,0.71,Good,J,SI2,EX,VG,1.03,GIA,75.3,72.0,None,None,2008-12-10,1283.0,7.1569563646156364,-0.342490308946776
Princess,0.71,Very Good,J,SI2,EX,VG,1.01,GIA,73.3,74.0,Faint,None,2008-12-10,1283.0,7.1569563646156364,-0.342490308946776
Round,0.41,Ideal,E,VVS2,EX,EX,1.0,GIA,61.9,54.0,None,None,2008-12-10,1286.0,7.1592919047975645,-0.8915981192837836
Round,0.42,Signature-Ideal,D,VS2,EX,EX,1.01,GIA,61.6,56.0,None,None,2008-12-09,1286.0,7.1592919047975645,-0.8675005677047231
Round,0.5,Very Good,D,SI1,VG,VG,1.0,GIA,61.5,62.0,Medium Blue,None,2008-12-09,1286.0,7.1592919047975645,-0.6931471805599453
Round,0.5,Very Good,E,SI1,VG,VG,1.01,GIA,61.8,62.0,None,None,2008-12-12,1286.0,7.1592919047975645,-0.6931471805599453
Round,0.5,Very Good,E,SI1,EX,VG,1.0,GIA,63.6,59.0,None,None,2008-12-12,1286.0,7.1592919047975645,-0.6931471805599453
Princess,0.51,Very Good,E,VVS2,VG,VG,1.04,GIA,70.3,68.0,None,None,2008-12-11,1286.0,7.1592919047975645,-0.6733445532637656
Round,0.52,Ideal,E,SI1,EX,EX,1.01,GIA,62.1,54.0,Strong Blue,None,2008-12-17,1286.0,7.1592919047975645,-0.6539264674066639
Princess,0.57,Very Good,D,VS2,VG,VG,1.01,GIA,72.0,73.0,None,None,2008-12-10,1286.0,7.1592919047975645,-0.5621189181535413
Round,0.7,Very Good,J,SI1,VG,VG,1.01,GIA,63.5,57.0,Medium Blue,None,2008-12-12,1286.0,7.1592919047975645,-0.35667494393873245
Round,0.38,Ideal,D,VVS1,EX,VG,1.0,GIA,61.4,56.0,None,None,2008-12-10,1287.0,7.160069207596127,-0.9675840262617056
Round,0.4,Ideal,D,VVS2,VG,EX,1.0,GIA,61.8,57.0,None,None,2008-12-10,1287.0,7.160069207596127,-0.916290731874155
Round,0.43,Signature-Ideal,E,VS2,EX,EX,1.01,GIA,60.9,56.0,None,None,2008-12-10,1287.0,7.160069207596127,-0.843970070294529
Round,0.51,Ideal,E,SI1,VG,VG,1.01,GIA,60.8,56.0,None,None,2008-12-10,1287.0,7.160069207596127,-0.6733445532637656
Round,0.52,Ideal,D,SI2,EX,EX,1.01,GIA,61.3,56.0,None,None,2008-12-09,1287.0,7.160069207596127,-0.6539264674066639
Round,0.56,Ideal,E,SI1,VG,VG,1.01,GIA,61.8,58.0,Strong Blue,None,2008-12-12,1287.0,7.160069207596127,-0.579818495252942
Round,0.41,Ideal,D,VVS2,VG,VG,1.01,GIA,62.7,56.0,Faint,None,2008-12-10,1288.0,7.160845906664299,-0.8915981192837836
Round,0.42,Very Good,D,VS1,VG,EX,1.01,GIA,63.4,58.0,None,None,2008-12-10,1288.0,7.160845906664299,-0.8675005677047231
Round,0.42,Ideal,E,VVS2,VG,VG,1.01,GIA,60.9,60.0,None,None,2008-12-10,1288.0,7.160845906664299,-0.8675005677047231
Round,0.42,Ideal,E,VVS2,EX,EX,1.01,GIA,61.4,57.0,None,None,2008-12-10,1288.0,7.160845906664299,-0.8675005677047231
Princess,0.5,Good,D,VVS2,VG,G,1.0,GIA,74.2,80.0,None,None,2008-12-09,1288.0,7.160845906664299,-0.6931471805599453
Round,0.5,Ideal,D,SI2,EX,VG,1.01,GIA,61.1,57.0,None,None,2008-12-15,1288.0,7.160845906664299,-0.6931471805599453
Round,0.5,Ideal,D,SI2,VG,EX,1.0,GIA,61.0,58.0,None,None,2008-12-15,1288.0,7.160845906664299,-0.6931471805599453
Round,0.5,Ideal,D,SI2,EX,VG,1.01,GIA,61.4,55.0,None,None,2008-12-15,1288.0,7.160845906664299,-0.6931471805599453
Round,0.53,Ideal,D,SI2,EX,EX,1.01,GIA,62.4,56.0,Faint,None,2008-12-09,1288.0,7.160845906664299,-0.6348782724359695
Round,0.53,Ideal,D,SI2,EX,EX,1.01,GIA,60.7,60.0,None,None,2008-12-09,1288.0,7.160845906664299,-0.6348782724359695
Emerald,0.4,Very Good,E,VVS1,VG,VG,1.36,GIA,65.2,68.0,None,None,2008-12-10,1289.0,7.161622002939187,-0.916290731874155
Round,0.4,Ideal,E,VVS1,EX,VG,1.01,GIA,62.3,60.0,None,None,2008-12-11,1289.0,7.161622002939187,-0.916290731874155
Round,0.62,Ideal,E,SI2,VG,EX,1.0,GIA,61.7,57.0,None,None,2008-12-11,1290.0,7.162397497355718,-0.4780358009429998
Round,0.41,Very Good,D,VS1,EX,EX,1.01,GIA,63.1,55.0,None,None,2008-12-10,1291.0,7.1631723908466425,-0.8915981192837836
Round,0.42,Very Good,E,VS1,ID,ID,1.01,AGSL,61.8,57.0,None,Pointed,2008-12-10,1291.0,7.1631723908466425,-0.8675005677047231
Round,0.59,Very Good,D,SI2,VG,EX,1.01,GIA,62.1,58.0,None,None,2008-12-10,1291.0,7.1631723908466425,-0.527632742082372
Emerald,0.49,Good,E,VVS2,G,G,1.41,GIA,61.3,74.0,None,None,2008-12-10,1293.0,7.164720378771857,-0.7133498878774648
Round,0.54,Very Good,J,VVS2,VG,VG,1.01,GIA,62.2,58.0,None,None,2008-12-11,1293.0,7.164720378771857,-0.616186139423817
Round,0.4,Very Good,D,VS1,EX,VG,1.01,GIA,61.8,59.0,None,None,2008-12-11,1294.0,7.165493475060845,-0.916290731874155
Emerald,0.5,Very Good,D,VS1,EX,G,1.06,GIA,65.2,61.0,Medium,None,2008-12-09,1294.0,7.165493475060845,-0.6931471805599453
Round,0.5,Ideal,D,SI2,VG,VG,1.01,GIA,61.7,59.0,None,None,2008-12-11,1294.0,7.165493475060845,-0.6931471805599453
Princess,0.5,Very Good,E,VVS2,EX,G,1.01,GIA,73.3,75.0,None,None,2008-12-10,1294.0,7.165493475060845,-0.6931471805599453
Round,0.5,Good,E,VS2,EX,VG,1.02,GIA,65.4,59.0,Strong Blue,None,2008-12-12,1294.0,7.165493475060845,-0.6931471805599453
Round,0.5,Good,E,VS2,VG,VG,1.01,GIA,65.3,59.0,Strong Blue,None,2008-12-12,1294.0,7.165493475060845,-0.6931471805599453
Round,0.6,Good,E,SI2,VG,VG,1.02,GIA,60.9,56.0,None,None,2008-12-10,1294.0,7.165493475060845,-0.5108256237659907
Princess,0.57,Very Good,D,VS2,VG,VG,1.02,GIA,72.9,70.0,None,None,2008-12-10,1297.0,7.167809184316444,-0.5621189181535413
Princess,0.72,Good,J,SI2,VG,VG,1.01,GIA,75.3,73.0,None,None,2008-12-10,1301.0,7.170888478512505,-0.3285040669720361
Round,0.61,Ideal,J,VS2,EX,EX,1.01,GIA,61.5,55.0,None,None,2008-12-11,1304.0,7.1731917424865985,-0.4942963218147801
Round,0.61,Very Good,G,SI2,VG,EX,1.01,GIA,61.1,56.0,None,None,2008-12-11,1309.0,7.1770187659099,-0.4942963218147801
Round,0.44,Ideal,G,VVS1,EX,EX,1.01,GIA,60.9,56.0,Faint,None,2008-12-10,1310.0,7.177782416195197,-0.8209805520698302
Round,0.44,Ideal,G,VVS1,EX,EX,1.01,GIA,61.6,56.0,None,None,2008-12-10,1310.0,7.177782416195197,-0.8209805520698302
Round,0.44,Ideal,G,VVS1,EX,EX,1.01,GIA,61.4,57.0,None,None,2008-12-10,1310.0,7.177782416195197,-0.8209805520698302
Princess,0.56,Very Good,G,VVS1,VG,VG,1.0,GIA,73.0,76.0,None,None,2008-12-10,1310.0,7.177782416195197,-0.579818495252942
Round,0.64,Ideal,J,VS1,EX,VG,1.01,GIA,60.7,60.0,None,None,2008-12-11,1310.0,7.177782416195197,-0.4462871026284195
Round,0.4,Ideal,G,IF,VG,EX,1.01,GIA,63.2,57.0,Medium,None,2008-12-11,1311.0,7.1785454837637,-0.916290731874155
Round,0.46,Signature-Ideal,G,VS1,EX,EX,1.01,GIA,61.9,55.0,None,None,2008-12-10,1312.0,7.179307969504034,-0.7765287894989963
Round,0.61,Very Good,G,SI1,VG,VG,1.01,GIA,63.1,57.0,None,None,2008-12-12,1313.0,7.180069874302796,-0.4942963218147801
Princess,0.52,Signature-Ideal,G,VS1,EX,VG,1.01,GIA,69.5,67.0,Faint,None,2008-12-10,1314.0,7.1808311990445555,-0.6539264674066639
Round,0.52,Very Good,G,VS2,EX,EX,1.01,GIA,62.8,54.0,None,None,2008-12-10,1314.0,7.1808311990445555,-0.6539264674066639
Round,0.5,Very Good,G,VS2,EX,VG,1.01,GIA,62.6,56.0,None,None,2008-12-10,1316.0,7.182352111885263,-0.6931471805599453
Round,0.5,Very Good,G,VS2,EX,VG,1.01,GIA,60.9,58.0,None,None,2008-12-10,1316.0,7.182352111885263,-0.6931471805599453
Round,0.63,Ideal,G,SI2,EX,EX,1.01,GIA,62.8,54.0,None,None,2008-12-10,1316.0,7.182352111885263,-0.4620354595965587
Round,0.42,Ideal,G,VVS1,EX,EX,1.0,GIA,61.8,57.0,None,None,2008-12-10,1317.0,7.183111701743281,-0.8675005677047231
Round,0.42,Ideal,G,VVS1,EX,EX,1.0,GIA,62.6,55.0,None,None,2008-12-10,1317.0,7.183111701743281,-0.8675005677047231
Princess,0.61,Good,G,SI1,EX,VG,1.02,GIA,75.6,73.0,Faint,None,2008-12-10,1318.0,7.183870715062453,-0.4942963218147801
Round,0.41,Good,G,IF,VG,G,1.02,GIA,61.8,63.0,None,Very Small,2008-12-10,1319.0,7.1846291527173145,-0.8915981192837836
Round,0.43,Very Good,G,IF,EX,EX,1.01,GIA,62.7,58.0,None,None,2008-12-11,1320.0,7.1853870155804165,-0.843970070294529
Emerald,0.51,Very Good,G,VVS2,EX,G,1.22,GIA,69.0,67.0,Medium Blue,None,2008-12-10,1320.0,7.1853870155804165,-0.6733445532637656
Princess,0.55,Signature-Ideal,E,SI1,EX,EX,1.04,GIA,64.4,72.0,None,None,2008-12-10,1322.0,7.186901020411631,-0.5978370007556204
Round,0.6,Very Good,E,SI2,EX,VG,1.01,GIA,63.3,56.0,Medium,Very Small,2008-12-18,1322.0,7.186901020411631,-0.5108256237659907
Round,0.6,Ideal,E,SI2,EX,EX,1.01,GIA,61.3,56.0,Medium Blue,None,2008-12-12,1322.0,7.186901020411631,-0.5108256237659907
Princess,0.71,Very Good,J,VVS2,EX,EX,1.0,GIA,72.0,67.0,None,None,2008-12-10,1322.0,7.186901020411631,-0.342490308946776
Princess,0.57,Good,E,VVS2,VG,G,1.03,GIA,77.4,76.0,None,None,2008-12-10,1323.0,7.187657164114956,-0.5621189181535413
Round,0.58,Ideal,E,SI2,G,G,1.01,GIA,62.8,56.0,None,Very Small,2008-12-10,1323.0,7.187657164114956,-0.5447271754416722
Round,0.42,Ideal,E,VVS1,VG,EX,1.01,GIA,61.9,57.0,Medium,None,2008-12-11,1324.0,7.188412736496954,-0.8675005677047231
Princess,0.61,Good,E,VS2,G,G,1.07,GIA,73.8,83.0,None,None,2008-12-10,1324.0,7.188412736496954,-0.4942963218147801
Princess,0.71,Very Good,J,VS1,EX,VG,1.01,GIA,74.3,75.0,Faint,None,2008-12-10,1324.0,7.188412736496954,-0.342490308946776
Round,0.4,Ideal,E,VVS1,EX,EX,1.01,GIA,61.6,58.0,Medium,None,2008-12-12,1326.0,7.189922170745808,-0.916290731874155
Round,0.42,Ideal,E,VS1,EX,VG,1.0,GIA,60.5,57.0,None,None,2008-12-11,1326.0,7.189922170745808,-0.8675005677047231
Round,0.42,Ideal,E,VS1,VG,EX,1.0,GIA,61.8,55.0,None,None,2008-12-11,1326.0,7.189922170745808,-0.8675005677047231
Round,0.42,Ideal,E,VS1,VG,EX,1.01,GIA,61.9,58.0,None,None,2008-12-11,1326.0,7.189922170745808,-0.8675005677047231
Round,0.5,Very Good,E,SI1,VG,VG,1.02,GIA,61.2,55.0,None,None,2008-12-10,1326.0,7.189922170745808,-0.6931471805599453
Round,0.5,Very Good,E,SI1,VG,VG,1.0,GIA,64.0,55.0,None,None,2008-12-10,1326.0,7.189922170745808,-0.6931471805599453
Round,0.5,Very Good,E,SI1,VG,VG,1.01,GIA,64.0,57.0,None,None,2008-12-10,1326.0,7.189922170745808,-0.6931471805599453
Round,0.55,Very Good,E,SI1,VG,VG,1.01,GIA,60.8,62.0,None,None,2008-12-10,1326.0,7.189922170745808,-0.5978370007556204
Round,0.45,Signature-Ideal,E,VS2,EX,EX,1.0,GIA,61.7,55.0,None,None,2008-12-10,1328.0,7.191429330036379,-0.7985076962177716
Round,0.45,Signature-Ideal,E,VS2,EX,EX,1.01,GIA,61.6,55.0,None,None,2008-12-10,1328.0,7.191429330036379,-0.7985076962177716
Round,0.45,Signature-Ideal,E,VS2,EX,EX,1.01,GIA,61.2,55.0,None,None,2008-12-10,1328.0,7.191429330036379,-0.7985076962177716
Round,0.5,Very Good,E,VS2,VG,VG,1.01,GIA,61.4,58.0,Strong Blue,None,2008-12-12,1328.0,7.191429330036379,-0.6931471805599453
Princess,0.71,Very Good,J,VS1,EX,EX,1.03,GIA,73.3,65.0,None,None,2008-12-10,1328.0,7.191429330036379,-0.342490308946776
Round,0.71,Very Good,J,SI1,VG,EX,1.01,GIA,59.1,57.0,Medium Blue,None,2008-12-12,1328.0,7.191429330036379,-0.342490308946776
Princess,0.5,Good,D,VVS2,EX,VG,1.02,GIA,75.3,71.0,None,None,2008-12-09,1365.0,7.21890970761906,-0.6931471805599453
Princess,0.5,Good,D,VVS2,EX,VG,1.0,GIA,75.1,69.0,None,None,2008-12-09,1365.0,7.21890970761906,-0.6931471805599453
Round,0.42,Ideal,D,VVS2,EX,VG,1.01,GIA,60.6,56.0,None,None,2008-12-09,1366.0,7.2196420401307355,-0.8675005677047231
Round,0.5,Very Good,D,SI1,G,G,1.0,GIA,62.9,57.0,Medium,None,2008-12-09,1366.0,7.2196420401307355,-0.6931471805599453
Round,0.5,Good,D,SI1,EX,VG,1.01,GIA,64.5,55.0,Faint,None,2008-12-09,1366.0,7.2196420401307355,-0.6931471805599453
Round,0.5,Very Good,D,SI1,EX,VG,1.01,GIA,62.5,59.0,Medium,None,2008-12-09,1366.0,7.2196420401307355,-0.6931471805599453
Round,0.34,Ideal,D,IF,EX,EX,1.0,GIA,61.9,57.0,Medium,None,2008-12-10,1369.0,7.221835825288449,-1.0788096613719298
Princess,0.54,Good,D,VS1,VG,VG,1.03,GIA,75.6,75.0,Faint,None,2008-12-09,1369.0,7.221835825288449,-0.616186139423817
Round,0.43,Ideal,D,VS1,EX,EX,1.01,GIA,60.1,60.0,None,None,2008-12-10,1370.0,7.222566018822171,-0.843970070294529
Emerald,0.5,Good,E,IF,VG,VG,1.61,GIA,72.3,69.0,None,None,2008-12-10,1370.0,7.222566018822171,-0.6931471805599453
Princess,0.5,Very Good,E,VVS1,VG,VG,1.05,GIA,72.4,74.0,None,None,2008-12-10,1370.0,7.222566018822171,-0.6931471805599453
Princess,0.5,Very Good,E,VVS1,VG,VG,1.01,GIA,74.5,71.0,None,None,2008-12-10,1370.0,7.222566018822171,-0.6931471805599453
Princess,0.5,Very Good,E,VVS1,EX,VG,1.02,GIA,69.9,74.0,None,None,2008-12-10,1370.0,7.222566018822171,-0.6931471805599453
Princess,0.51,Very Good,D,VVS2,EX,VG,1.02,GIA,72.6,70.0,None,None,2008-12-09,1370.0,7.222566018822171,-0.6733445532637656
Princess,0.51,Very Good,D,VVS2,EX,VG,1.05,GIA,73.0,72.0,None,None,2008-12-09,1370.0,7.222566018822171,-0.6733445532637656
Princess,0.51,Very Good,D,VVS2,VG,VG,1.01,GIA,73.9,72.0,Faint,None,2008-12-09,1370.0,7.222566018822171,-0.6733445532637656
Princess,0.51,Very Good,D,VVS2,VG,VG,1.02,GIA,72.9,74.0,None,None,2008-12-09,1370.0,7.222566018822171,-0.6733445532637656
Round,0.52,Very Good,D,SI1,VG,G,1.02,GIA,62.8,60.0,None,None,2008-12-09,1370.0,7.222566018822171,-0.6539264674066639
Round,0.52,Ideal,E,SI1,ID,ID,1.01,AGSL,60.8,56.0,Negligible,None,2008-12-10,1370.0,7.222566018822171,-0.6539264674066639
Emerald,0.54,Very Good,E,VS2,VG,VG,1.42,GIA,61.3,69.0,None,None,2008-12-10,1370.0,7.222566018822171,-0.616186139423817
Princess,0.55,Very Good,E,VS1,VG,VG,1.02,GIA,72.9,73.0,None,None,2008-12-17,1370.0,7.222566018822171,-0.5978370007556204
Round,0.56,Very Good,D,SI2,VG,VG,1.0,GIA,63.2,54.0,Faint Blue,None,2008-12-10,1370.0,7.222566018822171,-0.579818495252942
Round,0.4,Ideal,E,VVS2,EX,EX,1.01,GIA,62.3,59.0,Faint,None,2008-12-11,1371.0,7.223295679562314,-0.916290731874155
Round,0.42,Ideal,D,VS1,VG,VG,1.01,GIA,61.6,59.0,None,None,2008-12-10,1371.0,7.223295679562314,-0.8675005677047231
Round,0.5,Very Good,D,SI1,EX,EX,1.01,GIA,61.3,58.0,Medium,None,2008-12-09,1371.0,7.223295679562314,-0.6931471805599453
Round,0.51,Very Good,D,SI1,VG,VG,1.01,GIA,62.2,60.0,None,None,2008-12-09,1371.0,7.223295679562314,-0.6733445532637656
Round,0.52,Ideal,D,SI1,VG,VG,1.01,GIA,61.9,56.0,Medium Blue,None,2008-12-11,1371.0,7.223295679562314,-0.6539264674066639
Round,0.41,Ideal,E,VVS2,VG,VG,1.01,GIA,61.0,58.0,None,None,2008-12-11,1372.0,7.22402480828583,-0.8915981192837836
Round,0.45,Ideal,F,VS1,VG,EX,1.01,GIA,61.8,55.0,None,None,2008-12-11,1372.0,7.22402480828583,-0.7985076962177716
Round,0.5,Ideal,E,SI1,ID,ID,1.01,AGSL,61.8,57.0,Negligible,Very Small,2008-12-10,1372.0,7.22402480828583,-0.6931471805599453
Round,0.51,Very Good,F,VS2,VG,VG,1.01,GIA,64.0,58.0,Medium Blue,None,2008-12-12,1372.0,7.22402480828583,-0.6733445532637656
Princess,0.51,Good,D,VVS2,VG,G,1.1,GIA,78.6,71.0,None,None,2008-12-09,1372.0,7.22402480828583,-0.6733445532637656
Round,0.53,Very Good,E,SI1,VG,EX,1.01,GIA,63.7,57.0,None,None,2008-12-10,1372.0,7.22402480828583,-0.6348782724359695
Round,0.59,Very Good,F,SI1,EX,EX,1.01,GIA,63.0,54.0,None,None,2008-12-10,1372.0,7.22402480828583,-0.527632742082372
Round,0.41,Ideal,F,VVS1,EX,EX,1.01,GIA,61.7,56.0,None,None,2008-12-10,1373.0,7.224753405767971,-0.8915981192837836
Round,0.41,Ideal,F,VVS1,EX,EX,1.01,GIA,61.0,58.0,None,None,2008-12-10,1373.0,7.224753405767971,-0.8915981192837836
Round,0.46,Very Good,E,VS2,G,G,1.01,AGSL,62.6,58.0,None,None,2008-12-10,1373.0,7.224753405767971,-0.7765287894989963
Round,0.46,Very Good,E,VS2,VG,G,1.01,AGSL,59.8,59.6,None,Very Small,2008-12-10,1373.0,7.224753405767971,-0.7765287894989963
Round,0.5,Good,E,VS2,G,VG,1.01,GIA,60.2,61.0,None,None,2008-12-10,1373.0,7.224753405767971,-0.6931471805599453
Round,0.5,Good,E,VS1,VG,VG,1.01,GIA,59.6,57.0,Very Strong Blue,None,2008-12-10,1373.0,7.224753405767971,-0.6931471805599453
Princess,0.51,Very Good,E,VVS2,EX,VG,1.04,GIA,72.9,71.0,None,None,2008-12-10,1373.0,7.224753405767971,-0.6733445532637656
Round,0.5,Good,F,VS2,EX,VG,1.01,GIA,64.6,59.0,None,None,2008-12-10,1374.0,7.2254814727822945,-0.6931471805599453
Round,0.4,Ideal,F,VVS1,EX,EX,1.01,GIA,62.0,55.0,None,None,2008-12-10,1375.0,7.226209010100671,-0.916290731874155
Round,0.4,Ideal,F,VVS1,ID,ID,1.0,AGSL,61.4,56.0,None,None,2008-12-10,1375.0,7.226209010100671,-0.916290731874155
Round,0.51,Ideal,E,SI1,EX,EX,1.01,GIA,61.6,55.0,None,None,2008-12-10,1375.0,7.226209010100671,-0.6733445532637656
Round,0.5,Ideal,F,VS2,EX,VG,1.01,GIA,62.6,54.0,Strong,None,2008-12-10,1376.0,7.226936018493289,-0.6931471805599453
Round,0.5,Very Good,F,VS2,EX,EX,1.01,GIA,60.6,58.0,None,None,2008-12-10,1376.0,7.226936018493289,-0.6931471805599453
Round,0.5,Very Good,F,VS2,EX,EX,1.01,GIA,62.6,55.0,None,None,2008-12-10,1376.0,7.226936018493289,-0.6931471805599453
Round,0.5,Very Good,F,VS2,EX,VG,1.01,GIA,62.9,55.0,None,None,2008-12-10,1376.0,7.226936018493289,-0.6931471805599453
Princess,0.5,Signature-Ideal,E,VS2,EX,VG,1.01,GIA,67.6,70.0,None,None,2008-12-10,1376.0,7.226936018493289,-0.6931471805599453
Round,0.42,Ideal,F,VVS1,EX,VG,1.01,GIA,62.0,58.0,None,None,2008-12-11,1377.0,7.227662498728654,-0.8675005677047231
Round,0.42,Ideal,F,VVS1,EX,VG,1.01,GIA,60.4,55.0,None,None,2008-12-11,1377.0,7.227662498728654,-0.8675005677047231
Princess,0.51,Very Good,F,VS1,EX,VG,1.03,GIA,68.9,70.0,Faint,Small,2008-12-10,1377.0,7.227662498728654,-0.6733445532637656
Round,0.52,Very Good,E,SI1,VG,VG,1.01,GIA,63.1,55.0,None,None,2008-12-10,1377.0,7.227662498728654,-0.6539264674066639
Round,0.61,Very Good,F,SI2,EX,EX,1.01,GIA,62.8,54.0,None,None,2008-12-10,1377.0,7.227662498728654,-0.4942963218147801
Round,0.57,Ideal,E,SI2,EX,EX,1.01,GIA,61.6,56.0,None,None,2008-12-16,1414.0,7.254177846456518,-0.5621189181535413
Round,0.51,Good,E,VS2,G,VG,1.01,GIA,65.1,55.0,None,None,2008-12-11,1415.0,7.254884810077338,-0.6733445532637656
Round,0.56,Very Good,E,SI1,VG,G,1.01,GIA,63.0,58.0,None,None,2008-12-10,1415.0,7.254884810077338,-0.579818495252942
Round,0.6,Ideal,E,SI2,VG,VG,1.01,GIA,62.5,57.0,None,Very Small,2008-12-18,1415.0,7.254884810077338,-0.5108256237659907
Round,0.6,Ideal,E,SI2,VG,EX,1.01,GIA,62.3,57.0,Faint,None,2008-12-10,1415.0,7.254884810077338,-0.5108256237659907
Round,0.52,Very Good,E,VS2,G,VG,1.01,GIA,61.6,57.0,Strong,None,2008-12-11,1416.0,7.255591274253665,-0.6539264674066639
Round,0.5,Good,E,VS2,EX,G,1.01,GIA,65.3,57.0,None,None,2008-12-10,1417.0,7.256297239690681,-0.6931471805599453
Round,0.52,Very Good,E,VS2,VG,VG,1.01,GIA,60.9,59.0,Strong Blue,None,2008-12-10,1417.0,7.256297239690681,-0.6539264674066639
Round,0.5,Very Good,E,VS2,EX,EX,1.01,GIA,58.6,61.0,Medium Blue,None,2008-12-12,1418.0,7.257002707092073,-0.6931471805599453
Round,0.5,Ideal,E,SI1,VG,EX,1.01,GIA,61.8,55.0,None,None,2008-12-10,1418.0,7.257002707092073,-0.6931471805599453
Round,0.5,Very Good,E,VS2,EX,VG,1.01,GIA,63.4,58.0,Medium Blue,None,2008-12-12,1418.0,7.257002707092073,-0.6931471805599453
Round,0.5,Very Good,E,VS2,EX,VG,1.0,GIA,62.8,58.0,Medium Blue,None,2008-12-12,1418.0,7.257002707092073,-0.6931471805599453
Round,0.5,Very Good,E,VS2,EX,VG,1.01,GIA,59.0,60.0,Medium Blue,None,2008-12-12,1418.0,7.257002707092073,-0.6931471805599453
Round,0.5,Very Good,E,VS2,VG,VG,1.01,GIA,60.0,58.0,Medium Blue,None,2008-12-12,1418.0,7.257002707092073,-0.6931471805599453
Round,0.5,Very Good,E,VS2,VG,VG,1.02,GIA,59.5,62.0,Medium Blue,None,2008-12-12,1418.0,7.257002707092073,-0.6931471805599453
Round,0.5,Very Good,E,VS2,EX,VG,1.01,GIA,62.9,58.0,Medium Blue,None,2008-12-12,1418.0,7.257002707092073,-0.6931471805599453
Princess,0.51,Good,E,VVS1,EX,VG,1.01,GIA,76.2,69.0,None,None,2008-12-10,1418.0,7.257002707092073,-0.6733445532637656
Round,0.54,Ideal,E,SI2,EX,EX,1.0,GIA,60.8,56.0,None,None,2008-12-11,1418.0,7.257002707092073,-0.616186139423817
Round,0.56,Very Good,E,SI1,VG,VG,1.0,GIA,61.9,61.0,None,None,2008-12-10,1418.0,7.257002707092073,-0.579818495252942
Round,0.53,Ideal,G,VS2,VG,EX,1.01,GIA,61.2,56.0,None,None,2008-12-10,1439.0,7.271703706887368,-0.6348782724359695
Round,0.53,Ideal,G,VS2,VG,EX,1.0,GIA,61.0,57.0,None,None,2008-12-10,1439.0,7.271703706887368,-0.6348782724359695
Round,0.5,Very Good,G,VS2,EX,EX,1.02,GIA,61.2,58.0,None,None,2008-12-12,1440.0,7.272398392570047,-0.6931471805599453
Round,0.42,Ideal,G,VVS1,EX,EX,1.01,GIA,61.2,57.0,None,None,2008-12-17,1441.0,7.273092595999522,-0.8675005677047231
Round,0.42,Ideal,G,VVS1,EX,EX,1.01,GIA,61.6,57.0,None,None,2008-12-17,1441.0,7.273092595999522,-0.8675005677047231
Round,0.5,Very Good,G,VS1,G,G,1.01,GIA,63.7,59.0,None,None,2008-12-12,1441.0,7.273092595999522,-0.6931471805599453
Round,0.53,Ideal,G,VS2,ID,ID,1.01,AGSL,62.2,55.0,None,Pointed,2008-12-10,1441.0,7.273092595999522,-0.6348782724359695
Round,0.53,Ideal,G,VS2,ID,ID,1.01,AGSL,62.0,54.0,None,Pointed,2008-12-10,1441.0,7.273092595999522,-0.6348782724359695
Round,0.42,Ideal,G,IF,EX,EX,1.01,GIA,61.2,57.0,None,None,2008-12-10,1442.0,7.273786317844895,-0.8675005677047231
Princess,0.7,Very Good,G,SI1,VG,VG,1.02,GIA,74.4,71.0,None,None,2008-12-10,1442.0,7.273786317844895,-0.35667494393873245
Round,0.51,Ideal,G,VS2,VG,VG,1.01,GIA,60.3,57.0,None,None,2008-12-11,1443.0,7.274479558773871,-0.6733445532637656
Round,0.51,Ideal,G,VS2,EX,VG,1.01,GIA,62.3,58.0,None,None,2008-12-11,1443.0,7.274479558773871,-0.6733445532637656
Round,0.63,Ideal,G,SI1,ID,ID,1.01,AGSL,62.3,53.0,None,Pointed,2008-12-10,1443.0,7.274479558773871,-0.4620354595965587
Princess,0.5,Good,F,IF,EX,VG,1.03,GIA,75.2,68.0,None,None,2008-12-10,1445.0,7.275864600546533,-0.6931471805599453
Round,0.5,Very Good,F,VS2,EX,EX,1.01,GIA,64.5,55.0,None,None,2008-12-10,1446.0,7.27655640271871,-0.6931471805599453
Round,0.5,Very Good,F,VS2,EX,EX,1.01,GIA,62.7,56.0,None,None,2008-12-10,1446.0,7.27655640271871,-0.6931471805599453
Emerald,0.56,Very Good,G,VVS2,VG,VG,1.4,GIA,66.3,65.0,None,None,2008-12-17,1446.0,7.27655640271871,-0.579818495252942
Princess,0.51,Signature-Ideal,F,VS1,EX,VG,1.04,GIA,69.7,71.0,None,None,2008-12-10,1447.0,7.277247726631484,-0.6733445532637656
Princess,0.51,Signature-Ideal,F,VS1,EX,VG,1.01,GIA,69.1,72.0,None,None,2008-12-10,1447.0,7.277247726631484,-0.6733445532637656
Round,0.64,Ideal,G,SI1,VG,VG,1.01,GIA,62.1,58.0,None,None,2008-12-11,1447.0,7.277247726631484,-0.4462871026284195
Round,0.5,Ideal,G,VS2,EX,EX,1.01,GIA,61.7,54.0,None,None,2008-12-10,1448.0,7.277938572945661,-0.6931471805599453
Princess,0.51,Very Good,F,VVS2,VG,G,1.07,GIA,72.6,74.0,None,None,2008-12-10,1448.0,7.277938572945661,-0.6733445532637656
Round,0.54,Ideal,G,VS2,EX,EX,1.01,GIA,62.1,54.0,None,None,2008-12-17,1448.0,7.277938572945661,-0.616186139423817
Round,0.46,Very Good,F,VVS2,EX,VG,1.01,GIA,64.0,56.0,None,None,2008-12-17,1449.0,7.278628942320682,-0.7765287894989963
Round,0.5,Ideal,G,VS1,VG,VG,1.01,GIA,62.1,56.0,Strong Blue,None,2008-12-10,1449.0,7.278628942320682,-0.6931471805599453
Princess,0.5,Very Good,F,VVS1,VG,G,1.03,GIA,71.6,65.0,None,None,2008-12-11,1449.0,7.278628942320682,-0.6931471805599453
Princess,0.62,Very Good,F,VS2,VG,VG,1.03,GIA,75.0,74.0,None,None,2008-12-10,1449.0,7.278628942320682,-0.4780358009429998
Round,0.5,Good,D,VS2,EX,VG,1.01,GIA,60.0,57.0,Strong Blue,None,2008-12-11,1450.0,7.27931883541462,-0.6931471805599453
Round,0.41,Signature-Ideal,G,VVS1,EX,EX,1.01,GIA,61.7,56.0,Faint,None,2008-12-10,1451.0,7.280008252884188,-0.8915981192837836
Round,0.41,Signature-Ideal,F,VVS2,EX,EX,1.01,GIA,61.8,56.0,None,None,2008-12-10,1451.0,7.280008252884188,-0.8915981192837836
Round,0.41,Signature-Ideal,F,VVS2,EX,EX,1.01,GIA,61.2,55.0,Medium Blue,None,2008-12-10,1451.0,7.280008252884188,-0.8915981192837836
Round,0.54,Ideal,D,SI1,EX,EX,1.01,GIA,62.0,55.0,Strong Blue,None,2008-12-16,1451.0,7.280008252884188,-0.616186139423817
Round,0.4,Ideal,F,VVS1,VG,EX,1.01,GIA,61.3,60.0,Medium,None,2008-12-11,1452.0,7.280697195384741,-0.916290731874155
Round,0.51,Very Good,D,SI1,VG,VG,1.01,GIA,63.2,58.0,None,None,2008-12-09,1452.0,7.280697195384741,-0.6733445532637656
Round,0.55,Ideal,D,SI2,ID,ID,1.0,AGSL,61.8,56.0,Medium Blue,Pointed,2008-12-09,1452.0,7.280697195384741,-0.5978370007556204
Round,0.42,Ideal,D,VS1,EX,EX,1.0,GIA,61.5,57.0,None,None,2008-12-10,1453.0,7.2813856635702825,-0.8675005677047231
Round,0.5,Good,F,VS1,VG,VG,1.01,GIA,58.6,60.0,Medium Blue,None,2008-12-12,1453.0,7.2813856635702825,-0.6931471805599453
Princess,0.5,Very Good,D,VVS2,EX,VG,1.06,GIA,72.7,73.0,None,None,2008-12-09,1453.0,7.2813856635702825,-0.6931471805599453
Round,0.5,Good,F,VS1,VG,G,1.0,GIA,65.2,55.0,None,Small,2008-12-10,1454.0,7.282073658093465,-0.6931471805599453
Emerald,0.57,Good,D,VVS2,G,G,1.43,GIA,70.4,73.0,None,None,2008-12-09,1454.0,7.282073658093465,-0.5621189181535413
Round,0.58,Good,F,VS2,VG,VG,1.02,GIA,64.1,60.0,Strong,None,2008-12-12,1454.0,7.282073658093465,-0.5447271754416722
Round,0.4,Signature-Ideal,D,VS1,EX,EX,1.0,GIA,60.8,57.0,None,None,2008-12-09,1455.0,7.282761179605593,-0.916290731874155
Round,0.4,Very Good,D,VVS1,VG,EX,1.01,GIA,61.5,60.0,Medium Blue,None,2008-12-09,1455.0,7.282761179605593,-0.916290731874155
Round,0.4,Signature-Ideal,D,VS1,EX,EX,1.0,GIA,61.8,55.0,Medium Blue,None,2008-12-09,1455.0,7.282761179605593,-0.916290731874155
Round,0.45,Signature-Ideal,F,VS1,EX,EX,1.01,GIA,61.8,55.0,Faint,None,2008-12-10,1455.0,7.282761179605593,-0.7985076962177716
Round,0.53,Very Good,D,SI1,G,G,1.01,GIA,63.8,56.0,None,None,2008-12-09,1455.0,7.282761179605593,-0.6348782724359695
Emerald,0.63,Very Good,D,VS2,VG,VG,1.14,GIA,67.5,69.0,None,None,2008-12-09,1455.0,7.282761179605593,-0.4620354595965587
Round,0.5,Good,E,VS2,VG,G,1.01,GIA,63.1,61.0,Medium Blue,None,2008-12-10,1456.0,7.283448228756631,-0.6931471805599453
Princess,0.61,Good,E,VS1,VG,VG,1.04,GIA,79.1,74.0,None,None,2008-12-11,1456.0,7.283448228756631,-0.4942963218147801
Princess,0.71,Very Good,F,SI2,G,G,1.03,GIA,73.1,74.0,None,None,2008-12-10,1456.0,7.283448228756631,-0.342490308946776
Round,0.51,Very Good,F,VS2,EX,VG,1.0,GIA,62.3,56.0,None,None,2008-12-12,1457.0,7.284134806195205,-0.6733445532637656
Princess,0.64,Very Good,F,VS2,VG,VG,1.02,GIA,74.2,72.0,None,None,2008-12-10,1457.0,7.284134806195205,-0.4462871026284195
Round,0.51,Very Good,D,SI1,EX,EX,1.01,GIA,59.5,56.0,Medium,None,2008-12-09,1458.0,7.284820912568604,-0.6733445532637656
Round,0.64,Very Good,D,SI2,G,VG,1.01,GIA,61.4,58.0,None,None,2008-12-10,1459.0,7.285506548522785,-0.4462871026284195
Emerald,0.51,Very Good,D,VVS1,VG,G,1.26,GIA,68.6,67.0,None,None,2008-12-09,1460.0,7.286191714702382,-0.6733445532637656
Emerald,0.51,Very Good,D,VVS1,G,VG,1.25,GIA,65.5,67.0,None,None,2008-12-10,1460.0,7.286191714702382,-0.6733445532637656
Round,0.54,Ideal,D,SI1,VG,EX,1.0,GIA,62.1,55.0,Strong Blue,None,2008-12-09,1460.0,7.286191714702382,-0.616186139423817
Round,0.6,Very Good,D,SI2,G,VG,1.01,GIA,60.6,59.0,Faint,None,2008-12-11,1460.0,7.286191714702382,-0.5108256237659907
Round,0.35,Ideal,D,IF,EX,VG,1.01,GIA,61.8,56.0,None,None,2008-12-09,1461.0,7.2868764117507,-1.0498221244986778
Emerald,0.51,Very Good,E,VS1,EX,VG,1.39,GIA,63.5,68.0,None,Small,2008-12-10,1461.0,7.2868764117507,-0.6733445532637656
Round,0.57,Ideal,E,SI1,EX,EX,1.01,GIA,62.0,57.0,Faint,None,2008-12-12,1461.0,7.2868764117507,-0.5621189181535413
Princess,0.51,Very Good,E,VVS1,EX,VG,1.04,GIA,71.8,72.0,None,None,2008-12-18,1462.0,7.2875606403097235,-0.6733445532637656
Emerald,0.5,Very Good,D,VS1,EX,VG,1.33,GIA,63.2,63.0,None,None,2008-12-10,1463.0,7.288244401020124,-0.6931471805599453
Round,0.62,Very Good,E,SI2,G,G,1.01,GIA,61.1,58.0,None,None,2008-12-10,1463.0,7.288244401020124,-0.4780358009429998
Princess,0.51,Signature-Ideal,E,VS2,EX,EX,1.03,GIA,70.0,66.0,None,None,2008-12-10,1464.0,7.288927694521257,-0.6733445532637656
Round,0.63,Ideal,E,SI2,EX,EX,1.01,GIA,60.9,59.0,None,None,2008-12-11,1464.0,7.288927694521257,-0.4620354595965587
Round,0.41,Ideal,E,VVS1,EX,EX,1.01,GIA,62.5,54.0,None,None,2008-12-10,1465.0,7.289610521451167,-0.8915981192837836
Round,0.59,Good,E,SI1,EX,VG,1.01,GIA,64.6,57.0,Faint,None,2008-12-10,1465.0,7.289610521451167,-0.527632742082372
Princess,0.7,Good,E,SI1,G,G,1.08,GIA,70.3,80.0,None,None,2008-12-10,1466.0,7.290292882446597,-0.35667494393873245
Round,0.62,Ideal,E,SI2,EX,EX,1.01,GIA,62.1,54.0,None,None,2008-12-10,1467.0,7.2909747781429814,-0.4780358009429998
Round,0.5,Ideal,E,VS2,VG,EX,1.0,GIA,63.2,55.0,None,None,2008-12-11,1468.0,7.291656209174461,-0.6931471805599453
Princess,0.64,Good,E,VS2,EX,VG,1.0,GIA,75.1,71.0,None,None,2008-12-11,1470.0,7.293017679772782,-0.4462871026284195
Emerald,0.54,Very Good,E,VS1,VG,VG,1.26,GIA,65.8,71.0,None,None,2008-12-10,1471.0,7.293697720601438,-0.616186139423817
Princess,0.56,Very Good,E,VVS2,EX,VG,1.01,GIA,69.2,75.0,None,None,2008-12-11,1471.0,7.293697720601438,-0.579818495252942
Princess,0.53,Very Good,E,VVS1,EX,VG,1.0,GIA,74.6,71.0,None,None,2008-12-10,1472.0,7.294377299288821,-0.6348782724359695
Princess,0.54,Very Good,E,VVS2,EX,VG,1.04,GIA,74.5,66.0,None,None,2008-12-10,1472.0,7.294377299288821,-0.616186139423817
Round,0.55,Ideal,E,SI1,ID,ID,1.01,AGSL,62.5,56.0,None,Pointed,2008-12-10,1472.0,7.294377299288821,-0.5978370007556204
Round,0.53,Ideal,E,VS2,EX,VG,1.02,GIA,61.9,55.0,Medium Blue,None,2008-12-12,1536.0,7.336936913707618,-0.6348782724359695
Round,0.61,Ideal,E,SI2,EX,EX,1.01,GIA,60.2,59.0,None,None,2008-12-16,1536.0,7.336936913707618,-0.4942963218147801
Princess,0.51,Signature-Ideal,E,VS1,EX,VG,1.05,GIA,67.6,69.0,None,None,2008-12-10,1537.0,7.337587743538596,-0.6733445532637656
Princess,0.51,Signature-Ideal,E,VS1,EX,VG,1.05,GIA,68.8,70.0,None,Small,2008-12-10,1537.0,7.337587743538596,-0.6733445532637656
Round,0.51,Very Good,E,VS2,EX,EX,1.01,GIA,63.4,59.0,Medium,None,2008-12-10,1537.0,7.337587743538596,-0.6733445532637656
Princess,0.51,Signature-Ideal,E,VS1,VG,VG,1.03,GIA,69.8,69.0,Faint,None,2008-12-10,1537.0,7.337587743538596,-0.6733445532637656
Round,0.53,Very Good,E,SI1,VG,VG,1.01,GIA,63.4,57.0,None,None,2008-12-11,1537.0,7.337587743538596,-0.6348782724359695
Round,0.52,Signature-Ideal,H,VS2,EX,EX,1.01,GIA,61.9,55.0,Faint,None,2008-12-10,1539.0,7.338888133838879,-0.6539264674066639
Round,0.52,Signature-Ideal,H,VS2,EX,EX,1.01,GIA,61.9,56.0,None,None,2008-12-10,1539.0,7.338888133838879,-0.6539264674066639
Round,0.52,Signature-Ideal,H,VS2,EX,EX,1.01,GIA,61.5,55.0,None,None,2008-12-10,1539.0,7.338888133838879,-0.6539264674066639
Emerald,0.52,Very Good,E,VVS1,VG,VG,1.34,GIA,64.7,64.0,None,None,2008-12-10,1539.0,7.338888133838879,-0.6539264674066639
Round,0.6,Very Good,E,SI1,G,VG,1.01,GIA,62.5,54.0,Medium,None,2008-12-10,1539.0,7.338888133838879,-0.5108256237659907
Round,0.63,Ideal,H,VS2,VG,EX,1.01,GIA,61.4,57.0,Faint,None,2008-12-12,1539.0,7.338888133838879,-0.4620354595965587
Round,0.46,Very Good,E,VS1,VG,EX,1.01,GIA,61.6,60.0,None,None,2008-12-11,1540.0,7.3395376954076745,-0.7765287894989963
Round,0.5,Very Good,E,VS2,EX,VG,1.02,GIA,63.7,58.0,None,None,2008-12-10,1540.0,7.3395376954076745,-0.6931471805599453
Round,0.5,Ideal,E,VS2,EX,VG,1.01,GIA,62.2,58.0,Faint,None,2008-12-10,1540.0,7.3395376954076745,-0.6931471805599453
Round,0.5,Very Good,E,VS2,EX,VG,1.01,GIA,63.0,57.0,None,None,2008-12-10,1540.0,7.3395376954076745,-0.6931471805599453
Round,0.51,Ideal,H,VS1,EX,EX,1.01,GIA,62.1,57.0,None,None,2008-12-10,1540.0,7.3395376954076745,-0.6733445532637656
Round,0.51,Ideal,H,VS1,EX,EX,1.01,GIA,61.7,56.0,None,None,2008-12-10,1540.0,7.3395376954076745,-0.6733445532637656
Princess,0.51,Good,E,VVS2,VG,G,1.02,GIA,79.2,77.0,None,None,2008-12-10,1540.0,7.3395376954076745,-0.6733445532637656
Princess,0.51,Very Good,E,VVS2,EX,VG,1.0,GIA,68.4,72.0,None,None,2008-12-10,1540.0,7.3395376954076745,-0.6733445532637656
Round,0.51,Very Good,E,SI1,G,VG,1.01,GIA,62.6,56.0,None,None,2008-12-11,1540.0,7.3395376954076745,-0.6733445532637656
Emerald,0.52,Very Good,E,VS1,G,G,1.39,GIA,60.2,72.0,None,None,2008-12-11,1540.0,7.3395376954076745,-0.6539264674066639
Princess,0.53,Good,E,VVS2,G,G,1.06,GIA,69.7,84.0,None,None,2008-12-10,1540.0,7.3395376954076745,-0.6348782724359695
Princess,0.6,Good,H,VVS2,EX,VG,1.03,GIA,75.4,72.0,None,None,2008-12-10,1540.0,7.3395376954076745,-0.5108256237659907
Round,0.63,Very Good,H,VS2,VG,VG,1.01,GIA,60.9,61.0,None,None,2008-12-11,1540.0,7.3395376954076745,-0.4620354595965587
Emerald,0.73,Very Good,E,SI1,G,G,1.28,GIA,68.9,71.0,None,None,2008-12-10,1540.0,7.3395376954076745,-0.31471074483970024
Round,0.5,Very Good,H,VVS1,VG,EX,1.01,GIA,61.9,62.0,Medium,None,2008-12-11,1542.0,7.340835554123275,-0.6931471805599453
Round,0.51,Very Good,H,VVS2,EX,VG,1.01,GIA,63.3,57.0,None,None,2008-12-11,1542.0,7.340835554123275,-0.6733445532637656
Round,0.51,Ideal,H,VS1,VG,VG,1.01,GIA,61.1,56.0,None,Very Small,2008-12-10,1543.0,7.341483852363161,-0.6733445532637656
Round,0.5,Ideal,H,VS1,EX,EX,1.0,GIA,61.3,57.0,None,None,2008-12-10,1550.0,7.346010209913293,-0.6931471805599453
Round,0.51,Signature-Ideal,H,VS2,EX,EX,1.01,GIA,61.4,57.0,None,None,2008-12-10,1550.0,7.346010209913293,-0.6733445532637656
Round,0.55,Ideal,H,VS1,EX,VG,1.01,GIA,62.2,55.0,None,None,2008-12-10,1550.0,7.346010209913293,-0.5978370007556204
Round,0.52,Ideal,H,VS1,VG,VG,1.01,GIA,61.0,58.0,None,None,2008-12-11,1553.0,7.347943823148687,-0.6539264674066639
Round,0.51,Ideal,H,VVS1,EX,EX,1.01,GIA,61.7,56.0,Strong Blue,None,2008-12-17,1556.0,7.349873704738337,-0.6733445532637656
Round,0.6,Very Good,H,VS2,VG,VG,1.01,GIA,63.0,60.0,None,None,2008-12-11,1556.0,7.349873704738337,-0.5108256237659907
Round,0.51,Ideal,H,VVS2,EX,EX,1.01,GIA,60.4,57.0,None,None,2008-12-12,1557.0,7.350516171833998,-0.6733445532637656
Round,0.51,Ideal,H,VVS2,EX,EX,1.01,GIA,61.9,56.0,None,None,2008-12-12,1557.0,7.350516171833998,-0.6733445532637656
Round,0.51,Ideal,H,VVS2,EX,EX,1.0,GIA,61.6,57.0,None,None,2008-12-12,1557.0,7.350516171833998,-0.6733445532637656
Round,0.53,Very Good,E,VS2,EX,G,1.02,GIA,63.2,57.0,None,None,2008-12-10,1571.0,7.359467638255621,-0.6348782724359695
Round,0.43,Ideal,E,VVS1,EX,EX,1.01,GIA,61.6,55.0,None,None,2008-12-10,1572.0,7.360103972989152,-0.843970070294529
Round,0.56,Ideal,E,SI1,EX,EX,1.01,GIA,61.9,55.0,None,None,2008-12-10,1572.0,7.360103972989152,-0.579818495252942
Round,0.5,Good,E,VS1,EX,EX,1.0,GIA,62.3,60.0,None,None,2008-12-11,1573.0,7.360739903058278,-0.6931471805599453
Round,0.5,Good,E,VS1,EX,VG,1.02,GIA,62.1,60.0,Strong,None,2008-12-18,1573.0,7.360739903058278,-0.6931471805599453
Princess,0.54,Very Good,E,VVS2,EX,VG,1.04,GIA,73.2,71.0,None,None,2008-12-17,1573.0,7.360739903058278,-0.616186139423817
Round,0.7,Very Good,E,SI2,VG,VG,1.01,GIA,61.2,59.0,Medium,None,2008-12-11,1574.0,7.3613754289773485,-0.35667494393873245
Princess,0.5,Signature-Ideal,E,VS1,EX,EX,1.04,GIA,69.5,70.0,None,Small,2008-12-10,1575.0,7.362010551259734,-0.6931471805599453
Round,0.5,Very Good,E,VS2,VG,VG,1.01,GIA,62.6,56.0,None,Very Small,2008-12-18,1575.0,7.362010551259734,-0.6931471805599453
Round,0.5,Very Good,E,VS2,EX,EX,1.01,GIA,60.3,60.0,None,None,2008-12-10,1575.0,7.362010551259734,-0.6931471805599453
Round,0.61,Very Good,E,SI1,VG,EX,1.01,GIA,63.6,55.0,None,None,2008-12-11,1575.0,7.362010551259734,-0.4942963218147801
Round,0.61,Very Good,E,SI1,VG,VG,1.01,GIA,63.6,57.0,None,None,2008-12-11,1575.0,7.362010551259734,-0.4942963218147801
Round,0.61,Very Good,E,SI1,VG,VG,1.01,GIA,62.7,59.0,None,None,2008-12-11,1575.0,7.362010551259734,-0.4942963218147801
Emerald,0.56,Signature-Ideal,E,VS2,EX,EX,1.38,GIA,67.7,65.0,None,Small,2008-12-10,1576.0,7.362645270417825,-0.579818495252942
Round,0.52,Very Good,E,VS2,VG,EX,1.0,GIA,62.6,59.0,None,None,2008-12-11,1577.0,7.3632795869630385,-0.6539264674066639
Round,0.52,Very Good,E,VS2,VG,EX,1.01,GIA,62.2,60.0,None,None,2008-12-11,1577.0,7.3632795869630385,-0.6539264674066639
Round,0.52,Very Good,E,VS2,EX,EX,1.0,GIA,62.4,60.0,Medium,None,2008-12-11,1577.0,7.3632795869630385,-0.6539264674066639
Round,0.52,Very Good,E,VS2,VG,EX,1.0,GIA,60.4,60.0,None,None,2008-12-11,1577.0,7.3632795869630385,-0.6539264674066639
Round,0.51,Ideal,E,VS2,EX,EX,1.01,GIA,60.7,58.0,None,None,2008-12-12,1650.0,7.408530566894626,-0.6733445532637656
Round,0.51,Ideal,E,VS2,EX,EX,1.0,GIA,62.4,57.0,None,None,2008-12-12,1650.0,7.408530566894626,-0.6733445532637656
Round,0.57,Ideal,E,VS2,EX,EX,1.01,GIA,61.8,56.0,Strong Blue,None,2008-12-17,1650.0,7.408530566894626,-0.5621189181535413
Round,0.51,Ideal,E,VS2,EX,EX,1.0,GIA,62.2,55.0,None,None,2008-12-10,1651.0,7.409136443920128,-0.6733445532637656
Princess,0.54,Very Good,E,VVS2,EX,VG,1.01,GIA,74.2,73.0,None,None,2008-12-11,1651.0,7.409136443920128,-0.616186139423817
Round,0.57,Ideal,E,VS2,VG,VG,1.01,GIA,60.8,57.0,None,Very Small,2008-12-10,1651.0,7.409136443920128,-0.5621189181535413
Princess,0.55,Signature-Ideal,E,VS1,EX,VG,1.0,GIA,69.9,70.0,None,None,2008-12-10,1653.0,7.410347097821024,-0.5978370007556204
Round,0.52,Very Good,E,VS2,G,VG,1.01,GIA,62.6,59.0,None,None,2008-12-10,1655.0,7.411556287811163,-0.6539264674066639
Princess,0.62,Good,E,VVS2,VG,G,1.05,GIA,76.0,75.0,None,None,2008-12-11,1655.0,7.411556287811163,-0.4780358009429998
Round,0.5,Very Good,E,VS2,EX,EX,1.01,GIA,64.3,55.0,None,None,2008-12-10,1656.0,7.412160334945205,-0.6931471805599453
Round,0.5,Ideal,E,VS2,EX,VG,1.01,GIA,60.8,60.0,None,None,2008-12-10,1656.0,7.412160334945205,-0.6931471805599453
Emerald,0.52,Very Good,E,IF,VG,G,1.52,GIA,68.7,60.0,None,None,2008-12-12,1656.0,7.412160334945205,-0.6539264674066639
Princess,0.53,Very Good,E,VVS1,VG,VG,1.03,GIA,72.5,71.0,None,None,2008-12-17,1656.0,7.412160334945205,-0.6348782724359695
Round,0.54,Signature-Ideal,E,SI1,ID,ID,1.01,AGSL,61.4,55.7,None,None,2008-12-10,1657.0,7.4127640174265625,-0.616186139423817
Round,0.51,Good,E,VS1,VG,G,1.02,GIA,62.2,62.0,None,None,2008-12-11,1658.0,7.4133673356952405,-0.6733445532637656
Round,0.54,Ideal,E,VS2,EX,VG,1.02,GIA,60.5,58.0,Medium Blue,None,2008-12-10,1658.0,7.4133673356952405,-0.616186139423817
Round,0.44,Very Good,E,IF,EX,VG,1.01,GIA,62.6,57.0,Faint,None,2008-12-10,1659.0,7.413970290190444,-0.8209805520698302
Round,0.5,Very Good,E,VS1,EX,EX,1.0,GIA,62.8,56.0,Faint,None,2008-12-17,1659.0,7.413970290190444,-0.6931471805599453
Round,0.5,Good,E,VS1,VG,G,1.02,GIA,64.7,54.0,None,None,2008-12-10,1659.0,7.413970290190444,-0.6931471805599453
Round,0.53,Ideal,E,VS2,EX,EX,1.01,GIA,62.2,55.0,None,None,2008-12-17,1659.0,7.413970290190444,-0.6348782724359695
Round,0.51,Very Good,F,VS2,VG,G,1.01,GIA,63.6,58.0,None,None,2008-12-11,1667.0,7.418780882750794,-0.6733445532637656
Round,0.61,Ideal,F,SI1,EX,EX,1.01,GIA,62.8,56.0,None,None,2008-12-10,1667.0,7.418780882750794,-0.4942963218147801
Round,0.7,Very Good,F,SI2,EX,VG,1.01,GIA,59.4,58.0,None,None,2008-12-10,1667.0,7.418780882750794,-0.35667494393873245
Round,0.5,Good,F,VS2,EX,VG,1.01,AGSL,60.9,60.4,None,None,2008-12-10,1668.0,7.419380582918692,-0.6931471805599453
Round,0.5,Very Good,F,VS2,G,G,1.01,GIA,61.9,57.0,None,None,2008-12-10,1668.0,7.419380582918692,-0.6931471805599453
Round,0.52,Ideal,G,VS1,VG,VG,1.01,GIA,61.3,58.0,Faint,None,2008-12-11,1668.0,7.419380582918692,-0.6539264674066639
Round,0.52,Ideal,G,VS1,ID,ID,1.0,AGSL,62.3,54.0,None,Pointed,2008-12-10,1668.0,7.419380582918692,-0.6539264674066639
Round,0.52,Ideal,G,VS1,ID,ID,1.03,AGSL,62.2,54.0,None,Pointed,2008-12-10,1668.0,7.419380582918692,-0.6539264674066639
Princess,0.61,Very Good,F,VVS2,EX,VG,1.02,GIA,74.9,71.0,None,None,2008-12-11,1668.0,7.419380582918692,-0.4942963218147801
Round,0.51,Ideal,G,VS2,EX,EX,1.01,GIA,61.3,60.0,None,None,2008-12-10,1669.0,7.419979923661835,-0.6733445532637656
Emerald,0.52,Fair,F,VVS1,G,G,1.43,GIA,54.1,78.0,None,None,2008-12-10,1669.0,7.419979923661835,-0.6539264674066639
Round,0.54,Very Good,G,VS2,EX,EX,1.01,GIA,61.1,55.0,None,None,2008-12-11,1669.0,7.419979923661835,-0.616186139423817
Round,0.59,Ideal,G,VS1,EX,VG,1.01,GIA,60.4,60.0,Medium,Very Small,2008-12-11,1669.0,7.419979923661835,-0.527632742082372
Round,0.7,Very Good,F,SI2,VG,G,1.01,GIA,61.5,58.0,None,None,2008-12-10,1669.0,7.419979923661835,-0.35667494393873245
Round,0.52,Ideal,F,VS2,EX,EX,1.0,GIA,61.3,56.0,Faint,None,2008-12-10,1670.0,7.4205789054108005,-0.6539264674066639
Princess,0.71,Very Good,F,SI2,EX,VG,1.01,GIA,73.4,74.0,Medium Blue,None,2008-12-10,1670.0,7.4205789054108005,-0.342490308946776
Princess,0.54,Signature-Ideal,G,VVS1,EX,VG,1.03,GIA,69.6,70.0,None,None,2008-12-10,1671.0,7.421177528595393,-0.616186139423817
Round,0.59,Very Good,F,VS2,EX,EX,1.01,GIA,59.1,59.0,None,None,2008-12-10,1671.0,7.421177528595393,-0.527632742082372
Round,0.59,Ideal,F,VS2,VG,EX,1.01,GIA,62.2,55.0,None,None,2008-12-10,1671.0,7.421177528595393,-0.527632742082372
Round,0.55,Very Good,F,VS1,VG,VG,1.01,GIA,63.5,55.0,None,Small,2008-12-10,1672.0,7.421775793644647,-0.5978370007556204
Round,0.59,Very Good,F,VS2,EX,EX,1.01,GIA,60.3,58.0,None,None,2008-12-11,1672.0,7.421775793644647,-0.527632742082372
Round,0.52,Signature-Ideal,G,VS2,EX,EX,1.01,GIA,61.7,56.0,None,Very Small,2008-12-10,1673.0,7.422373700986824,-0.6539264674066639
Round,0.53,Good,G,VVS2,VG,VG,1.01,GIA,64.3,58.0,Faint,None,2008-12-11,1673.0,7.422373700986824,-0.6348782724359695
Round,0.61,Ideal,F,SI1,VG,EX,1.01,GIA,61.3,59.0,None,None,2008-12-10,1673.0,7.422373700986824,-0.4942963218147801
Princess,0.6,Very Good,F,VVS1,EX,VG,1.02,GIA,74.1,70.0,None,None,2008-12-10,1674.0,7.422971251049421,-0.5108256237659907
Princess,0.62,Very Good,F,VVS2,EX,G,1.0,GIA,74.7,73.0,Medium Blue,None,2008-12-10,1674.0,7.422971251049421,-0.4780358009429998
Princess,0.7,Good,F,VS2,EX,G,1.01,GIA,75.8,74.0,None,None,2008-12-18,1674.0,7.422971251049421,-0.35667494393873245
Emerald,0.73,Very Good,G,SI2,VG,VG,1.28,GIA,68.7,71.0,None,None,2008-12-10,1674.0,7.422971251049421,-0.31471074483970024
Round,0.61,Very Good,G,VS2,VG,EX,1.01,GIA,62.8,56.0,None,None,2008-12-12,1675.0,7.423568444259167,-0.4942963218147801
Round,0.5,Very Good,G,VVS2,G,VG,1.01,GIA,62.4,56.0,None,None,2008-12-11,1676.0,7.424165281042028,-0.6931471805599453
Round,0.57,Ideal,F,VS2,G,ID,1.0,AGSL,61.4,55.0,None,None,2008-12-10,1676.0,7.424165281042028,-0.5621189181535413
Round,0.52,Ideal,G,VS2,EX,EX,1.0,GIA,61.7,55.0,Faint,None,2008-12-17,1677.0,7.424761761823209,-0.6539264674066639
Princess,0.66,Very Good,G,VS1,VG,VG,1.01,GIA,74.2,74.0,None,None,2008-12-10,1677.0,7.424761761823209,-0.4155154439616658
Emerald,0.53,Very Good,G,IF,VG,VG,1.27,GIA,64.9,67.0,None,None,2008-12-10,1678.0,7.425357887027151,-0.6348782724359695
Round,0.7,Very Good,G,SI2,EX,G,1.01,GIA,63.4,56.0,None,None,2008-12-10,1678.0,7.425357887027151,-0.35667494393873245
Round,0.7,Very Good,G,SI2,VG,VG,1.0,GIA,63.4,55.0,None,None,2008-12-10,1678.0,7.425357887027151,-0.35667494393873245
Princess,0.71,Good,G,SI1,EX,VG,1.02,GIA,75.3,73.0,None,None,2008-12-10,1678.0,7.425357887027151,-0.342490308946776
Princess,0.71,Good,G,SI1,EX,VG,1.03,GIA,75.2,73.0,None,None,2008-12-10,1678.0,7.425357887027151,-0.342490308946776
Round,0.5,Ideal,G,VS1,EX,EX,1.01,GIA,61.6,56.0,None,None,2008-12-10,1730.0,7.455876687491824,-0.6931471805599453
Round,0.54,Ideal,G,VS1,VG,EX,1.01,GIA,61.8,57.0,Faint,None,2008-12-11,1730.0,7.455876687491824,-0.616186139423817
Round,0.54,Ideal,G,VVS2,EX,VG,1.01,GIA,62.4,57.0,Strong Blue,None,2008-12-10,1730.0,7.455876687491824,-0.616186139423817
Round,0.53,Ideal,G,VS2,EX,EX,1.01,GIA,62.4,56.0,None,None,2008-12-10,1732.0,7.4570320891223805,-0.6348782724359695
Round,0.55,Ideal,G,VS1,ID,ID,1.01,AGSL,61.3,55.0,None,None,2008-12-10,1733.0,7.457609289715606,-0.5978370007556204
Emerald,0.6,Signature-Ideal,G,VS2,EX,VG,1.4,GIA,65.3,69.0,None,Small,2008-12-10,1733.0,7.457609289715606,-0.5108256237659907
Round,0.61,Very Good,G,VS2,VG,G,1.02,GIA,58.4,59.0,None,Very Small,2008-12-10,1734.0,7.458186157340487,-0.4942963218147801
Round,0.5,Very Good,G,VS1,EX,VG,1.01,GIA,61.6,61.0,None,None,2008-12-12,1736.0,7.459338895220296,-0.6931471805599453
Round,0.59,Very Good,G,VS1,EX,VG,1.01,GIA,61.8,60.0,Medium,None,2008-12-10,1738.0,7.460490305825338,-0.527632742082372
Round,0.6,Very Good,G,VS2,EX,G,1.01,GIA,62.4,58.0,None,None,2008-12-10,1738.0,7.460490305825338,-0.5108256237659907
Round,0.5,Very Good,G,VVS1,EX,EX,1.01,GIA,62.8,53.0,Medium Blue,None,2008-12-17,1739.0,7.461065514354283,-0.6931471805599453
Round,0.5,Ideal,G,VVS1,VG,EX,1.01,GIA,61.6,55.0,None,None,2008-12-17,1739.0,7.461065514354283,-0.6931471805599453
Round,0.51,Ideal,G,VS1,EX,EX,1.01,GIA,61.1,56.0,None,None,2008-12-10,1740.0,7.461640392208575,-0.6733445532637656
Round,0.51,Ideal,G,VS1,EX,EX,1.01,GIA,62.0,57.0,None,None,2008-12-10,1740.0,7.461640392208575,-0.6733445532637656
Round,0.51,Ideal,G,VS1,EX,EX,1.01,GIA,62.4,55.0,None,None,2008-12-10,1740.0,7.461640392208575,-0.6733445532637656
Round,0.51,Ideal,G,VS1,EX,EX,1.01,GIA,61.8,55.0,None,None,2008-12-10,1740.0,7.461640392208575,-0.6733445532637656
Round,0.51,Ideal,G,VS1,EX,EX,1.0,GIA,61.0,56.0,None,None,2008-12-10,1740.0,7.461640392208575,-0.6733445532637656
Round,0.51,Ideal,G,VS1,EX,EX,1.01,GIA,61.6,55.0,None,None,2008-12-10,1740.0,7.461640392208575,-0.6733445532637656
Round,0.58,Ideal,G,VS1,EX,EX,1.01,GIA,61.6,57.0,Strong,None,2008-12-11,1740.0,7.461640392208575,-0.5447271754416722
Round,0.54,Ideal,E,VS2,EX,EX,1.01,GIA,62.1,57.0,None,None,2008-12-12,1742.0,7.462789157412448,-0.616186139423817
Round,0.44,Very Good,E,IF,EX,VG,1.0,GIA,62.6,57.0,None,None,2008-12-12,1743.0,7.463363045520021,-0.8209805520698302
Round,0.51,Very Good,E,VS2,VG,G,1.01,GIA,61.7,58.0,None,None,2008-12-17,1743.0,7.463363045520021,-0.6733445532637656
Round,0.53,Ideal,E,VS2,ID,ID,1.0,AGSL,61.0,56.0,None,None,2008-12-10,1744.0,7.463936604468925,-0.6348782724359695
Princess,0.74,Good,E,SI1,VG,G,1.03,GIA,80.0,71.0,None,None,2008-12-10,1744.0,7.463936604468925,-0.3011050927839216
Princess,0.7,Very Good,E,SI1,EX,VG,1.03,GIA,69.0,77.0,None,None,2008-12-11,1745.0,7.4645098346365275,-0.35667494393873245
Emerald,0.58,Good,E,VVS1,VG,VG,1.46,GIA,71.4,59.0,None,None,2008-12-10,1746.0,7.465082736399547,-0.5447271754416722
Round,0.51,Ideal,E,VS1,VG,EX,1.01,GIA,61.3,55.0,None,None,2008-12-10,1747.0,7.465655310134056,-0.6733445532637656
Round,0.51,Ideal,E,VS1,VG,VG,1.01,GIA,62.4,56.0,Medium,None,2008-12-10,1747.0,7.465655310134056,-0.6733445532637656
Round,0.59,Ideal,E,VS2,EX,EX,1.01,GIA,62.5,56.0,Medium,None,2008-12-10,1747.0,7.465655310134056,-0.527632742082372
Round,0.5,Very Good,E,VS1,VG,VG,1.01,GIA,59.5,60.0,None,None,2008-12-12,1748.0,7.466227556215481,-0.6931471805599453
Round,0.5,Ideal,E,VS1,VG,VG,1.01,GIA,60.2,59.0,None,None,2008-12-10,1749.0,7.466799475018602,-0.6931471805599453
Round,0.5,Ideal,E,VS1,EX,VG,1.01,GIA,61.4,57.0,None,None,2008-12-10,1749.0,7.466799475018602,-0.6931471805599453
Round,0.5,Ideal,E,VS1,VG,EX,1.01,GIA,61.3,58.0,None,None,2008-12-10,1749.0,7.466799475018602,-0.6931471805599453
Princess,0.54,Good,E,VVS1,VG,G,1.12,GIA,77.9,74.0,None,None,2008-12-10,1749.0,7.466799475018602,-0.616186139423817
Round,0.58,Very Good,E,VS2,VG,VG,1.01,GIA,59.6,59.0,None,None,2008-12-10,1749.0,7.466799475018602,-0.5447271754416722
Princess,0.7,Very Good,E,VS2,EX,VG,1.03,GIA,72.5,74.0,None,None,2008-12-10,1750.0,7.4673710669175595,-0.35667494393873245
Princess,0.7,Good,E,VS2,EX,VG,1.04,GIA,75.1,72.0,None,None,2008-12-10,1750.0,7.4673710669175595,-0.35667494393873245
Princess,0.7,Very Good,E,VS2,EX,VG,1.02,GIA,73.2,73.0,None,None,2008-12-10,1750.0,7.4673710669175595,-0.35667494393873245
Round,0.5,Ideal,F,VS1,EX,EX,1.01,GIA,62.0,54.0,None,None,2008-12-10,1773.0,7.480428306074208,-0.6931471805599453
Round,0.5,Ideal,F,VS1,EX,EX,1.01,GIA,62.1,55.0,None,None,2008-12-10,1773.0,7.480428306074208,-0.6931471805599453
Round,0.5,Ideal,F,VS1,EX,EX,1.01,GIA,61.9,55.0,None,None,2008-12-10,1773.0,7.480428306074208,-0.6931471805599453
Round,0.55,Very Good,F,VS1,VG,EX,1.01,GIA,59.3,59.0,None,None,2008-12-12,1774.0,7.480992162869525,-0.5978370007556204
Round,0.59,Ideal,F,VS2,VG,VG,1.01,GIA,62.2,58.0,None,None,2008-12-12,1777.0,7.482681828154651,-0.527632742082372
Round,0.4,Signature-Ideal,F,IF,EX,EX,1.01,GIA,61.4,56.0,None,None,2008-12-10,1778.0,7.48324441607385,-0.916290731874155
Round,0.59,Very Good,F,VS2,EX,EX,1.01,GIA,63.6,55.0,None,None,2008-12-10,1778.0,7.48324441607385,-0.527632742082372
Princess,0.7,Good,F,VS2,VG,VG,1.02,GIA,76.4,67.0,None,None,2008-12-11,1778.0,7.48324441607385,-0.35667494393873245
Round,0.56,Very Good,F,VS2,VG,EX,1.0,GIA,63.7,54.0,Medium,None,2008-12-16,1780.0,7.484368643286131,-0.579818495252942
Round,0.56,Very Good,F,VS2,VG,VG,1.01,GIA,61.1,61.0,None,None,2008-12-16,1780.0,7.484368643286131,-0.579818495252942
Round,0.71,Good,F,SI2,VG,VG,1.01,GIA,61.7,59.0,Strong Blue,None,2008-12-10,1780.0,7.484368643286131,-0.342490308946776
Round,0.52,Very Good,F,VS1,VG,VG,1.01,GIA,59.4,57.0,Faint,None,2008-12-10,1781.0,7.484930283289661,-0.6539264674066639
Round,0.52,Very Good,F,VS1,VG,VG,1.01,GIA,61.3,58.0,None,None,2008-12-10,1781.0,7.484930283289661,-0.6539264674066639
Princess,0.61,Very Good,F,VVS1,VG,VG,1.03,GIA,73.6,72.0,None,None,2008-12-10,1781.0,7.484930283289661,-0.4942963218147801
Princess,0.61,Very Good,F,VVS1,EX,VG,1.01,GIA,73.9,68.0,None,None,2008-12-10,1781.0,7.484930283289661,-0.4942963218147801
Princess,0.61,Very Good,F,VVS1,EX,VG,1.01,GIA,71.0,71.0,None,None,2008-12-10,1781.0,7.484930283289661,-0.4942963218147801
Round,0.66,Very Good,F,SI1,EX,VG,1.01,GIA,61.7,56.0,None,None,2008-12-11,1781.0,7.484930283289661,-0.4155154439616658
Princess,0.69,Very Good,F,VS1,EX,G,1.01,GIA,73.8,70.0,None,None,2008-12-10,1781.0,7.484930283289661,-0.37106368139083207
Round,0.7,Good,F,SI2,G,VG,1.01,GIA,60.8,56.0,None,None,2008-12-10,1781.0,7.484930283289661,-0.35667494393873245
Round,0.52,Very Good,G,VVS2,VG,VG,1.01,GIA,61.9,57.0,None,None,2008-12-11,1789.0,7.489412083508719,-0.6539264674066639
Round,0.55,Very Good,G,VS1,EX,G,1.01,GIA,62.5,58.0,Faint,None,2008-12-10,1789.0,7.489412083508719,-0.5978370007556204
Round,0.55,Ideal,G,VVS2,EX,EX,1.01,GIA,61.6,57.0,Strong Blue,None,2008-12-17,1789.0,7.489412083508719,-0.5978370007556204
Round,0.42,Signature-Ideal,G,IF,EX,EX,1.01,GIA,61.8,56.0,Faint,None,2008-12-10,1790.0,7.489970898834801,-0.8675005677047231
Round,0.7,Good,G,SI1,EX,VG,1.01,GIA,64.2,55.0,None,None,2008-12-10,1790.0,7.489970898834801,-0.35667494393873245
Princess,0.71,Very Good,G,VS1,VG,VG,1.03,GIA,71.1,75.0,None,None,2008-12-10,1790.0,7.489970898834801,-0.342490308946776
Princess,0.71,Very Good,G,VS1,VG,VG,1.02,GIA,73.9,71.0,None,None,2008-12-10,1790.0,7.489970898834801,-0.342490308946776
Round,0.5,Ideal,G,VVS2,ID,ID,1.02,AGSL,61.7,55.0,None,None,2008-12-10,1791.0,7.490529402060711,-0.6931471805599453
Round,0.56,Ideal,G,VS1,VG,VG,1.01,GIA,60.7,57.0,Faint,None,2008-12-11,1791.0,7.490529402060711,-0.579818495252942
Round,0.56,Ideal,G,VS1,VG,EX,1.0,GIA,62.0,56.0,None,None,2008-12-11,1791.0,7.490529402060711,-0.579818495252942
Round,0.56,Ideal,G,VS1,ID,ID,1.0,AGSL,62.7,56.0,None,Pointed,2008-12-10,1791.0,7.490529402060711,-0.579818495252942
Round,0.56,Ideal,G,VS1,ID,ID,1.0,AGSL,62.5,54.0,None,Pointed,2008-12-10,1791.0,7.490529402060711,-0.579818495252942
Round,0.56,Ideal,G,VS1,ID,ID,1.01,AGSL,62.4,54.0,None,Pointed,2008-12-10,1791.0,7.490529402060711,-0.579818495252942
Round,0.56,Ideal,G,VS1,ID,ID,1.0,AGSL,61.9,54.0,None,Pointed,2008-12-10,1791.0,7.490529402060711,-0.579818495252942
Round,0.56,Ideal,G,VS1,EX,EX,1.01,GIA,60.1,59.0,Medium,None,2008-12-10,1791.0,7.490529402060711,-0.579818495252942
Princess,0.7,Good,G,VVS2,VG,VG,1.01,GIA,78.7,75.0,None,None,2008-12-10,1791.0,7.490529402060711,-0.35667494393873245
Round,0.71,Very Good,G,SI2,VG,VG,1.01,GIA,60.8,61.0,None,None,2008-12-11,1791.0,7.490529402060711,-0.342490308946776
Round,0.71,Very Good,G,SI2,VG,VG,1.01,GIA,63.9,56.0,None,None,2008-12-11,1791.0,7.490529402060711,-0.342490308946776
Round,0.52,Ideal,G,VS1,VG,VG,1.01,GIA,59.6,61.0,None,None,2008-12-16,1793.0,7.491645473605133,-0.6539264674066639
Round,0.71,Very Good,I,SI1,EX,VG,1.01,GIA,63.9,54.0,None,None,2008-12-10,1799.0,7.4949862339505335,-0.342490308946776
Round,0.71,Ideal,I,SI1,VG,EX,1.01,GIA,61.6,55.0,None,None,2008-12-10,1800.0,7.495541943884256,-0.342490308946776
Round,0.71,Very Good,I,VS2,G,G,1.01,GIA,63.1,57.0,Medium Blue,None,2008-12-12,1802.0,7.496652438168283,-0.342490308946776
Princess,0.72,Good,I,VVS1,EX,G,1.03,GIA,75.9,73.0,Faint,None,2008-12-10,1803.0,7.497207223203318,-0.3285040669720361
Round,0.7,Very Good,I,VS1,VG,VG,1.01,GIA,62.0,61.0,Very Strong,None,2008-12-10,1804.0,7.4977617006225685,-0.35667494393873245
Round,0.72,Very Good,I,SI2,VG,EX,1.01,GIA,62.6,57.0,None,None,2008-12-10,1804.0,7.4977617006225685,-0.3285040669720361
Round,0.7,Very Good,I,SI1,EX,EX,1.0,GIA,58.5,60.0,None,None,2008-12-10,1806.0,7.498869733976931,-0.35667494393873245
Princess,0.79,Very Good,I,SI2,EX,VG,1.0,GIA,71.9,72.0,None,None,2008-12-10,1806.0,7.498869733976931,-0.23572233352106983
Round,0.7,Ideal,I,SI2,ID,ID,1.01,AGSL,62.3,56.0,None,None,2008-12-10,1809.0,7.500529485395295,-0.35667494393873245
Princess,0.73,Very Good,I,VS2,EX,VG,1.02,GIA,67.9,76.0,None,None,2008-12-10,1810.0,7.501082124259871,-0.31471074483970024
Round,0.59,Ideal,I,VVS1,ID,ID,1.01,AGSL,62.1,57.0,None,Pointed,2008-12-10,1811.0,7.501634457883413,-0.527632742082372
Round,0.72,Ideal,I,SI1,EX,EX,1.01,GIA,62.7,55.0,None,None,2008-12-10,1812.0,7.502186486602924,-0.3285040669720361
Princess,0.76,Good,I,VS1,EX,VG,1.0,GIA,75.3,72.0,None,None,2008-12-10,1812.0,7.502186486602924,-0.2744368457017603
Princess,0.76,Very Good,I,VS1,VG,EX,1.02,GIA,74.9,71.0,None,None,2008-12-10,1812.0,7.502186486602924,-0.2744368457017603
Round,0.7,Good,I,VS2,G,G,1.01,GIA,65.4,59.0,None,None,2008-12-10,1813.0,7.502738210754851,-0.35667494393873245
Princess,0.7,Very Good,I,VS1,VG,G,1.16,GIA,62.9,72.0,Medium,None,2008-12-10,1814.0,7.503289630675082,-0.35667494393873245
Princess,0.71,Very Good,I,VVS1,VG,VG,1.01,GIA,70.6,71.0,None,None,2008-12-10,1814.0,7.503289630675082,-0.342490308946776
Round,0.71,Ideal,I,SI1,VG,VG,1.01,GIA,61.4,56.0,None,None,2008-12-10,1815.0,7.503840746698951,-0.342490308946776
Princess,0.74,Very Good,I,VS2,EX,VG,1.0,GIA,71.8,74.0,None,None,2008-12-10,1815.0,7.503840746698951,-0.3011050927839216
Princess,0.74,Very Good,I,VS2,VG,VG,1.02,GIA,70.9,72.0,None,None,2008-12-10,1815.0,7.503840746698951,-0.3011050927839216
Round,0.51,Fair,E,VVS2,G,G,1.01,GIA,62.7,67.0,Medium,None,2008-12-11,1819.0,7.506042178518122,-0.6733445532637656
Round,0.58,Ideal,E,VS2,EX,EX,1.01,GIA,61.7,53.0,None,None,2008-12-17,1819.0,7.506042178518122,-0.5447271754416722
Round,0.58,Ideal,E,VS2,EX,EX,1.01,GIA,62.2,53.0,Medium Blue,None,2008-12-17,1819.0,7.506042178518122,-0.5447271754416722
Round,0.51,Ideal,E,VS1,EX,VG,1.01,GIA,60.3,57.0,None,None,2008-12-12,1820.0,7.506591780070841,-0.6733445532637656
Princess,0.7,Good,E,VS1,G,G,1.05,GIA,77.5,85.0,None,None,2008-12-10,1821.0,7.507141079727608,-0.35667494393873245
Princess,0.7,Good,E,VS1,VG,G,1.15,GIA,74.8,80.0,None,None,2008-12-10,1821.0,7.507141079727608,-0.35667494393873245
Princess,0.7,Good,E,VS1,EX,VG,1.07,GIA,75.2,73.0,None,None,2008-12-10,1821.0,7.507141079727608,-0.35667494393873245
Round,0.5,Ideal,E,VS1,EX,EX,1.01,GIA,62.4,56.0,None,None,2008-12-12,1822.0,7.507690077819904,-0.6931471805599453
Round,0.5,Ideal,E,VS1,EX,EX,1.01,GIA,62.0,60.0,None,None,2008-12-12,1822.0,7.507690077819904,-0.6931471805599453
Round,0.56,Ideal,E,VS2,VG,EX,1.01,GIA,61.2,58.0,None,None,2008-12-11,1823.0,7.508238774678663,-0.579818495252942
Princess,0.62,Signature-Ideal,E,SI1,EX,VG,1.02,GIA,69.7,70.0,None,None,2008-12-10,1823.0,7.508238774678663,-0.4780358009429998
Round,0.6,Very Good,E,SI1,VG,EX,1.01,GIA,62.9,58.0,None,None,2008-12-11,1825.0,7.509335266016592,-0.5108256237659907
Round,0.6,Very Good,E,SI1,VG,EX,1.01,GIA,62.8,58.0,None,None,2008-12-11,1825.0,7.509335266016592,-0.5108256237659907
Round,0.71,Very Good,E,SI2,EX,VG,1.01,GIA,64.2,57.0,None,None,2008-12-11,1826.0,7.509883061154913,-0.342490308946776
Round,0.43,Very Good,E,IF,G,VG,1.02,GIA,61.9,56.0,None,None,2008-12-11,1827.0,7.510430556378006,-0.843970070294529
Princess,0.7,Very Good,E,VS2,VG,G,1.04,GIA,72.7,73.0,None,None,2008-12-10,1828.0,7.510977752014095,-0.35667494393873245
Emerald,0.6,Very Good,E,SI1,G,VG,1.29,GIA,67.7,67.0,Medium Blue,Very Small,2008-12-10,1830.0,7.512071245835466,-0.5108256237659907
Round,0.7,Very Good,E,SI2,EX,G,1.01,GIA,62.6,55.0,None,None,2008-12-10,1830.0,7.512071245835466,-0.35667494393873245
Princess,0.65,Good,E,VVS2,VG,G,1.05,GIA,73.9,81.0,None,None,2008-12-11,1832.0,7.513163545234075,-0.4307829160924542
Round,0.71,Very Good,G,SI2,EX,VG,1.01,GIA,61.9,55.0,None,None,2008-12-10,1858.0,7.527255919373784,-0.342490308946776
Princess,0.72,Very Good,G,VS2,EX,G,1.03,GIA,72.6,73.0,None,None,2008-12-10,1858.0,7.527255919373784,-0.3285040669720361
Round,0.52,Ideal,G,VVS2,ID,ID,1.01,AGSL,60.9,55.0,None,None,2008-12-10,1859.0,7.527793987721444,-0.6539264674066639
Round,0.52,Ideal,G,VVS2,EX,EX,1.01,GIA,61.6,56.0,None,None,2008-12-10,1859.0,7.527793987721444,-0.6539264674066639
Round,0.53,Ideal,G,VVS2,EX,VG,1.01,GIA,62.1,56.0,None,None,2008-12-10,1859.0,7.527793987721444,-0.6348782724359695
Round,0.53,Ideal,G,VVS2,EX,VG,1.01,GIA,62.1,57.0,None,None,2008-12-10,1859.0,7.527793987721444,-0.6348782724359695
Round,0.53,Ideal,G,VVS2,VG,VG,1.01,GIA,61.4,58.0,None,None,2008-12-18,1859.0,7.527793987721444,-0.6348782724359695
Round,0.5,Ideal,G,VVS2,EX,EX,1.01,GIA,61.9,55.0,None,None,2008-12-10,1862.0,7.529406457837013,-0.6931471805599453
Round,0.52,Ideal,G,VVS2,VG,EX,1.0,GIA,61.9,56.0,None,None,2008-12-11,1862.0,7.529406457837013,-0.6539264674066639
Round,0.52,Ideal,G,VVS2,VG,VG,1.0,GIA,61.4,59.0,None,None,2008-12-11,1862.0,7.529406457837013,-0.6539264674066639
Princess,0.71,Good,G,VS2,EX,VG,1.04,GIA,76.0,74.0,None,None,2008-12-10,1862.0,7.529406457837013,-0.342490308946776
Round,0.5,Very Good,G,VVS1,VG,EX,1.01,GIA,62.6,55.0,None,None,2008-12-10,1863.0,7.529943370601589,-0.6931471805599453
Round,0.5,Ideal,G,VVS2,EX,VG,1.01,GIA,62.0,56.0,None,None,2008-12-10,1863.0,7.529943370601589,-0.6931471805599453
Emerald,0.7,Good,G,VS1,VG,G,1.46,GIA,68.5,74.0,None,None,2008-12-10,1863.0,7.529943370601589,-0.35667494393873245
Round,0.7,Very Good,G,SI2,EX,EX,1.01,GIA,61.8,60.0,None,None,2008-12-17,1865.0,7.5310163320779155,-0.35667494393873245
Round,0.7,Very Good,G,SI2,EX,EX,1.0,GIA,62.9,56.0,None,None,2008-12-17,1865.0,7.5310163320779155,-0.35667494393873245
Round,0.74,Very Good,G,SI1,EX,G,1.0,GIA,63.1,56.0,None,None,2008-12-10,1866.0,7.531552381407289,-0.3011050927839216
Round,0.6,Ideal,G,VS2,EX,EX,1.01,GIA,61.7,55.0,None,None,2008-12-10,1867.0,7.532088143541722,-0.5108256237659907
Round,0.73,Ideal,G,SI2,VG,VG,1.01,GIA,62.3,57.0,None,Very Small,2008-12-11,1867.0,7.532088143541722,-0.31471074483970024
Round,0.7,Ideal,J,VS1,EX,EX,1.01,GIA,62.0,55.0,None,None,2008-12-10,1927.0,7.563719668414366,-0.35667494393873245
Round,0.7,Ideal,J,VS1,EX,EX,1.01,GIA,62.1,54.0,None,None,2008-12-10,1927.0,7.563719668414366,-0.35667494393873245
Princess,0.6,Very Good,E,VVS1,EX,VG,1.02,GIA,69.3,68.0,None,None,2008-12-10,1929.0,7.564757012905729,-0.5108256237659907
Round,0.7,Ideal,J,VVS2,EX,EX,1.0,GIA,62.0,55.0,None,None,2008-12-10,1929.0,7.564757012905729,-0.35667494393873245
Princess,0.71,Good,E,VS1,VG,G,1.02,GIA,76.9,72.0,None,None,2008-12-11,1930.0,7.5652752818989315,-0.342490308946776
Princess,0.84,Very Good,J,SI1,EX,VG,1.02,GIA,71.0,74.0,None,None,2008-12-10,1930.0,7.5652752818989315,-0.1743533871447778
Emerald,0.65,Very Good,E,VVS1,VG,EX,1.27,GIA,67.7,68.0,Faint,None,2008-12-10,1931.0,7.565793282428515,-0.4307829160924542
Princess,0.7,Good,E,VS2,VG,G,1.08,GIA,75.7,63.0,None,None,2008-12-11,1931.0,7.565793282428515,-0.35667494393873245
Princess,0.82,Very Good,J,VS1,EX,VG,1.0,GIA,74.3,76.0,None,None,2008-12-10,1931.0,7.565793282428515,-0.19845093872383832
Princess,0.65,Good,E,VVS1,VG,G,1.06,GIA,68.4,80.0,None,None,2008-12-10,1932.0,7.566311014772463,-0.4307829160924542
Round,0.73,Very Good,E,SI2,VG,VG,1.01,GIA,63.5,55.0,Medium Blue,Very Small,2008-12-10,1933.0,7.566828479208331,-0.31471074483970024
Round,0.73,Very Good,E,SI2,G,VG,1.0,GIA,59.4,57.0,Strong Blue,Small,2008-12-10,1933.0,7.566828479208331,-0.31471074483970024
Round,0.73,Very Good,E,SI2,VG,VG,1.0,GIA,63.5,55.0,None,None,2008-12-10,1933.0,7.566828479208331,-0.31471074483970024
Princess,0.72,Very Good,E,VS2,VG,VG,1.01,GIA,73.1,72.0,None,None,2008-12-10,1934.0,7.56734567601324,-0.3285040669720361
Princess,0.72,Very Good,E,VS2,EX,VG,1.0,GIA,71.5,73.0,None,None,2008-12-10,1934.0,7.56734567601324,-0.3285040669720361
Princess,0.71,Very Good,E,VS1,VG,G,1.06,GIA,72.6,74.0,None,None,2008-12-10,1935.0,7.5678626054638825,-0.342490308946776
Round,0.72,Very Good,J,VS1,VG,EX,1.01,GIA,62.3,57.0,Faint,None,2008-12-11,1935.0,7.5678626054638825,-0.3285040669720361
Round,0.72,Very Good,J,VS1,VG,EX,1.01,GIA,64.0,57.0,None,None,2008-12-11,1935.0,7.5678626054638825,-0.3285040669720361
Round,0.72,Very Good,J,VS1,VG,EX,1.01,GIA,59.2,61.0,Faint,None,2008-12-10,1935.0,7.5678626054638825,-0.3285040669720361
Princess,0.74,Very Good,E,SI1,VG,G,1.02,GIA,74.8,70.0,Faint,None,2008-12-10,1935.0,7.5678626054638825,-0.3011050927839216
Round,0.82,Very Good,J,SI1,G,G,1.0,GIA,61.3,60.0,None,None,2008-12-12,1935.0,7.5678626054638825,-0.19845093872383832
Emerald,0.7,Very Good,H,VVS2,VG,VG,1.44,GIA,66.4,70.0,None,None,2008-12-10,1936.0,7.568379267836522,-0.35667494393873245
Round,0.7,Very Good,E,SI2,VG,VG,1.01,GIA,62.7,59.0,Faint,None,2008-12-11,1936.0,7.568379267836522,-0.35667494393873245
Round,0.72,Very Good,H,SI2,EX,VG,1.01,GIA,64.1,58.0,None,None,2008-12-17,1936.0,7.568379267836522,-0.3285040669720361
Princess,0.76,Very Good,E,SI2,EX,VG,1.01,GIA,73.5,72.0,None,None,2008-12-10,1936.0,7.568379267836522,-0.2744368457017603
Round,0.8,Very Good,J,SI1,EX,EX,1.01,GIA,63.0,59.0,None,None,2008-12-11,1936.0,7.568379267836522,-0.2231435513142097
Princess,0.73,Very Good,H,VVS2,VG,EX,1.01,GIA,73.5,73.0,None,None,2008-12-10,1937.0,7.5688956634069955,-0.31471074483970024
Princess,0.73,Very Good,H,VVS2,EX,VG,1.02,GIA,73.7,66.0,None,None,2008-12-10,1937.0,7.5688956634069955,-0.31471074483970024
Round,0.6,Ideal,H,VS1,EX,EX,1.01,GIA,62.0,55.0,None,None,2008-12-10,1938.0,7.569411792450712,-0.5108256237659907
Round,0.6,Ideal,H,VS1,EX,EX,1.0,GIA,61.3,57.0,None,None,2008-12-10,1938.0,7.569411792450712,-0.5108256237659907
Emerald,0.74,Very Good,E,SI2,VG,VG,1.22,GIA,63.0,62.0,None,None,2008-12-10,1938.0,7.569411792450712,-0.3011050927839216
Princess,0.7,Very Good,E,VS2,VG,VG,1.05,GIA,71.6,70.0,None,None,2008-12-10,1939.0,7.569927655242652,-0.35667494393873245
Round,0.71,Very Good,H,SI1,VG,G,1.01,GIA,62.6,58.0,None,Very Small,2008-12-10,1939.0,7.569927655242652,-0.342490308946776
Round,0.52,Very Good,E,VS1,G,G,1.02,GIA,64.2,57.0,None,None,2008-12-10,1940.0,7.570443252057374,-0.6539264674066639
Round,0.71,Ideal,J,SI1,EX,EX,1.01,GIA,60.7,61.0,Faint,None,2008-12-11,1940.0,7.570443252057374,-0.342490308946776
Round,0.7,Very Good,H,SI1,EX,EX,1.01,GIA,62.8,56.0,None,None,2008-12-10,1941.0,7.57095858316901,-0.35667494393873245
Round,0.7,Very Good,H,SI1,EX,EX,1.0,GIA,62.7,58.0,None,None,2008-12-10,1941.0,7.57095858316901,-0.35667494393873245
Round,0.7,Very Good,H,SI2,VG,VG,1.01,GIA,61.9,62.0,None,None,2008-12-10,1941.0,7.57095858316901,-0.35667494393873245
Round,0.72,Ideal,J,VS2,EX,EX,1.01,GIA,61.8,56.0,Faint,None,2008-12-10,1941.0,7.57095858316901,-0.3285040669720361
Princess,0.54,Signature-Ideal,E,VVS2,EX,VG,1.03,GIA,69.7,66.0,None,None,2008-12-10,1942.0,7.571473648851271,-0.616186139423817
Round,0.57,Signature-Ideal,E,SI1,EX,EX,1.0,GIA,61.6,55.0,Medium Blue,None,2008-12-10,1942.0,7.571473648851271,-0.5621189181535413
Round,0.7,Very Good,E,SI1,VG,VG,1.01,GIA,63.6,58.0,Faint,None,2008-12-11,1942.0,7.571473648851271,-0.35667494393873245
Round,0.7,Very Good,E,SI1,EX,VG,1.01,GIA,63.1,56.0,Faint,None,2008-12-11,1942.0,7.571473648851271,-0.35667494393873245
Round,0.71,Good,E,SI2,VG,VG,1.01,GIA,64.5,56.0,None,None,2008-12-11,1942.0,7.571473648851271,-0.342490308946776
Round,0.8,Good,J,VS1,EX,VG,1.01,GIA,65.4,60.0,None,None,2008-12-12,1942.0,7.571473648851271,-0.2231435513142097
Round,0.8,Good,J,VS1,EX,VG,1.01,GIA,65.6,60.0,None,None,2008-12-12,1942.0,7.571473648851271,-0.2231435513142097
Princess,0.72,Good,H,VVS2,G,G,1.03,GIA,72.9,80.0,None,None,2008-12-10,1943.0,7.57198844937744,-0.3285040669720361
Round,0.73,Ideal,J,VS2,VG,VG,1.01,GIA,62.3,55.0,None,None,2008-12-11,1944.0,7.572502985020384,-0.31471074483970024
Round,0.73,Very Good,J,VS2,EX,EX,1.01,GIA,62.7,57.0,None,None,2008-12-11,1944.0,7.572502985020384,-0.31471074483970024
Round,0.77,Ideal,J,VVS2,EX,EX,1.01,GIA,61.5,56.0,None,None,2008-12-17,1944.0,7.572502985020384,-0.2613647641344075
Princess,0.72,Very Good,H,VS2,VG,VG,1.02,GIA,73.3,73.0,None,None,2008-12-10,1945.0,7.573017256052546,-0.3285040669720361
Princess,0.72,Very Good,H,VS2,EX,VG,1.02,GIA,72.8,73.0,None,None,2008-12-10,1945.0,7.573017256052546,-0.3285040669720361
Round,0.5,Good,E,VVS2,VG,EX,1.01,GIA,58.0,61.0,None,None,2008-12-10,1946.0,7.57353126274595,-0.6931471805599453
Round,0.56,Ideal,H,VVS1,EX,EX,1.0,GIA,62.2,57.0,None,None,2008-12-12,1946.0,7.57353126274595,-0.579818495252942
Emerald,0.63,Very Good,H,VVS2,G,VG,1.29,GIA,67.3,68.0,None,Small,2008-12-10,1946.0,7.57353126274595,-0.4620354595965587
Round,0.73,Ideal,J,VS2,EX,EX,1.01,GIA,62.0,55.0,Faint,None,2008-12-10,1946.0,7.57353126274595,-0.31471074483970024
Emerald,0.74,Very Good,H,VVS2,VG,VG,1.34,GIA,65.8,59.0,None,None,2008-12-10,1946.0,7.57353126274595,-0.3011050927839216
Round,0.51,Signature-Ideal,H,VVS2,EX,EX,1.0,GIA,61.7,55.0,None,None,2008-12-10,1947.0,7.5740450053721995,-0.6733445532637656
Round,0.53,Ideal,H,VVS1,EX,EX,1.0,GIA,62.2,57.0,None,None,2008-12-10,1947.0,7.5740450053721995,-0.6348782724359695
Round,0.53,Ideal,H,VVS1,EX,EX,1.01,GIA,61.6,56.0,None,None,2008-12-10,1947.0,7.5740450053721995,-0.6348782724359695
Round,0.57,Signature-Ideal,H,VS1,EX,EX,1.0,GIA,61.8,55.0,None,None,2008-12-10,1947.0,7.5740450053721995,-0.5621189181535413
Princess,0.7,Good,E,VS1,VG,VG,1.02,GIA,75.7,76.0,None,None,2008-12-10,1948.0,7.5745584842024805,-0.35667494393873245
Round,0.76,Ideal,J,VS2,ID,ID,1.0,AGSL,61.9,55.0,Very Strong,None,2008-12-10,1948.0,7.5745584842024805,-0.2744368457017603
Round,0.62,Very Good,E,VS2,VG,VG,1.01,GIA,64.1,57.0,Medium,None,2008-12-16,1949.0,7.575071699507561,-0.4780358009429998
Princess,0.74,Good,J,IF,EX,VG,1.02,GIA,75.3,69.0,Faint,None,2008-12-10,1949.0,7.575071699507561,-0.3011050927839216
Round,0.5,Very Good,E,VVS2,VG,VG,1.01,GIA,59.8,57.0,Medium,None,2008-12-11,1951.0,7.576097340623111,-0.6931471805599453
Emerald,0.51,Very Good,E,IF,VG,G,1.11,GIA,61.6,70.0,None,None,2008-12-10,1952.0,7.5766097669730375,-0.6733445532637656
Round,0.56,Ideal,E,VS2,ID,ID,1.01,AGSL,61.9,56.0,None,None,2008-12-10,1952.0,7.5766097669730375,-0.579818495252942
Princess,0.72,Very Good,E,VS1,EX,G,1.01,GIA,74.0,71.0,None,None,2008-12-10,1952.0,7.5766097669730375,-0.3285040669720361
Princess,0.72,Very Good,E,VS1,VG,VG,1.0,GIA,71.8,77.0,None,None,2008-12-10,1952.0,7.5766097669730375,-0.3285040669720361
Princess,0.72,Very Good,E,VS1,VG,VG,1.05,GIA,73.1,70.0,None,None,2008-12-10,1952.0,7.5766097669730375,-0.3285040669720361
Princess,0.72,Very Good,E,VS1,VG,VG,1.05,GIA,72.3,76.0,None,None,2008-12-10,1952.0,7.5766097669730375,-0.3285040669720361
Round,0.7,Very Good,E,SI2,G,VG,1.01,GIA,58.6,60.0,Medium Blue,None,2008-12-12,1953.0,7.577121930876679,-0.35667494393873245
Round,0.47,Ideal,E,VVS1,EX,EX,1.0,GIA,61.9,56.0,None,None,2008-12-10,1954.0,7.577633832602728,-0.7550225842780328
Round,0.47,Ideal,E,VVS1,EX,EX,1.01,GIA,61.9,55.0,None,None,2008-12-10,1954.0,7.577633832602728,-0.7550225842780328
Round,0.59,Very Good,E,VS2,VG,EX,1.01,GIA,63.2,56.0,None,None,2008-12-10,1954.0,7.577633832602728,-0.527632742082372
Round,0.59,Very Good,E,VS2,VG,VG,1.01,GIA,62.9,54.0,None,None,2008-12-10,1954.0,7.577633832602728,-0.527632742082372
Round,0.59,Very Good,E,VS2,EX,EX,1.0,GIA,59.6,58.0,None,None,2008-12-10,1954.0,7.577633832602728,-0.527632742082372
Round,0.55,Ideal,G,VVS1,EX,EX,1.0,GIA,61.8,56.0,Strong,None,2008-12-12,1967.0,7.584264818389059,-0.5978370007556204
Princess,0.7,Very Good,G,VVS2,EX,VG,1.02,GIA,70.9,71.0,None,None,2008-12-10,1967.0,7.584264818389059,-0.35667494393873245
Emerald,0.71,Very Good,G,SI1,EX,VG,1.39,GIA,64.5,65.0,None,Small,2008-12-10,1967.0,7.584264818389059,-0.342490308946776
Princess,0.72,Very Good,G,VS1,EX,VG,1.01,GIA,73.4,75.0,None,None,2008-12-11,1967.0,7.584264818389059,-0.3285040669720361
Round,0.51,Ideal,G,VVS1,EX,EX,1.0,GIA,62.2,56.0,Medium,None,2008-12-10,1968.0,7.584773077612199,-0.6733445532637656
Round,0.51,Ideal,G,VVS1,VG,VG,1.0,GIA,62.2,57.0,None,None,2008-12-12,1968.0,7.584773077612199,-0.6733445532637656
Emerald,0.71,Very Good,G,VS1,VG,VG,1.39,GIA,67.8,67.0,None,None,2008-12-11,1968.0,7.584773077612199,-0.342490308946776
Round,0.51,Ideal,G,VVS2,EX,EX,1.01,GIA,59.7,59.0,None,None,2008-12-10,1969.0,7.585281078639126,-0.6733445532637656
Round,0.52,Ideal,G,VVS1,VG,EX,1.01,GIA,61.9,57.0,Medium,None,2008-12-11,1969.0,7.585281078639126,-0.6539264674066639
Round,0.52,Ideal,G,VVS1,EX,EX,1.01,GIA,61.6,56.0,None,None,2008-12-10,1970.0,7.585788821732034,-0.6539264674066639
Emerald,0.7,Good,G,SI1,VG,G,1.21,GIA,72.4,70.0,None,None,2008-12-11,1970.0,7.585788821732034,-0.35667494393873245
Round,0.53,Signature-Ideal,G,VS1,ID,ID,1.01,AGSL,61.9,55.0,Negligible,Very Small,2008-12-10,1971.0,7.58629630715272,-0.6348782724359695
Princess,0.71,Very Good,G,VVS2,VG,VG,1.01,GIA,72.8,74.0,None,None,2008-12-11,1971.0,7.58629630715272,-0.342490308946776
Emerald,0.71,Very Good,G,VS1,VG,G,1.17,GIA,69.1,64.0,None,None,2008-12-10,1971.0,7.58629630715272,-0.342490308946776
Round,0.71,Good,G,SI1,VG,VG,1.01,GIA,59.5,57.0,None,None,2008-12-10,1971.0,7.58629630715272,-0.342490308946776
Round,0.71,Very Good,G,SI1,VG,G,1.0,GIA,60.5,61.0,None,None,2008-12-11,1972.0,7.586803535162581,-0.342490308946776
Round,0.5,Very Good,G,VVS2,EX,ID,1.01,AGSL,63.0,54.0,None,Very Small,2008-12-10,1973.0,7.587310506022615,-0.6931471805599453
Round,0.52,Signature-Ideal,G,VS1,EX,EX,1.0,GIA,61.8,56.0,None,None,2008-12-10,1973.0,7.587310506022615,-0.6539264674066639
Princess,0.78,Very Good,G,SI1,VG,G,1.02,GIA,75.0,74.0,None,None,2008-12-10,1973.0,7.587310506022615,-0.2484613592984996
Round,0.55,Very Good,F,VVS2,VG,G,1.01,GIA,61.1,63.0,None,None,2008-12-11,1978.0,7.589841512182657,-0.5978370007556204
Princess,0.71,Very Good,F,VS1,VG,VG,1.01,GIA,72.0,73.0,None,None,2008-12-10,1978.0,7.589841512182657,-0.342490308946776
Princess,0.71,Very Good,F,VS1,EX,VG,1.02,GIA,71.8,76.0,None,None,2008-12-10,1978.0,7.589841512182657,-0.342490308946776
Princess,0.71,Very Good,F,VS1,EX,VG,1.04,GIA,70.6,75.0,None,None,2008-12-10,1978.0,7.589841512182657,-0.342490308946776
Princess,0.71,Very Good,F,VS1,EX,VG,1.03,GIA,72.5,76.0,None,None,2008-12-10,1978.0,7.589841512182657,-0.342490308946776
Princess,0.71,Very Good,F,VS1,VG,VG,1.01,GIA,73.3,71.0,None,None,2008-12-10,1978.0,7.589841512182657,-0.342490308946776
Princess,0.71,Very Good,F,VS1,VG,VG,1.02,GIA,73.2,74.0,None,None,2008-12-10,1978.0,7.589841512182657,-0.342490308946776
Round,0.7,Very Good,F,SI1,VG,VG,1.02,GIA,63.0,56.0,Strong Blue,None,2008-12-10,1979.0,7.590346945602565,-0.35667494393873245
Princess,0.71,Good,F,VS1,VG,G,1.03,GIA,76.8,75.0,None,None,2008-12-10,1980.0,7.590852123688581,-0.342490308946776
Round,0.74,Very Good,F,SI2,EX,EX,1.01,GIA,63.8,57.0,Faint,None,2008-12-10,1980.0,7.590852123688581,-0.3011050927839216
Round,0.52,Signature-Ideal,F,VS2,EX,EX,1.0,GIA,61.8,55.0,None,None,2008-12-10,1983.0,7.592366128519796,-0.6539264674066639
Round,0.52,Signature-Ideal,F,VS2,EX,EX,1.0,GIA,61.8,56.0,None,None,2008-12-10,1983.0,7.592366128519796,-0.6539264674066639
Round,0.52,Signature-Ideal,F,VS2,EX,EX,1.01,GIA,61.9,55.0,Medium Blue,None,2008-12-10,1983.0,7.592366128519796,-0.6539264674066639
Round,0.73,Very Good,F,SI2,EX,G,1.01,GIA,62.2,57.0,None,None,2008-12-10,1983.0,7.592366128519796,-0.31471074483970024
Round,0.57,Ideal,F,VS1,EX,EX,1.0,GIA,62.2,58.0,None,None,2008-12-10,1984.0,7.592870287844818,-0.5621189181535413
Round,0.6,Ideal,F,VS2,EX,EX,1.01,GIA,62.4,54.0,None,None,2008-12-10,1984.0,7.592870287844818,-0.5108256237659907
Princess,0.82,Very Good,F,SI2,VG,VG,1.02,GIA,74.8,74.0,None,None,2008-12-10,1984.0,7.592870287844818,-0.19845093872383832
Round,0.7,Very Good,F,SI2,EX,EX,1.01,GIA,62.9,57.0,None,None,2008-12-17,1985.0,7.59337419312129,-0.35667494393873245
Round,0.7,Very Good,F,SI2,EX,EX,1.01,GIA,62.8,57.0,None,None,2008-12-17,1985.0,7.59337419312129,-0.35667494393873245
Round,0.7,Very Good,I,SI1,EX,VG,1.01,GIA,59.6,57.0,None,None,2008-12-10,2020.0,7.61085279039525,-0.35667494393873245
Round,0.63,Ideal,I,VVS1,EX,EX,1.01,GIA,62.8,58.0,None,None,2008-12-11,2024.0,7.6128310304073565,-0.4620354595965587
Round,0.75,Very Good,I,VS2,VG,EX,1.01,GIA,58.1,62.0,None,None,2008-12-10,2024.0,7.6128310304073565,-0.2876820724517809
Princess,0.73,Very Good,I,IF,EX,EX,1.04,GIA,71.1,69.0,None,None,2008-12-10,2025.0,7.613324979540639,-0.31471074483970024
Round,0.6,Very Good,I,IF,VG,EX,1.01,GIA,59.5,60.0,None,None,2008-12-12,2027.0,7.614312146452,-0.5108256237659907
Round,0.71,Very Good,I,SI1,EX,EX,1.01,GIA,62.6,59.0,None,Small,2008-12-11,2030.0,7.615791072035833,-0.342490308946776
Round,0.71,Ideal,I,SI1,VG,EX,1.01,GIA,61.9,56.0,Strong,None,2008-12-11,2030.0,7.615791072035833,-0.342490308946776
Round,0.7,Ideal,I,VS2,EX,VG,1.01,AGSL,60.4,55.0,None,Pointed,2008-12-10,2031.0,7.616283561580385,-0.35667494393873245
Princess,0.78,Good,I,VVS2,EX,G,1.01,GIA,75.5,73.0,None,None,2008-12-10,2031.0,7.616283561580385,-0.2484613592984996
Round,0.71,Ideal,I,VS2,EX,EX,1.01,GIA,62.3,57.0,Faint,None,2008-12-12,2032.0,7.616775808698373,-0.342490308946776
Princess,0.8,Very Good,I,VS1,VG,VG,1.03,GIA,67.3,67.0,None,None,2008-12-10,2035.0,7.618251097876695,-0.2231435513142097
Round,0.8,Good,I,SI1,G,VG,1.01,GIA,64.9,60.0,None,None,2008-12-12,2035.0,7.618251097876695,-0.2231435513142097
Round,0.71,Good,I,VVS2,VG,VG,1.01,GIA,61.2,64.0,None,None,2008-12-11,2038.0,7.61972421378267,-0.342490308946776
Round,0.71,Very Good,I,VS1,EX,VG,1.0,GIA,62.0,60.0,None,None,2008-12-10,2040.0,7.620705086838262,-0.342490308946776
Princess,0.8,Very Good,I,VS2,EX,VG,1.0,GIA,73.8,74.0,None,None,2008-12-10,2040.0,7.620705086838262,-0.2231435513142097
Princess,0.8,Very Good,I,VS2,EX,VG,1.02,GIA,73.3,73.0,None,None,2008-12-10,2040.0,7.620705086838262,-0.2231435513142097
Princess,0.8,Very Good,I,VS1,EX,VG,1.01,GIA,74.3,72.0,None,None,2008-12-10,2044.0,7.622663951323595,-0.2231435513142097
Round,0.7,Ideal,I,VS1,EX,EX,1.01,GIA,59.8,60.0,None,None,2008-12-10,2046.0,7.6236419465115715,-0.35667494393873245
Princess,0.75,Very Good,I,VS1,EX,VG,1.0,GIA,73.0,74.0,None,None,2008-12-10,2047.0,7.624130585661289,-0.2876820724517809
Princess,0.75,Very Good,I,VS1,EX,VG,1.01,GIA,74.2,74.0,None,None,2008-12-10,2047.0,7.624130585661289,-0.2876820724517809
Round,0.56,Ideal,G,VVS2,EX,EX,1.0,GIA,61.6,55.0,None,None,2008-12-10,2049.0,7.6251071482389,-0.579818495252942
Round,0.56,Ideal,G,VVS2,EX,EX,1.0,GIA,61.3,57.0,None,None,2008-12-10,2049.0,7.6251071482389,-0.579818495252942
Round,0.54,Very Good,G,VVS1,EX,VG,1.02,GIA,62.1,56.0,None,None,2008-12-18,2050.0,7.6255950721324535,-0.616186139423817
Princess,0.71,Good,G,VVS1,EX,VG,1.03,GIA,75.2,73.0,Faint,None,2008-12-10,2050.0,7.6255950721324535,-0.342490308946776
Emerald,0.71,Fair,G,VS2,VG,G,1.56,GIA,72.8,77.0,None,None,2008-12-10,2050.0,7.6255950721324535,-0.342490308946776
Round,0.71,Ideal,G,SI1,EX,VG,1.01,GIA,63.2,56.0,Medium,None,2008-12-11,2051.0,7.62608275807238,-0.342490308946776
Round,0.58,Very Good,G,VS1,VG,VG,1.01,GIA,61.5,58.0,None,None,2008-12-11,2052.0,7.62657020629066,-0.5447271754416722
Round,0.59,Ideal,G,VS1,EX,EX,1.0,GIA,61.3,58.0,Faint,None,2008-12-11,2053.0,7.627057417018934,-0.527632742082372
Round,0.53,Ideal,G,VVS2,EX,EX,1.01,GIA,60.8,58.0,None,None,2008-12-10,2055.0,7.628031126930335,-0.6348782724359695
Round,0.56,Ideal,G,IF,EX,EX,1.0,GIA,61.9,55.0,Strong,None,2008-12-10,2055.0,7.628031126930335,-0.579818495252942
Princess,0.68,Good,G,IF,VG,VG,1.03,GIA,75.6,72.0,None,None,2008-12-11,2055.0,7.628031126930335,-0.3856624808119846
Round,0.75,Very Good,G,SI2,EX,EX,1.01,GIA,64.0,54.0,None,None,2008-12-10,2055.0,7.628031126930335,-0.2876820724517809
Round,0.53,Ideal,G,IF,EX,EX,1.01,GIA,61.3,56.0,Faint,None,2008-12-10,2056.0,7.628517626575055,-0.6348782724359695
Round,0.61,Ideal,G,VS1,EX,VG,1.01,GIA,61.7,56.0,None,None,2008-12-10,2056.0,7.628517626575055,-0.4942963218147801
Emerald,0.81,Fair,G,SI1,G,G,1.2,GIA,77.5,78.0,None,None,2008-12-10,2056.0,7.628517626575055,-0.21072103131565253
Round,0.73,Ideal,G,SI2,VG,VG,1.01,GIA,61.9,57.0,None,None,2008-12-11,2057.0,7.6290038896529575,-0.31471074483970024
Round,0.55,Ideal,G,VVS2,ID,ID,1.01,AGSL,60.7,56.0,Negligible,Pointed,2008-12-10,2058.0,7.629489916393995,-0.5978370007556204
Round,0.61,Ideal,G,VS2,G,G,1.02,AGSL,61.4,55.7,None,Very Small,2008-12-10,2058.0,7.629489916393995,-0.4942963218147801
Princess,0.71,Good,E,VS1,VG,G,1.02,GIA,75.2,73.0,None,None,2008-12-10,2059.0,7.629975707027789,-0.342490308946776
Princess,0.71,Very Good,E,VS1,EX,VG,1.04,GIA,70.9,71.0,None,None,2008-12-10,2059.0,7.629975707027789,-0.342490308946776
Princess,0.71,Very Good,E,VS1,VG,VG,1.0,GIA,74.8,74.0,Faint,None,2008-12-10,2059.0,7.629975707027789,-0.342490308946776
Princess,0.71,Very Good,E,VS1,EX,VG,1.01,GIA,68.0,74.0,None,None,2008-12-10,2059.0,7.629975707027789,-0.342490308946776
Princess,0.71,Very Good,E,VS1,EX,VG,1.04,GIA,71.5,74.0,None,None,2008-12-10,2059.0,7.629975707027789,-0.342490308946776
Princess,0.71,Very Good,E,VS1,VG,G,1.06,GIA,74.8,71.0,None,None,2008-12-10,2059.0,7.629975707027789,-0.342490308946776
Round,0.78,Ideal,E,SI2,EX,EX,1.01,GIA,61.0,56.0,Medium Blue,None,2008-12-10,2059.0,7.629975707027789,-0.2484613592984996
Round,0.72,Very Good,E,SI1,VG,G,1.01,GIA,62.0,57.0,Medium Blue,None,2008-12-10,2060.0,7.630461261783627,-0.3285040669720361
Round,0.7,Good,E,SI1,G,VG,1.01,GIA,65.9,61.0,Strong Blue,None,2008-12-12,2061.0,7.630946580890459,-0.35667494393873245
Round,0.71,Very Good,E,SI2,EX,EX,1.01,GIA,62.7,60.0,Faint,None,2008-12-10,2061.0,7.630946580890459,-0.342490308946776
Princess,0.75,Very Good,E,SI1,VG,VG,1.02,GIA,73.9,75.0,None,None,2008-12-10,2061.0,7.630946580890459,-0.2876820724517809
Emerald,0.62,Signature-Ideal,E,VS2,EX,VG,1.31,GIA,65.4,68.0,None,Small,2008-12-10,2062.0,7.631431664576906,-0.4780358009429998
Princess,0.71,Good,G,VS1,EX,VG,1.0,GIA,76.4,75.0,None,None,2008-12-10,2062.0,7.631431664576906,-0.342490308946776
Round,0.71,Ideal,E,SI2,VG,VG,1.01,GIA,62.5,56.0,None,None,2008-12-18,2062.0,7.631431664576906,-0.342490308946776
Round,0.5,Very Good,E,VVS2,VG,G,1.01,GIA,63.1,57.0,None,None,2008-12-10,2063.0,7.631916513071252,-0.6931471805599453
Princess,0.71,Very Good,E,VS1,G,G,1.06,GIA,71.1,76.0,None,None,2008-12-11,2063.0,7.631916513071252,-0.342490308946776
Princess,0.71,Very Good,E,VS2,EX,EX,1.04,GIA,66.5,72.0,None,None,2008-12-10,2063.0,7.631916513071252,-0.342490308946776
Princess,0.71,Very Good,E,VS1,VG,G,1.08,GIA,74.3,73.0,None,None,2008-12-10,2064.0,7.6324011266014535,-0.342490308946776
Princess,0.72,Good,E,SI1,G,G,1.18,GIA,78.3,65.0,Medium,None,2008-12-10,2067.0,7.633853559681768,-0.3285040669720361
Princess,0.61,Good,E,VVS1,EX,G,1.05,GIA,75.3,73.0,None,None,2008-12-11,2068.0,7.63433723562832,-0.4942963218147801
Princess,0.7,Very Good,D,SI1,VG,VG,1.0,GIA,67.4,77.0,None,None,2008-12-09,2069.0,7.634820677745543,-0.35667494393873245
Princess,0.7,Very Good,D,VS1,VG,G,1.04,GIA,68.5,73.0,None,None,2008-12-09,2070.0,7.635303886259415,-0.35667494393873245
Round,0.7,Good,D,SI1,VG,G,1.01,GIA,62.0,54.0,None,Small,2008-12-09,2070.0,7.635303886259415,-0.35667494393873245
Princess,0.7,Very Good,D,VS1,VG,G,1.02,GIA,74.4,75.0,None,None,2008-12-09,2070.0,7.635303886259415,-0.35667494393873245
Princess,0.7,Very Good,D,VS2,EX,G,1.03,GIA,75.0,74.0,None,None,2008-12-09,2070.0,7.635303886259415,-0.35667494393873245
Princess,0.72,Very Good,D,VS2,EX,G,1.04,GIA,73.8,71.0,None,None,2008-12-09,2070.0,7.635303886259415,-0.3285040669720361
Round,0.77,Very Good,D,SI2,EX,EX,1.01,GIA,60.2,57.0,Medium Blue,None,2008-12-09,2070.0,7.635303886259415,-0.2613647641344075
Princess,0.52,Signature-Ideal,D,VVS2,EX,VG,1.03,GIA,69.2,70.0,None,None,2008-12-09,2071.0,7.635786861395585,-0.6539264674066639
Princess,0.52,Signature-Ideal,D,VVS2,EX,VG,1.01,GIA,69.9,72.0,None,None,2008-12-09,2071.0,7.635786861395585,-0.6539264674066639
Round,0.59,Very Good,D,VS2,VG,G,1.01,GIA,59.2,56.0,None,None,2008-12-09,2072.0,7.6362696033793735,-0.527632742082372
Round,0.72,Ideal,D,SI2,VG,VG,1.01,GIA,62.5,57.0,Medium,None,2008-12-09,2072.0,7.6362696033793735,-0.3285040669720361
Round,0.61,Very Good,D,SI1,G,VG,1.01,GIA,61.0,60.0,None,None,2008-12-09,2073.0,7.636752112435779,-0.4942963218147801
Round,0.64,Ideal,D,SI1,VG,EX,1.01,GIA,61.2,58.0,None,None,2008-12-15,2073.0,7.636752112435779,-0.4462871026284195
Princess,0.71,Very Good,D,VS2,EX,G,1.03,GIA,71.6,75.0,Faint,None,2008-12-09,2073.0,7.636752112435779,-0.342490308946776
Princess,0.71,Very Good,D,VS2,EX,G,1.02,GIA,73.3,75.0,None,None,2008-12-09,2073.0,7.636752112435779,-0.342490308946776
Princess,0.71,Very Good,D,VS1,EX,G,1.04,GIA,73.1,71.0,None,None,2008-12-09,2073.0,7.636752112435779,-0.342490308946776
Princess,0.6,Good,D,VVS1,EX,VG,1.03,GIA,76.2,71.0,None,None,2008-12-09,2074.0,7.637234388789473,-0.5108256237659907
Round,0.7,Good,D,SI1,EX,G,1.01,GIA,63.5,55.0,None,None,2008-12-10,2074.0,7.637234388789473,-0.35667494393873245
Round,0.7,Very Good,D,SI2,EX,G,1.01,GIA,61.8,58.0,None,None,2008-12-09,2075.0,7.637716432664798,-0.35667494393873245
Round,0.51,Very Good,D,VVS2,VG,VG,1.01,GIA,62.8,56.0,Strong Blue,None,2008-12-11,2076.0,7.638198244285779,-0.6733445532637656
Round,0.74,Ideal,J,VVS1,VG,VG,1.01,GIA,60.8,56.0,None,None,2008-12-10,2111.0,7.65491704784832,-0.3011050927839216
Round,0.76,Ideal,J,VVS1,EX,VG,1.01,GIA,62.2,56.0,None,None,2008-12-12,2113.0,7.655864017616056,-0.2744368457017603
Round,0.7,Ideal,J,IF,VG,EX,1.01,GIA,61.3,60.0,None,None,2008-12-11,2121.0,7.659642954564682,-0.35667494393873245
Princess,0.89,Good,J,VVS2,EX,VG,1.0,GIA,76.7,73.0,None,None,2008-12-10,2127.0,7.6624678152002375,-0.11653381625595151
Emerald,0.9,Fair,J,VS2,VG,VG,1.49,GIA,79.0,65.0,None,None,2008-12-10,2136.0,7.666690200080086,-0.10536051565782628
Emerald,0.82,Very Good,J,VVS2,G,G,1.42,GIA,65.3,69.0,Faint Blue,Small,2008-12-10,2141.0,7.669028288589683,-0.19845093872383832
Round,0.75,Ideal,J,VVS2,EX,VG,1.01,GIA,62.5,54.0,Medium,None,2008-12-10,2142.0,7.669495251007694,-0.2876820724517809
Round,0.83,Ideal,J,VS1,EX,VG,1.0,GIA,62.2,57.0,None,None,2008-12-18,2153.0,7.674617497364363,-0.18632957819149348
Princess,0.7,Very Good,D,VS1,VG,VG,1.02,GIA,73.9,70.0,None,None,2008-12-10,2156.0,7.6760099320288875,-0.35667494393873245
Round,0.8,Very Good,J,SI1,EX,EX,1.01,GIA,62.0,61.0,Faint,None,2008-12-10,2156.0,7.6760099320288875,-0.2231435513142097
Round,0.5,Ideal,D,VS1,EX,EX,1.01,GIA,62.4,56.0,None,None,2008-12-09,2157.0,7.676473646389156,-0.6931471805599453
Emerald,0.71,Very Good,D,VS2,VG,VG,1.37,GIA,67.2,69.0,None,None,2008-12-09,2157.0,7.676473646389156,-0.342490308946776
Round,0.5,Very Good,D,VVS2,EX,VG,1.01,GIA,58.5,59.0,None,None,2008-12-10,2158.0,7.67693714581808,-0.6931471805599453
Round,0.56,Ideal,D,VS1,EX,EX,1.01,GIA,62.0,55.0,None,None,2008-12-09,2159.0,7.677400430514807,-0.579818495252942
Princess,0.71,Very Good,D,VS1,VG,VG,1.04,GIA,74.3,72.0,None,None,2008-12-09,2160.0,7.67786350067821,-0.342490308946776
Round,0.59,Ideal,D,VS1,EX,EX,1.01,GIA,59.6,60.0,None,None,2008-12-10,2162.0,7.6787889981991535,-0.527632742082372
Round,0.71,Ideal,D,SI2,ID,ID,1.01,AGSL,61.5,55.0,Medium,Small,2008-12-10,2162.0,7.6787889981991535,-0.342490308946776
Round,0.71,Ideal,D,SI2,VG,VG,1.01,GIA,62.3,56.0,Medium,None,2008-12-10,2162.0,7.6787889981991535,-0.342490308946776
Round,0.71,Good,D,SI2,EX,VG,1.0,GIA,59.8,55.0,None,None,2008-12-09,2162.0,7.6787889981991535,-0.342490308946776
Round,0.71,Very Good,D,SI2,VG,VG,1.01,GIA,61.2,58.0,Faint,None,2008-12-17,2162.0,7.6787889981991535,-0.342490308946776
Round,0.7,Good,D,SI2,G,VG,1.01,GIA,59.2,60.0,None,None,2008-12-10,2163.0,7.679251425953058,-0.35667494393873245
Princess,0.8,Very Good,J,VS1,VG,G,1.04,GIA,68.8,71.0,None,None,2008-12-10,2164.0,7.679713639966372,-0.2231435513142097
Round,0.75,Very Good,J,IF,EX,VG,1.01,GIA,58.7,61.0,None,None,2008-12-11,2165.0,7.68017564043659,-0.2876820724517809
Princess,0.7,Good,D,SI1,VG,VG,1.01,GIA,76.3,70.0,None,None,2008-12-10,2166.0,7.680637427560936,-0.35667494393873245
Round,0.51,Very Good,D,VVS2,EX,EX,1.01,GIA,62.4,58.0,Medium,None,2008-12-10,2167.0,7.681099001536359,-0.6733445532637656
Round,0.51,Ideal,D,VVS2,EX,VG,1.0,GIA,60.0,59.0,Strong,None,2008-12-10,2167.0,7.681099001536359,-0.6733445532637656
Round,0.7,Ideal,D,SI2,EX,EX,1.01,GIA,59.9,61.0,Medium Blue,None,2008-12-11,2169.0,7.682021510826875,-0.35667494393873245
Emerald,0.58,Very Good,D,VVS2,VG,VG,1.42,GIA,66.7,65.0,None,None,2008-12-16,2170.0,7.682482446534506,-0.5447271754416722
Round,0.5,Very Good,D,VVS2,EX,EX,1.01,GIA,62.6,55.0,None,None,2008-12-16,2172.0,7.683403681053826,-0.6931471805599453
Round,0.82,Ideal,J,SI1,VG,EX,1.01,GIA,62.3,55.0,None,None,2008-12-11,2172.0,7.683403681053826,-0.19845093872383832
Round,0.74,Very Good,J,VVS1,EX,VG,1.01,GIA,62.5,59.0,None,None,2008-12-11,2174.0,7.684324067681155,-0.3011050927839216
Round,0.7,Very Good,D,SI2,EX,VG,1.01,GIA,60.8,56.0,Medium,None,2008-12-09,2175.0,7.684783943522785,-0.35667494393873245
Round,0.63,Very Good,D,VS2,G,VG,1.01,GIA,59.0,60.0,None,None,2008-12-09,2176.0,7.685243607975833,-0.4620354595965587
Princess,0.72,Very Good,G,VVS2,VG,VG,1.02,GIA,72.8,66.0,None,None,2008-12-10,2179.0,7.68662133494462,-0.3285040669720361
Round,0.51,Signature-Ideal,G,VVS2,EX,EX,1.01,GIA,61.3,55.0,None,None,2008-12-10,2180.0,7.687080155783135,-0.6733445532637656
Round,0.57,Ideal,G,VVS2,EX,EX,1.01,GIA,61.2,59.0,None,None,2008-12-10,2180.0,7.687080155783135,-0.5621189181535413
Round,0.75,Ideal,J,VVS2,EX,EX,1.01,GIA,62.3,56.0,None,None,2008-12-10,2180.0,7.687080155783135,-0.2876820724517809
Princess,0.72,Very Good,G,VVS1,VG,VG,1.02,GIA,72.7,67.0,Faint,None,2008-12-11,2181.0,7.687538766201629,-0.3285040669720361
Emerald,0.7,Very Good,G,IF,EX,VG,1.27,GIA,68.3,61.0,None,None,2008-12-10,2183.0,7.688455356549944,-0.35667494393873245
Princess,0.78,Good,G,VS1,VG,VG,1.03,GIA,77.8,75.0,Faint,None,2008-12-10,2183.0,7.688455356549944,-0.2484613592984996
Round,0.61,Ideal,G,VS1,ID,ID,1.01,AGSL,62.6,54.0,None,Pointed,2008-12-10,2184.0,7.688913336864796,-0.4942963218147801
Round,0.73,Very Good,G,SI1,EX,VG,1.0,GIA,63.0,58.0,Faint,None,2008-12-10,2185.0,7.68937110752969,-0.31471074483970024
Round,0.53,Ideal,G,VVS1,EX,EX,1.0,GIA,62.4,54.0,Faint,None,2008-12-10,2186.0,7.689828668736484,-0.6348782724359695
Round,0.57,Very Good,G,VVS1,EX,VG,1.01,GIA,62.8,58.0,Faint,None,2008-12-10,2186.0,7.689828668736484,-0.5621189181535413
Round,0.54,Ideal,G,VVS1,EX,EX,1.0,GIA,61.2,57.0,None,None,2008-12-10,2187.0,7.690286020676768,-0.616186139423817
Round,0.54,Ideal,G,VVS1,EX,EX,1.01,GIA,61.1,56.0,None,None,2008-12-10,2187.0,7.690286020676768,-0.616186139423817
Round,0.56,Ideal,G,IF,EX,EX,1.01,GIA,61.6,55.0,None,None,2008-12-10,2187.0,7.690286020676768,-0.579818495252942
Round,0.56,Ideal,G,IF,EX,EX,1.0,GIA,61.2,57.0,None,None,2008-12-10,2187.0,7.690286020676768,-0.579818495252942
Round,0.56,Ideal,G,VVS1,EX,EX,1.01,GIA,61.5,56.0,None,None,2008-12-10,2187.0,7.690286020676768,-0.579818495252942
Princess,0.59,Very Good,G,VVS2,G,G,1.04,GIA,69.7,73.0,None,None,2008-12-10,2187.0,7.690286020676768,-0.527632742082372
Round,0.59,Very Good,G,VVS1,EX,VG,1.0,GIA,60.1,61.0,None,None,2008-12-11,2187.0,7.690286020676768,-0.527632742082372
Emerald,0.72,Good,G,VVS2,G,G,1.38,GIA,73.9,70.0,None,None,2008-12-17,2187.0,7.690286020676768,-0.3285040669720361
Round,0.55,Ideal,G,VVS1,ID,ID,1.01,AGSL,61.0,56.0,Negligible,Pointed,2008-12-10,2188.0,7.690743163541872,-0.5978370007556204
Round,0.8,Very Good,J,VS1,VG,G,1.0,GIA,63.1,55.0,None,None,2008-12-10,2188.0,7.690743163541872,-0.2231435513142097
Round,0.84,Very Good,J,VS2,EX,EX,1.01,GIA,62.3,55.0,None,None,2008-12-11,2189.0,7.691200097522863,-0.1743533871447778
Round,0.77,Ideal,J,SI1,VG,EX,1.01,GIA,62.0,57.0,None,None,2008-12-11,2190.0,7.691656822810547,-0.2613647641344075
Round,0.79,Ideal,J,SI1,EX,EX,1.0,GIA,62.4,56.0,Faint Blue,None,2008-12-11,2192.0,7.692569648067906,-0.23572233352106983
Round,0.77,Ideal,J,VVS2,EX,EX,1.01,GIA,60.5,60.0,None,None,2008-12-11,2193.0,7.693025748417888,-0.2613647641344075
Round,0.9,Good,J,SI2,VG,VG,1.02,GIA,65.1,58.0,None,None,2008-12-10,2196.0,7.694392802629421,-0.10536051565782628
Round,0.55,Ideal,F,VVS2,EX,VG,1.0,GIA,60.1,60.0,Faint,None,2008-12-11,2238.0,7.71333788887187,-0.5978370007556204
Princess,0.7,Very Good,F,VVS2,EX,VG,1.04,GIA,72.1,74.0,None,None,2008-12-10,2238.0,7.71333788887187,-0.35667494393873245
Princess,0.7,Very Good,F,VVS2,VG,VG,1.02,GIA,74.6,72.0,Faint,None,2008-12-10,2238.0,7.71333788887187,-0.35667494393873245
Round,0.73,Ideal,F,SI2,VG,VG,1.01,GIA,60.0,59.0,None,None,2008-12-12,2239.0,7.713784616598755,-0.31471074483970024
Princess,0.75,Very Good,F,SI1,EX,VG,1.03,GIA,73.4,74.0,None,None,2008-12-11,2240.0,7.7142311448490855,-0.2876820724517809
Round,0.5,Very Good,F,VVS1,VG,VG,1.01,GIA,63.1,55.0,None,None,2008-12-10,2241.0,7.714677473800927,-0.6931471805599453
Round,0.55,Ideal,F,VVS2,G,G,1.01,GIA,61.7,55.0,None,None,2008-12-10,2241.0,7.714677473800927,-0.5978370007556204
Round,0.55,Ideal,F,VVS2,G,G,1.01,GIA,61.7,55.0,None,None,2008-12-10,2241.0,7.714677473800927,-0.5978370007556204
Princess,0.7,Very Good,F,VS1,VG,VG,1.03,GIA,74.9,72.0,Faint,None,2008-12-10,2242.0,7.715123603632105,-0.35667494393873245
Round,0.7,Ideal,F,SI1,EX,EX,1.01,GIA,61.9,57.0,Medium Blue,None,2008-12-10,2242.0,7.715123603632105,-0.35667494393873245
Princess,0.7,Very Good,F,VVS2,VG,VG,1.04,GIA,74.7,78.0,None,None,2008-12-11,2242.0,7.715123603632105,-0.35667494393873245
Round,0.71,Good,F,SI1,EX,VG,1.01,GIA,62.9,57.0,None,None,2008-12-10,2242.0,7.715123603632105,-0.342490308946776
Round,0.71,Very Good,F,SI1,VG,VG,1.01,GIA,61.3,58.0,None,None,2008-12-10,2243.0,7.715569534520208,-0.342490308946776
Princess,0.72,Very Good,F,VS2,G,G,1.09,GIA,74.6,74.0,None,None,2008-12-11,2243.0,7.715569534520208,-0.3285040669720361
Round,0.73,Very Good,F,SI2,EX,EX,1.01,GIA,62.4,57.0,None,None,2008-12-10,2243.0,7.715569534520208,-0.31471074483970024
Round,0.54,Ideal,F,VVS2,VG,VG,1.01,GIA,60.7,57.0,Faint,None,2008-12-12,2244.0,7.716015266642587,-0.616186139423817
Round,0.7,Very Good,F,SI1,EX,EX,1.0,GIA,59.2,60.0,Faint,None,2008-12-11,2244.0,7.716015266642587,-0.35667494393873245
Princess,0.73,Good,F,VS1,EX,G,1.01,GIA,75.6,72.0,None,None,2008-12-10,2245.0,7.716460800176355,-0.31471074483970024
Princess,0.73,Good,F,VS1,VG,G,1.02,GIA,76.0,74.0,None,None,2008-12-10,2245.0,7.716460800176355,-0.31471074483970024
Round,0.57,Ideal,H,IF,EX,EX,1.01,GIA,61.9,57.0,None,None,2008-12-10,2268.0,7.7266536648476425,-0.5621189181535413
Round,0.72,Very Good,H,VS2,EX,EX,1.01,GIA,63.3,57.0,None,None,2008-12-10,2268.0,7.7266536648476425,-0.3285040669720361
Round,0.72,Very Good,H,VS2,EX,EX,1.01,GIA,63.7,57.0,None,None,2008-12-10,2268.0,7.7266536648476425,-0.3285040669720361
Round,0.72,Very Good,H,VS2,EX,EX,1.01,GIA,64.0,55.0,None,None,2008-12-10,2268.0,7.7266536648476425,-0.3285040669720361
Round,0.7,Good,H,VS2,VG,VG,1.01,GIA,63.2,61.0,None,None,2008-12-17,2269.0,7.727094484779841,-0.35667494393873245
Emerald,0.73,Fair,H,SI1,VG,VG,1.41,GIA,78.8,68.0,None,None,2008-12-10,2270.0,7.727535110475448,-0.31471074483970024
Round,0.63,Good,H,VVS1,VG,VG,1.01,GIA,59.6,60.0,None,None,2008-12-10,2274.0,7.729295674310482,-0.4620354595965587
Princess,0.85,Good,H,SI2,EX,VG,1.02,GIA,75.2,74.0,None,None,2008-12-10,2277.0,7.7306140660637395,-0.16251892949777494
Emerald,0.77,Good,H,VS1,G,G,1.29,GIA,71.3,72.0,None,None,2008-12-10,2279.0,7.731492029245684,-0.2613647641344075
Round,0.56,Signature-Ideal,H,VVS1,EX,EX,1.0,GIA,61.4,56.0,None,None,2008-12-10,2280.0,7.731930721948486,-0.579818495252942
Round,0.56,Signature-Ideal,H,VVS1,EX,EX,1.01,GIA,61.7,56.0,None,None,2008-12-10,2280.0,7.731930721948486,-0.579818495252942
Princess,0.72,Very Good,H,VS1,EX,VG,1.07,GIA,67.6,74.0,None,None,2008-12-10,2280.0,7.731930721948486,-0.3285040669720361
Emerald,0.65,Very Good,H,IF,EX,EX,1.33,GIA,63.3,67.0,None,Small,2008-12-10,2281.0,7.732369222284388,-0.4307829160924542
Princess,0.76,Very Good,H,VVS2,VG,G,1.05,GIA,73.8,73.0,Faint,None,2008-12-11,2281.0,7.732369222284388,-0.2744368457017603
Princess,0.77,Very Good,H,VS1,EX,G,1.01,GIA,69.9,67.0,None,None,2008-12-10,2281.0,7.732369222284388,-0.2613647641344075
Princess,0.7,Very Good,H,VS1,EX,VG,1.01,GIA,69.3,70.0,None,None,2008-12-10,2285.0,7.734121303328305,-0.35667494393873245
Round,0.7,Very Good,H,VVS2,VG,EX,1.01,GIA,63.7,58.0,Medium Blue,None,2008-12-12,2285.0,7.734121303328305,-0.35667494393873245
Princess,0.76,Good,H,VVS2,VG,VG,1.04,GIA,76.2,69.0,None,None,2008-12-10,2285.0,7.734121303328305,-0.2744368457017603
Emerald,0.67,Very Good,H,VVS2,G,EX,1.15,AGSL,67.1,68.9,None,Very Small,2008-12-10,2286.0,7.734558844354756,-0.40047756659712525
Princess,0.72,Good,H,VVS1,EX,EX,1.03,GIA,75.5,74.0,None,None,2008-12-10,2287.0,7.734996194022781,-0.3285040669720361
Princess,0.71,Very Good,E,VS1,VG,G,1.04,GIA,74.4,73.0,None,None,2008-12-10,2296.0,7.738923757439457,-0.342490308946776
Princess,0.71,Very Good,E,VS1,G,G,1.02,GIA,72.0,78.0,None,None,2008-12-10,2296.0,7.738923757439457,-0.342490308946776
Round,0.52,Ideal,E,VVS2,EX,EX,1.01,GIA,61.6,56.0,Medium Blue,None,2008-12-10,2298.0,7.739794458408701,-0.6539264674066639
Round,0.79,Ideal,E,SI2,EX,VG,1.01,GIA,60.9,57.0,Medium,None,2008-12-11,2298.0,7.739794458408701,-0.23572233352106983
Round,0.6,Ideal,E,VS1,ID,ID,1.01,AGSL,61.7,56.0,None,None,2008-12-10,2299.0,7.740229524763182,-0.5108256237659907
Round,0.73,Very Good,E,SI2,VG,VG,1.01,GIA,63.0,58.0,None,None,2008-12-10,2299.0,7.740229524763182,-0.31471074483970024
Round,0.73,Very Good,E,SI2,VG,VG,1.01,GIA,60.8,58.0,None,None,2008-12-10,2299.0,7.740229524763182,-0.31471074483970024
Round,0.53,Ideal,E,VVS2,EX,VG,1.0,GIA,62.6,56.0,None,None,2008-12-11,2300.0,7.7406644019172415,-0.6348782724359695
Round,0.72,Very Good,E,SI1,VG,EX,1.01,GIA,57.9,58.0,None,None,2008-12-10,2300.0,7.7406644019172415,-0.3285040669720361
Round,0.75,Very Good,E,SI2,VG,VG,1.01,GIA,60.2,57.0,Faint,None,2008-12-10,2301.0,7.741099090035366,-0.2876820724517809
Round,0.76,Ideal,E,SI2,EX,VG,1.01,GIA,62.7,56.0,None,None,2008-12-11,2302.0,7.741533589281828,-0.2744368457017603
Round,0.5,Very Good,E,VVS1,G,G,1.01,GIA,57.8,62.0,None,None,2008-12-10,2303.0,7.741967899820685,-0.6931471805599453
Princess,0.71,Very Good,E,VS2,EX,G,1.03,GIA,70.0,75.0,Faint,None,2008-12-10,2303.0,7.741967899820685,-0.342490308946776
Emerald,0.7,Very Good,E,VS2,EX,VG,1.44,GIA,65.0,71.0,None,Small,2008-12-10,2305.0,7.742835955430749,-0.35667494393873245
Round,0.73,Very Good,E,SI1,VG,VG,1.01,GIA,62.4,56.0,None,None,2008-12-11,2305.0,7.742835955430749,-0.31471074483970024
Round,0.77,Very Good,E,SI2,VG,EX,1.0,GIA,60.4,56.0,Faint,None,2008-12-10,2305.0,7.742835955430749,-0.2613647641344075
Round,0.58,Ideal,G,VVS1,EX,VG,1.01,GIA,61.5,56.0,None,None,2008-12-10,2306.0,7.743269700829004,-0.5447271754416722
Round,0.58,Signature-Ideal,G,VS1,EX,EX,1.0,GIA,61.7,56.0,None,None,2008-12-10,2306.0,7.743269700829004,-0.5447271754416722
Princess,0.72,Very Good,G,VVS2,VG,VG,1.03,GIA,74.6,70.0,None,None,2008-12-10,2306.0,7.743269700829004,-0.3285040669720361
Round,0.72,Very Good,E,SI2,EX,VG,1.01,GIA,61.8,57.0,None,None,2008-12-10,2307.0,7.7437032581737535,-0.3285040669720361
Round,0.83,Very Good,G,SI2,EX,VG,1.01,GIA,62.4,56.0,None,None,2008-12-11,2307.0,7.7437032581737535,-0.18632957819149348
Round,0.7,Good,G,VS1,EX,VG,1.01,GIA,64.8,56.0,None,None,2008-12-10,2308.0,7.744136627627991,-0.35667494393873245
Princess,0.71,Good,E,VS2,G,G,1.05,GIA,68.1,79.0,None,None,2008-12-11,2308.0,7.744136627627991,-0.342490308946776
Round,0.73,Ideal,E,SI1,VG,VG,1.01,GIA,61.9,57.0,Strong,None,2008-12-11,2308.0,7.744136627627991,-0.31471074483970024
Emerald,0.69,Fair,G,VS2,G,G,1.25,AGSL,75.2,58.6,None,Very Small,2008-12-10,2309.0,7.744569809354496,-0.37106368139083207
Round,0.55,Ideal,G,IF,EX,EX,1.01,GIA,59.9,59.0,Medium,None,2008-12-10,2310.0,7.745002803515839,-0.5978370007556204
Round,0.7,Very Good,G,VS2,EX,VG,1.01,GIA,63.8,54.0,None,None,2008-12-10,2311.0,7.745435610274381,-0.35667494393873245
Emerald,0.65,Very Good,G,VS1,G,G,1.35,GIA,65.2,71.0,None,Small,2008-12-10,2312.0,7.7458682297922685,-0.4307829160924542
Round,0.78,Very Good,G,SI2,EX,VG,1.01,GIA,63.7,57.0,None,None,2008-12-10,2312.0,7.7458682297922685,-0.2484613592984996
Round,0.8,Very Good,G,SI2,VG,EX,1.01,GIA,63.4,57.0,None,None,2008-12-10,2312.0,7.7458682297922685,-0.2231435513142097
Round,0.8,Very Good,G,SI2,VG,VG,1.01,GIA,62.9,55.0,Faint,None,2008-12-10,2312.0,7.7458682297922685,-0.2231435513142097
Round,0.7,Ideal,G,SI1,EX,EX,1.0,GIA,62.1,54.0,None,None,2008-12-10,2313.0,7.746300662231439,-0.35667494393873245
Round,0.59,Very Good,G,VVS1,EX,EX,1.0,GIA,63.8,59.0,Faint,None,2008-12-12,2314.0,7.746732907753622,-0.527632742082372
Round,0.71,Good,G,VS1,EX,VG,1.01,GIA,63.7,60.0,Medium Blue,None,2008-12-12,2314.0,7.746732907753622,-0.342490308946776
Round,0.51,Very Good,G,IF,EX,EX,1.01,GIA,62.4,59.0,None,None,2008-12-10,2315.0,7.747164966520335,-0.6733445532637656
Round,0.71,Very Good,G,VS2,G,G,1.01,GIA,62.7,60.0,None,None,2008-12-11,2315.0,7.747164966520335,-0.342490308946776
Round,0.59,Very Good,G,IF,EX,EX,1.01,GIA,60.9,57.0,None,None,2008-12-11,2317.0,7.748028524432376,-0.527632742082372
Round,0.71,Very Good,G,SI1,VG,VG,1.01,GIA,63.3,57.0,Faint,None,2008-12-17,2318.0,7.748460023899697,-0.342490308946776
Princess,0.74,Very Good,F,VS1,VG,VG,1.03,GIA,73.4,71.0,None,None,2008-12-10,2368.0,7.769800996003896,-0.3011050927839216
Round,0.71,Very Good,F,VS2,VG,VG,1.01,GIA,62.6,56.0,Strong Blue,None,2008-12-12,2369.0,7.7702232041587855,-0.342490308946776
Round,0.57,Ideal,F,VVS2,EX,EX,1.01,GIA,61.1,57.0,None,None,2008-12-10,2372.0,7.771488760117616,-0.5621189181535413
Round,0.61,Good,F,VS1,VG,G,1.01,AGSL,60.6,60.3,None,None,2008-12-10,2373.0,7.771910256435763,-0.4942963218147801
Round,0.61,Good,F,VS1,VG,G,1.01,AGSL,60.6,60.3,None,None,2008-12-10,2373.0,7.771910256435763,-0.4942963218147801
Round,0.72,Very Good,F,SI1,VG,VG,1.01,GIA,62.9,57.0,None,None,2008-12-10,2375.0,7.772752716468742,-0.3285040669720361
Round,0.72,Very Good,F,SI1,VG,VG,1.01,GIA,62.9,57.0,None,None,2008-12-10,2375.0,7.772752716468742,-0.3285040669720361
Round,0.62,Very Good,F,VS1,VG,VG,1.01,GIA,62.7,59.0,None,None,2008-12-16,2376.0,7.773173680482536,-0.4780358009429998
Round,0.62,Very Good,F,VS1,VG,VG,1.01,GIA,62.7,59.0,None,None,2008-12-16,2376.0,7.773173680482536,-0.4780358009429998
Princess,0.77,Very Good,F,VS2,EX,VG,1.04,GIA,74.3,71.0,None,None,2008-12-10,2376.0,7.773173680482536,-0.2613647641344075
Princess,0.77,Very Good,F,VS2,EX,VG,1.04,GIA,74.3,71.0,None,None,2008-12-10,2376.0,7.773173680482536,-0.2613647641344075
Round,0.71,Ideal,F,SI1,EX,VG,1.01,GIA,62.5,55.0,Faint,None,2008-12-10,2378.0,7.774015077250727,-0.342490308946776
Round,0.71,Very Good,F,VS2,EX,EX,1.01,GIA,62.5,58.0,Medium Blue,None,2008-12-10,2378.0,7.774015077250727,-0.342490308946776
Round,0.71,Ideal,F,SI1,EX,VG,1.01,GIA,62.5,55.0,Faint,None,2008-12-10,2378.0,7.774015077250727,-0.342490308946776
Round,0.71,Very Good,F,VS2,EX,EX,1.01,GIA,62.5,58.0,Medium Blue,None,2008-12-10,2378.0,7.774015077250727,-0.342490308946776
Round,0.77,Very Good,F,SI2,EX,VG,1.01,GIA,61.6,57.0,None,None,2008-12-10,2378.0,7.774015077250727,-0.2613647641344075
Round,0.77,Very Good,F,SI2,EX,VG,1.01,GIA,61.6,57.0,None,None,2008-12-10,2378.0,7.774015077250727,-0.2613647641344075
Princess,0.78,Good,F,VS1,VG,G,1.02,GIA,78.4,72.0,None,None,2008-12-10,2378.0,7.774015077250727,-0.2484613592984996
Princess,0.78,Good,F,VS1,VG,G,1.02,GIA,78.4,72.0,None,None,2008-12-10,2378.0,7.774015077250727,-0.2484613592984996
Round,0.81,Very Good,F,SI2,VG,VG,1.01,GIA,63.3,57.0,Faint,None,2008-12-11,2378.0,7.774015077250727,-0.21072103131565253
Round,0.81,Very Good,F,SI2,VG,VG,1.01,GIA,63.3,57.0,Faint,None,2008-12-11,2378.0,7.774015077250727,-0.21072103131565253
Round,0.54,Ideal,F,VVS1,VG,VG,1.01,GIA,60.4,57.0,None,None,2008-12-10,2379.0,7.774435510302958,-0.616186139423817
Round,0.54,Ideal,F,VVS1,VG,VG,1.01,GIA,60.4,57.0,None,None,2008-12-10,2379.0,7.774435510302958,-0.616186139423817
Princess,0.71,Good,F,VVS1,VG,G,1.01,GIA,73.6,83.0,None,None,2008-12-11,2380.0,7.77485576666552,-0.342490308946776
Princess,0.71,Good,F,VVS1,VG,G,1.01,GIA,73.6,83.0,None,None,2008-12-11,2380.0,7.77485576666552,-0.342490308946776
Round,0.65,Very Good,F,VS1,EX,EX,1.01,GIA,63.0,57.0,None,None,2008-12-10,2381.0,7.7752758464868625,-0.4307829160924542
Round,0.65,Very Good,F,VS1,EX,EX,1.01,GIA,63.0,57.0,None,None,2008-12-10,2381.0,7.7752758464868625,-0.4307829160924542
Round,0.54,Very Good,F,VVS1,G,VG,1.01,GIA,59.3,59.0,None,None,2008-12-10,2382.0,7.775695749915245,-0.616186139423817
Round,0.54,Very Good,F,VVS1,G,VG,1.01,GIA,59.3,59.0,None,None,2008-12-10,2382.0,7.775695749915245,-0.616186139423817
Princess,0.7,Good,F,VS1,VG,VG,1.03,GIA,76.8,75.0,None,None,2008-12-11,2382.0,7.775695749915245,-0.35667494393873245
Princess,0.7,Good,F,VS1,VG,VG,1.03,GIA,76.8,75.0,None,None,2008-12-11,2382.0,7.775695749915245,-0.35667494393873245
Round,0.71,Very Good,F,VS2,VG,G,1.01,GIA,63.1,57.0,Medium,Very Small,2008-12-11,2382.0,7.775695749915245,-0.342490308946776
Round,0.71,Very Good,F,VS2,VG,G,1.01,GIA,63.1,57.0,Medium,Very Small,2008-12-11,2382.0,7.775695749915245,-0.342490308946776
Round,0.58,Very Good,F,VVS2,EX,VG,1.01,GIA,59.4,60.0,None,None,2008-12-10,2383.0,7.776115477098742,-0.5447271754416722
Round,0.71,Ideal,F,SI1,VG,VG,1.01,GIA,62.0,58.0,Medium Blue,None,2008-12-10,2383.0,7.776115477098742,-0.342490308946776
Round,0.71,Ideal,F,SI1,VG,VG,1.01,GIA,62.0,58.0,Medium Blue,None,2008-12-10,2383.0,7.776115477098742,-0.342490308946776
Round,0.5,Ideal,D,VVS2,EX,VG,1.01,GIA,62.7,56.0,None,None,2008-12-11,2384.0,7.776535028185241,-0.6931471805599453
Round,0.51,Very Good,D,VVS2,VG,VG,1.01,GIA,62.6,56.0,Medium Blue,None,2008-12-16,2384.0,7.776535028185241,-0.6733445532637656
Emerald,0.7,Fair,F,SI1,G,G,1.33,AGSL,76.3,57.0,None,None,2008-12-10,2385.0,7.776954403322442,-0.35667494393873245
Emerald,0.7,Very Good,F,SI1,VG,G,1.27,AGSL,67.2,61.6,None,None,2008-12-10,2385.0,7.776954403322442,-0.35667494393873245
Princess,0.75,Very Good,D,SI1,EX,G,1.0,GIA,73.1,70.0,None,None,2008-12-10,2385.0,7.776954403322442,-0.2876820724517809
Round,0.71,Very Good,D,SI1,G,EX,1.0,GIA,61.0,56.0,None,None,2008-12-10,2386.0,7.777373602657861,-0.342490308946776
Round,0.7,Very Good,D,SI1,VG,EX,1.01,GIA,62.3,56.0,None,None,2008-12-10,2388.0,7.778211474512493,-0.35667494393873245
Round,0.71,Very Good,D,SI2,G,VG,1.01,GIA,60.9,58.0,None,None,2008-12-09,2388.0,7.778211474512493,-0.342490308946776
Round,0.73,Ideal,D,SI2,VG,VG,1.01,GIA,62.6,57.0,None,None,2008-12-09,2388.0,7.778211474512493,-0.31471074483970024
Round,0.53,Ideal,D,VVS2,EX,VG,1.01,GIA,61.1,54.0,None,None,2008-12-09,2390.0,7.779048644925556,-0.6348782724359695
Princess,0.72,Good,D,VVS2,EX,VG,1.0,GIA,75.1,74.0,Strong,None,2008-12-09,2391.0,7.779466967458324,-0.3285040669720361
Round,0.53,Ideal,D,VVS2,VG,G,1.01,GIA,62.6,57.0,Faint,None,2008-12-09,2392.0,7.779885115070522,-0.6348782724359695
Princess,0.73,Very Good,D,VS1,VG,VG,1.03,GIA,73.2,71.0,None,None,2008-12-09,2392.0,7.779885115070522,-0.31471074483970024
Princess,0.7,Very Good,D,VS1,VG,G,1.04,GIA,74.4,72.0,None,None,2008-12-17,2394.0,7.780720886117918,-0.35667494393873245
Princess,0.71,Very Good,D,VS2,VG,G,1.06,GIA,74.7,74.0,None,None,2008-12-09,2395.0,7.781138509845015,-0.342490308946776
Round,0.78,Very Good,D,SI2,VG,G,1.01,GIA,62.7,56.0,None,None,2008-12-09,2397.0,7.781973234434385,-0.2484613592984996
Round,0.51,Very Good,D,VVS2,VG,VG,1.01,GIA,58.2,60.0,Strong Blue,None,2008-12-10,2401.0,7.783640596221253,-0.6733445532637656
Round,0.51,Very Good,D,VVS2,EX,VG,1.0,GIA,61.1,56.0,None,None,2008-12-11,2401.0,7.783640596221253,-0.6733445532637656
Round,0.75,Very Good,D,SI2,G,G,1.02,GIA,63.5,56.0,None,None,2008-12-10,2403.0,7.784473235736469,-0.2876820724517809
Round,0.77,Ideal,D,SI2,EX,EX,1.01,GIA,61.5,56.0,None,None,2008-12-09,2404.0,7.784889295655098,-0.2613647641344075
Round,0.55,Signature-Ideal,D,VS2,EX,EX,1.0,GIA,61.7,55.0,None,None,2008-12-09,2405.0,7.785305182539862,-0.5978370007556204
Round,0.73,Ideal,D,SI2,EX,EX,1.01,GIA,61.8,57.0,None,None,2008-12-10,2407.0,7.786136437783072,-0.31471074483970024
Round,0.53,Ideal,E,VVS2,EX,EX,1.01,GIA,62.2,56.0,Faint Blue,None,2008-12-10,2412.0,7.788211557847076,-0.6348782724359695
Emerald,0.66,Very Good,E,SI1,VG,VG,1.36,AGSL,67.8,68.5,None,Very Small,2008-12-10,2412.0,7.788211557847076,-0.4155154439616658
Round,0.59,Very Good,E,VVS2,EX,VG,1.01,GIA,60.3,64.0,None,None,2008-12-11,2413.0,7.7886260656250315,-0.527632742082372
Round,0.64,Ideal,E,VS2,EX,EX,1.01,GIA,60.2,56.0,None,None,2008-12-11,2413.0,7.7886260656250315,-0.4462871026284195
Round,0.71,Ideal,E,SI1,ID,ID,1.01,AGSL,61.5,57.0,None,Pointed,2008-12-10,2414.0,7.789040401657477,-0.342490308946776
Princess,0.77,Good,E,VS1,VG,G,1.0,GIA,75.1,75.0,None,None,2008-12-10,2414.0,7.789040401657477,-0.2613647641344075
Emerald,0.51,Very Good,E,IF,VG,VG,1.47,GIA,64.0,69.0,None,None,2008-12-10,2416.0,7.789868559054706,-0.6733445532637656
Round,0.5,Ideal,E,IF,EX,VG,1.01,GIA,61.6,57.0,None,None,2008-12-10,2417.0,7.790282380703483,-0.6931471805599453
Round,0.6,Ideal,E,VS1,EX,VG,1.01,GIA,61.1,57.0,None,None,2008-12-11,2417.0,7.790282380703483,-0.5108256237659907
Princess,0.7,Very Good,E,VVS2,VG,VG,1.02,GIA,68.2,72.0,None,None,2008-12-10,2417.0,7.790282380703483,-0.35667494393873245
Princess,0.7,Very Good,E,VVS2,EX,VG,1.04,GIA,72.2,74.0,None,None,2008-12-10,2417.0,7.790282380703483,-0.35667494393873245
Round,0.51,Ideal,E,VVS2,VG,VG,1.01,GIA,61.7,56.0,Faint,None,2008-12-10,2419.0,7.791109510610028,-0.6733445532637656
Round,0.73,Ideal,E,SI2,VG,VG,1.01,GIA,61.7,58.0,None,None,2008-12-12,2419.0,7.791109510610028,-0.31471074483970024
Round,0.8,Good,E,SI2,G,VG,1.01,GIA,65.6,57.0,None,None,2008-12-10,2420.0,7.791522819150732,-0.2231435513142097
Princess,0.74,Good,E,VS1,G,G,1.11,GIA,78.0,76.0,None,None,2008-12-11,2421.0,7.791935956938058,-0.3011050927839216
Round,0.52,Ideal,E,VVS2,EX,VG,1.01,GIA,62.5,56.0,Faint,None,2008-12-11,2422.0,7.792348924113037,-0.6539264674066639
Round,0.76,Ideal,E,SI2,EX,EX,1.01,GIA,60.9,60.0,None,None,2008-12-18,2422.0,7.792348924113037,-0.2744368457017603
Round,0.72,Ideal,E,SI1,VG,EX,1.01,GIA,62.1,54.0,None,None,2008-12-17,2423.0,7.792761720816526,-0.3285040669720361
Round,0.72,Ideal,E,SI1,EX,EX,1.01,GIA,61.7,56.0,Strong Blue,None,2008-12-17,2423.0,7.792761720816526,-0.3285040669720361
Round,0.55,Signature-Ideal,G,VVS2,EX,EX,1.0,GIA,61.5,56.0,Faint,None,2008-12-10,2458.0,7.80710329012598,-0.5978370007556204
Round,0.62,Ideal,G,VVS1,EX,EX,1.0,GIA,61.5,57.0,Medium,None,2008-12-10,2462.0,7.808729306744399,-0.4780358009429998
Round,0.62,Ideal,G,VVS1,EX,EX,1.0,GIA,59.8,58.0,Medium,None,2008-12-10,2462.0,7.808729306744399,-0.4780358009429998
Round,0.55,Ideal,G,IF,ID,ID,1.0,AGSL,60.9,55.0,None,Pointed,2008-12-10,2463.0,7.809135398120538,-0.5978370007556204
Round,0.59,Ideal,G,VVS1,EX,EX,1.01,GIA,62.4,55.0,None,None,2008-12-10,2464.0,7.80954132465341,-0.527632742082372
Round,0.71,Good,G,VS1,EX,EX,1.01,GIA,65.4,55.0,None,None,2008-12-10,2465.0,7.80994708647679,-0.342490308946776
Round,0.7,Ideal,G,SI1,EX,EX,1.01,GIA,60.3,60.0,None,None,2008-12-12,2466.0,7.81035268372429,-0.35667494393873245
Princess,0.74,Very Good,G,VVS2,EX,VG,1.01,GIA,74.1,70.0,None,None,2008-12-10,2466.0,7.81035268372429,-0.3011050927839216
Princess,0.74,Very Good,G,VVS2,EX,VG,1.02,GIA,73.4,75.0,None,None,2008-12-10,2466.0,7.81035268372429,-0.3011050927839216
Princess,0.72,Very Good,G,VVS2,EX,VG,1.03,GIA,73.6,72.0,None,None,2008-12-17,2467.0,7.810758116529357,-0.3285040669720361
Round,0.71,Very Good,G,VS2,VG,VG,1.02,GIA,62.5,57.0,None,None,2008-12-10,2468.0,7.811163385025279,-0.342490308946776
Round,0.79,Very Good,G,SI1,VG,VG,1.01,GIA,63.4,57.0,None,None,2008-12-10,2468.0,7.811163385025279,-0.23572233352106983
Emerald,0.9,Good,J,VS2,VG,G,1.22,GIA,74.5,71.0,Medium,None,2008-12-10,2468.0,7.811163385025279,-0.10536051565782628
Round,0.58,Ideal,G,IF,EX,EX,1.01,GIA,62.7,55.0,None,None,2008-12-10,2470.0,7.8119734296220225,-0.5447271754416722
Emerald,0.66,Very Good,G,VVS2,G,G,1.31,GIA,66.5,61.0,None,None,2008-12-10,2470.0,7.8119734296220225,-0.4155154439616658
Emerald,0.71,Good,G,VVS2,G,G,1.28,GIA,73.2,65.0,None,None,2008-12-10,2470.0,7.8119734296220225,-0.342490308946776
Round,0.63,Ideal,G,VVS1,EX,VG,1.01,GIA,59.6,62.0,None,None,2008-12-11,2471.0,7.81237820598861,-0.4620354595965587
Round,0.6,Ideal,G,VVS1,EX,EX,1.01,GIA,61.3,55.0,None,None,2008-12-10,2473.0,7.813187267521416,-0.5108256237659907
Emerald,0.73,Very Good,G,VS1,VG,G,1.27,GIA,69.8,70.0,None,None,2008-12-10,2474.0,7.813591552952433,-0.31471074483970024
Round,0.74,Ideal,J,VVS1,VG,VG,1.01,GIA,61.9,57.0,None,None,2008-12-11,2475.0,7.813995675002791,-0.3011050927839216
Round,0.71,Very Good,G,VS2,EX,G,1.01,GIA,59.5,59.0,None,None,2008-12-10,2476.0,7.814399633804487,-0.342490308946776
Round,0.8,Ideal,J,VS1,EX,EX,1.01,GIA,61.8,56.0,None,None,2008-12-10,2478.0,7.815207062189088,-0.2231435513142097
Princess,0.91,Good,J,VVS2,VG,VG,1.05,GIA,76.0,72.0,Medium Blue,None,2008-12-10,2478.0,7.815207062189088,-0.09431067947124129
Round,0.88,Ideal,J,SI1,EX,EX,1.01,GIA,61.8,55.0,None,None,2008-12-11,2479.0,7.8156105320351905,-0.12783337150988489
Round,0.8,Ideal,J,VVS2,EX,VG,1.01,GIA,62.1,57.0,None,None,2008-12-11,2481.0,7.816416983691801,-0.2231435513142097
Princess,0.9,Good,J,VS1,VG,VG,1.0,GIA,75.2,72.0,None,None,2008-12-10,2484.0,7.81762544305337,-0.10536051565782628
Emerald,0.9,Good,J,VS1,VG,G,1.28,GIA,74.4,70.0,None,None,2008-12-10,2492.0,7.820840879907344,-0.10536051565782628
Round,0.9,Very Good,J,SI1,EX,VG,1.0,GIA,62.2,57.0,None,Very Small,2008-12-17,2501.0,7.824445930877619,-0.10536051565782628
Round,0.9,Very Good,J,SI1,EX,EX,1.01,GIA,62.4,58.0,Medium Blue,None,2008-12-17,2501.0,7.824445930877619,-0.10536051565782628
Round,0.84,Ideal,J,VS2,EX,EX,1.01,GIA,60.1,58.0,None,None,2008-12-11,2503.0,7.8252452914317745,-0.1743533871447778
Princess,0.9,Very Good,J,VS2,EX,VG,1.02,GIA,75.0,73.0,Faint,None,2008-12-10,2504.0,7.825644732219989,-0.10536051565782628
Round,0.81,Ideal,J,VS1,EX,EX,1.01,GIA,61.9,55.0,Faint,None,2008-12-10,2509.0,7.827639546366422,-0.21072103131565253
Emerald,0.9,Good,J,VS2,VG,VG,1.33,GIA,73.1,66.0,None,None,2008-12-10,2509.0,7.827639546366422,-0.10536051565782628
Round,0.92,Good,I,SI2,VG,VG,1.0,GIA,62.2,60.0,None,None,2008-12-10,2510.0,7.828038032125829,-0.08338160893905101
Princess,0.91,Very Good,J,VS2,EX,VG,1.02,GIA,74.6,76.0,None,None,2008-12-11,2512.0,7.828834527588089,-0.09431067947124129
Emerald,0.75,Good,I,IF,VG,G,1.54,GIA,71.1,59.0,None,None,2008-12-10,2514.0,7.829630389150193,-0.2876820724517809
Round,0.92,Very Good,J,SI1,VG,VG,1.0,GIA,62.4,59.0,None,None,2008-12-10,2514.0,7.829630389150193,-0.08338160893905101
Princess,0.82,Very Good,I,VS1,EX,VG,1.01,GIA,69.1,71.0,None,None,2008-12-11,2518.0,7.831220214604293,-0.19845093872383832
Round,0.58,Ideal,E,VVS2,EX,EX,1.01,GIA,61.6,57.0,Medium,None,2008-12-11,2520.0,7.832014180505469,-0.5447271754416722
Emerald,0.77,Good,E,VS1,VG,G,1.37,GIA,73.4,71.0,None,None,2008-12-10,2520.0,7.832014180505469,-0.2613647641344075
Round,0.62,Ideal,E,VS2,VG,VG,1.0,GIA,62.3,55.0,None,None,2008-12-17,2521.0,7.83241092718792,-0.4780358009429998
Round,0.7,Very Good,E,SI1,EX,EX,1.01,GIA,62.1,54.0,None,None,2008-12-10,2521.0,7.83241092718792,-0.35667494393873245
Round,0.7,Ideal,E,SI1,VG,EX,1.01,GIA,61.8,59.0,None,None,2008-12-10,2521.0,7.83241092718792,-0.35667494393873245
Round,0.74,Ideal,E,SI2,EX,VG,1.01,GIA,59.2,60.0,None,None,2008-12-11,2521.0,7.83241092718792,-0.3011050927839216
Princess,0.9,Good,I,SI2,VG,VG,1.03,GIA,75.9,74.0,None,None,2008-12-10,2522.0,7.8328075165248645,-0.10536051565782628
Round,0.71,Very Good,E,VS2,VG,EX,1.01,GIA,61.9,58.0,Medium Blue,None,2008-12-10,2523.0,7.833203948641057,-0.342490308946776
Round,0.72,Signature-Ideal,I,VS2,EX,EX,1.01,GIA,61.8,55.0,None,None,2008-12-10,2523.0,7.833203948641057,-0.3285040669720361
Round,0.81,Ideal,E,SI2,G,VG,1.01,GIA,62.0,56.0,None,None,2008-12-10,2523.0,7.833203948641057,-0.21072103131565253
Princess,0.84,Very Good,I,VVS1,EX,VG,1.0,GIA,74.3,72.0,Faint,None,2008-12-10,2523.0,7.833203948641057,-0.1743533871447778
Princess,0.7,Good,E,VS2,VG,G,1.0,GIA,76.5,70.0,Faint,None,2008-12-10,2524.0,7.8336002236611035,-0.35667494393873245
Round,0.71,Signature-Ideal,I,VS2,EX,EX,1.0,GIA,61.8,55.0,None,None,2008-12-10,2524.0,7.8336002236611035,-0.342490308946776
Emerald,0.72,Very Good,E,VS1,VG,G,1.38,GIA,68.8,69.0,None,None,2008-12-10,2524.0,7.8336002236611035,-0.3285040669720361
Round,0.9,Very Good,I,SI2,VG,VG,1.01,GIA,62.6,57.0,Medium Blue,None,2008-12-10,2524.0,7.8336002236611035,-0.10536051565782628
Round,0.9,Very Good,J,VS2,VG,VG,1.01,GIA,62.8,58.0,None,None,2008-12-10,2524.0,7.8336002236611035,-0.10536051565782628
Round,0.73,Very Good,E,SI1,VG,EX,1.01,GIA,63.2,58.0,None,None,2008-12-11,2525.0,7.83399634170946,-0.31471074483970024
Emerald,0.77,Very Good,I,VVS1,EX,VG,1.38,GIA,66.0,65.0,None,Medium,2008-12-10,2525.0,7.83399634170946,-0.2613647641344075
Round,0.5,Ideal,E,VVS1,VG,VG,1.01,GIA,61.9,57.0,None,None,2008-12-12,2526.0,7.8343923029104365,-0.6931471805599453
Round,0.52,Ideal,E,VVS2,EX,EX,1.01,GIA,62.1,54.0,None,None,2008-12-10,2526.0,7.8343923029104365,-0.6539264674066639
Round,0.7,Very Good,E,SI1,EX,VG,1.01,GIA,62.3,57.0,None,Small,2008-12-10,2527.0,7.834788107388194,-0.35667494393873245
Round,0.7,Ideal,E,SI1,EX,EX,1.01,GIA,61.4,60.0,None,None,2008-12-12,2527.0,7.834788107388194,-0.35667494393873245
Round,0.71,Ideal,E,SI1,EX,VG,1.01,GIA,60.8,57.0,Faint,None,2008-12-10,2527.0,7.834788107388194,-0.342490308946776
Princess,0.81,Good,I,VVS2,VG,VG,1.0,GIA,76.1,75.0,None,None,2008-12-17,2527.0,7.834788107388194,-0.21072103131565253
Round,0.5,Ideal,E,VVS1,EX,EX,1.01,GIA,60.9,56.0,None,None,2008-12-10,2529.0,7.835579246669965,-0.6931471805599453
Round,0.5,Ideal,E,VVS1,EX,EX,1.01,GIA,61.1,57.0,None,None,2008-12-10,2529.0,7.835579246669965,-0.6931471805599453
Princess,0.7,Very Good,E,VS1,EX,VG,1.02,GIA,70.0,73.0,None,None,2008-12-11,2529.0,7.835579246669965,-0.35667494393873245
Round,0.9,Very Good,J,SI2,VG,EX,1.0,GIA,63.1,54.0,Faint,None,2008-12-10,2529.0,7.835579246669965,-0.10536051565782628
Round,0.86,Very Good,J,SI1,G,VG,1.0,GIA,64.1,54.0,None,None,2008-12-10,2532.0,7.836764783264067,-0.15082288973458366
Emerald,0.9,Fair,J,VVS2,VG,VG,1.29,GIA,76.5,71.0,None,None,2008-12-10,2532.0,7.836764783264067,-0.10536051565782628
Emerald,1.02,Good,I,SI2,G,VG,1.15,GIA,71.5,64.0,Faint,None,2008-12-10,2534.0,7.837554360881084,0.01980262729617973
Round,0.72,Ideal,I,VVS2,EX,EX,1.01,GIA,62.5,56.0,Medium,None,2008-12-11,2539.0,7.839525581704678,-0.3285040669720361
Round,0.53,Ideal,D,VVS2,EX,VG,1.02,GIA,62.3,54.0,None,None,2008-12-17,2542.0,7.8407064517494,-0.6348782724359695
Round,0.8,Very Good,I,VS2,EX,EX,1.01,GIA,64.2,58.0,Medium,None,2008-12-10,2542.0,7.8407064517494,-0.2231435513142097
Emerald,0.64,Signature-Ideal,D,VS2,EX,VG,1.38,GIA,64.3,66.0,None,Small,2008-12-09,2543.0,7.841099765422119,-0.4462871026284195
Round,0.66,Signature-Ideal,I,IF,EX,EX,1.01,GIA,61.7,56.0,Faint,None,2008-12-10,2543.0,7.841099765422119,-0.4155154439616658
Round,0.72,Ideal,D,SI1,VG,EX,1.01,GIA,61.6,56.0,Medium Blue,None,2008-12-16,2543.0,7.841099765422119,-0.3285040669720361
Round,0.71,Very Good,D,SI1,VG,VG,1.01,GIA,63.2,58.0,None,None,2008-12-09,2544.0,7.841492924460013,-0.342490308946776
Princess,0.71,Good,D,VVS2,VG,VG,1.02,GIA,76.3,72.0,None,None,2008-12-09,2544.0,7.841492924460013,-0.342490308946776
Round,0.7,Good,I,VVS1,VG,VG,1.01,GIA,59.3,57.0,Medium,None,2008-12-10,2545.0,7.841885928984623,-0.35667494393873245
Round,0.83,Very Good,I,VS2,EX,EX,1.01,GIA,63.5,57.0,None,None,2008-12-12,2546.0,7.842278779117352,-0.18632957819149348
Round,0.71,Good,D,SI1,VG,G,1.01,GIA,63.8,58.0,None,None,2008-12-09,2547.0,7.842671474979457,-0.342490308946776
Round,0.71,Ideal,D,VS2,VG,VG,1.01,GIA,61.7,58.0,None,None,2008-12-11,2547.0,7.842671474979457,-0.342490308946776
Round,0.53,Very Good,D,VVS2,EX,VG,1.01,GIA,63.7,55.0,None,None,2008-12-16,2548.0,7.843064016692054,-0.6348782724359695
Round,0.55,Ideal,D,VVS2,EX,VG,1.01,GIA,62.6,57.0,None,None,2008-12-17,2548.0,7.843064016692054,-0.5978370007556204
Round,0.81,Very Good,D,SI2,VG,VG,1.0,GIA,59.2,59.0,Strong Blue,None,2008-12-11,2548.0,7.843064016692054,-0.21072103131565253
Round,0.81,Ideal,I,SI1,VG,VG,1.01,GIA,62.5,55.0,None,None,2008-12-10,2549.0,7.8434564043761155,-0.21072103131565253
Emerald,0.9,Good,D,SI2,VG,G,1.25,GIA,73.2,66.0,None,None,2008-12-09,2549.0,7.8434564043761155,-0.10536051565782628
Round,0.5,Ideal,D,VVS2,ID,ID,1.01,AGSL,61.9,55.0,None,None,2008-12-09,2550.0,7.843848638152472,-0.6931471805599453
Round,0.77,Very Good,I,VS2,VG,EX,1.01,GIA,58.8,61.0,None,None,2008-12-17,2550.0,7.843848638152472,-0.2613647641344075
Round,0.73,Ideal,I,VS1,EX,EX,1.01,GIA,62.8,56.0,Faint,None,2008-12-10,2552.0,7.844632644464681,-0.31471074483970024
Princess,0.85,Very Good,I,VVS1,EX,VG,1.01,GIA,74.0,72.0,None,None,2008-12-10,2552.0,7.844632644464681,-0.16251892949777494
Round,0.7,Ideal,D,SI1,EX,EX,1.01,GIA,61.4,57.0,Medium,None,2008-12-09,2554.0,7.845416036592485,-0.35667494393873245
Round,0.7,Ideal,D,SI1,EX,EX,1.01,GIA,62.3,54.0,Faint,None,2008-12-09,2554.0,7.845416036592485,-0.35667494393873245
Round,0.7,Ideal,D,SI1,EX,EX,1.01,GIA,62.6,53.0,Faint,None,2008-12-09,2554.0,7.845416036592485,-0.35667494393873245
Round,0.74,Ideal,D,SI2,VG,EX,1.0,GIA,62.0,56.0,None,None,2008-12-09,2554.0,7.845416036592485,-0.3011050927839216
Round,0.51,Ideal,D,VVS2,EX,EX,1.0,GIA,60.8,58.0,None,None,2008-12-11,2555.0,7.845807502637805,-0.6733445532637656
Round,0.51,Ideal,D,VVS2,EX,EX,1.01,GIA,61.2,56.0,None,None,2008-12-11,2555.0,7.845807502637805,-0.6733445532637656
Princess,0.73,Very Good,D,VS1,G,VG,1.09,GIA,74.8,72.0,None,None,2008-12-10,2556.0,7.846198815497425,-0.31471074483970024
Emerald,0.71,Very Good,D,SI1,G,VG,1.35,GIA,64.7,67.0,None,None,2008-12-09,2557.0,7.846589975291186,-0.342490308946776
Round,0.7,Very Good,G,VS1,EX,VG,1.01,GIA,63.8,57.0,None,None,2008-12-10,2658.0,7.885329239273191,-0.35667494393873245
Princess,0.7,Signature-Ideal,G,VS1,VG,VG,1.02,GIA,68.6,69.0,None,None,2008-12-10,2661.0,7.886457270977689,-0.35667494393873245
Round,0.56,Signature-Ideal,G,VVS1,EX,EX,1.01,GIA,61.9,55.0,None,None,2008-12-10,2663.0,7.887208585813932,-0.579818495252942
Round,0.56,Signature-Ideal,G,VVS1,EX,EX,1.0,GIA,61.9,55.0,None,None,2008-12-10,2663.0,7.887208585813932,-0.579818495252942
Round,0.63,Ideal,G,VVS1,EX,EX,1.01,GIA,60.7,58.0,None,None,2008-12-11,2663.0,7.887208585813932,-0.4620354595965587
Emerald,0.73,Very Good,G,VS2,VG,VG,1.37,AGSL,67.2,66.7,None,Very Small,2008-12-10,2665.0,7.887959336599945,-0.31471074483970024
Round,0.79,Ideal,G,SI1,EX,EX,1.01,GIA,62.5,59.0,None,None,2008-12-11,2665.0,7.887959336599945,-0.23572233352106983
Princess,0.75,Very Good,G,VVS1,EX,G,1.0,GIA,73.7,71.0,None,None,2008-12-10,2667.0,7.888709524182015,-0.2876820724517809
Round,0.75,Very Good,G,SI1,G,VG,1.01,GIA,59.3,60.0,None,None,2008-12-10,2667.0,7.888709524182015,-0.2876820724517809
Round,0.65,Ideal,G,VVS1,VG,VG,1.01,GIA,62.6,57.0,None,None,2008-12-10,2668.0,7.889084407035514,-0.4307829160924542
Round,0.6,Signature-Ideal,G,VVS2,EX,EX,1.01,GIA,61.4,56.0,Medium Blue,None,2008-12-10,2671.0,7.890208213109961,-0.5108256237659907
Round,0.71,Good,G,VVS2,G,G,1.01,GIA,65.7,55.0,None,None,2008-12-11,2674.0,7.891330757661889,-0.342490308946776
Princess,0.8,Good,G,VS1,EX,VG,1.04,GIA,77.8,72.0,None,None,2008-12-18,2674.0,7.891330757661889,-0.2231435513142097
Round,0.59,Ideal,G,IF,EX,EX,1.01,GIA,61.6,58.0,None,None,2008-12-10,2675.0,7.891704659330107,-0.527632742082372
Round,0.6,Ideal,G,VVS1,EX,EX,1.01,GIA,62.5,55.0,Faint,None,2008-12-12,2676.0,7.892078421248119,-0.5108256237659907
Round,0.6,Ideal,G,VVS1,EX,EX,1.01,GIA,59.6,59.0,None,None,2008-12-12,2676.0,7.892078421248119,-0.5108256237659907
Princess,0.77,Very Good,G,VS1,EX,VG,1.0,GIA,74.7,71.0,None,None,2008-12-11,2676.0,7.892078421248119,-0.2613647641344075
Round,0.91,Very Good,J,VS2,EX,VG,1.01,GIA,62.5,56.0,None,None,2008-12-10,2677.0,7.892452043520352,-0.09431067947124129
Round,0.85,Very Good,J,VS1,G,G,1.02,GIA,60.1,59.0,Medium Blue,Very Small,2008-12-10,2678.0,7.8928255262511176,-0.16251892949777494
Round,0.9,Fair,G,SI2,VG,VG,1.01,GIA,55.9,62.0,None,None,2008-12-10,2679.0,7.893198869544609,-0.10536051565782628
Round,0.9,Very Good,J,SI1,EX,EX,1.0,GIA,63.7,57.0,Faint,None,2008-12-12,2681.0,7.893945138235959,-0.10536051565782628
Emerald,1.01,Good,J,SI1,VG,VG,1.31,GIA,74.1,69.0,Faint,None,2008-12-10,2681.0,7.893945138235959,0.009950330853168092
Emerald,0.95,Good,J,VS2,VG,G,1.36,GIA,71.0,70.0,Medium,None,2008-12-10,2684.0,7.895063498091573,-0.05129329438755058
Round,0.9,Very Good,J,VS2,VG,VG,1.01,GIA,62.5,56.0,None,None,2008-12-10,2686.0,7.895808377083183,-0.10536051565782628
Princess,0.91,Good,J,IF,VG,VG,1.02,GIA,75.7,72.0,None,None,2008-12-10,2690.0,7.897296472595885,-0.09431067947124129
Round,0.91,Very Good,J,SI1,EX,VG,1.01,GIA,63.0,59.0,Strong,None,2008-12-10,2691.0,7.897668150726906,-0.09431067947124129
Emerald,0.9,Very Good,J,VS2,EX,VG,1.39,GIA,67.0,66.0,None,Very Small,2008-12-10,2696.0,7.899524472032198,-0.10536051565782628
Princess,1.04,Very Good,J,VS2,VG,VG,1.05,GIA,74.2,74.0,None,None,2008-12-10,2697.0,7.89989532313973,0.03922071315328133
Round,0.82,Very Good,J,IF,EX,EX,1.01,GIA,63.3,60.0,None,None,2008-12-11,2700.0,7.90100705199242,-0.19845093872383832
Round,0.9,Good,J,VS2,VG,G,1.02,GIA,64.0,60.0,Faint,None,2008-12-10,2708.0,7.903965634032166,-0.10536051565782628
Princess,0.96,Good,J,VS1,VG,G,1.08,GIA,79.5,72.0,None,None,2008-12-10,2713.0,7.905810312658931,-0.040821994520255166
Round,0.72,Ideal,F,VS2,VG,VG,1.01,GIA,62.6,55.0,Medium,None,2008-12-10,2714.0,7.906178840394815,-0.3285040669720361
Emerald,0.78,Very Good,F,VS2,G,G,1.45,GIA,62.7,69.0,None,None,2008-12-10,2715.0,7.906547232368036,-0.2484613592984996
Round,0.81,Ideal,F,SI2,EX,EX,1.0,GIA,61.8,58.0,None,None,2008-12-11,2716.0,7.906915488678587,-0.21072103131565253
Round,0.7,Ideal,F,SI1,EX,EX,1.0,GIA,60.4,56.0,None,Very Small,2008-12-10,2717.0,7.907283609426348,-0.35667494393873245
Princess,0.78,Very Good,F,VS1,VG,VG,1.01,GIA,73.7,75.0,None,None,2008-12-10,2717.0,7.907283609426348,-0.2484613592984996
Round,0.8,Ideal,F,SI1,VG,VG,1.01,GIA,62.7,56.0,Medium Blue,None,2008-12-12,2717.0,7.907283609426348,-0.2231435513142097
Princess,0.7,Signature-Ideal,F,VS1,EX,EX,1.04,GIA,68.7,70.0,Faint,None,2008-12-10,2719.0,7.908019444632471,-0.35667494393873245
Round,0.8,Ideal,F,SI1,EX,EX,1.01,GIA,61.6,54.0,Faint,None,2008-12-17,2720.0,7.908387159290043,-0.2231435513142097
Round,0.9,Good,J,SI1,VG,VG,1.01,GIA,62.1,58.0,Faint,None,2008-12-10,2721.0,7.908754738783246,-0.10536051565782628
Round,0.58,Ideal,F,VVS1,EX,EX,1.01,GIA,62.1,55.0,None,None,2008-12-10,2722.0,7.909122183211411,-0.5447271754416722
Round,0.67,Signature-Ideal,F,VS2,EX,EX,1.01,GIA,60.7,57.0,None,Very Small,2008-12-10,2722.0,7.909122183211411,-0.40047756659712525
Round,0.62,Ideal,F,VVS2,EX,EX,1.0,GIA,61.3,57.0,None,None,2008-12-10,2723.0,7.909489492673759,-0.4780358009429998
Round,0.6,Ideal,F,VVS2,EX,EX,1.01,GIA,61.9,57.0,None,None,2008-12-12,2725.0,7.9102237070973445,-0.5108256237659907
Round,0.9,Good,J,SI1,VG,G,1.01,GIA,57.8,62.0,Medium,None,2008-12-10,2725.0,7.9102237070973445,-0.10536051565782628
Round,0.61,Ideal,F,VVS2,EX,EX,1.01,GIA,61.6,56.0,Faint,None,2008-12-10,2726.0,7.9105906122564775,-0.4942963218147801
Round,0.61,Ideal,F,VVS2,EX,EX,1.01,GIA,61.4,57.0,None,None,2008-12-10,2726.0,7.9105906122564775,-0.4942963218147801
Round,0.61,Ideal,F,VVS2,EX,EX,1.0,GIA,62.0,56.0,None,None,2008-12-10,2726.0,7.9105906122564775,-0.4942963218147801
Round,0.61,Ideal,F,VVS2,EX,EX,1.0,GIA,62.2,55.0,None,None,2008-12-10,2726.0,7.9105906122564775,-0.4942963218147801
Emerald,0.71,Very Good,F,VS1,G,G,1.56,GIA,64.6,68.0,Strong Blue,None,2008-12-10,2727.0,7.910957382845589,-0.342490308946776
Emerald,0.71,Very Good,F,VS1,VG,VG,1.51,GIA,69.5,63.0,None,None,2008-12-10,2727.0,7.910957382845589,-0.342490308946776
Princess,0.9,Very Good,J,VVS2,EX,VG,1.05,GIA,71.3,76.0,None,None,2008-12-11,2727.0,7.910957382845589,-0.10536051565782628
Emerald,0.72,Very Good,F,VVS2,EX,G,1.34,GIA,68.3,64.0,None,None,2008-12-17,2728.0,7.911324018963353,-0.3285040669720361
Round,0.91,Very Good,J,SI1,EX,VG,1.01,GIA,64.3,58.0,Faint,None,2008-12-10,2732.0,7.912789220690681,-0.09431067947124129
Round,0.91,Very Good,J,SI2,EX,VG,1.01,GIA,62.4,61.0,Faint,None,2008-12-11,2733.0,7.913155185928068,-0.09431067947124129
Round,0.95,Fair,J,SI1,EX,EX,1.01,AGSL,64.6,59.0,Very Strong Blue,Pointed,2008-12-10,2734.0,7.913521017283895,-0.05129329438755058
Princess,1.0,Good,J,VS1,VG,EX,1.02,GIA,76.0,69.0,None,None,2008-12-10,2734.0,7.913521017283895,0.0
Round,0.7,Ideal,E,VS2,VG,VG,1.0,GIA,60.1,61.0,None,None,2008-12-18,2779.0,7.929846429742503,-0.35667494393873245
Round,0.51,Signature-Ideal,E,VVS2,EX,EX,1.01,GIA,61.5,56.0,Medium Blue,None,2008-12-10,2780.0,7.930206206684683,-0.6733445532637656
Round,0.6,Ideal,E,VVS2,EX,EX,1.01,GIA,61.4,58.0,None,None,2008-12-10,2780.0,7.930206206684683,-0.5108256237659907
Princess,0.71,Signature-Ideal,E,VS2,EX,VG,1.04,GIA,69.5,69.0,None,None,2008-12-10,2780.0,7.930206206684683,-0.342490308946776
Round,0.54,Ideal,E,VVS1,EX,EX,1.01,GIA,60.6,58.0,None,None,2008-12-12,2781.0,7.930565854233965,-0.616186139423817
Round,0.7,Ideal,E,VS2,VG,VG,1.01,GIA,61.5,54.0,Medium,None,2008-12-11,2781.0,7.930565854233965,-0.35667494393873245
Round,0.7,Ideal,E,VS2,VG,EX,1.0,GIA,61.6,58.0,Medium,None,2008-12-11,2781.0,7.930565854233965,-0.35667494393873245
Emerald,0.74,Good,E,VS1,G,G,1.31,GIA,72.9,71.0,None,None,2008-12-11,2782.0,7.930925372483388,-0.3011050927839216
Emerald,0.75,Fair,E,VS1,VG,VG,1.46,GIA,70.8,76.0,None,None,2008-12-17,2782.0,7.930925372483388,-0.2876820724517809
Round,0.8,Very Good,E,SI2,VG,EX,1.01,GIA,59.8,60.0,None,None,2008-12-12,2782.0,7.930925372483388,-0.2231435513142097
Princess,0.55,Very Good,E,VVS1,VG,VG,1.0,GIA,70.2,70.0,None,None,2008-12-10,2783.0,7.931284761525891,-0.5978370007556204
Emerald,0.76,Good,E,VS1,G,G,1.63,GIA,69.8,74.0,None,None,2008-12-11,2783.0,7.931284761525891,-0.2744368457017603
Princess,0.74,Very Good,E,VS1,VG,VG,1.02,GIA,72.5,72.0,Faint,None,2008-12-10,2784.0,7.931644021454311,-0.3011050927839216
Round,0.51,Very Good,E,IF,VG,VG,1.01,GIA,63.3,58.0,Faint,Very Small,2008-12-11,2785.0,7.932003152361385,-0.6733445532637656
Princess,0.76,Very Good,E,VS1,VG,VG,1.05,GIA,72.8,68.0,None,None,2008-12-11,2785.0,7.932003152361385,-0.2744368457017603
Emerald,0.71,Good,E,VS1,G,G,1.23,GIA,70.2,63.0,None,Small,2008-12-10,2789.0,7.933438387627489,-0.342490308946776
Round,0.71,Very Good,E,VS2,EX,VG,1.01,GIA,60.1,57.0,Medium,None,2008-12-10,2793.0,7.934871565945177,-0.342490308946776
Round,0.72,Good,E,VS1,EX,VG,1.01,GIA,64.5,59.0,Medium,None,2008-12-10,2793.0,7.934871565945177,-0.3285040669720361
Round,0.72,Very Good,E,VS2,VG,VG,1.01,GIA,63.3,55.0,None,None,2008-12-11,2797.0,7.936302693201959,-0.3285040669720361
Round,0.74,Good,G,VS2,VG,VG,1.01,GIA,58.5,57.0,Faint,None,2008-12-10,2807.0,7.939871576361883,-0.3011050927839216
Round,0.67,Ideal,G,VVS1,EX,VG,1.01,GIA,61.6,58.0,None,None,2008-12-10,2809.0,7.940583827104244,-0.40047756659712525
Round,0.62,Good,G,IF,VG,VG,1.01,GIA,58.7,63.0,None,None,2008-12-11,2813.0,7.9420068084898565,-0.4780358009429998
Princess,0.81,Good,G,VS1,EX,VG,1.01,GIA,75.2,75.0,Faint,None,2008-12-11,2813.0,7.9420068084898565,-0.21072103131565253
Emerald,0.81,Good,G,VVS2,VG,VG,1.35,GIA,65.7,73.0,None,None,2008-12-10,2814.0,7.942362237674335,-0.21072103131565253
Round,0.71,Ideal,G,VS2,EX,EX,1.01,GIA,62.2,54.0,None,None,2008-12-10,2817.0,7.943427767876373,-0.342490308946776
Round,0.65,Signature-Ideal,G,VVS2,ID,ID,1.01,AGSL,60.4,55.0,Negligible,Very Small,2008-12-10,2818.0,7.943782692458625,-0.4307829160924542
Emerald,0.78,Good,G,VS1,G,VG,1.56,AGSL,74.2,59.0,None,Very Small,2008-12-10,2818.0,7.943782692458625,-0.2484613592984996
Round,0.71,Ideal,G,VS2,VG,EX,1.0,GIA,61.8,57.0,None,None,2008-12-11,2820.0,7.944492163932159,-0.342490308946776
Round,0.72,Very Good,G,VS1,EX,G,1.02,GIA,62.4,55.0,Medium,None,2008-12-18,2820.0,7.944492163932159,-0.3285040669720361
Round,0.7,Very Good,G,VVS2,VG,EX,1.01,GIA,59.3,62.0,None,None,2008-12-11,2822.0,7.945201132412759,-0.35667494393873245
Round,0.7,Very Good,G,VVS2,VG,EX,1.01,GIA,61.8,60.0,None,None,2008-12-11,2822.0,7.945201132412759,-0.35667494393873245
Round,0.7,Very Good,G,VVS2,EX,VG,1.01,GIA,63.2,56.0,None,None,2008-12-11,2822.0,7.945201132412759,-0.35667494393873245
Round,0.75,Very Good,G,VS2,EX,EX,1.01,GIA,64.3,55.0,None,None,2008-12-10,2822.0,7.945201132412759,-0.2876820724517809
Emerald,0.91,Good,G,SI2,VG,G,1.42,GIA,73.0,64.0,None,None,2008-12-10,2822.0,7.945201132412759,-0.09431067947124129
Round,0.62,Ideal,G,IF,EX,EX,1.01,GIA,61.9,58.0,None,None,2008-12-12,2823.0,7.945555428253489,-0.4780358009429998
Round,0.72,Ideal,G,VVS2,EX,EX,1.01,GIA,62.2,54.0,None,None,2008-12-17,2825.0,7.946263643580541,-0.3285040669720361
Round,0.72,Ideal,G,VVS2,EX,EX,1.01,GIA,62.0,54.0,None,None,2008-12-17,2825.0,7.946263643580541,-0.3285040669720361
Round,0.72,Ideal,G,VVS2,EX,EX,1.01,GIA,61.9,54.0,None,None,2008-12-17,2825.0,7.946263643580541,-0.3285040669720361
Emerald,0.73,Fair,D,VS1,G,G,1.23,GIA,66.7,79.0,None,None,2008-12-10,2929.0,7.982416346827733,-0.31471074483970024
Round,0.73,Ideal,D,SI2,EX,EX,1.01,GIA,62.2,55.0,None,None,2008-12-10,2929.0,7.982416346827733,-0.31471074483970024
Princess,0.86,Very Good,D,SI1,EX,VG,1.01,GIA,74.0,73.0,None,None,2008-12-09,2929.0,7.982416346827733,-0.15082288973458366
Princess,0.8,Good,D,VS2,EX,G,1.0,GIA,76.9,73.0,Faint,None,2008-12-09,2931.0,7.983098940710892,-0.2231435513142097
Round,0.8,Ideal,D,SI2,EX,EX,1.01,GIA,61.5,58.0,Medium,None,2008-12-10,2934.0,7.984121958702927,-0.2231435513142097
Round,0.75,Very Good,E,VS2,EX,EX,1.01,GIA,63.5,58.0,Medium Blue,None,2008-12-17,2937.0,7.98514393119862,-0.2876820724517809
Round,0.56,Signature-Ideal,E,VVS2,EX,EX,1.01,GIA,61.3,56.0,None,None,2008-12-10,2939.0,7.985824666418917,-0.579818495252942
Round,0.62,Signature-Ideal,E,VS1,EX,EX,1.01,GIA,61.6,56.0,None,Very Small,2008-12-10,2939.0,7.985824666418917,-0.4780358009429998
Round,0.53,Very Good,D,VVS1,EX,EX,1.01,GIA,62.5,60.0,None,None,2008-12-10,2940.0,7.986164860332727,-0.6348782724359695
Round,0.7,Good,E,VS1,G,VG,1.01,GIA,59.3,56.0,None,None,2008-12-10,2942.0,7.9868449011613825,-0.35667494393873245
Round,0.58,Very Good,E,VVS1,VG,G,1.01,GIA,63.6,54.0,None,None,2008-12-17,2944.0,7.987524479848767,-0.5447271754416722
Round,0.71,Ideal,E,VS2,EX,VG,1.01,GIA,62.2,57.0,None,None,2008-12-12,2944.0,7.987524479848767,-0.342490308946776
Round,0.71,Ideal,E,VS2,EX,VG,1.02,GIA,60.9,56.0,None,None,2008-12-12,2944.0,7.987524479848767,-0.342490308946776
Round,0.72,Ideal,D,VS2,VG,EX,1.01,GIA,61.4,55.0,Strong Blue,None,2008-12-16,2944.0,7.987524479848767,-0.3285040669720361
Princess,0.7,Very Good,D,VS1,EX,VG,1.0,GIA,71.5,73.0,None,None,2008-12-09,2945.0,7.987864096085687,-0.35667494393873245
Round,0.77,Ideal,D,SI1,ID,ID,1.0,AGSL,62.8,54.0,None,Pointed,2008-12-09,2946.0,7.988203597022576,-0.2613647641344075
Round,0.82,Ideal,E,SI2,EX,EX,1.01,GIA,62.9,56.0,None,None,2008-12-10,2946.0,7.988203597022576,-0.19845093872383832
Round,0.63,Very Good,E,VVS2,VG,VG,1.01,GIA,58.3,62.0,None,None,2008-12-12,2947.0,7.988542982737695,-0.4620354595965587
Round,0.64,Fair,E,VVS1,VG,G,1.01,GIA,64.2,64.0,None,None,2008-12-11,2947.0,7.988542982737695,-0.4462871026284195
Emerald,0.59,Very Good,D,VVS1,G,G,1.54,GIA,65.3,65.0,None,Small,2008-12-09,2948.0,7.988882253309227,-0.527632742082372
Round,0.7,Very Good,G,VVS2,EX,EX,1.01,GIA,63.3,57.0,None,None,2008-12-10,2949.0,7.989221408815276,-0.35667494393873245
Round,0.61,Ideal,E,VVS2,EX,EX,1.0,GIA,61.8,55.0,None,None,2008-12-10,2950.0,7.989560449333865,-0.4942963218147801
Round,0.61,Ideal,E,VVS2,EX,EX,1.01,GIA,62.0,56.0,None,None,2008-12-10,2950.0,7.989560449333865,-0.4942963218147801
Round,0.61,Ideal,E,VVS2,EX,EX,1.01,GIA,62.0,56.0,None,None,2008-12-10,2950.0,7.989560449333865,-0.4942963218147801
Round,0.7,Ideal,D,VS2,EX,EX,1.0,GIA,59.0,59.0,None,None,2008-12-09,2950.0,7.989560449333865,-0.35667494393873245
Emerald,0.74,Very Good,D,VS2,G,G,1.5,GIA,61.2,72.0,None,None,2008-12-09,2952.0,7.990238185720363,-0.3011050927839216
Princess,0.79,Very Good,G,VS1,VG,VG,1.02,GIA,73.2,73.0,None,None,2008-12-17,2953.0,7.990576881743923,-0.23572233352106983
Round,0.5,Ideal,D,VVS1,VG,EX,1.0,GIA,62.2,55.0,None,None,2008-12-09,2954.0,7.9909154630913255,-0.6931471805599453
Princess,0.93,Good,G,SI2,VG,VG,1.0,GIA,75.1,73.0,None,None,2008-12-10,2954.0,7.9909154630913255,-0.07257069283483537
Round,0.7,Fair,D,VS2,VG,VG,1.01,GIA,65.9,56.0,Medium Blue,None,2008-12-09,2955.0,7.991253929840199,-0.35667494393873245
Round,0.7,Good,D,VS2,VG,VG,1.01,GIA,62.6,61.0,Strong Blue,None,2008-12-09,2955.0,7.991253929840199,-0.35667494393873245
Round,0.71,Very Good,E,VS2,EX,VG,1.01,GIA,60.2,57.0,None,None,2008-12-10,2956.0,7.991592282068092,-0.342490308946776
Round,0.76,Ideal,G,VS2,EX,EX,1.01,GIA,61.8,57.0,Faint,Very Small,2008-12-10,2957.0,7.9919305198524775,-0.2744368457017603
Emerald,0.81,Very Good,D,SI1,VG,EX,1.25,GIA,64.1,58.0,None,None,2008-12-09,2958.0,7.992268643270745,-0.21072103131565253
Emerald,0.95,Fair,G,SI1,G,G,1.25,GIA,77.8,69.0,None,None,2008-12-11,2958.0,7.992268643270745,-0.05129329438755058
Emerald,0.91,Fair,G,VS2,VG,G,1.23,GIA,78.3,65.0,None,None,2008-12-10,2959.0,7.99260665240021,-0.09431067947124129
Round,0.7,Very Good,E,VS1,EX,VG,1.01,GIA,60.3,59.0,Medium,None,2008-12-10,2961.0,7.993282328101591,-0.35667494393873245
Round,0.71,Ideal,D,SI1,ID,ID,1.01,AGSL,62.0,55.0,Negligible,Pointed,2008-12-09,2961.0,7.993282328101591,-0.342490308946776
Round,0.81,Ideal,D,SI1,EX,EX,1.0,GIA,60.9,57.0,Medium Blue,None,2008-12-09,2961.0,7.993282328101591,-0.21072103131565253
Round,0.56,Ideal,D,VVS1,VG,EX,1.01,GIA,61.7,55.0,None,None,2008-12-09,2962.0,7.993619994827744,-0.579818495252942
Emerald,0.78,Very Good,E,SI1,VG,VG,1.18,AGSL,69.5,60.4,None,None,2008-12-10,2962.0,7.993619994827744,-0.2484613592984996
Round,0.7,Very Good,D,SI1,EX,VG,1.01,GIA,62.9,58.0,None,None,2008-12-11,2964.0,7.994294986415977,-0.35667494393873245
Round,0.7,Very Good,E,VS2,VG,VG,1.01,GIA,63.4,59.0,None,None,2008-12-11,2966.0,7.994969522697877,-0.35667494393873245
Round,0.7,Very Good,E,VS2,EX,VG,1.0,GIA,62.4,58.0,None,None,2008-12-11,2966.0,7.994969522697877,-0.35667494393873245
Round,0.7,Very Good,E,VS2,EX,EX,1.01,GIA,63.5,54.0,None,None,2008-12-11,2966.0,7.994969522697877,-0.35667494393873245
Round,0.7,Very Good,E,VS2,EX,EX,1.01,GIA,61.8,59.0,Faint,None,2008-12-11,2966.0,7.994969522697877,-0.35667494393873245
Emerald,0.77,Signature-Ideal,G,VS2,EX,VG,1.38,GIA,65.2,67.0,None,Very Small,2008-12-10,2966.0,7.994969522697877,-0.2613647641344075
Round,0.72,Ideal,G,VVS2,EX,VG,1.02,GIA,59.6,58.0,None,None,2008-12-12,2967.0,7.995306620290822,-0.3285040669720361
Round,0.86,Very Good,G,SI2,VG,VG,1.01,GIA,60.8,61.0,None,None,2008-12-10,2967.0,7.995306620290822,-0.15082288973458366
Round,0.78,Signature-Ideal,G,SI1,EX,EX,1.01,GIA,61.5,56.0,None,None,2008-12-10,2971.0,7.9966538754626075,-0.2484613592984996
Round,0.7,Good,G,VVS2,VG,VG,1.01,GIA,61.8,56.0,None,None,2008-12-18,2973.0,7.997326822998097,-0.35667494393873245
Round,0.9,Very Good,G,SI2,G,G,1.0,GIA,58.4,58.0,None,None,2008-12-10,2973.0,7.997326822998097,-0.10536051565782628
Round,0.9,Good,G,SI2,VG,VG,1.0,GIA,65.3,58.0,None,None,2008-12-10,2973.0,7.997326822998097,-0.10536051565782628
Princess,0.81,Very Good,G,VVS2,EX,EX,1.01,GIA,73.4,73.0,None,None,2008-12-10,2978.0,7.999007213243955,-0.21072103131565253
Round,0.63,Signature-Ideal,G,VVS1,EX,EX,1.01,GIA,60.9,56.0,Faint,None,2008-12-10,2979.0,7.999342952713282,-0.4620354595965587
Round,0.63,Signature-Ideal,G,VVS1,EX,EX,1.0,GIA,61.6,55.0,None,None,2008-12-10,2979.0,7.999342952713282,-0.4620354595965587
Princess,0.83,Good,G,VVS2,EX,VG,1.01,GIA,77.6,70.0,None,None,2008-12-10,2979.0,7.999342952713282,-0.18632957819149348
Round,0.73,Ideal,G,VVS1,EX,EX,1.01,GIA,61.6,56.0,Strong Blue,None,2008-12-17,2984.0,8.001019961323651,-0.31471074483970024
Round,0.9,Very Good,J,VS2,EX,EX,1.01,GIA,63.0,59.0,None,None,2008-12-12,2988.0,8.002359546252707,-0.10536051565782628
Round,0.91,Very Good,J,VS2,G,VG,1.0,GIA,61.4,57.0,Faint,None,2008-12-10,2992.0,8.003697339094368,-0.09431067947124129
Princess,1.03,Very Good,J,VS2,EX,EX,1.01,GIA,74.3,67.0,None,None,2008-12-10,2992.0,8.003697339094368,0.02955880224154443
Princess,1.02,Very Good,J,VVS1,VG,G,1.05,GIA,73.5,72.0,None,None,2008-12-10,2999.0,8.00603417874901,0.01980262729617973
Princess,1.02,Very Good,J,VS1,EX,EX,1.04,GIA,75.0,71.0,None,None,2008-12-10,3002.0,8.007034012193408,0.01980262729617973
Princess,1.01,Good,J,VVS2,VG,G,1.08,GIA,79.0,72.0,None,None,2008-12-10,3005.0,8.008032846969307,0.009950330853168092
Round,0.9,Ideal,J,VS1,EX,VG,1.01,GIA,60.8,59.0,None,None,2008-12-10,3009.0,8.009363076630045,-0.10536051565782628
Round,0.9,Very Good,J,VS2,EX,VG,1.01,GIA,59.3,61.0,None,None,2008-12-10,3011.0,8.010027528481734,-0.10536051565782628
Round,0.93,Ideal,J,SI2,EX,VG,1.0,GIA,60.7,59.0,None,None,2008-12-11,3011.0,8.010027528481734,-0.07257069283483537
Emerald,1.17,Very Good,J,SI2,G,G,1.08,GIA,61.1,62.0,None,None,2008-12-10,3013.0,8.0106915391303,0.1570037488096647
Round,0.9,Ideal,J,VS2,EX,EX,1.0,GIA,60.9,57.0,Faint,Very Small,2008-12-10,3016.0,8.011686729127847,-0.10536051565782628
Round,0.77,Ideal,J,VVS2,VG,VG,1.01,GIA,61.0,56.0,None,None,2008-12-10,3017.0,8.012018239159062,-0.2613647641344075
Princess,0.97,Very Good,J,SI1,VG,VG,1.01,GIA,70.9,72.0,None,None,2008-12-11,3018.0,8.012349639327795,-0.030459207484708574
Princess,1.0,Very Good,J,VS2,VG,VG,1.01,GIA,72.5,73.0,None,None,2008-12-10,3027.0,8.01532730902172,0.0
Princess,1.03,Very Good,J,VS1,EX,EX,1.02,GIA,74.2,71.0,None,None,2008-12-10,3031.0,8.016647877057803,0.02955880224154443
Princess,0.91,Very Good,J,VS1,EX,VG,1.01,GIA,74.7,74.0,None,None,2008-12-11,3038.0,8.018954683155718,-0.09431067947124129
Princess,1.0,Good,J,VVS2,EX,EX,1.01,GIA,75.4,75.0,None,None,2008-12-10,3039.0,8.019283792916793,0.0
Princess,1.0,Very Good,J,VVS2,EX,EX,1.0,GIA,74.4,67.0,None,None,2008-12-10,3039.0,8.019283792916793,0.0
Emerald,1.01,Good,J,VS1,EX,VG,1.21,GIA,73.3,69.0,None,None,2008-12-10,3043.0,8.02059914989697,0.009950330853168092
Princess,1.03,Very Good,J,VVS2,EX,EX,1.04,GIA,72.0,68.0,None,None,2008-12-10,3044.0,8.020927718981577,0.02955880224154443
Emerald,1.02,Fair,G,SI1,VG,G,1.14,GIA,77.0,64.0,Faint,None,2008-12-10,3102.0,8.039802343736485,0.01980262729617973
Round,0.62,Ideal,G,IF,ID,ID,1.01,AGSL,62.8,56.0,None,None,2008-12-10,3103.0,8.04012466444838,-0.4780358009429998
Round,0.75,Very Good,G,VS1,VG,EX,1.01,GIA,64.3,57.0,None,None,2008-12-10,3103.0,8.04012466444838,-0.2876820724517809
Emerald,1.04,Very Good,G,SI2,G,G,1.29,GIA,69.9,63.0,None,None,2008-12-10,3104.0,8.04044688130311,0.03922071315328133
Round,0.7,Very Good,G,VVS1,EX,EX,1.01,GIA,61.9,59.0,None,None,2008-12-10,3105.0,8.040768994367578,-0.35667494393873245
Emerald,0.72,Good,G,IF,EX,G,1.33,GIA,69.8,55.0,None,None,2008-12-10,3105.0,8.040768994367578,-0.3285040669720361
Round,0.7,Ideal,G,VVS2,EX,EX,1.01,GIA,62.2,55.0,None,None,2008-12-10,3106.0,8.041091003708633,-0.35667494393873245
Round,0.7,Ideal,G,VS1,EX,EX,1.0,GIA,62.7,56.0,None,None,2008-12-10,3107.0,8.041412909393047,-0.35667494393873245
Round,0.7,Signature-Ideal,G,VS2,EX,EX,1.01,GIA,61.1,56.0,None,Very Small,2008-12-10,3109.0,8.042056410058754,-0.35667494393873245
Emerald,0.77,Fair,G,VVS1,EX,VG,1.3,GIA,62.0,77.0,None,Small,2008-12-10,3114.0,8.043663352393944,-0.2613647641344075
Round,0.73,Ideal,G,VVS2,EX,EX,1.01,GIA,61.6,55.0,None,None,2008-12-10,3117.0,8.044626279767337,-0.31471074483970024
Round,0.7,Ideal,G,VS1,VG,EX,1.01,GIA,61.5,58.0,None,None,2008-12-12,3123.0,8.046549357283078,-0.35667494393873245
Round,0.91,Good,G,SI2,VG,G,1.02,GIA,63.7,62.0,None,None,2008-12-10,3124.0,8.046869510959576,-0.09431067947124129
Round,0.81,Signature-Ideal,G,SI1,EX,EX,1.0,GIA,61.9,57.0,None,None,2008-12-10,3128.0,8.048149101665201,-0.21072103131565253
Round,0.7,Very Good,G,VVS1,EX,VG,1.01,GIA,63.2,56.0,None,None,2008-12-10,3131.0,8.049107721326406,-0.35667494393873245
Emerald,1.09,Good,G,SI2,VG,G,1.49,GIA,73.3,61.0,Medium,None,2008-12-11,3131.0,8.049107721326406,0.08617769624105241
Round,0.91,Fair,H,SI1,VG,G,1.01,GIA,64.7,57.0,None,None,2008-12-10,3135.0,8.050384453067021,-0.09431067947124129
Round,0.91,Good,H,SI1,EX,VG,1.0,GIA,63.6,62.0,None,None,2008-12-10,3135.0,8.050384453067021,-0.09431067947124129
Round,0.91,Good,H,SI1,G,VG,1.01,GIA,65.0,58.0,None,None,2008-12-10,3135.0,8.050384453067021,-0.09431067947124129
Emerald,1.0,Good,H,SI1,VG,G,1.24,GIA,70.4,69.0,None,None,2008-12-10,3137.0,8.051022208190679,0.0
Round,0.7,Ideal,G,VVS1,EX,VG,1.01,GIA,62.4,55.0,None,None,2008-12-11,3138.0,8.051340933292979,-0.35667494393873245
Princess,0.84,Good,G,VVS2,VG,VG,1.02,GIA,75.6,73.0,None,None,2008-12-10,3139.0,8.051659556841953,-0.1743533871447778
Round,0.7,Very Good,H,IF,VG,EX,1.01,GIA,58.6,60.0,None,None,2008-12-12,3143.0,8.052933036797567,-0.35667494393873245
Round,0.9,Very Good,H,SI2,VG,G,1.02,GIA,64.1,59.0,None,None,2008-12-11,3145.0,8.05356916913454,-0.10536051565782628
Round,0.9,Good,H,SI2,VG,VG,1.01,GIA,64.5,57.0,None,None,2008-12-10,3150.0,8.055157731819678,-0.10536051565782628
Princess,1.0,Good,H,VS2,G,G,1.3,GIA,77.0,78.0,None,None,2008-12-10,3150.0,8.055157731819678,0.0
Round,0.87,Signature-Ideal,H,SI1,EX,EX,1.0,GIA,60.8,56.0,None,Very Small,2008-12-10,3151.0,8.055475141757274,-0.13926206733350766
Emerald,0.9,Very Good,H,VS2,VG,G,1.25,GIA,66.1,71.0,None,None,2008-12-10,3161.0,8.058643712215618,-0.10536051565782628
Princess,1.03,Good,H,SI2,VG,G,1.08,GIA,77.8,71.0,None,None,2008-12-10,3162.0,8.058960017769417,0.02955880224154443
Round,0.9,Very Good,H,SI1,VG,VG,1.0,GIA,61.5,62.0,None,None,2008-12-11,3163.0,8.059276223305648,-0.10536051565782628
Emerald,0.9,Good,H,VS1,VG,VG,1.37,GIA,73.6,73.0,None,None,2008-12-10,3164.0,8.059592328887545,-0.10536051565782628
Emerald,0.8,Fair,H,VVS2,G,G,1.21,GIA,55.8,69.0,None,Small,2008-12-10,3165.0,8.059908334578276,-0.2231435513142097
Princess,1.0,Good,H,VS2,G,VG,1.01,GIA,75.3,73.0,Strong Blue,None,2008-12-10,3165.0,8.059908334578276,0.0
Round,0.91,Very Good,H,SI2,VG,VG,1.01,GIA,63.8,56.0,None,None,2008-12-10,3167.0,8.06054004653864,-0.09431067947124129
Round,0.92,Very Good,H,SI2,VG,VG,1.0,GIA,64.3,58.0,None,None,2008-12-10,3167.0,8.06054004653864,-0.08338160893905101
Round,0.9,Very Good,H,SI2,EX,EX,1.01,GIA,63.5,54.0,Faint,None,2008-12-10,3170.0,8.061486866871327,-0.10536051565782628
Round,0.9,Very Good,H,SI2,EX,EX,1.0,GIA,62.8,56.0,None,None,2008-12-10,3170.0,8.061486866871327,-0.10536051565782628
Round,0.9,Very Good,H,SI2,VG,EX,1.01,GIA,63.0,56.0,None,None,2008-12-10,3170.0,8.061486866871327,-0.10536051565782628
Round,0.6,Very Good,D,VVS2,VG,EX,1.0,GIA,59.0,60.0,Faint,None,2008-12-09,3173.0,8.062432791583195,-0.5108256237659907
Emerald,0.78,Good,D,VS1,VG,EX,1.05,GIA,68.2,55.0,None,None,2008-12-17,3175.0,8.063062911326792,-0.2484613592984996
Round,0.7,Ideal,D,VS2,VG,EX,1.01,GIA,62.2,54.0,None,None,2008-12-17,3177.0,8.063692634269517,-0.35667494393873245
Round,0.84,Ideal,D,SI1,EX,EX,1.0,GIA,62.3,57.0,None,None,2008-12-16,3182.0,8.065265208897733,-0.1743533871447778
Round,0.51,Ideal,D,VVS1,EX,EX,1.0,GIA,61.7,56.0,Medium,None,2008-12-09,3191.0,8.068089626278244,-0.6733445532637656
Round,0.81,Very Good,D,SI1,VG,VG,1.0,GIA,61.1,58.0,Medium Blue,None,2008-12-09,3193.0,8.068716192714781,-0.21072103131565253
Round,0.7,Very Good,D,VS2,VG,EX,1.01,GIA,60.7,58.0,None,None,2008-12-10,3196.0,8.069655306886165,-0.35667494393873245
Round,0.7,Very Good,D,VS2,G,VG,1.01,GIA,60.8,59.0,Medium,None,2008-12-10,3196.0,8.069655306886165,-0.35667494393873245
Round,0.7,Very Good,D,VS2,EX,VG,1.0,GIA,60.7,60.0,Medium,None,2008-12-10,3196.0,8.069655306886165,-0.35667494393873245
Emerald,0.88,Fair,D,VS2,EX,G,1.3,GIA,75.8,59.0,None,None,2008-12-10,3196.0,8.069655306886165,-0.12783337150988489
Emerald,0.72,Very Good,D,VS2,G,VG,1.52,AGSL,65.6,59.1,None,Small,2008-12-09,3197.0,8.069968149059841,-0.3285040669720361
Emerald,0.71,Signature-Ideal,D,VS2,EX,VG,1.39,GIA,65.1,67.0,None,Very Small,2008-12-09,3198.0,8.0702808933939,-0.342490308946776
Round,0.7,Ideal,D,VS2,EX,EX,1.01,GIA,62.1,56.0,None,None,2008-12-11,3201.0,8.071218539969863,-0.35667494393873245
Round,0.7,Ideal,D,VS2,EX,EX,1.01,GIA,61.2,59.0,None,None,2008-12-11,3201.0,8.071218539969863,-0.35667494393873245
Round,0.7,Ideal,D,VS2,EX,EX,1.01,GIA,61.3,57.0,None,None,2008-12-11,3201.0,8.071218539969863,-0.35667494393873245
Princess,0.7,Signature-Ideal,D,VS2,EX,EX,1.04,GIA,64.9,71.0,None,None,2008-12-09,3203.0,8.071843149609158,-0.35667494393873245
Round,0.86,Ideal,D,SI2,VG,G,1.0,GIA,60.2,56.0,None,None,2008-12-10,3203.0,8.071843149609158,-0.15082288973458366
Round,0.71,Signature-Ideal,D,SI1,ID,ID,1.01,AGSL,61.4,55.0,Negligible,Pointed,2008-12-09,3205.0,8.07246736935477,-0.342490308946776
Round,0.71,Signature-Ideal,D,SI1,ID,ID,1.01,AGSL,60.8,57.0,Medium Blue,Pointed,2008-12-09,3205.0,8.07246736935477,-0.342490308946776
Round,0.72,Ideal,D,VS2,VG,VG,1.01,GIA,62.1,54.0,None,None,2008-12-09,3206.0,8.072779333169498,-0.3285040669720361
Emerald,1.01,Good,I,VS2,G,VG,1.47,GIA,70.2,71.0,None,None,2008-12-10,3255.0,8.08794755464267,0.009950330853168092
Round,1.0,Very Good,I,SI2,VG,VG,1.01,GIA,62.8,60.0,None,None,2008-12-12,3256.0,8.08825472712243,0.0
Emerald,1.01,Very Good,I,VVS2,VG,G,1.42,GIA,68.0,70.0,None,None,2008-12-10,3258.0,8.08886878916199,0.009950330853168092
Round,0.9,Ideal,I,SI1,EX,EX,1.0,GIA,61.9,52.0,None,None,2008-12-11,3259.0,8.089175678837561,-0.10536051565782628
Princess,1.01,Fair,I,VVS1,VG,G,1.07,GIA,82.5,72.0,None,None,2008-12-10,3259.0,8.089175678837561,0.009950330853168092
Round,0.9,Good,I,VS1,G,VG,1.01,GIA,60.6,66.0,Strong,None,2008-12-11,3260.0,8.089482474360754,-0.10536051565782628
Round,0.64,Ideal,F,VVS1,VG,EX,1.01,GIA,62.2,56.0,None,None,2008-12-12,3261.0,8.089789175789319,-0.4462871026284195
Round,0.73,Ideal,F,VS1,EX,EX,1.01,GIA,62.0,55.0,None,None,2008-12-10,3261.0,8.089789175789319,-0.31471074483970024
Round,0.71,Very Good,F,VVS1,VG,EX,1.01,GIA,63.2,56.0,Medium,None,2008-12-10,3263.0,8.09040229659332,-0.342490308946776
Round,0.91,Good,F,SI2,G,G,1.0,GIA,65.5,56.0,Medium,None,2008-12-10,3264.0,8.090708716083997,-0.09431067947124129
Round,0.91,Very Good,F,SI2,VG,G,1.01,GIA,61.8,59.0,Strong,None,2008-12-10,3264.0,8.090708716083997,-0.09431067947124129
Round,0.91,Good,F,SI2,G,G,1.02,GIA,65.8,56.0,Faint,None,2008-12-10,3264.0,8.090708716083997,-0.09431067947124129
Emerald,0.91,Very Good,F,SI2,G,G,1.16,GIA,67.0,59.0,Faint Blue,None,2008-12-10,3264.0,8.090708716083997,-0.09431067947124129
Round,0.9,Very Good,I,SI1,EX,G,1.01,GIA,63.9,54.0,Faint,None,2008-12-10,3267.0,8.09162741160107,-0.10536051565782628
Round,0.72,Very Good,F,VS1,VG,VG,1.01,GIA,61.1,58.0,None,None,2008-12-10,3268.0,8.091933455979893,-0.3285040669720361
Princess,0.84,Good,F,VVS2,EX,VG,1.04,GIA,75.3,71.0,None,None,2008-12-10,3271.0,8.092851027538384,-0.1743533871447778
Princess,1.0,Very Good,I,VS2,EX,EX,1.05,GIA,74.9,73.0,Faint,None,2008-12-10,3271.0,8.092851027538384,0.0
Round,0.73,Signature-Ideal,I,IF,EX,EX,1.01,GIA,61.4,56.0,None,None,2008-12-10,3272.0,8.093156697722637,-0.31471074483970024
Round,0.74,Ideal,F,VS2,EX,EX,1.01,GIA,62.1,55.0,None,None,2008-12-10,3272.0,8.093156697722637,-0.3011050927839216
Round,0.73,Ideal,F,VS2,EX,EX,1.01,GIA,62.0,55.0,None,Very Small,2008-12-10,3274.0,8.09376775793108,-0.31471074483970024
Princess,1.02,Good,I,VS1,EX,EX,1.03,GIA,75.2,71.0,None,None,2008-12-10,3278.0,8.094988759303774,0.01980262729617973
Round,0.9,Good,F,SI1,EX,EX,1.0,GIA,65.0,56.0,None,None,2008-12-11,3281.0,8.0959035329611,-0.10536051565782628
Round,0.73,Very Good,F,VS2,VG,VG,1.01,GIA,59.6,59.0,Faint,None,2008-12-17,3282.0,8.096208271650037,-0.31471074483970024
Emerald,0.96,Very Good,I,VS2,VG,VG,1.34,GIA,68.2,67.0,None,None,2008-12-11,3282.0,8.096208271650037,-0.040821994520255166
Round,0.91,Good,F,SI2,EX,VG,1.01,GIA,61.8,58.0,Strong,None,2008-12-10,3284.0,8.096817470572319,-0.09431067947124129
Emerald,1.02,Good,I,VS2,G,VG,1.34,GIA,72.0,68.0,None,None,2008-12-10,3285.0,8.09712193091871,0.01980262729617973
Emerald,1.0,Very Good,F,SI2,VG,G,1.26,GIA,68.5,69.0,None,None,2008-12-10,3287.0,8.097730573664219,0.0
Round,0.9,Good,F,SI1,EX,VG,1.0,GIA,64.0,59.0,None,None,2008-12-10,3289.0,8.098338846189057,-0.10536051565782628
Princess,0.99,Fair,F,VS1,G,G,1.19,GIA,85.2,74.0,Medium Blue,None,2008-12-10,3291.0,8.098946748943339,-0.01005033585350145
Emerald,0.85,Very Good,F,VS1,EX,VG,1.16,GIA,65.3,61.0,None,None,2008-12-10,3293.0,8.099554282376364,-0.16251892949777494
Emerald,1.01,Fair,F,SI1,VG,G,1.39,GIA,78.2,69.0,Faint,None,2008-12-10,3295.0,8.100161446936607,0.009950330853168092
Round,0.93,Ideal,I,SI2,EX,EX,1.0,GIA,62.0,55.0,None,None,2008-12-11,3300.0,8.101677747454572,-0.07257069283483537
Emerald,1.01,Very Good,I,VVS2,EX,VG,1.44,GIA,66.8,60.0,None,None,2008-12-10,3302.0,8.102283624480073,0.009950330853168092
Emerald,0.8,Very Good,I,IF,EX,EX,1.52,GIA,66.4,61.0,None,None,2008-12-10,3305.0,8.103191752285786,-0.2231435513142097
Round,0.9,Very Good,I,VS2,EX,EX,1.01,GIA,62.9,55.0,None,None,2008-12-11,3312.0,8.10530751550515,-0.10536051565782628
Round,0.9,Very Good,I,VS2,VG,EX,1.01,GIA,63.4,53.0,Strong,None,2008-12-10,3312.0,8.10530751550515,-0.10536051565782628
Round,0.9,Very Good,I,SI1,EX,EX,1.01,GIA,62.4,57.0,Medium,None,2008-12-10,3313.0,8.105609402299896,-0.10536051565782628
Round,1.01,Good,J,SI2,VG,VG,1.02,GIA,65.6,56.0,Faint,None,2008-12-10,3314.0,8.105911197986508,0.009950330853168092
Round,1.01,Good,J,SI2,VG,VG,1.01,GIA,64.8,55.0,Strong,None,2008-12-10,3314.0,8.105911197986508,0.009950330853168092
Emerald,1.01,Very Good,J,VS1,VG,G,1.36,GIA,62.4,69.0,None,None,2008-12-10,3320.0,8.107720061910534,0.009950330853168092
Princess,0.96,Good,I,VVS2,VG,G,1.01,GIA,76.4,72.0,None,None,2008-12-10,3322.0,8.10832229017324,-0.040821994520255166
Emerald,1.06,Very Good,I,VS2,VG,G,1.1,GIA,65.3,63.0,None,Small,2008-12-10,3322.0,8.10832229017324,0.058268908123975824
Round,0.7,Ideal,G,VVS1,EX,EX,1.0,GIA,62.2,55.0,None,None,2008-12-10,3323.0,8.108623268354595,-0.35667494393873245
Round,0.7,Ideal,G,VVS1,EX,EX,1.01,GIA,62.5,55.0,None,None,2008-12-10,3323.0,8.108623268354595,-0.35667494393873245
Princess,0.9,Good,G,VS2,EX,VG,1.01,GIA,75.8,74.0,None,None,2008-12-10,3323.0,8.108623268354595,-0.10536051565782628
Round,0.78,Very Good,G,VS1,VG,G,1.02,GIA,61.7,58.0,None,None,2008-12-10,3325.0,8.109224953089955,-0.2484613592984996
Princess,0.84,Good,G,VVS1,EX,VG,1.01,GIA,75.6,74.0,None,None,2008-12-10,3326.0,8.109525659752872,-0.1743533871447778
Emerald,1.03,Good,G,SI1,VG,VG,1.24,GIA,72.6,68.0,Faint,None,2008-12-10,3326.0,8.109525659752872,0.02955880224154443
Round,0.93,Very Good,J,VS2,EX,EX,1.01,GIA,62.7,57.0,None,None,2008-12-10,3327.0,8.109826276018477,-0.07257069283483537
Princess,0.92,Good,G,VS1,VG,VG,1.01,GIA,76.2,72.0,None,None,2008-12-10,3328.0,8.1101268019411,-0.08338160893905101
Round,0.95,Very Good,J,SI1,VG,G,1.01,GIA,59.0,59.0,None,None,2008-12-10,3328.0,8.1101268019411,-0.05129329438755058
Princess,0.9,Very Good,G,SI1,VG,VG,1.02,GIA,73.4,74.0,Faint,None,2008-12-10,3329.0,8.110427237575024,-0.10536051565782628
Emerald,0.92,Very Good,G,VS1,VG,VG,1.32,GIA,66.3,71.0,None,None,2008-12-10,3329.0,8.110427237575024,-0.08338160893905101
Round,0.9,Very Good,G,SI2,VG,G,1.01,GIA,64.2,60.0,Faint,None,2008-12-11,3330.0,8.110727582974489,-0.10536051565782628
Round,0.8,Very Good,D,SI2,VG,G,1.01,GIA,59.7,60.0,None,None,2008-12-09,3331.0,8.11102783819368,-0.2231435513142097
Round,0.63,Ideal,D,VVS2,EX,VG,1.01,GIA,61.5,56.0,Medium,None,2008-12-09,3332.0,8.111328003286733,-0.4620354595965587
Round,1.04,Very Good,J,SI2,G,G,1.0,GIA,62.3,56.0,Medium Blue,None,2008-12-10,3332.0,8.111328003286733,0.03922071315328133
Round,0.81,Ideal,D,SI1,VG,VG,1.0,GIA,60.9,58.0,None,None,2008-12-09,3333.0,8.11162807830774,-0.21072103131565253
Emerald,0.86,Very Good,D,VS1,VG,VG,1.37,GIA,63.8,63.0,None,None,2008-12-10,3333.0,8.11162807830774,-0.15082288973458366
Round,0.76,Ideal,G,VS1,EX,EX,1.01,GIA,62.7,57.0,None,None,2008-12-11,3335.0,8.112227958349724,-0.2744368457017603
Round,0.72,Very Good,G,IF,EX,G,1.02,GIA,63.3,54.0,Strong,Very Small,2008-12-10,3336.0,8.112527763478637,-0.3285040669720361
Round,0.92,Good,G,SI2,VG,G,1.01,GIA,65.0,59.0,None,None,2008-12-10,3338.0,8.11312710422178,-0.08338160893905101
Round,0.92,Very Good,J,SI1,VG,EX,1.0,GIA,61.9,59.0,None,None,2008-12-11,3338.0,8.11312710422178,-0.08338160893905101
Round,0.9,Very Good,J,VS1,VG,VG,1.01,GIA,63.1,56.0,None,None,2008-12-10,3339.0,8.113426639943654,-0.10536051565782628
Round,0.9,Very Good,J,VS1,EX,EX,1.01,GIA,63.4,58.0,None,None,2008-12-10,3339.0,8.113426639943654,-0.10536051565782628
Round,0.8,Ideal,G,VS2,VG,VG,1.01,GIA,62.4,59.0,None,None,2008-12-11,3340.0,8.113726085970747,-0.2231435513142097
Princess,0.93,Very Good,G,VS2,EX,VG,1.05,GIA,74.8,71.0,Faint,None,2008-12-10,3340.0,8.113726085970747,-0.07257069283483537
Princess,0.96,Fair,G,VS2,VG,G,1.07,GIA,84.5,70.0,None,None,2008-12-11,3340.0,8.113726085970747,-0.040821994520255166
Round,0.77,Very Good,D,VS2,VG,G,1.02,GIA,59.7,57.0,Medium Blue,None,2008-12-09,3341.0,8.114025442356757,-0.2613647641344075
Princess,1.05,Good,G,SI2,G,G,1.21,GIA,76.8,71.0,None,None,2008-12-11,3342.0,8.114324709155339,0.04879016416943205
Round,0.5,Very Good,D,IF,EX,VG,1.01,GIA,63.7,57.0,None,None,2008-12-11,3343.0,8.114623886420098,-0.6931471805599453
Round,0.5,Very Good,D,IF,VG,VG,1.01,GIA,62.8,59.0,Medium Blue,None,2008-12-11,3343.0,8.114623886420098,-0.6931471805599453
Round,0.5,Very Good,D,IF,EX,VG,1.01,GIA,61.5,62.0,Medium Blue,None,2008-12-11,3343.0,8.114623886420098,-0.6931471805599453
Princess,1.01,Very Good,J,VS2,EX,EX,1.01,GIA,67.6,73.0,None,None,2008-12-10,3343.0,8.114623886420098,0.009950330853168092
Princess,1.1,Very Good,J,VVS2,VG,VG,1.02,GIA,74.9,72.0,None,None,2008-12-10,3343.0,8.114623886420098,0.09531017980432493
Round,0.9,Good,G,SI2,VG,G,1.01,GIA,62.7,59.0,Faint,None,2008-12-10,3344.0,8.114922974204593,-0.10536051565782628
Emerald,1.08,Very Good,J,SI1,EX,VG,1.38,GIA,65.4,70.0,None,Very Small,2008-12-10,3344.0,8.114922974204593,0.0769610411361284
Round,0.86,Ideal,G,SI1,EX,EX,1.01,GIA,61.9,54.0,None,None,2008-12-10,3346.0,8.11552088154677,-0.15082288973458366
Emerald,0.9,Fair,G,VS2,VG,G,1.31,GIA,76.7,65.0,None,None,2008-12-11,3346.0,8.11552088154677,-0.10536051565782628
Round,0.92,Very Good,J,VS1,G,VG,1.0,GIA,58.7,61.0,None,None,2008-12-10,3346.0,8.11552088154677,-0.08338160893905101
Princess,1.05,Good,J,VS1,VG,VG,1.02,GIA,61.0,66.0,None,None,2008-12-10,3351.0,8.11701408773731,0.04879016416943205
Round,0.9,Fair,E,SI2,VG,VG,1.01,GIA,65.5,59.0,None,None,2008-12-10,3352.0,8.117312461601975,-0.10536051565782628
Round,0.9,Good,E,SI2,VG,VG,1.01,GIA,65.0,56.0,None,None,2008-12-10,3352.0,8.117312461601975,-0.10536051565782628
Round,0.55,Ideal,D,VVS1,EX,EX,1.01,GIA,62.0,56.0,Faint,None,2008-12-10,3354.0,8.117908942383155,-0.5978370007556204
Round,0.7,Good,E,VVS1,VG,G,1.01,GIA,64.3,54.0,None,None,2008-12-10,3354.0,8.117908942383155,-0.35667494393873245
Emerald,0.73,Very Good,E,VVS1,G,G,1.41,GIA,65.2,71.0,Medium Blue,Very Small,2008-12-10,3354.0,8.117908942383155,-0.31471074483970024
Emerald,0.82,Good,E,VS1,G,G,1.34,AGSL,69.9,75.0,None,None,2008-12-10,3354.0,8.117908942383155,-0.19845093872383832
Round,0.55,Ideal,D,VVS1,EX,VG,1.0,GIA,61.4,57.0,Strong,None,2008-12-09,3356.0,8.118505067587098,-0.5978370007556204
Round,0.64,Signature-Ideal,D,VS1,EX,EX,1.01,GIA,60.9,57.0,None,None,2008-12-09,3356.0,8.118505067587098,-0.4462871026284195
Round,0.72,Ideal,E,VS2,EX,EX,1.01,GIA,60.5,57.0,None,Very Small,2008-12-10,3356.0,8.118505067587098,-0.3285040669720361
Emerald,0.83,Very Good,D,VS2,G,G,1.66,GIA,64.8,62.0,None,Very Small,2008-12-09,3356.0,8.118505067587098,-0.18632957819149348
Round,0.71,Very Good,E,VS1,EX,EX,1.01,GIA,62.6,59.0,None,None,2008-12-11,3357.0,8.118802996980035,-0.342490308946776
Emerald,0.91,Good,E,SI1,VG,VG,1.27,GIA,70.1,70.0,None,None,2008-12-10,3358.0,8.119100837637486,-0.09431067947124129
Emerald,0.91,Very Good,E,SI1,VG,VG,1.26,GIA,69.0,70.0,None,None,2008-12-10,3358.0,8.119100837637486,-0.09431067947124129
Emerald,0.91,Very Good,E,SI1,VG,VG,1.36,GIA,65.2,68.0,None,None,2008-12-10,3358.0,8.119100837637486,-0.09431067947124129
Round,0.71,Very Good,D,VS1,G,EX,1.01,GIA,63.4,57.0,Faint,None,2008-12-09,3359.0,8.119398589612294,-0.342490308946776
Round,0.9,Very Good,E,SI2,VG,VG,1.01,GIA,61.5,58.0,None,None,2008-12-11,3359.0,8.119398589612294,-0.10536051565782628
Round,0.7,Very Good,D,VS1,VG,VG,1.01,GIA,63.4,60.0,None,None,2008-12-09,3360.0,8.11969625295725,-0.35667494393873245
Round,0.71,Ideal,E,VS1,EX,EX,1.01,GIA,61.8,57.0,Faint,None,2008-12-12,3360.0,8.11969625295725,-0.342490308946776
Round,0.8,Good,D,VS2,EX,EX,1.01,GIA,65.1,59.0,Strong Blue,None,2008-12-11,3361.0,8.119993827725105,-0.2231435513142097
Round,0.73,Very Good,E,VS2,VG,VG,1.01,GIA,62.9,58.0,None,None,2008-12-10,3362.0,8.120291313968561,-0.31471074483970024
Round,0.78,Ideal,D,SI1,EX,EX,1.0,GIA,62.2,56.0,None,None,2008-12-10,3362.0,8.120291313968561,-0.2484613592984996
Princess,1.06,Very Good,J,VS1,EX,VG,1.01,GIA,74.4,68.0,None,None,2008-12-11,3362.0,8.120291313968561,0.058268908123975824
Round,0.55,Ideal,D,VVS1,ID,ID,1.0,AGSL,61.5,57.0,None,None,2008-12-09,3363.0,8.12058871174027,-0.5978370007556204
Princess,0.92,Good,E,SI1,G,G,1.03,GIA,81.5,77.0,None,None,2008-12-10,3364.0,8.120886021092838,-0.08338160893905101
Round,1.0,Fair,J,SI1,VG,VG,1.01,GIA,65.5,60.0,Faint,Very Small,2008-12-10,3365.0,8.121183242078828,0.0
Round,0.7,Very Good,E,VS1,VG,VG,1.01,GIA,63.8,57.0,None,None,2008-12-17,3366.0,8.121480374750751,-0.35667494393873245
Round,0.72,Ideal,E,VS2,VG,EX,1.01,GIA,61.9,56.0,None,None,2008-12-11,3367.0,8.121777419161074,-0.3285040669720361
Princess,0.9,Very Good,E,SI1,VG,G,1.13,GIA,74.2,71.0,None,None,2008-12-10,3367.0,8.121777419161074,-0.10536051565782628
Emerald,1.21,Good,J,VS2,EX,VG,1.3,GIA,73.1,61.0,None,None,2008-12-10,3369.0,8.122371243406553,0.1906203596086497
Round,0.93,Ideal,J,SI1,VG,EX,1.01,GIA,62.0,58.0,Faint,None,2008-12-10,3370.0,8.122668023346407,-0.07257069283483537
Emerald,0.95,Good,D,SI1,VG,G,1.43,GIA,71.8,70.0,None,None,2008-12-09,3370.0,8.122668023346407,-0.05129329438755058
Emerald,1.03,Very Good,J,VVS2,VG,EX,1.32,GIA,69.2,69.0,Faint,Small,2008-12-10,3370.0,8.122668023346407,0.02955880224154443
Round,0.71,Ideal,D,VS1,EX,EX,1.01,GIA,62.2,54.0,Very Strong,None,2008-12-09,3371.0,8.12296471523406,-0.342490308946776
Round,0.79,Very Good,E,VS1,VG,G,1.01,GIA,60.4,62.0,Medium,Very Small,2008-12-11,3371.0,8.12296471523406,-0.23572233352106983
Round,0.72,Very Good,D,VS2,EX,EX,1.01,GIA,61.7,60.0,Faint,None,2008-12-10,3374.0,8.123854263105914,-0.3285040669720361
Princess,1.03,Very Good,J,VS2,EX,VG,1.01,GIA,74.3,75.0,None,None,2008-12-11,3375.0,8.12415060330663,0.02955880224154443
Round,0.9,Good,F,SI2,VG,G,1.01,GIA,63.4,61.0,None,None,2008-12-10,3431.0,8.14060704285845,-0.10536051565782628
Emerald,0.82,Good,F,VVS2,VG,G,1.43,GIA,72.3,64.0,None,None,2008-12-10,3432.0,8.140898460607852,-0.19845093872383832
Emerald,1.11,Good,F,SI2,VG,G,1.6,GIA,73.3,70.0,None,None,2008-12-10,3432.0,8.140898460607852,0.10436001532424286
Emerald,1.03,Very Good,F,SI2,VG,G,1.43,GIA,63.1,71.0,None,None,2008-12-11,3433.0,8.141189793457691,0.02955880224154443
Round,0.82,Ideal,F,SI1,EX,EX,1.0,GIA,62.2,56.0,None,None,2008-12-10,3435.0,8.14177220465645,-0.19845093872383832
Emerald,0.9,Very Good,F,VS1,VG,VG,1.27,GIA,68.9,70.0,None,None,2008-12-10,3435.0,8.14177220465645,-0.10536051565782628
Emerald,0.9,Very Good,F,VS1,VG,VG,1.35,GIA,66.8,71.0,None,None,2008-12-10,3435.0,8.14177220465645,-0.10536051565782628
Round,0.8,Very Good,F,VS2,EX,EX,1.01,GIA,62.9,58.0,None,None,2008-12-11,3438.0,8.142645185942795,-0.2231435513142097
Round,0.63,Ideal,F,VVS1,EX,EX,1.01,GIA,61.6,54.0,None,None,2008-12-11,3440.0,8.143226750367445,-0.4620354595965587
Round,0.9,Good,F,SI2,EX,VG,1.01,GIA,64.6,58.0,Medium Blue,None,2008-12-10,3440.0,8.143226750367445,-0.10536051565782628
Round,0.72,Signature-Ideal,F,VS2,EX,EX,1.01,GIA,61.8,56.0,Faint,Small,2008-12-10,3444.0,8.144388865547622,-0.3285040669720361
Round,0.72,Signature-Ideal,F,VS2,EX,EX,1.0,GIA,61.5,56.0,None,Very Small,2008-12-10,3444.0,8.144388865547622,-0.3285040669720361
Round,0.72,Signature-Ideal,F,VS2,EX,EX,1.01,GIA,61.3,55.0,None,None,2008-12-10,3444.0,8.144388865547622,-0.3285040669720361
Princess,0.9,Good,F,VS2,VG,G,1.04,GIA,76.2,70.0,None,None,2008-12-10,3444.0,8.144388865547622,-0.10536051565782628
Round,0.61,Ideal,F,VVS1,EX,EX,1.0,GIA,61.7,55.0,None,None,2008-12-17,3446.0,8.144969417087875,-0.4942963218147801
Round,0.73,Ideal,F,VS1,VG,EX,1.01,GIA,62.7,56.0,None,None,2008-12-11,3447.0,8.145259566516865,-0.31471074483970024
Princess,0.9,Good,F,VS1,VG,G,1.03,GIA,80.2,75.0,None,None,2008-12-10,3456.0,8.147867129923947,-0.10536051565782628
Emerald,0.91,Very Good,F,VS2,VG,VG,1.28,GIA,65.1,71.0,None,None,2008-12-10,3458.0,8.148445666243235,-0.09431067947124129
Emerald,0.73,Very Good,F,VVS1,VG,VG,1.18,GIA,66.2,64.0,None,None,2008-12-10,3461.0,8.149312843635345,-0.31471074483970024
Round,0.95,Ideal,I,SI2,EX,EX,1.01,GIA,62.6,54.0,None,None,2008-12-10,3522.0,8.166784289056151,-0.05129329438755058
Emerald,1.02,Very Good,I,VVS2,G,G,1.38,GIA,69.6,59.0,None,None,2008-12-10,3532.0,8.16961956172385,0.01980262729617973
Emerald,0.78,Good,E,VVS1,VG,G,1.45,GIA,72.6,61.0,None,None,2008-12-10,3535.0,8.170468578330674,-0.2484613592984996
Princess,1.01,Good,I,VS1,VG,G,1.16,GIA,79.2,74.0,None,None,2008-12-11,3536.0,8.170751423757535,0.009950330853168092
Round,0.9,Ideal,I,VS2,EX,EX,1.0,GIA,62.5,57.0,None,None,2008-12-11,3538.0,8.17131687471973,-0.10536051565782628
Round,0.9,Good,E,SI2,G,G,1.01,GIA,61.6,61.0,None,None,2008-12-11,3538.0,8.17131687471973,-0.10536051565782628
Round,0.9,Good,E,SI2,VG,VG,1.01,GIA,63.7,63.0,None,None,2008-12-11,3538.0,8.17131687471973,-0.10536051565782628
Round,0.9,Good,E,SI2,VG,G,1.01,GIA,65.8,60.0,Faint,None,2008-12-11,3538.0,8.17131687471973,-0.10536051565782628
Round,0.9,Good,E,SI2,G,G,1.01,GIA,64.1,58.0,None,None,2008-12-11,3538.0,8.17131687471973,-0.10536051565782628
Emerald,1.11,Good,I,SI1,VG,VG,1.29,GIA,70.7,70.0,None,None,2008-12-10,3538.0,8.17131687471973,0.10436001532424286
Round,0.9,Fair,I,VS1,VG,EX,1.01,GIA,65.4,59.0,None,None,2008-12-10,3539.0,8.171599480345463,-0.10536051565782628
Round,0.9,Fair,I,VS1,VG,VG,1.01,GIA,66.9,57.0,None,None,2008-12-10,3539.0,8.171599480345463,-0.10536051565782628
Round,0.9,Good,I,VS1,VG,G,1.01,GIA,61.3,60.0,None,None,2008-12-10,3539.0,8.171599480345463,-0.10536051565782628
Round,0.51,Signature-Ideal,E,IF,EX,EX,1.01,GIA,61.4,55.0,None,None,2008-12-10,3540.0,8.17188200612782,-0.6733445532637656
Princess,0.83,Very Good,E,VVS1,VG,VG,1.05,GIA,71.9,70.0,Faint,None,2008-12-10,3541.0,8.172164452111904,-0.18632957819149348
Round,0.9,Very Good,E,SI1,EX,VG,1.01,GIA,60.7,57.0,Faint,None,2008-12-11,3542.0,8.17244681834278,-0.10536051565782628
Round,0.9,Fair,E,SI2,VG,G,1.01,GIA,56.3,66.0,None,None,2008-12-10,3542.0,8.17244681834278,-0.10536051565782628
Emerald,1.01,Very Good,E,SI2,EX,G,1.3,GIA,69.9,70.0,None,None,2008-12-10,3542.0,8.17244681834278,0.009950330853168092
Round,0.94,Very Good,I,SI1,VG,VG,1.01,GIA,63.1,55.0,None,None,2008-12-10,3545.0,8.173293438966228,-0.06187540371808753
Emerald,1.02,Very Good,I,VS2,EX,G,1.09,GIA,64.6,67.0,None,None,2008-12-10,3545.0,8.173293438966228,0.01980262729617973
Round,0.73,Very Good,E,VS1,G,VG,1.01,GIA,62.2,57.0,None,None,2008-12-17,3547.0,8.173857454773621,-0.31471074483970024
Princess,0.92,Very Good,E,SI1,VG,VG,1.0,GIA,72.0,75.0,Faint,None,2008-12-11,3548.0,8.17413934342947,-0.08338160893905101
Princess,1.01,Very Good,I,VS2,EX,VG,1.01,GIA,66.4,77.0,None,None,2008-12-10,3549.0,8.174421152646497,0.009950330853168092
Round,0.9,Ideal,I,VS1,VG,VG,1.01,GIA,59.9,57.0,None,None,2008-12-10,3550.0,8.174702882469461,-0.10536051565782628
Princess,1.01,Good,I,VVS2,EX,EX,1.03,GIA,76.3,71.0,None,None,2008-12-10,3550.0,8.174702882469461,0.009950330853168092
Princess,1.01,Good,I,VVS2,EX,EX,1.03,GIA,75.2,73.0,None,None,2008-12-10,3550.0,8.174702882469461,0.009950330853168092
Princess,1.01,Good,I,VVS2,EX,EX,1.05,GIA,77.8,68.0,None,None,2008-12-10,3550.0,8.174702882469461,0.009950330853168092
Princess,1.04,Good,E,SI2,VG,G,1.02,GIA,75.8,72.0,None,None,2008-12-10,3550.0,8.174702882469461,0.03922071315328133
Princess,1.05,Very Good,E,SI2,G,G,1.08,GIA,74.9,73.0,None,None,2008-12-10,3551.0,8.174984532943087,0.04879016416943205
Round,0.91,Very Good,E,SI2,VG,VG,1.01,GIA,62.5,59.0,Strong,None,2008-12-11,3552.0,8.17526610411206,-0.09431067947124129
Princess,1.0,Very Good,I,VVS1,VG,VG,1.03,GIA,73.8,72.0,None,None,2008-12-10,3552.0,8.17526610411206,0.0
Round,0.91,Very Good,I,VS1,EX,VG,1.02,GIA,63.3,59.0,Medium,None,2008-12-10,3553.0,8.175547596021026,-0.09431067947124129
Round,1.01,Very Good,I,SI2,EX,EX,1.0,GIA,63.8,59.0,None,None,2008-12-17,3553.0,8.175547596021026,0.009950330853168092
Round,0.73,Very Good,E,VS1,VG,EX,1.01,GIA,59.2,60.0,None,None,2008-12-11,3554.0,8.175829008714597,-0.31471074483970024
Princess,0.9,Good,E,SI1,VG,G,1.05,GIA,78.9,69.0,None,None,2008-12-10,3554.0,8.175829008714597,-0.10536051565782628
Emerald,1.0,Fair,I,VS1,VG,G,1.29,GIA,75.4,67.0,None,None,2008-12-11,3554.0,8.175829008714597,0.0
Princess,1.04,Good,I,VS2,VG,VG,1.04,GIA,81.3,77.0,None,None,2008-12-11,3554.0,8.175829008714597,0.03922071315328133
Round,0.77,Signature-Ideal,E,SI1,EX,EX,1.01,GIA,61.1,56.0,None,None,2008-12-10,3559.0,8.177234885510194,-0.2613647641344075
Round,0.81,Ideal,E,SI1,VG,EX,1.01,GIA,60.7,57.0,Faint Blue,None,2008-12-11,3560.0,8.177515823846075,-0.21072103131565253
Princess,0.85,Good,F,VVS1,EX,VG,1.01,GIA,75.2,73.0,None,None,2008-12-10,3563.0,8.178358165605836,-0.16251892949777494
Emerald,0.9,Fair,F,VS1,VG,G,1.25,GIA,77.5,68.0,None,None,2008-12-10,3563.0,8.178358165605836,-0.10536051565782628
Emerald,0.9,Fair,E,VS2,VG,VG,1.26,GIA,75.1,65.0,None,None,2008-12-10,3563.0,8.178358165605836,-0.10536051565782628
Emerald,0.76,Very Good,F,VVS1,G,VG,1.3,GIA,68.3,67.0,None,Small,2008-12-10,3565.0,8.178919332848396,-0.2744368457017603
Round,0.91,Ideal,F,SI2,VG,VG,1.01,GIA,62.7,57.0,Medium,None,2008-12-11,3565.0,8.178919332848396,-0.09431067947124129
Emerald,1.0,Good,F,SI2,G,VG,1.06,GIA,67.3,71.0,None,None,2008-12-10,3567.0,8.17948018535889,0.0
Round,0.77,Very Good,F,VS1,EX,VG,1.01,GIA,63.3,57.0,Medium,None,2008-12-10,3571.0,8.18060094759445,-0.2613647641344075
Round,0.91,Good,F,SI2,VG,VG,1.01,GIA,64.3,58.0,None,None,2008-12-10,3571.0,8.18060094759445,-0.09431067947124129
Round,0.92,Very Good,F,SI2,G,G,1.01,GIA,62.1,58.0,Faint,None,2008-12-10,3575.0,8.181720455128108,-0.08338160893905101
Round,0.92,Good,F,SI2,VG,G,1.01,GIA,64.7,54.0,Medium,None,2008-12-10,3575.0,8.181720455128108,-0.08338160893905101
Round,0.7,Ideal,F,SI1,EX,VG,1.01,GIA,61.3,55.0,None,None,2008-12-10,3578.0,8.182559264068665,-0.35667494393873245
Round,0.7,Very Good,F,VVS1,VG,VG,1.01,GIA,63.4,54.0,None,None,2008-12-10,3580.0,8.183118079394745,-0.35667494393873245
Round,0.7,Very Good,F,VVS1,EX,VG,1.01,GIA,58.4,60.0,Faint,None,2008-12-18,3580.0,8.183118079394745,-0.35667494393873245
Emerald,0.9,Good,F,VS2,G,VG,1.27,GIA,71.3,68.0,None,None,2008-12-10,3580.0,8.183118079394745,-0.10536051565782628
Round,0.9,Very Good,F,SI2,G,G,1.01,GIA,62.7,60.0,None,None,2008-12-10,3581.0,8.183397369998433,-0.10536051565782628
Round,0.9,Good,F,SI2,VG,G,1.01,GIA,62.2,57.0,None,None,2008-12-10,3581.0,8.183397369998433,-0.10536051565782628
Round,0.9,Very Good,F,SI2,EX,VG,1.01,GIA,62.9,53.0,None,None,2008-12-10,3582.0,8.183676582620658,-0.10536051565782628
Round,0.9,Very Good,F,SI2,VG,VG,1.01,GIA,62.3,55.0,None,None,2008-12-10,3582.0,8.183676582620658,-0.10536051565782628
Princess,0.88,Very Good,F,VS1,VG,VG,1.02,GIA,74.8,74.0,None,None,2008-12-10,3583.0,8.183955717304954,-0.12783337150988489
Round,0.72,Ideal,F,VS1,EX,EX,1.01,GIA,61.8,58.0,None,None,2008-12-10,3585.0,8.184513753033722,-0.3285040669720361
Round,1.02,Very Good,J,SI2,EX,VG,1.01,AGSL,62.2,57.0,None,Pointed,2008-12-10,3638.0,8.199189359078067,0.01980262729617973
Round,0.97,Very Good,J,SI2,VG,G,1.01,GIA,62.4,58.0,None,None,2008-12-10,3643.0,8.200562797008564,-0.030459207484708574
Round,1.0,Good,J,SI1,G,VG,1.01,GIA,63.1,57.0,Faint,None,2008-12-10,3646.0,8.201385955238608,0.0
Round,1.0,Very Good,J,SI1,VG,VG,1.01,GIA,63.6,58.0,None,None,2008-12-10,3646.0,8.201385955238608,0.0
Round,1.0,Very Good,J,SI1,VG,VG,1.01,GIA,63.9,57.0,None,None,2008-12-10,3646.0,8.201385955238608,0.0
Emerald,1.06,Good,J,VVS2,G,G,1.16,GIA,60.6,74.0,None,None,2008-12-10,3655.0,8.203851372183879,0.058268908123975824
Round,1.01,Very Good,J,SI2,EX,EX,1.0,GIA,62.8,59.0,Faint,None,2008-12-10,3656.0,8.204124932574041,0.009950330853168092
Round,1.01,Very Good,J,SI2,VG,VG,1.01,GIA,64.4,55.0,Faint,None,2008-12-10,3659.0,8.204945165019208,0.009950330853168092
Princess,1.05,Very Good,J,IF,VG,G,1.02,GIA,71.1,70.0,None,None,2008-12-10,3659.0,8.204945165019208,0.04879016416943205
Round,1.01,Very Good,J,VS2,EX,EX,1.01,GIA,62.5,60.0,Strong Blue,None,2008-12-17,3662.0,8.205764725234456,0.009950330853168092
Princess,1.18,Very Good,J,VS2,VG,VG,1.01,GIA,75.0,73.0,None,None,2008-12-10,3662.0,8.205764725234456,0.16551443847757333
Round,0.9,Good,G,SI1,VG,VG,1.0,GIA,59.6,60.0,None,None,2008-12-10,3663.0,8.206037762778815,-0.10536051565782628
Round,0.9,Good,G,SI1,VG,VG,1.01,GIA,62.6,59.0,None,None,2008-12-10,3663.0,8.206037762778815,-0.10536051565782628
Round,0.9,Good,G,SI1,EX,VG,1.01,GIA,62.1,58.0,Strong,None,2008-12-10,3663.0,8.206037762778815,-0.10536051565782628
Round,0.9,Good,G,SI1,VG,VG,1.01,GIA,61.7,56.0,None,None,2008-12-10,3663.0,8.206037762778815,-0.10536051565782628
Emerald,1.01,Fair,G,VS2,G,G,1.08,GIA,76.1,75.0,Faint,None,2008-12-10,3663.0,8.206037762778815,0.009950330853168092
Princess,1.08,Very Good,J,VVS2,VG,VG,1.02,GIA,70.4,71.0,None,None,2008-12-10,3663.0,8.206037762778815,0.0769610411361284
Round,1.01,Good,J,SI2,VG,VG,1.01,GIA,62.4,59.0,None,None,2008-12-10,3665.0,8.206583614320753,0.009950330853168092
Round,0.75,Ideal,G,VVS1,EX,EX,1.0,GIA,62.5,55.0,None,None,2008-12-10,3666.0,8.20685642839965,-0.2876820724517809
Round,0.9,Very Good,G,SI1,EX,VG,1.01,GIA,62.0,60.0,Medium,None,2008-12-10,3666.0,8.20685642839965,-0.10536051565782628
Round,0.74,Ideal,G,VVS2,EX,EX,1.01,GIA,62.7,55.0,None,None,2008-12-11,3667.0,8.207129168071326,-0.3011050927839216
Round,0.91,Very Good,G,SI1,EX,EX,1.0,GIA,62.3,56.0,None,None,2008-12-10,3668.0,8.207401833376355,-0.09431067947124129
Round,0.91,Very Good,G,SI1,EX,EX,1.0,GIA,59.8,59.0,None,None,2008-12-10,3668.0,8.207401833376355,-0.09431067947124129
Round,1.04,Good,J,SI2,VG,VG,1.01,GIA,65.3,58.0,None,None,2008-12-10,3668.0,8.207401833376355,0.03922071315328133
Round,0.91,Very Good,G,SI1,VG,EX,1.01,GIA,63.9,59.0,None,None,2008-12-10,3669.0,8.207674424355282,-0.09431067947124129
Emerald,0.92,Very Good,G,SI1,EX,VG,1.39,GIA,66.0,68.0,Faint,Very Small,2008-12-10,3669.0,8.207674424355282,-0.08338160893905101
Round,0.9,Ideal,G,SI1,EX,VG,1.0,GIA,62.5,55.0,None,None,2008-12-11,3671.0,8.208219383496834,-0.10536051565782628
Round,1.02,Very Good,J,SI2,VG,G,1.01,GIA,62.5,59.0,None,None,2008-12-10,3673.0,8.208764045819667,0.01980262729617973
Round,0.74,Ideal,G,VVS1,EX,EX,1.01,GIA,59.3,59.0,None,None,2008-12-10,3674.0,8.20903626577507,-0.3011050927839216
Round,1.03,Very Good,J,SI2,EX,EX,1.0,GIA,58.0,60.0,None,None,2008-12-10,3676.0,8.209580483475577,0.02955880224154443
Round,1.01,Very Good,J,SI1,VG,VG,1.01,GIA,63.7,59.0,None,None,2008-12-10,3680.0,8.210668031162976,0.009950330853168092
Round,1.01,Good,J,SI1,VG,VG,1.0,GIA,66.1,58.0,Faint,None,2008-12-10,3680.0,8.210668031162976,0.009950330853168092
Emerald,0.9,Good,G,VVS1,G,VG,1.22,GIA,70.0,71.0,None,None,2008-12-10,3683.0,8.211482916445066,-0.10536051565782628
Round,0.9,Very Good,G,SI1,EX,EX,1.01,GIA,63.2,55.0,None,None,2008-12-10,3684.0,8.211754397375197,-0.10536051565782628
Emerald,1.09,Good,G,SI1,G,G,1.63,GIA,70.8,66.0,None,None,2008-12-11,3684.0,8.211754397375197,0.08617769624105241
Round,0.76,Ideal,G,VVS1,EX,VG,1.02,GIA,61.7,55.0,None,None,2008-12-10,3685.0,8.212025804623437,-0.2744368457017603
Princess,1.01,Fair,G,VS1,G,G,1.15,GIA,83.0,72.0,None,None,2008-12-10,3685.0,8.212025804623437,0.009950330853168092
Round,1.02,Ideal,J,SI1,EX,VG,1.01,GIA,62.3,56.0,None,None,2008-12-10,3685.0,8.212025804623437,0.01980262729617973
Round,0.95,Ideal,J,VS2,VG,EX,1.01,GIA,61.3,59.0,None,None,2008-12-10,3689.0,8.213110697596676,-0.05129329438755058
Princess,1.0,Good,I,VVS1,EX,EX,1.06,GIA,77.4,72.0,None,None,2008-12-10,3706.0,8.217708406845306,0.0
Princess,1.04,Very Good,I,VVS2,EX,EX,1.04,GIA,74.7,75.0,None,None,2008-12-10,3707.0,8.217978203150732,0.03922071315328133
Princess,1.04,Very Good,I,VVS1,VG,G,1.06,GIA,73.1,73.0,None,None,2008-12-10,3708.0,8.218247926685745,0.03922071315328133
Princess,1.05,Very Good,I,VS1,VG,VG,1.02,GIA,74.2,71.0,None,None,2008-12-10,3709.0,8.21851757748959,0.04879016416943205
Round,0.91,Good,I,VS1,VG,VG,1.01,GIA,62.8,58.0,None,None,2008-12-10,3710.0,8.21878715560148,-0.09431067947124129
Round,0.91,Good,I,VS1,EX,VG,1.01,GIA,62.7,58.0,None,None,2008-12-10,3710.0,8.21878715560148,-0.09431067947124129
Princess,1.03,Good,I,VVS1,VG,VG,1.01,GIA,76.8,72.0,Strong,None,2008-12-10,3715.0,8.220133957151859,0.02955880224154443
Princess,1.08,Very Good,I,VVS2,VG,VG,1.05,GIA,74.5,71.0,None,None,2008-12-10,3717.0,8.220672170297252,0.0769610411361284
Round,0.9,Very Good,I,VS1,VG,VG,1.01,GIA,61.8,58.0,Faint,None,2008-12-12,3718.0,8.220941168281389,-0.10536051565782628
Princess,1.0,Very Good,I,VVS2,EX,G,1.04,GIA,71.8,70.0,None,None,2008-12-10,3718.0,8.220941168281389,0.0
Princess,1.11,Good,I,VS2,VG,G,1.06,GIA,77.4,72.0,None,None,2008-12-11,3720.0,8.221478947267192,0.10436001532424286
Princess,1.07,Good,I,VS1,EX,VG,1.03,GIA,81.1,74.0,Faint,None,2008-12-11,3726.0,8.223090551161533,0.06765864847381486
Round,0.92,Good,I,VS1,G,G,1.01,GIA,60.9,63.0,None,None,2008-12-10,3728.0,8.223627175805483,-0.08338160893905101
Emerald,1.0,Very Good,H,SI1,EX,VG,1.4,GIA,68.0,70.0,None,Very Small,2008-12-10,3729.0,8.22389538017882,0.0
Emerald,1.01,Very Good,H,VS2,VG,VG,1.3,GIA,62.4,72.0,None,None,2008-12-17,3729.0,8.22389538017882,0.009950330853168092
Princess,1.0,Fair,I,VVS2,G,G,1.27,GIA,83.7,68.0,Faint,None,2008-12-10,3730.0,8.224163512637862,0.0
Round,0.82,Signature-Ideal,H,VS2,ID,ID,1.01,AGSL,61.9,56.0,Negligible,Pointed,2008-12-10,3731.0,8.224431573221159,-0.19845093872383832
Princess,1.06,Very Good,H,SI1,VG,G,1.05,GIA,73.4,74.0,None,None,2008-12-10,3731.0,8.224431573221159,0.058268908123975824
Round,0.8,Ideal,H,VVS2,EX,EX,1.01,GIA,62.2,56.0,None,None,2008-12-11,3733.0,8.224967478914584,-0.2231435513142097
Round,0.9,Very Good,H,VS2,EX,EX,1.0,GIA,61.5,55.0,None,None,2008-12-11,3733.0,8.224967478914584,-0.10536051565782628
Round,0.9,Very Good,I,VS2,VG,EX,1.0,GIA,62.8,56.0,None,None,2008-12-10,3733.0,8.224967478914584,-0.10536051565782628
Emerald,1.02,Good,I,VS1,VG,G,1.28,GIA,69.7,74.0,None,None,2008-12-11,3733.0,8.224967478914584,0.01980262729617973
Princess,1.0,Good,H,VS1,EX,EX,1.05,GIA,76.0,71.0,None,None,2008-12-10,3736.0,8.225770799348734,0.0
Princess,1.0,Good,H,VS1,EX,EX,1.01,GIA,75.8,69.0,None,None,2008-12-10,3736.0,8.225770799348734,0.0
Princess,1.0,Good,H,VS1,EX,EX,1.04,GIA,75.8,71.0,None,None,2008-12-10,3736.0,8.225770799348734,0.0
Princess,1.0,Good,H,VS1,EX,EX,1.02,GIA,76.0,66.0,None,None,2008-12-10,3736.0,8.225770799348734,0.0
Princess,1.0,Good,H,VS1,EX,EX,1.03,GIA,75.9,68.0,None,None,2008-12-10,3736.0,8.225770799348734,0.0
Princess,1.0,Good,H,VS1,EX,EX,1.05,GIA,76.9,66.0,None,None,2008-12-10,3736.0,8.225770799348734,0.0
Round,0.9,Very Good,I,VS1,EX,EX,1.01,GIA,61.6,57.0,None,None,2008-12-10,3738.0,8.226305988015508,-0.10536051565782628
Emerald,1.06,Very Good,I,VS2,VG,VG,1.45,GIA,62.7,57.0,None,None,2008-12-11,3738.0,8.226305988015508,0.058268908123975824
Princess,1.0,Good,H,VVS2,VG,VG,1.01,GIA,77.4,70.0,None,None,2008-12-10,3739.0,8.226573474977114,0.0
Princess,1.0,Good,H,VVS2,VG,VG,1.04,GIA,75.4,72.0,None,None,2008-12-10,3739.0,8.226573474977114,0.0
Princess,1.0,Good,H,VVS2,VG,EX,1.02,GIA,76.6,67.0,None,None,2008-12-10,3739.0,8.226573474977114,0.0
Princess,1.0,Good,H,VVS2,VG,VG,1.03,GIA,75.1,67.0,None,None,2008-12-10,3739.0,8.226573474977114,0.0
Princess,0.98,Very Good,I,VS1,EX,G,1.04,GIA,73.0,72.0,None,None,2008-12-10,3741.0,8.227108234348146,-0.020202707317519466
Round,1.01,Good,I,SI2,VG,G,1.02,GIA,64.7,55.0,Faint,None,2008-12-10,3742.0,8.227375506834035,0.009950330853168092
Round,0.9,Very Good,H,SI1,VG,VG,1.01,GIA,62.2,60.0,None,None,2008-12-11,3751.0,8.229777750081887,-0.10536051565782628
Princess,1.01,Very Good,H,SI1,VG,VG,1.02,GIA,72.0,69.0,None,None,2008-12-11,3752.0,8.230044310126114,0.009950330853168092
Princess,0.92,Very Good,E,VS2,VG,G,1.07,GIA,74.9,71.0,None,None,2008-12-10,3764.0,8.23323750070527,-0.08338160893905101
Emerald,1.09,Very Good,E,SI2,G,G,1.26,GIA,68.2,71.0,Faint,None,2008-12-10,3764.0,8.23323750070527,0.08617769624105241
Round,0.77,Ideal,E,VS2,EX,EX,1.01,GIA,62.1,57.0,Faint,None,2008-12-12,3765.0,8.233503140233994,-0.2613647641344075
Round,0.9,Good,E,SI1,VG,VG,1.01,GIA,65.8,57.0,None,None,2008-12-10,3766.0,8.233768709217097,-0.10536051565782628
Round,0.9,Good,E,SI1,VG,VG,1.01,GIA,64.3,60.0,None,None,2008-12-10,3766.0,8.233768709217097,-0.10536051565782628
Round,0.9,Good,E,SI1,VG,VG,1.01,GIA,59.6,62.0,None,None,2008-12-10,3766.0,8.233768709217097,-0.10536051565782628
Round,0.91,Ideal,E,SI2,VG,VG,1.01,GIA,62.2,57.0,Medium,None,2008-12-11,3768.0,8.234299635696253,-0.09431067947124129
Round,0.92,Good,E,SI2,EX,G,1.01,GIA,64.4,62.0,Medium,None,2008-12-10,3769.0,8.234564993267135,-0.08338160893905101
Round,0.81,Ideal,E,VS2,EX,EX,1.01,GIA,61.8,55.0,Strong,None,2008-12-10,3770.0,8.234830280442056,-0.21072103131565253
Emerald,0.75,Good,E,VVS1,G,G,1.12,GIA,70.8,65.0,None,None,2008-12-11,3772.0,8.235360643753348,-0.2876820724517809
Round,0.77,Ideal,E,VS2,EX,EX,1.01,GIA,62.0,55.0,None,None,2008-12-10,3773.0,8.235625719964311,-0.2613647641344075
Round,0.9,Very Good,E,SI1,EX,VG,1.01,GIA,63.3,54.0,None,None,2008-12-11,3774.0,8.235890725928495,-0.10536051565782628
Emerald,1.02,Good,E,SI1,G,G,1.63,GIA,71.2,69.0,None,None,2008-12-10,3776.0,8.236420527265391,0.01980262729617973
Round,0.84,Signature-Ideal,E,SI1,EX,EX,1.01,GIA,61.9,55.0,None,None,2008-12-10,3780.0,8.237479288613633,-0.1743533871447778
Round,0.9,Ideal,E,SI2,VG,VG,1.01,GIA,61.7,56.0,Medium Blue,None,2008-12-10,3780.0,8.237479288613633,-0.10536051565782628
Round,0.91,Ideal,E,SI2,VG,G,1.01,GIA,62.6,57.0,None,Medium,2008-12-11,3782.0,8.238008249218403,-0.09431067947124129
Round,0.91,Very Good,G,SI1,EX,VG,1.01,GIA,63.1,60.0,None,None,2008-12-10,3857.0,8.257644958208228,-0.09431067947124129
Princess,1.01,Good,G,VS2,VG,VG,1.01,GIA,76.4,68.0,None,None,2008-12-10,3860.0,8.258422462458876,0.009950330853168092
Round,0.81,Very Good,G,VS1,EX,EX,1.0,GIA,62.3,57.0,None,None,2008-12-10,3861.0,8.258681496264236,-0.21072103131565253
Princess,1.06,Very Good,G,SI2,EX,EX,1.01,GIA,72.3,71.0,Medium Blue,None,2008-12-10,3862.0,8.258940462988459,0.058268908123975824
Round,0.73,Ideal,G,IF,VG,EX,1.01,GIA,60.2,58.0,None,None,2008-12-12,3863.0,8.259199362666282,-0.31471074483970024
Emerald,0.93,Very Good,G,VVS2,EX,G,1.28,GIA,69.8,61.0,None,None,2008-12-10,3863.0,8.259199362666282,-0.07257069283483537
Round,0.76,Ideal,G,VVS1,EX,EX,1.01,GIA,61.8,54.0,None,None,2008-12-10,3868.0,8.260492856573185,-0.2744368457017603
Round,0.76,Ideal,G,VVS1,EX,EX,1.01,GIA,61.4,55.0,None,None,2008-12-10,3868.0,8.260492856573185,-0.2744368457017603
Round,0.76,Ideal,G,VVS1,EX,EX,1.01,GIA,61.7,55.0,None,None,2008-12-10,3868.0,8.260492856573185,-0.2744368457017603
Round,0.93,Ideal,G,SI1,VG,VG,1.01,GIA,62.4,55.0,Medium,Very Small,2008-12-11,3868.0,8.260492856573185,-0.07257069283483537
Round,0.92,Ideal,G,SI2,EX,EX,1.0,GIA,61.8,54.0,None,None,2008-12-11,3869.0,8.260751354700513,-0.08338160893905101
Princess,1.01,Fair,G,VS2,VG,G,1.12,GIA,84.1,71.0,None,None,2008-12-11,3869.0,8.260751354700513,0.009950330853168092
Emerald,1.01,Very Good,G,VS2,G,G,1.17,GIA,68.2,71.0,Faint,None,2008-12-10,3869.0,8.260751354700513,0.009950330853168092
Emerald,1.01,Good,G,VS2,VG,VG,1.3,GIA,65.7,73.0,None,None,2008-12-10,3869.0,8.260751354700513,0.009950330853168092
Round,0.73,Ideal,G,IF,EX,EX,1.01,GIA,61.9,60.0,None,None,2008-12-11,3870.0,8.261009786023827,-0.31471074483970024
Round,0.75,Signature-Ideal,G,VS1,EX,EX,1.01,GIA,61.5,56.0,None,None,2008-12-10,3870.0,8.261009786023827,-0.2876820724517809
Round,0.75,Ideal,G,VVS2,EX,EX,1.01,GIA,60.8,56.0,None,None,2008-12-11,3870.0,8.261009786023827,-0.2876820724517809
Round,0.9,Very Good,G,SI1,EX,EX,1.01,GIA,63.4,54.0,None,None,2008-12-10,3870.0,8.261009786023827,-0.10536051565782628
Round,0.8,Signature-Ideal,G,VS2,ID,ID,1.01,AGSL,61.9,56.0,Negligible,Small,2008-12-10,3873.0,8.261784679514752,-0.2231435513142097
Emerald,1.08,Very Good,D,SI2,VG,G,1.33,GIA,69.3,71.0,Medium,None,2008-12-09,3876.0,8.262558973010657,0.0769610411361284
Round,0.9,Good,D,SI2,VG,G,1.01,GIA,60.1,57.0,None,None,2008-12-09,3877.0,8.262816937670928,-0.10536051565782628
Emerald,0.95,Good,D,VS2,VG,G,1.27,GIA,72.2,70.0,None,None,2008-12-09,3877.0,8.262816937670928,-0.05129329438755058
Emerald,0.95,Good,D,VS2,VG,VG,1.32,GIA,70.2,68.0,None,None,2008-12-09,3877.0,8.262816937670928,-0.05129329438755058
Round,0.8,Very Good,D,VS1,EX,VG,1.01,GIA,63.7,55.0,Medium Blue,None,2008-12-11,3878.0,8.263074835802596,-0.2231435513142097
Round,0.76,Ideal,D,VS2,VG,VG,1.01,GIA,59.2,61.0,None,None,2008-12-09,3881.0,8.263848131368906,-0.2744368457017603
Round,0.91,Ideal,D,SI2,VG,VG,1.0,GIA,61.5,60.0,None,None,2008-12-09,3881.0,8.263848131368906,-0.09431067947124129
Princess,0.9,Good,D,VS2,G,G,1.17,GIA,81.2,73.0,Faint,None,2008-12-09,3882.0,8.264105763728956,-0.10536051565782628
Round,0.91,Very Good,D,SI2,VG,EX,1.0,GIA,63.4,59.0,None,None,2008-12-10,3883.0,8.264363329731667,-0.09431067947124129
Emerald,0.92,Fair,D,VVS2,VG,G,1.37,GIA,76.9,70.0,None,None,2008-12-09,3884.0,8.264620829411216,-0.08338160893905101
Round,0.81,Very Good,D,VS2,VG,EX,1.0,GIA,61.9,57.0,None,None,2008-12-17,3886.0,8.265135629937385,-0.21072103131565253
Round,0.9,Good,D,SI2,EX,VG,1.01,GIA,63.5,62.0,Faint Blue,None,2008-12-10,3892.0,8.266678443305896,-0.10536051565782628
Round,0.9,Very Good,D,SI2,EX,VG,1.01,GIA,63.5,58.0,Medium,None,2008-12-10,3894.0,8.267192185932146,-0.10536051565782628
Emerald,1.04,Very Good,J,IF,EX,EX,1.31,GIA,65.5,69.0,None,Very Small,2008-12-10,3894.0,8.267192185932146,0.03922071315328133
Emerald,1.02,Very Good,D,SI2,G,G,1.41,GIA,69.1,63.0,Medium,Small,2008-12-10,3895.0,8.267448958304849,0.01980262729617973
Round,0.73,Ideal,D,VS2,EX,EX,1.0,GIA,61.7,56.0,None,None,2008-12-09,3896.0,8.267705664762426,-0.31471074483970024
Round,0.51,Ideal,D,IF,VG,VG,1.01,GIA,60.6,60.0,None,None,2008-12-11,3897.0,8.26796230533871,-0.6733445532637656
Round,0.75,Ideal,D,VS1,EX,VG,1.01,GIA,63.0,54.0,None,None,2008-12-09,3898.0,8.268218880067506,-0.2876820724517809
Round,0.8,Ideal,D,VS2,EX,EX,1.01,GIA,60.5,57.0,Strong,None,2008-12-09,3898.0,8.268218880067506,-0.2231435513142097
Round,0.9,Very Good,D,SI2,VG,VG,1.01,GIA,63.5,58.0,None,None,2008-12-09,3899.0,8.268475388982598,-0.10536051565782628
Round,0.9,Very Good,D,SI2,VG,G,1.02,GIA,63.4,61.0,None,None,2008-12-09,3899.0,8.268475388982598,-0.10536051565782628
Round,1.09,Ideal,J,SI2,EX,EX,1.0,GIA,61.4,59.0,None,None,2008-12-10,3899.0,8.268475388982598,0.08617769624105241
Round,0.99,Good,J,VS2,VG,VG,1.02,GIA,63.5,55.0,Faint Blue,None,2008-12-10,3900.0,8.268731832117737,-0.01005033585350145
Round,1.05,Ideal,J,SI1,EX,EX,1.0,GIA,62.4,54.0,None,None,2008-12-10,3900.0,8.268731832117737,0.04879016416943205
Round,1.02,Good,J,SI1,VG,G,1.0,GIA,65.1,57.0,None,None,2008-12-10,3903.0,8.269500767180615,0.01980262729617973
Princess,1.17,Very Good,J,VVS1,VG,EX,1.04,GIA,74.4,68.0,None,None,2008-12-10,3906.0,8.270269111436624,0.1570037488096647
Round,1.0,Good,J,SI1,EX,VG,1.01,GIA,63.1,63.0,Medium Blue,None,2008-12-10,3907.0,8.27052509505507,0.0
Princess,1.13,Very Good,J,VVS1,EX,VG,1.03,GIA,72.7,73.0,Medium,None,2008-12-10,3908.0,8.270781013162674,0.12221763272424911
Round,1.06,Ideal,J,SI2,EX,VG,1.01,GIA,61.2,57.0,Medium,None,2008-12-10,3909.0,8.271036865792954,0.058268908123975824
Round,1.07,Very Good,J,SI2,VG,VG,1.01,GIA,62.8,60.0,None,None,2008-12-10,3909.0,8.271036865792954,0.06765864847381486
Round,1.01,Fair,J,VS2,EX,VG,1.0,AGSL,64.7,59.0,None,Pointed,2008-12-10,3910.0,8.271292652979412,0.009950330853168092
Round,1.01,Good,J,VS2,VG,VG,1.01,GIA,62.0,63.0,None,None,2008-12-10,3910.0,8.271292652979412,0.009950330853168092
Princess,1.01,Very Good,I,VVS2,EX,EX,1.06,GIA,64.5,76.0,None,None,2008-12-10,3911.0,8.271548374755515,0.009950330853168092
Princess,1.08,Very Good,I,VVS2,EX,VG,1.03,GIA,71.9,73.0,None,None,2008-12-10,3914.0,8.272315147956022,0.0769610411361284
Round,1.08,Good,I,SI2,VG,VG,1.01,GIA,65.2,56.0,Faint,None,2008-12-10,3914.0,8.272315147956022,0.0769610411361284
Round,0.9,Ideal,I,VS1,EX,VG,1.01,GIA,60.2,60.0,None,None,2008-12-10,3917.0,8.27308133366583,-0.10536051565782628
Round,1.02,Fair,I,SI1,EX,G,1.01,GIA,66.2,59.0,None,None,2008-12-10,3920.0,8.273846932784508,0.01980262729617973
Princess,1.02,Very Good,J,IF,EX,VG,1.04,GIA,69.0,71.0,None,None,2008-12-10,3922.0,8.274357006756292,0.01980262729617973
Emerald,1.14,Very Good,J,VVS1,EX,G,1.17,GIA,68.8,62.0,None,None,2008-12-10,3922.0,8.274357006756292,0.131028262406404
Princess,0.9,Signature-Ideal,I,VS1,EX,VG,1.04,GIA,69.2,69.0,None,None,2008-12-10,3924.0,8.274866820685254,-0.10536051565782628
Round,0.91,Ideal,I,VS2,EX,EX,1.0,GIA,61.6,58.0,None,None,2008-12-10,3929.0,8.27614021955846,-0.09431067947124129
Round,0.9,Very Good,I,VVS2,VG,VG,1.01,GIA,63.4,56.0,None,None,2008-12-10,3931.0,8.27664912542186,-0.10536051565782628
Round,1.0,Very Good,I,SI1,EX,VG,1.01,GIA,63.0,60.0,None,None,2008-12-17,3931.0,8.27664912542186,0.0
Round,1.0,Very Good,I,SI1,EX,EX,1.0,GIA,59.7,58.0,None,None,2008-12-17,3931.0,8.27664912542186,0.0
Round,1.0,Very Good,I,SI1,EX,EX,1.0,GIA,61.6,61.0,None,None,2008-12-17,3931.0,8.27664912542186,0.0
Round,1.0,Very Good,I,SI1,EX,EX,1.0,GIA,63.7,57.0,None,None,2008-12-17,3931.0,8.27664912542186,0.0
Round,1.0,Very Good,I,SI1,EX,VG,1.0,GIA,62.7,55.0,Faint,None,2008-12-17,3931.0,8.27664912542186,0.0
Round,1.13,Ideal,J,SI2,EX,EX,1.01,GIA,61.3,57.0,None,None,2008-12-10,3931.0,8.27664912542186,0.12221763272424911
Princess,1.07,Very Good,J,IF,EX,EX,1.06,GIA,70.9,77.0,None,None,2008-12-10,3932.0,8.276903481267057,0.06765864847381486
Princess,1.09,Very Good,I,VVS2,EX,EX,1.01,GIA,73.6,71.0,None,None,2008-12-10,3932.0,8.276903481267057,0.08617769624105241
Round,1.0,Ideal,J,SI1,EX,VG,1.01,GIA,62.2,58.0,None,None,2008-12-10,3934.0,8.277411998949004,0.0
Princess,1.02,Very Good,I,VVS2,VG,G,1.0,GIA,71.5,71.0,Faint,None,2008-12-10,3934.0,8.277411998949004,0.01980262729617973
Round,1.02,Very Good,J,VS2,VG,G,1.01,GIA,58.7,60.0,None,None,2008-12-12,3934.0,8.277411998949004,0.01980262729617973
Round,1.0,Very Good,I,SI2,VG,VG,1.01,GIA,60.0,62.0,None,None,2008-12-10,3935.0,8.277666160851503,0.0
Round,1.0,Very Good,I,SI2,EX,VG,1.01,GIA,62.9,56.0,None,None,2008-12-10,3935.0,8.277666160851503,0.0
Round,1.03,Ideal,J,SI1,EX,EX,1.0,GIA,61.5,58.0,None,None,2008-12-10,3939.0,8.278682162970906,0.02955880224154443
Princess,1.03,Very Good,J,VS1,ID,ID,1.01,AGSL,72.4,65.0,None,Pointed,2008-12-10,3941.0,8.279189777195004,0.02955880224154443
Emerald,1.05,Very Good,I,VVS2,VG,VG,1.53,GIA,64.5,69.0,None,Small,2008-12-10,3942.0,8.279443487712665,0.04879016416943205
Princess,1.12,Very Good,I,VS2,EX,EX,1.05,GIA,68.1,71.0,None,None,2008-12-10,3944.0,8.279950715722526,0.11332868530700327
Princess,1.09,Very Good,I,VVS1,VG,EX,1.04,GIA,72.8,70.0,None,None,2008-12-10,3949.0,8.28121766128665,0.08617769624105241
Princess,1.12,Good,I,VS2,EX,VG,1.01,GIA,75.3,73.0,None,None,2008-12-10,3950.0,8.281470857895167,0.11332868530700327
Princess,1.01,Very Good,I,VS1,EX,EX,1.01,GIA,74.8,73.0,None,None,2008-12-18,3953.0,8.282230063296685,0.009950330853168092
Round,1.06,Ideal,I,SI2,EX,EX,1.0,GIA,61.7,57.0,None,None,2008-12-17,3955.0,8.282735880201754,0.058268908123975824
Round,1.01,Very Good,I,SI2,VG,EX,1.01,AGSL,62.3,60.0,None,Pointed,2008-12-10,3956.0,8.282988692742602,0.009950330853168092
Emerald,1.01,Very Good,I,VS1,VG,VG,1.12,GIA,63.1,67.0,None,None,2008-12-10,3958.0,8.28349412616251,0.009950330853168092
Round,0.9,Ideal,I,VS1,EX,EX,1.0,GIA,62.5,56.0,None,None,2008-12-10,3959.0,8.28374674710613,-0.10536051565782628
Round,1.01,Very Good,I,SI1,EX,VG,1.01,GIA,61.2,56.0,None,None,2008-12-10,3961.0,8.284251797621916,0.009950330853168092
Princess,1.03,Very Good,I,VS1,VG,G,1.05,GIA,66.4,77.0,Faint,None,2008-12-10,3961.0,8.284251797621916,0.02955880224154443
Round,0.9,Very Good,I,VS1,VG,VG,1.0,GIA,63.8,53.0,None,None,2008-12-10,3962.0,8.284504227258497,-0.10536051565782628
Round,0.9,Very Good,I,VS1,VG,VG,1.01,GIA,61.6,58.0,None,None,2008-12-10,3962.0,8.284504227258497,-0.10536051565782628
Round,1.07,Ideal,I,SI2,EX,EX,1.01,GIA,61.3,58.0,None,Very Small,2008-12-10,3962.0,8.284504227258497,0.06765864847381486
Princess,1.04,Very Good,I,VS1,EX,VG,1.05,GIA,73.3,68.0,None,None,2008-12-10,3965.0,8.285261134068948,0.03922071315328133
Round,1.0,Very Good,I,SI2,EX,EX,1.0,GIA,62.6,57.0,None,None,2008-12-10,3968.0,8.286017468404763,0.0
Round,1.0,Very Good,I,SI2,EX,EX,1.0,GIA,63.5,55.0,None,None,2008-12-10,3968.0,8.286017468404763,0.0
Round,1.0,Very Good,I,SI2,EX,EX,1.01,GIA,63.4,59.0,None,None,2008-12-10,3968.0,8.286017468404763,0.0
Round,1.0,Very Good,I,SI2,EX,EX,1.0,GIA,62.6,59.0,None,None,2008-12-10,3968.0,8.286017468404763,0.0
Round,1.0,Good,I,SI2,VG,VG,1.0,GIA,60.0,55.0,Faint,None,2008-12-10,3968.0,8.286017468404763,0.0
Round,1.0,Very Good,I,SI2,EX,EX,1.0,GIA,62.8,55.0,Medium,None,2008-12-10,3968.0,8.286017468404763,0.0
Round,1.01,Very Good,I,SI1,VG,VG,1.01,GIA,59.2,57.0,None,None,2008-12-12,3969.0,8.286269452783065,0.009950330853168092
Round,1.01,Very Good,I,SI1,VG,EX,1.01,GIA,63.7,58.0,None,None,2008-12-12,3969.0,8.286269452783065,0.009950330853168092
Round,0.75,Ideal,G,VVS1,ID,ID,1.01,AGSL,61.6,56.1,None,Pointed,2008-12-10,4001.0,8.294299608857235,-0.2876820724517809
Princess,1.03,Very Good,G,VS2,EX,G,1.02,GIA,75.0,75.0,None,None,2008-12-10,4004.0,8.295049140435111,0.02955880224154443
Round,0.9,Good,G,SI1,EX,VG,1.01,GIA,63.0,57.0,None,Very Small,2008-12-10,4005.0,8.29529885950246,-0.10536051565782628
Round,1.02,Ideal,G,SI2,EX,EX,1.0,GIA,62.8,56.0,None,None,2008-12-10,4006.0,8.295548516225763,0.01980262729617973
Round,0.9,Good,G,VS2,VG,G,1.0,GIA,62.3,56.0,None,None,2008-12-11,4007.0,8.295798110636145,-0.10536051565782628
Round,0.9,Good,G,VS2,EX,EX,1.01,GIA,64.4,62.0,Medium,None,2008-12-11,4008.0,8.2960476427647,-0.10536051565782628
Round,1.0,Very Good,G,SI2,EX,EX,1.0,GIA,60.0,62.0,Strong,None,2008-12-11,4010.0,8.296546520300614,0.0
Emerald,0.91,Very Good,G,VS1,VG,G,1.43,GIA,68.7,70.0,None,None,2008-12-10,4011.0,8.296795865770052,-0.09431067947124129
Princess,0.97,Very Good,G,VVS2,VG,VG,1.04,GIA,74.8,73.0,Medium Blue,None,2008-12-11,4012.0,8.297045149081827,-0.030459207484708574
Round,1.02,Very Good,G,SI2,EX,VG,1.01,GIA,63.8,58.0,None,None,2008-12-10,4012.0,8.297045149081827,0.01980262729617973
Emerald,1.01,Very Good,G,VS2,EX,VG,1.36,GIA,67.5,66.0,Faint,None,2008-12-10,4013.0,8.297294370266917,0.009950330853168092
Emerald,1.05,Very Good,G,VS2,VG,VG,1.28,GIA,66.1,72.0,None,None,2008-12-10,4014.0,8.297543529356284,0.04879016416943205
Round,0.9,Ideal,G,SI2,EX,EX,1.01,GIA,60.6,55.0,None,Very Small,2008-12-10,4018.0,8.29853954537488,-0.10536051565782628
Round,0.72,Ideal,F,VVS2,EX,EX,1.01,GIA,62.5,55.0,None,None,2008-12-11,4019.0,8.2987883944492,-0.3285040669720361
Round,0.8,Ideal,F,VS1,EX,VG,1.01,GIA,61.2,56.0,None,None,2008-12-11,4019.0,8.2987883944492,-0.2231435513142097
Princess,1.02,Very Good,G,SI1,EX,VG,1.0,GIA,72.2,72.0,None,None,2008-12-11,4020.0,8.299037181613066,0.01980262729617973
Emerald,1.0,Very Good,G,VS2,EX,VG,1.45,GIA,65.8,70.0,None,None,2008-12-10,4021.0,8.299285906897275,0.0
Princess,1.11,Very Good,F,SI2,EX,VG,1.06,GIA,72.9,75.0,None,None,2008-12-11,4021.0,8.299285906897275,0.10436001532424286
Princess,0.96,Good,G,VS1,G,G,1.0,GIA,77.7,72.0,None,None,2008-12-10,4025.0,8.300280189852664,-0.040821994520255166
Round,0.9,Very Good,F,SI1,VG,VG,1.01,GIA,59.8,54.0,None,None,2008-12-11,4026.0,8.300528606199737,-0.10536051565782628
Round,0.9,Very Good,F,SI1,EX,VG,1.01,GIA,62.4,58.0,None,None,2008-12-11,4026.0,8.300528606199737,-0.10536051565782628
Princess,1.03,Good,F,SI1,VG,G,1.08,GIA,79.3,73.0,None,None,2008-12-11,4027.0,8.300776960851454,0.02955880224154443
Princess,1.04,Very Good,F,SI2,EX,VG,1.01,GIA,73.5,67.0,None,None,2008-12-11,4028.0,8.301025253838453,0.03922071315328133
Emerald,0.91,Very Good,G,VS2,VG,G,1.46,GIA,68.9,66.0,None,None,2008-12-17,4029.0,8.301273485191347,-0.09431067947124129
Emerald,1.0,Good,G,SI1,EX,VG,1.47,GIA,70.5,71.0,None,Very Small,2008-12-10,4030.0,8.301521654940728,0.0
Princess,1.03,Good,F,SI1,EX,EX,1.02,GIA,78.1,75.0,None,None,2008-12-10,4030.0,8.301521654940728,0.02955880224154443
Round,0.8,Very Good,F,VS2,EX,VG,1.02,GIA,61.1,57.0,None,None,2008-12-10,4031.0,8.301769763117166,-0.2231435513142097
Round,0.9,Very Good,F,SI1,EX,VG,1.0,GIA,63.7,58.0,Medium,None,2008-12-10,4031.0,8.301769763117166,-0.10536051565782628
Round,0.9,Very Good,F,SI1,VG,VG,1.01,GIA,63.0,57.0,None,None,2008-12-10,4031.0,8.301769763117166,-0.10536051565782628
Princess,0.9,Very Good,G,VS1,EX,EX,1.02,GIA,74.7,73.0,None,None,2008-12-10,4031.0,8.301769763117166,-0.10536051565782628
Emerald,1.03,Very Good,F,SI2,VG,G,1.21,GIA,66.7,65.0,None,None,2008-12-10,4032.0,8.302017809751204,0.02955880224154443
Round,0.81,Ideal,F,VS1,EX,EX,1.01,GIA,62.1,55.0,None,None,2008-12-10,4033.0,8.302265794873367,-0.21072103131565253
Emerald,1.05,Very Good,F,SI1,VG,G,1.26,GIA,69.3,59.0,None,None,2008-12-10,4034.0,8.302513718514158,0.04879016416943205
Round,0.75,Ideal,F,VVS2,EX,EX,1.01,GIA,61.6,56.0,None,None,2008-12-12,4036.0,8.3030093814735,-0.2876820724517809
Emerald,0.85,Signature-Ideal,F,VS2,EX,EX,1.39,GIA,65.1,69.0,None,None,2008-12-10,4036.0,8.3030093814735,-0.16251892949777494
Round,0.91,Very Good,F,SI2,VG,VG,1.0,GIA,62.3,57.0,None,None,2008-12-11,4039.0,8.303752415563412,-0.09431067947124129
Round,0.84,Very Good,F,VS1,G,VG,1.01,GIA,61.2,57.0,Faint,None,2008-12-10,4040.0,8.303999970955196,-0.1743533871447778
Round,1.01,Good,F,SI2,VG,G,1.01,GIA,58.2,63.0,None,None,2008-12-11,4040.0,8.303999970955196,0.009950330853168092
Round,0.72,Ideal,D,VVS2,VG,EX,1.01,GIA,61.7,59.0,None,None,2008-12-10,4052.0,8.306965865368573,-0.3285040669720361
Round,0.9,Very Good,D,SI1,VG,G,1.01,GIA,62.1,60.0,Medium,None,2008-12-10,4054.0,8.307459327011946,-0.10536051565782628
Princess,0.95,Good,D,SI1,VG,G,1.08,GIA,81.7,73.0,None,None,2008-12-10,4054.0,8.307459327011946,-0.05129329438755058
Princess,0.95,Good,D,SI1,VG,G,1.12,GIA,80.4,72.0,None,None,2008-12-10,4054.0,8.307459327011946,-0.05129329438755058
Round,0.73,Ideal,D,VS1,EX,EX,1.0,GIA,61.7,58.0,None,None,2008-12-11,4057.0,8.308199063206446,-0.31471074483970024
Emerald,0.9,Fair,D,VS1,VG,G,1.58,GIA,78.9,66.0,None,None,2008-12-10,4058.0,8.30844552038576,-0.10536051565782628
Round,0.7,Ideal,D,VS1,ID,ID,1.01,AGSL,61.7,57.0,Negligible,Very Small,2008-12-10,4060.0,8.308938252595778,-0.35667494393873245
Round,0.9,Very Good,D,SI1,EX,EX,1.01,GIA,63.3,57.0,Strong Blue,None,2008-12-17,4060.0,8.308938252595778,-0.10536051565782628
Emerald,0.91,Good,D,VS1,VG,G,1.42,GIA,72.1,60.0,None,Small,2008-12-10,4062.0,8.30943074214033,-0.09431067947124129
Round,0.97,Good,D,SI2,VG,VG,1.0,GIA,66.2,55.0,Strong,None,2008-12-10,4062.0,8.30943074214033,-0.030459207484708574
Princess,1.0,Good,D,SI1,EX,G,1.01,GIA,81.5,74.0,None,None,2008-12-10,4066.0,8.310414994188292,0.0
Princess,1.0,Very Good,D,SI1,VG,VG,1.05,GIA,74.1,71.0,None,None,2008-12-10,4066.0,8.310414994188292,0.0
Princess,1.0,Very Good,D,SI1,VG,G,1.04,GIA,74.4,73.0,None,None,2008-12-10,4066.0,8.310414994188292,0.0
Emerald,0.91,Good,D,VS2,VG,VG,1.35,GIA,70.2,63.0,Faint,None,2008-12-11,4070.0,8.311398278436641,-0.09431067947124129
Princess,0.51,Signature-Ideal,D,IF,VG,VG,1.04,GIA,69.1,68.0,None,None,2008-12-10,4071.0,8.31164394850298,-0.6733445532637656
Round,1.02,Good,D,SI2,VG,EX,1.01,GIA,64.6,58.0,Strong Blue,None,2008-12-12,4071.0,8.31164394850298,0.01980262729617973
Round,0.74,Ideal,D,VS1,VG,EX,1.01,GIA,61.8,58.0,None,None,2008-12-11,4072.0,8.311889558230359,-0.3011050927839216
Round,0.93,Very Good,D,SI2,VG,VG,1.01,GIA,60.6,60.0,None,None,2008-12-10,4073.0,8.312135107648412,-0.07257069283483537
Round,0.77,Ideal,D,VS1,EX,EX,1.01,GIA,62.1,55.0,Medium,None,2008-12-10,4074.0,8.31238059678675,-0.2613647641344075
Round,0.9,Ideal,D,SI2,VG,G,1.0,GIA,62.8,54.0,Faint,None,2008-12-10,4076.0,8.312871394342615,-0.10536051565782628
Round,0.8,Ideal,E,VS2,VG,EX,1.0,GIA,60.6,56.0,None,None,2008-12-12,4078.0,8.3133619511344,-0.2231435513142097
Round,0.9,Very Good,E,SI1,VG,G,1.01,GIA,63.2,57.0,Faint,None,2008-12-10,4078.0,8.3133619511344,-0.10536051565782628
Round,0.9,Very Good,E,SI1,VG,G,1.02,GIA,62.6,58.0,None,None,2008-12-10,4078.0,8.3133619511344,-0.10536051565782628
Round,0.9,Very Good,E,SI1,VG,VG,1.01,GIA,62.9,53.0,Medium,Very Small,2008-12-10,4078.0,8.3133619511344,-0.10536051565782628
Round,0.79,Very Good,E,VVS2,VG,VG,1.01,GIA,58.8,60.0,None,None,2008-12-11,4079.0,8.313607139317558,-0.23572233352106983
Round,0.81,Signature-Ideal,E,SI1,EX,EX,1.0,GIA,61.5,57.0,None,None,2008-12-10,4079.0,8.313607139317558,-0.21072103131565253
Round,0.81,Signature-Ideal,E,SI1,EX,EX,1.01,GIA,61.6,56.0,Faint,None,2008-12-10,4079.0,8.313607139317558,-0.21072103131565253
Round,0.9,Very Good,E,SI1,VG,G,1.02,GIA,62.0,62.0,Medium,None,2008-12-11,4080.0,8.313852267398207,-0.10536051565782628
Princess,0.98,Good,E,SI1,VG,G,1.06,GIA,77.5,72.0,None,None,2008-12-10,4080.0,8.313852267398207,-0.020202707317519466
Emerald,1.06,Good,E,SI1,G,G,1.42,GIA,70.9,70.0,None,None,2008-12-11,4081.0,8.314097335405807,0.058268908123975824
Round,0.8,Good,E,VVS2,EX,VG,1.01,GIA,59.4,64.0,None,Very Small,2008-12-11,4082.0,8.31434234336979,-0.2231435513142097
Round,0.8,Good,E,VVS2,EX,VG,1.01,GIA,60.2,64.0,None,Very Small,2008-12-11,4082.0,8.31434234336979,-0.2231435513142097
Princess,1.0,Good,E,VS2,VG,VG,1.04,GIA,75.6,71.0,None,None,2008-12-10,4083.0,8.314587291319576,0.0
Round,0.9,Ideal,E,SI2,VG,VG,1.01,GIA,61.7,56.0,None,None,2008-12-10,4085.0,8.315077007294104,-0.10536051565782628
Princess,1.01,Good,E,SI1,G,G,1.14,GIA,77.2,68.0,None,None,2008-12-11,4085.0,8.315077007294104,0.009950330853168092
Princess,0.92,Very Good,E,VS2,VG,VG,1.03,GIA,74.8,74.0,None,None,2008-12-10,4086.0,8.315321775377567,-0.08338160893905101
Round,0.77,Very Good,E,VVS2,EX,VG,1.0,GIA,63.9,55.0,None,None,2008-12-17,4088.0,8.31581113188354,-0.2613647641344075
Emerald,0.91,Very Good,E,VS1,VG,G,1.25,GIA,68.8,67.0,None,Small,2008-12-11,4094.0,8.317277766221235,-0.09431067947124129
Round,0.83,Signature-Ideal,E,SI1,ID,ID,1.01,AGSL,61.7,56.0,Negligible,Very Small,2008-12-10,4095.0,8.31752199628717,-0.18632957819149348
Emerald,1.03,Very Good,I,VS2,G,G,1.05,GIA,66.0,68.0,None,None,2008-12-10,4159.0,8.33302993974291,0.02955880224154443
Princess,1.09,Very Good,I,VVS2,EX,EX,1.01,GIA,66.6,78.0,None,None,2008-12-10,4161.0,8.333510708982942,0.08617769624105241
Round,0.9,Very Good,I,VVS2,EX,EX,1.01,GIA,60.6,57.0,None,None,2008-12-11,4162.0,8.33375100695358,-0.10536051565782628
Princess,1.1,Very Good,I,VVS2,EX,EX,1.05,GIA,70.2,73.0,None,None,2008-12-10,4162.0,8.33375100695358,0.09531017980432493
Round,1.0,Good,I,SI1,VG,G,1.01,GIA,58.0,58.0,None,Very Small,2008-12-10,4163.0,8.333991247194975,0.0
Round,1.0,Very Good,I,SI1,EX,VG,1.01,GIA,61.6,59.0,Medium,None,2008-12-10,4166.0,8.334711621820917,0.0
Princess,1.08,Very Good,I,VVS2,EX,VG,1.02,GIA,69.5,67.0,None,None,2008-12-10,4166.0,8.334711621820917,0.0769610411361284
Emerald,0.96,Signature-Ideal,I,VS1,EX,VG,1.3,GIA,66.9,68.0,None,Small,2008-12-10,4167.0,8.334951631422454,-0.040821994520255166
Round,1.01,Very Good,I,SI1,VG,VG,1.01,GIA,61.6,60.0,Faint,None,2008-12-10,4167.0,8.334951631422454,0.009950330853168092
Round,1.01,Very Good,I,SI1,VG,VG,1.0,GIA,63.0,56.0,None,None,2008-12-10,4167.0,8.334951631422454,0.009950330853168092
Round,1.01,Very Good,I,SI1,VG,EX,1.01,GIA,63.5,57.0,None,None,2008-12-10,4167.0,8.334951631422454,0.009950330853168092
Emerald,1.1,Good,I,VVS2,VG,G,1.29,GIA,72.2,67.0,None,None,2008-12-11,4167.0,8.334951631422454,0.09531017980432493
Round,1.13,Ideal,I,SI2,VG,EX,1.0,GIA,61.8,60.0,None,None,2008-12-12,4167.0,8.334951631422454,0.12221763272424911
Princess,1.07,Very Good,I,VS1,VG,G,1.03,GIA,69.6,71.0,None,None,2008-12-10,4168.0,8.335191583433202,0.06765864847381486
Round,1.08,Ideal,I,SI2,EX,EX,1.01,GIA,61.0,59.0,Faint,None,2008-12-10,4168.0,8.335191583433202,0.0769610411361284
Emerald,1.06,Fair,I,VS1,VG,G,1.46,GIA,65.5,76.0,Faint Blue,None,2008-12-10,4169.0,8.335431477880796,0.058268908123975824
Round,1.01,Ideal,I,SI1,EX,EX,1.01,GIA,62.8,58.0,None,None,2008-12-12,4172.0,8.336150816120663,0.009950330853168092
Round,0.9,Ideal,I,VS1,EX,EX,1.01,GIA,61.8,56.0,None,None,2008-12-10,4173.0,8.336390480591552,-0.10536051565782628
Round,0.95,Good,I,SI1,VG,G,1.01,GIA,62.1,66.0,Very Strong Blue,None,2008-12-10,4175.0,8.336869637284956,-0.05129329438755058
Round,1.02,Very Good,I,SI2,EX,EX,1.01,GIA,61.8,61.0,None,None,2008-12-10,4176.0,8.337109129562474,0.01980262729617973
Round,1.13,Very Good,J,SI1,VG,VG,1.01,GIA,63.3,56.0,None,None,2008-12-10,4177.0,8.337348564497175,0.12221763272424911
Round,1.04,Very Good,J,VS2,EX,EX,1.01,GIA,63.1,59.0,Strong,None,2008-12-10,4178.0,8.33758794211651,0.03922071315328133
Round,1.1,Very Good,J,SI2,EX,EX,1.01,GIA,62.6,57.0,Faint,None,2008-12-11,4180.0,8.338066525518801,0.09531017980432493
Round,1.03,Very Good,J,SI1,EX,EX,1.01,GIA,61.9,60.0,None,None,2008-12-10,4184.0,8.339023005744759,0.02955880224154443
Round,0.94,Ideal,G,SI1,VG,VG,1.01,GIA,62.3,56.0,None,None,2008-12-10,4187.0,8.339739766019143,-0.06187540371808753
Round,0.92,Ideal,G,SI2,EX,EX,1.0,GIA,61.9,57.0,None,None,2008-12-10,4188.0,8.339978571990427,-0.08338160893905101
Emerald,1.2,Fair,J,VS1,G,VG,1.17,GIA,61.8,76.0,None,None,2008-12-18,4188.0,8.339978571990427,0.1823215567939546
Princess,1.05,Very Good,G,VS2,EX,EX,1.03,GIA,74.1,69.0,None,None,2008-12-10,4190.0,8.340456012916183,0.04879016416943205
Princess,0.96,Very Good,G,VS1,VG,VG,1.03,GIA,73.1,74.0,None,None,2008-12-10,4191.0,8.340694647925071,-0.040821994520255166
Round,0.9,Very Good,G,VS1,VG,VG,1.01,GIA,62.2,59.0,None,None,2008-12-10,4192.0,8.340933226000878,-0.10536051565782628
Princess,1.0,Very Good,G,VS2,EX,VG,1.05,GIA,74.4,67.0,None,None,2008-12-11,4192.0,8.340933226000878,0.0
Round,1.17,Very Good,J,VS2,EX,EX,1.01,GIA,63.4,58.0,Strong Blue,None,2008-12-17,4192.0,8.340933226000878,0.1570037488096647
Princess,1.01,Very Good,G,SI1,VG,VG,1.02,GIA,68.1,70.0,None,None,2008-12-17,4194.0,8.341410211461865,0.009950330853168092
Round,0.9,Very Good,G,VS2,EX,EX,1.0,GIA,58.8,61.0,Faint,None,2008-12-11,4196.0,8.341886969516187,-0.10536051565782628
Emerald,1.0,Good,G,VS1,VG,VG,1.09,GIA,71.2,62.0,None,None,2008-12-10,4196.0,8.341886969516187,0.0
Round,1.03,Very Good,G,SI2,VG,VG,1.01,GIA,63.0,55.0,Medium,None,2008-12-10,4196.0,8.341886969516187,0.02955880224154443
Round,0.9,Very Good,G,SI1,EX,VG,1.0,GIA,60.7,56.0,Medium,None,2008-12-11,4198.0,8.342363500380579,-0.10536051565782628
Round,1.01,Very Good,J,VS1,EX,EX,1.01,GIA,61.8,55.0,None,Very Small,2008-12-17,4200.0,8.34283980427146,0.009950330853168092
Princess,1.2,Good,J,VVS1,EX,VG,1.0,GIA,76.1,70.0,None,None,2008-12-10,4200.0,8.34283980427146,0.1823215567939546
Round,1.2,Very Good,J,SI2,EX,VG,1.01,GIA,61.4,60.0,None,None,2008-12-10,4200.0,8.34283980427146,0.1823215567939546
Princess,1.01,Good,G,VVS2,VG,G,1.03,GIA,75.2,73.0,None,None,2008-12-10,4201.0,8.343077871169383,0.009950330853168092
Round,1.12,Very Good,J,SI1,EX,VG,1.0,GIA,62.0,60.0,None,None,2008-12-10,4201.0,8.343077871169383,0.11332868530700327
Emerald,1.0,Very Good,G,VS1,G,G,1.05,GIA,66.7,65.0,None,Very Small,2008-12-11,4202.0,8.343315881404946,0.0
Emerald,1.25,Very Good,J,VS1,EX,VG,1.37,GIA,66.7,65.0,None,None,2008-12-10,4202.0,8.343315881404946,0.22314355131420976
Princess,1.02,Very Good,G,VS2,G,G,1.05,GIA,69.4,76.0,Medium Blue,None,2008-12-10,4203.0,8.343553835005117,0.01980262729617973
Princess,1.01,Very Good,G,VS2,VG,G,1.03,GIA,74.4,70.0,None,None,2008-12-11,4204.0,8.343791731996841,0.009950330853168092
Round,0.77,Ideal,G,IF,EX,EX,1.01,GIA,61.6,55.0,None,None,2008-12-10,4205.0,8.344029572407049,-0.2613647641344075
Round,0.91,Very Good,G,VS2,VG,G,1.01,GIA,59.7,61.0,None,None,2008-12-10,4205.0,8.344029572407049,-0.09431067947124129
Round,1.01,Fair,J,VS2,G,G,1.02,GIA,65.6,54.0,None,None,2008-12-10,4205.0,8.344029572407049,0.009950330853168092
Round,1.02,Fair,G,SI2,VG,VG,1.01,GIA,65.6,60.0,None,None,2008-12-10,4205.0,8.344029572407049,0.01980262729617973
Round,1.0,Good,J,VS2,EX,EX,1.0,GIA,58.1,61.0,None,None,2008-12-10,4206.0,8.344267356262645,0.0
Princess,1.08,Very Good,G,VS2,EX,G,1.04,GIA,72.7,72.0,None,None,2008-12-10,4207.0,8.344505083590521,0.0769610411361284
Emerald,1.23,Good,J,VVS2,VG,VG,1.34,GIA,70.2,64.0,Faint,None,2008-12-10,4209.0,8.344980368770571,0.20701416938432612
Round,1.1,Very Good,J,SI2,EX,EX,1.01,GIA,62.7,59.0,Medium Blue,None,2008-12-10,4212.0,8.345692873253865,0.09531017980432493
Round,1.02,Ideal,J,VS2,EX,VG,1.01,GIA,60.6,58.0,Faint,None,2008-12-10,4214.0,8.346167594364134,0.01980262729617973
Round,1.08,Very Good,J,VS2,EX,EX,1.01,GIA,63.4,57.0,None,None,2008-12-10,4215.0,8.346404870435956,0.0769610411361284
Round,1.05,Very Good,J,VS2,VG,EX,1.0,GIA,62.5,59.0,Strong,None,2008-12-10,4216.0,8.346642090221199,0.04879016416943205
Round,1.0,Very Good,J,VVS2,VG,EX,1.0,GIA,62.8,59.0,None,None,2008-12-10,4218.0,8.34711636103872,0.0
Emerald,1.21,Very Good,J,VS1,VG,G,1.48,GIA,63.8,61.0,None,None,2008-12-18,4221.0,8.347827345782498,0.1906203596086497
Emerald,1.04,Very Good,H,SI1,G,G,1.14,GIA,60.9,71.0,None,Small,2008-12-10,4235.0,8.351138607086154,0.03922071315328133
Emerald,1.0,Good,H,VVS2,VG,G,1.25,GIA,71.4,70.0,None,None,2008-12-11,4238.0,8.351846738828245,0.0
Round,1.0,Very Good,H,SI2,EX,EX,1.01,GIA,61.1,60.0,None,None,2008-12-10,4240.0,8.352318548226004,0.0
Round,1.0,Very Good,H,SI2,EX,EX,1.01,GIA,61.7,60.0,None,None,2008-12-10,4240.0,8.352318548226004,0.0
Round,1.0,Very Good,H,SI2,EX,EX,1.01,GIA,63.0,54.0,None,None,2008-12-10,4240.0,8.352318548226004,0.0
Round,1.0,Very Good,H,SI2,EX,VG,1.0,GIA,59.2,59.0,None,None,2008-12-10,4240.0,8.352318548226004,0.0
Round,1.0,Very Good,H,SI2,EX,EX,1.01,GIA,63.5,55.0,None,None,2008-12-10,4240.0,8.352318548226004,0.0
Round,1.0,Very Good,H,SI2,EX,EX,1.0,GIA,62.9,57.0,None,None,2008-12-10,4240.0,8.352318548226004,0.0
Emerald,1.02,Good,H,VVS1,VG,VG,1.05,GIA,69.6,56.0,Medium,None,2008-12-18,4243.0,8.353025845202325,0.01980262729617973
Round,1.01,Good,H,SI2,VG,G,1.01,GIA,65.9,58.0,Medium,None,2008-12-10,4245.0,8.353497098745448,0.009950330853168092
Emerald,1.06,Very Good,H,VVS1,G,G,1.37,GIA,69.0,63.0,None,None,2008-12-10,4248.0,8.354203562921775,0.058268908123975824
Round,1.02,Ideal,H,SI2,EX,EX,1.0,GIA,62.1,57.0,None,None,2008-12-10,4249.0,8.354438940114811,0.01980262729617973
Round,0.9,Very Good,H,VS1,EX,EX,1.0,GIA,63.4,55.0,None,None,2008-12-10,4253.0,8.355379895253634,-0.10536051565782628
Round,1.02,Good,H,SI1,EX,VG,1.01,GIA,65.7,59.0,Faint,None,2008-12-10,4253.0,8.355379895253634,0.01980262729617973
Princess,0.9,Very Good,D,VS2,VG,G,1.02,GIA,70.3,76.0,Faint,None,2008-12-11,4260.0,8.357024439263416,-0.10536051565782628
Princess,1.02,Good,D,SI1,VG,G,1.1,GIA,75.6,71.0,None,None,2008-12-10,4263.0,8.35772841676521,0.01980262729617973
Princess,0.97,Very Good,H,VVS2,VG,G,1.01,GIA,69.8,64.0,None,None,2008-12-10,4264.0,8.357962965845681,-0.030459207484708574
Round,1.0,Good,H,SI1,VG,VG,1.0,GIA,61.5,64.0,None,Very Small,2008-12-10,4265.0,8.35819745992578,0.0
Round,0.91,Good,D,SI1,VG,G,1.02,GIA,64.6,58.0,None,None,2008-12-11,4266.0,8.358431899031295,-0.09431067947124129
Round,1.04,Ideal,H,SI2,VG,EX,1.0,GIA,59.8,59.0,None,None,2008-12-10,4267.0,8.358666283188,0.03922071315328133
Emerald,1.0,Very Good,D,SI1,G,VG,1.55,GIA,66.2,70.0,None,None,2008-12-10,4268.0,8.358900612421644,0.0
Emerald,1.06,Very Good,D,SI2,G,G,1.36,GIA,59.2,70.0,None,None,2008-12-10,4268.0,8.358900612421644,0.058268908123975824
Emerald,1.06,Good,D,SI2,G,G,1.3,GIA,72.4,69.0,None,None,2008-12-10,4268.0,8.358900612421644,0.058268908123975824
Emerald,0.94,Good,D,VS1,G,G,1.75,GIA,74.5,68.0,None,None,2008-12-11,4270.0,8.35936910622267,-0.06187540371808753
Emerald,1.03,Fair,D,SI2,G,G,1.43,GIA,64.5,53.0,Faint,None,2008-12-10,4270.0,8.35936910622267,0.02955880224154443
Round,0.76,Signature-Ideal,D,VS2,EX,EX,1.01,GIA,61.4,57.0,Faint,None,2008-12-10,4271.0,8.359603270841466,-0.2744368457017603
Emerald,1.27,Good,D,SI2,VG,G,1.6,GIA,72.4,70.0,Faint Blue,None,2008-12-11,4271.0,8.359603270841466,0.23901690047049992
Round,0.91,Ideal,D,SI2,VG,VG,1.01,GIA,61.2,60.0,None,None,2008-12-10,4273.0,8.360071435644025,-0.09431067947124129
Round,0.91,Very Good,D,SI2,VG,VG,1.01,GIA,63.0,59.0,None,None,2008-12-10,4273.0,8.360071435644025,-0.09431067947124129
Round,0.91,Very Good,D,SI2,VG,VG,1.0,GIA,60.6,57.0,Faint,None,2008-12-10,4273.0,8.360071435644025,-0.09431067947124129
Round,0.59,Ideal,D,IF,VG,VG,1.01,GIA,61.5,55.0,None,None,2008-12-12,4278.0,8.361240889642351,-0.527632742082372
Round,0.8,Ideal,F,VS1,EX,EX,1.01,GIA,62.1,56.0,None,None,2008-12-11,4282.0,8.362175469149628,-0.2231435513142097
Round,0.8,Ideal,F,VS1,EX,EX,1.01,GIA,61.6,55.0,None,None,2008-12-11,4282.0,8.362175469149628,-0.2231435513142097
Round,0.9,Ideal,F,SI1,VG,VG,1.01,GIA,62.8,56.0,None,None,2008-12-10,4282.0,8.362175469149628,-0.10536051565782628
Round,1.0,Very Good,I,SI1,VG,G,1.01,GIA,60.9,61.0,None,None,2008-12-10,4282.0,8.362175469149628,0.0
Round,1.0,Very Good,I,SI1,VG,G,1.01,GIA,61.7,58.0,None,None,2008-12-10,4282.0,8.362175469149628,0.0
Round,1.0,Very Good,I,SI1,VG,VG,1.01,GIA,60.0,58.0,None,Very Small,2008-12-10,4282.0,8.362175469149628,0.0
Princess,1.0,Fair,D,VS2,VG,G,1.14,GIA,85.6,70.0,None,None,2008-12-11,4285.0,8.36287583103188,0.0
Round,1.01,Very Good,D,SI2,G,G,1.01,GIA,59.7,58.0,Medium,None,2008-12-11,4286.0,8.363109176033522,0.009950330853168092
Round,0.73,Good,D,VVS2,EX,VG,1.01,GIA,62.6,60.0,Medium Blue,None,2008-12-17,4287.0,8.363342466597977,-0.31471074483970024
Princess,1.01,Good,F,VS1,EX,VG,1.01,GIA,76.6,70.0,None,None,2008-12-10,4287.0,8.363342466597977,0.009950330853168092
Princess,1.01,Good,F,VS1,VG,VG,1.01,GIA,75.6,71.0,None,None,2008-12-10,4287.0,8.363342466597977,0.009950330853168092
Princess,1.01,Good,F,VS1,VG,EX,1.01,GIA,77.3,72.0,None,None,2008-12-10,4287.0,8.363342466597977,0.009950330853168092
Round,1.03,Ideal,I,SI1,VG,VG,1.0,GIA,61.2,60.0,None,None,2008-12-10,4287.0,8.363342466597977,0.02955880224154443
Round,0.89,Ideal,D,SI1,G,VG,1.01,GIA,60.9,56.0,None,Small,2008-12-10,4288.0,8.363575702750637,-0.11653381625595151
Emerald,0.91,Very Good,F,VVS2,G,VG,1.3,GIA,68.4,72.0,None,None,2008-12-10,4288.0,8.363575702750637,-0.09431067947124129
Round,1.02,Fair,D,SI2,G,G,1.02,GIA,61.2,67.0,Faint,None,2008-12-10,4289.0,8.36380888451688,0.01980262729617973
Round,1.04,Ideal,I,SI1,EX,EX,1.0,GIA,61.1,57.0,None,None,2008-12-12,4289.0,8.36380888451688,0.03922071315328133
Round,0.74,Ideal,D,VS2,EX,EX,1.01,GIA,62.3,55.0,None,None,2008-12-11,4292.0,8.36450810375059,-0.3011050927839216
Princess,1.09,Good,F,SI1,VG,VG,1.06,GIA,80.0,70.0,None,None,2008-12-10,4293.0,8.36474106822456,0.08617769624105241
Round,1.01,Very Good,F,SI2,VG,VG,1.0,GIA,62.7,58.0,None,None,2008-12-10,4294.0,8.364973978438726,0.009950330853168092
Emerald,1.13,Very Good,I,VS2,EX,EX,1.39,GIA,65.2,65.0,None,None,2008-12-11,4294.0,8.364973978438726,0.12221763272424911
Princess,1.01,Good,F,VS1,VG,G,1.04,GIA,79.7,75.0,None,None,2008-12-10,4295.0,8.365206834418355,0.009950330853168092
Round,1.04,Ideal,I,SI1,EX,VG,1.01,GIA,62.2,57.0,None,None,2008-12-10,4295.0,8.365206834418355,0.03922071315328133
Round,1.01,Very Good,I,SI1,VG,VG,1.01,GIA,60.8,63.0,None,None,2008-12-11,4296.0,8.3654396361887,0.009950330853168092
Emerald,1.01,Good,F,VS2,VG,VG,1.26,GIA,60.8,75.0,Medium,None,2008-12-10,4297.0,8.365672383774996,0.009950330853168092
Round,0.76,Signature-Ideal,F,VS1,ID,ID,1.01,AGSL,61.6,55.0,Negligible,Pointed,2008-12-10,4298.0,8.365905077202456,-0.2744368457017603
Round,0.76,Signature-Ideal,F,VS1,ID,ID,1.01,AGSL,61.7,55.0,Negligible,Pointed,2008-12-10,4298.0,8.365905077202456,-0.2744368457017603
Round,0.81,Signature-Ideal,F,VS2,EX,EX,1.0,GIA,61.5,57.0,None,None,2008-12-10,4298.0,8.365905077202456,-0.21072103131565253
Round,0.86,Very Good,F,VS2,G,G,1.02,GIA,59.1,58.0,Strong Blue,None,2008-12-10,4298.0,8.365905077202456,-0.15082288973458366
Round,1.0,Good,I,VS1,VG,VG,1.01,GIA,64.4,57.0,None,None,2008-12-10,4298.0,8.365905077202456,0.0
Round,1.02,Ideal,I,SI1,VG,VG,1.01,GIA,62.0,60.0,Medium,None,2008-12-10,4298.0,8.365905077202456,0.01980262729617973
Round,0.8,Very Good,F,VVS2,EX,EX,1.01,GIA,61.4,61.0,None,None,2008-12-10,4299.0,8.366137716496281,-0.2231435513142097
Princess,0.9,Very Good,F,VS1,EX,G,1.06,GIA,66.7,71.0,None,None,2008-12-10,4299.0,8.366137716496281,-0.10536051565782628
Princess,1.16,Very Good,I,VVS2,VG,VG,1.02,GIA,75.0,69.0,None,None,2008-12-11,4299.0,8.366137716496281,0.14842000511827322
Emerald,1.0,Very Good,F,SI1,VG,G,1.37,GIA,68.2,70.0,None,None,2008-12-11,4300.0,8.366370301681654,0.0
Emerald,1.02,Good,F,SI1,G,G,1.32,GIA,72.7,71.0,Strong Blue,None,2008-12-10,4300.0,8.366370301681654,0.01980262729617973
Round,1.0,Ideal,I,SI1,EX,EX,1.01,GIA,63.0,55.0,None,None,2008-12-10,4304.0,8.36730010184162,0.0
Round,1.01,Good,I,VS2,EX,VG,1.02,GIA,64.3,58.0,Medium,None,2008-12-10,4306.0,8.367764677924308,0.009950330853168092
Round,1.01,Good,I,SI1,VG,VG,1.0,GIA,58.7,60.0,None,None,2008-12-10,4307.0,8.36799688505411,0.009950330853168092
Princess,1.12,Very Good,I,VVS1,EX,VG,1.08,GIA,74.9,72.0,None,None,2008-12-10,4310.0,8.368693183097793,0.11332868530700327
Round,0.95,Very Good,I,VVS2,VG,G,1.01,GIA,62.4,57.0,None,None,2008-12-12,4315.0,8.36985260351753,-0.05129329438755058
Round,1.04,Ideal,I,SI1,EX,EX,1.01,GIA,59.8,59.0,Medium,None,2008-12-18,4316.0,8.370084326378025,0.03922071315328133
Round,1.06,Ideal,I,SI2,EX,EX,1.0,GIA,62.4,55.0,None,None,2008-12-10,4318.0,8.370547611074752,0.058268908123975824
Emerald,1.08,Very Good,I,VS2,VG,VG,1.37,GIA,64.7,69.0,None,Small,2008-12-10,4318.0,8.370547611074752,0.0769610411361284
Princess,1.19,Good,I,VS2,G,G,1.14,GIA,76.7,76.0,None,None,2008-12-10,4321.0,8.371242135931933,0.17395330712343798
Round,1.0,Very Good,I,SI1,VG,VG,1.0,GIA,64.6,57.0,None,None,2008-12-10,4341.0,8.375860015299594,0.0
Round,1.02,Good,I,VS1,EX,VG,1.02,GIA,64.7,58.0,None,None,2008-12-10,4341.0,8.375860015299594,0.01980262729617973
Round,1.01,Ideal,I,SI1,EX,EX,1.01,GIA,62.3,58.0,Faint,None,2008-12-10,4345.0,8.376781037699493,0.009950330853168092
Round,1.01,Ideal,I,SI1,EX,EX,1.01,GIA,61.6,58.0,None,None,2008-12-18,4345.0,8.376781037699493,0.009950330853168092
Emerald,1.1,Very Good,I,VS2,G,VG,1.25,GIA,63.1,69.0,None,Very Small,2008-12-10,4346.0,8.377011160816375,0.09531017980432493
Round,1.1,Ideal,I,SI2,EX,EX,1.0,GIA,62.1,57.0,None,None,2008-12-18,4349.0,8.37770121259764,0.09531017980432493
Round,0.95,Ideal,I,VS2,VG,VG,1.01,GIA,61.6,56.0,None,None,2008-12-11,4351.0,8.37816098272068,-0.05129329438755058
Emerald,1.21,Good,I,VVS2,VG,G,1.33,GIA,71.9,67.0,None,None,2008-12-10,4353.0,8.378620541552298,0.1906203596086497
Round,1.02,Very Good,I,SI1,EX,VG,1.01,GIA,63.0,57.0,None,None,2008-12-10,4362.0,8.380685946761574,0.01980262729617973
Round,1.03,Ideal,I,SI1,EX,EX,1.01,GIA,60.9,59.0,None,None,2008-12-10,4364.0,8.381144346952961,0.02955880224154443
Round,1.01,Ideal,J,VS2,EX,EX,1.01,GIA,61.7,55.0,None,None,2008-12-10,4365.0,8.381373468273702,0.009950330853168092
Round,1.03,Ideal,I,SI2,ID,ID,1.0,AGSL,61.5,59.0,Medium Blue,Pointed,2008-12-10,4365.0,8.381373468273702,0.02955880224154443
Round,1.03,Very Good,J,SI1,VG,G,1.01,GIA,63.9,53.0,None,Very Small,2008-12-10,4365.0,8.381373468273702,0.02955880224154443
Round,1.03,Very Good,J,SI1,VG,G,1.02,GIA,62.9,55.0,None,None,2008-12-10,4365.0,8.381373468273702,0.02955880224154443
Round,0.92,Ideal,I,VS1,EX,EX,1.01,GIA,62.3,55.0,None,None,2008-12-10,4367.0,8.381831553485561,-0.08338160893905101
Round,1.05,Ideal,J,VS2,EX,EX,1.01,GIA,62.2,58.0,Faint,None,2008-12-10,4367.0,8.381831553485561,0.04879016416943205
Princess,1.22,Good,J,VS1,EX,VG,1.02,GIA,75.1,73.0,None,None,2008-12-11,4367.0,8.381831553485561,0.19885085874516517
Round,1.07,Very Good,I,SI2,VG,VG,1.01,GIA,61.2,59.0,None,None,2008-12-10,4368.0,8.38206051742474,0.06765864847381486
Emerald,1.36,Good,J,VS2,EX,VG,1.64,GIA,75.0,66.0,None,Small,2008-12-10,4370.0,8.382518288089635,0.3074846997479607
Round,1.03,Ideal,J,VS2,VG,EX,1.0,GIA,62.3,58.0,None,None,2008-12-10,4371.0,8.382747094863314,0.02955880224154443
Round,1.07,Ideal,I,SI1,VG,VG,1.01,GIA,62.0,56.0,Strong,None,2008-12-10,4371.0,8.382747094863314,0.06765864847381486
Round,1.13,Very Good,I,SI2,VG,VG,1.0,GIA,62.7,58.0,None,None,2008-12-10,4371.0,8.382747094863314,0.12221763272424911
Round,1.12,Ideal,J,SI1,VG,VG,1.01,GIA,62.5,57.0,None,None,2008-12-11,4372.0,8.382975849296429,0.11332868530700327
Princess,1.05,Very Good,I,VVS1,VG,VG,1.05,GIA,70.4,67.0,None,None,2008-12-10,4374.0,8.383433201236713,0.04879016416943205
Princess,1.15,Very Good,I,VS2,EX,VG,1.02,GIA,73.2,75.0,Faint,None,2008-12-11,4374.0,8.383433201236713,0.13976194237515863
Princess,1.02,Very Good,I,IF,EX,G,1.01,GIA,71.5,71.0,None,None,2008-12-10,4375.0,8.383661798791715,0.01980262729617973
Round,1.0,Good,I,SI1,VG,G,1.01,GIA,61.2,59.0,Faint,None,2008-12-10,4377.0,8.384118837190895,0.0
Emerald,1.13,Good,G,VS2,G,G,1.45,GIA,71.6,73.0,None,None,2008-12-11,4377.0,8.384118837190895,0.12221763272424911
Round,0.9,Good,G,VS2,VG,EX,1.01,GIA,58.4,60.0,None,None,2008-12-11,4378.0,8.384347278082808,-0.10536051565782628
Round,1.01,Very Good,J,VVS2,EX,EX,1.01,GIA,63.7,58.0,Medium Blue,None,2008-12-17,4378.0,8.384347278082808,0.009950330853168092
Round,1.01,Very Good,I,SI1,VG,VG,1.01,GIA,64.2,56.0,None,None,2008-12-17,4382.0,8.385260520155413,0.009950330853168092
Round,0.81,Ideal,G,VVS1,EX,EX,1.01,GIA,59.4,59.0,None,None,2008-12-12,4383.0,8.38548870041881,-0.21072103131565253
Round,1.14,Ideal,J,SI2,VG,VG,1.01,GIA,61.9,59.0,Faint,None,2008-12-10,4383.0,8.38548870041881,0.131028262406404
Round,1.07,Very Good,G,SI2,EX,VG,1.01,GIA,63.9,59.0,None,None,2008-12-10,4385.0,8.385944904806284,0.06765864847381486
Round,1.02,Good,E,SI2,VG,VG,1.0,GIA,59.5,57.0,Faint,None,2008-12-10,4386.0,8.386172928977834,0.01980262729617973
Round,1.1,Ideal,J,SI1,EX,EX,1.0,GIA,62.2,57.0,None,None,2008-12-10,4386.0,8.386172928977834,0.09531017980432493
Round,0.8,Very Good,E,VS1,EX,VG,1.01,GIA,60.0,58.0,None,None,2008-12-11,4387.0,8.386400901166214,-0.2231435513142097
Round,1.0,Very Good,G,SI2,G,VG,1.02,GIA,61.0,59.0,Strong Blue,None,2008-12-10,4387.0,8.386400901166214,0.0
Round,1.0,Fair,G,SI2,VG,VG,1.01,GIA,64.9,54.0,None,None,2008-12-10,4387.0,8.386400901166214,0.0
Round,1.0,Very Good,E,SI2,EX,EX,1.0,GIA,63.1,59.0,None,None,2008-12-10,4387.0,8.386400901166214,0.0
Round,1.01,Fair,G,SI1,VG,G,1.01,GIA,66.6,63.0,None,None,2008-12-10,4387.0,8.386400901166214,0.009950330853168092
Round,0.78,Signature-Ideal,G,VVS2,EX,EX,1.01,GIA,61.5,57.0,None,None,2008-12-10,4389.0,8.386856689688234,-0.2484613592984996
Round,1.03,Ideal,G,SI2,EX,EX,1.01,GIA,62.1,55.0,None,Very Small,2008-12-10,4389.0,8.386856689688234,0.02955880224154443
Round,0.9,Ideal,G,SI1,EX,EX,1.01,GIA,61.8,58.0,None,None,2008-12-10,4390.0,8.387084506069217,-0.10536051565782628
Emerald,1.04,Very Good,G,SI1,G,G,1.55,GIA,63.7,69.0,None,None,2008-12-10,4390.0,8.387084506069217,0.03922071315328133
Emerald,1.04,Very Good,G,SI1,G,VG,1.07,GIA,61.3,63.0,None,Medium,2008-12-10,4390.0,8.387084506069217,0.03922071315328133
Princess,1.01,Very Good,G,VS1,VG,VG,1.05,GIA,72.5,72.0,None,None,2008-12-10,4391.0,8.387312270561717,0.009950330853168092
Princess,1.08,Very Good,G,VS2,EX,G,1.08,GIA,71.7,71.0,None,None,2008-12-10,4391.0,8.387312270561717,0.0769610411361284
Princess,1.14,Good,E,SI1,VG,G,1.08,GIA,81.2,71.0,Medium,None,2008-12-11,4391.0,8.387312270561717,0.131028262406404
Princess,1.05,Very Good,E,SI1,G,G,1.05,GIA,72.0,77.0,None,None,2008-12-11,4392.0,8.387539983189367,0.04879016416943205
Round,0.91,Ideal,E,SI2,ID,ID,1.01,AGSL,62.4,56.0,None,None,2008-12-10,4393.0,8.38776764397578,-0.09431067947124129
Emerald,0.91,Good,E,VVS2,VG,G,1.45,GIA,71.1,67.0,None,None,2008-12-11,4393.0,8.38776764397578,-0.09431067947124129
Emerald,1.05,Very Good,G,VS1,VG,G,1.39,GIA,68.8,68.0,Medium,None,2008-12-10,4393.0,8.38776764397578,0.04879016416943205
Princess,1.01,Very Good,E,VS2,VG,VG,1.01,GIA,73.2,69.0,None,None,2008-12-11,4394.0,8.387995252944556,0.009950330853168092
Round,0.9,Ideal,G,SI1,VG,VG,1.01,GIA,62.2,58.0,None,None,2008-12-10,4395.0,8.388222810119277,-0.10536051565782628
Princess,1.02,Good,G,VVS2,VG,G,1.04,GIA,81.5,72.0,None,None,2008-12-10,4395.0,8.388222810119277,0.01980262729617973
Round,0.85,Very Good,E,VVS2,EX,G,1.02,GIA,57.7,62.0,None,Very Small,2008-12-11,4396.0,8.388450315523512,-0.16251892949777494
Round,0.85,Very Good,E,VVS2,EX,G,1.01,GIA,60.3,64.0,Faint,Very Small,2008-12-11,4396.0,8.388450315523512,-0.16251892949777494
Princess,1.0,Very Good,E,VS2,EX,G,1.03,GIA,72.6,75.0,None,None,2008-12-10,4396.0,8.388450315523512,0.0
Princess,1.01,Good,E,SI1,VG,VG,1.07,GIA,75.7,77.0,None,None,2008-12-11,4396.0,8.388450315523512,0.009950330853168092
Princess,1.03,Very Good,G,VS2,VG,G,1.07,GIA,72.8,77.0,None,None,2008-12-11,4396.0,8.388450315523512,0.02955880224154443
Princess,1.01,Good,E,VS2,VG,G,1.05,GIA,75.3,70.0,Faint,None,2008-12-10,4398.0,8.388905171114706,0.009950330853168092
Princess,1.01,Good,E,VS2,VG,G,1.08,GIA,80.7,79.0,None,None,2008-12-10,4398.0,8.388905171114706,0.009950330853168092
Princess,1.01,Good,E,VS2,EX,VG,1.05,GIA,78.3,74.0,None,None,2008-12-10,4398.0,8.388905171114706,0.009950330853168092
Princess,1.01,Good,E,VS2,EX,G,1.04,GIA,77.0,72.0,None,None,2008-12-10,4398.0,8.388905171114706,0.009950330853168092
Princess,1.01,Good,E,VS2,VG,VG,1.01,GIA,78.1,77.0,None,None,2008-12-10,4398.0,8.388905171114706,0.009950330853168092
Princess,1.01,Good,E,VS2,EX,VG,1.03,GIA,75.7,71.0,None,None,2008-12-10,4398.0,8.388905171114706,0.009950330853168092
Princess,1.01,Good,E,VS2,EX,EX,1.01,GIA,75.6,73.0,None,None,2008-12-10,4398.0,8.388905171114706,0.009950330853168092
Emerald,1.27,Fair,J,VVS2,VG,VG,1.33,GIA,72.9,76.0,None,None,2008-12-10,4401.0,8.38958706681109,0.23901690047049992
Round,1.12,Ideal,J,SI2,EX,EX,1.01,GIA,61.5,57.0,None,None,2008-12-10,4410.0,8.391629968440892,0.11332868530700327
Round,1.11,Very Good,J,SI1,G,VG,1.01,GIA,59.6,60.0,None,None,2008-12-10,4411.0,8.39185670010494,0.10436001532424286
Princess,1.15,Good,J,VVS1,G,G,1.09,GIA,77.7,59.0,None,None,2008-12-10,4414.0,8.392536586816682,0.13976194237515863
Round,1.01,Ideal,J,VS1,EX,EX,1.0,GIA,61.9,55.0,None,None,2008-12-17,4422.0,8.394347361417392,0.009950330853168092
Round,1.22,Ideal,J,SI2,VG,VG,1.0,GIA,60.0,60.0,Strong Blue,None,2008-12-10,4425.0,8.39502555744203,0.19885085874516517
Round,1.05,Very Good,J,VS2,VG,VG,1.01,GIA,62.5,56.0,None,None,2008-12-10,4431.0,8.39638057119949,0.04879016416943205
Round,1.09,Very Good,J,VS2,EX,EX,1.0,GIA,62.6,59.0,Medium,None,2008-12-10,4432.0,8.39660622842712,0.08617769624105241
Round,1.17,Very Good,J,SI2,VG,EX,1.01,GIA,62.7,57.0,None,None,2008-12-10,4433.0,8.396831834745054,0.1570037488096647
Princess,1.0,Good,D,VS2,VG,VG,1.03,GIA,76.8,69.0,None,None,2008-12-10,4476.0,8.406485069431817,0.0
Princess,1.07,Good,D,VS2,VG,VG,1.06,GIA,79.3,73.0,Strong,None,2008-12-10,4476.0,8.406485069431817,0.06765864847381486
Princess,1.07,Good,D,SI1,VG,G,1.03,GIA,78.5,76.0,Medium,None,2008-12-11,4479.0,8.4071550862073,0.06765864847381486
Round,1.07,Very Good,D,SI2,VG,VG,1.01,GIA,61.2,56.0,Faint,None,2008-12-12,4484.0,8.40827078419205,0.06765864847381486
Princess,1.09,Very Good,D,SI2,EX,VG,1.01,GIA,71.0,72.0,None,None,2008-12-11,4485.0,8.408493774492896,0.08617769624105241
Round,0.7,Ideal,D,VVS1,VG,VG,1.01,GIA,61.2,57.0,Medium,Very Small,2008-12-10,4487.0,8.408939605975984,-0.35667494393873245
Princess,0.72,Good,D,IF,VG,VG,1.06,GIA,75.5,73.0,Faint,None,2008-12-11,4491.0,8.409830673087738,-0.3285040669720361
Round,1.03,Good,D,SI2,VG,VG,1.0,GIA,66.3,56.0,None,None,2008-12-10,4497.0,8.411165786770708,0.02955880224154443
Round,0.83,Signature-Ideal,G,VS1,EX,EX,1.01,GIA,61.9,56.0,None,Very Small,2008-12-10,4501.0,8.412054873292933,-0.18632957819149348
Princess,1.01,Very Good,G,VS2,VG,G,1.02,GIA,71.8,76.0,Faint Blue,None,2008-12-11,4502.0,8.412277021466677,0.009950330853168092
Princess,1.04,Very Good,D,SI1,VG,G,1.08,GIA,74.7,74.0,None,None,2008-12-11,4502.0,8.412277021466677,0.03922071315328133
Emerald,1.09,Very Good,G,SI1,VG,VG,1.33,GIA,65.5,69.0,None,Small,2008-12-10,4502.0,8.412277021466677,0.08617769624105241
Round,1.0,Good,G,SI1,VG,VG,1.01,GIA,65.2,54.0,None,None,2008-12-10,4503.0,8.412499120301572,0.0
Emerald,1.09,Very Good,D,SI2,G,G,1.47,GIA,69.3,67.0,None,None,2008-12-10,4503.0,8.412499120301572,0.08617769624105241
Emerald,1.09,Very Good,D,SI2,G,G,1.43,GIA,62.7,68.0,None,None,2008-12-10,4503.0,8.412499120301572,0.08617769624105241
Round,1.01,Very Good,G,SI2,VG,VG,1.0,GIA,62.9,56.0,None,None,2008-12-10,4504.0,8.412721169819527,0.009950330853168092
Round,1.03,Ideal,G,SI2,EX,EX,1.0,GIA,62.1,57.0,None,None,2008-12-10,4504.0,8.412721169819527,0.02955880224154443
Emerald,0.71,Very Good,D,IF,G,VG,1.41,GIA,61.9,67.0,None,None,2008-12-10,4505.0,8.412943170042439,-0.342490308946776
Round,1.01,Very Good,D,SI2,EX,G,1.01,GIA,60.1,60.0,None,None,2008-12-11,4506.0,8.41316512099219,0.009950330853168092
Emerald,1.01,Good,D,VS2,VG,VG,1.37,GIA,57.3,65.0,None,None,2008-12-10,4508.0,8.413608875159667,0.009950330853168092
Round,0.81,Ideal,D,VS2,EX,EX,1.0,GIA,62.3,57.0,None,None,2008-12-11,4509.0,8.413830678421084,-0.21072103131565253
Round,0.81,Ideal,D,VS2,EX,EX,1.01,GIA,62.2,56.0,Faint,None,2008-12-11,4509.0,8.413830678421084,-0.21072103131565253
Princess,1.02,Good,G,VS1,EX,EX,1.08,GIA,77.8,70.0,None,None,2008-12-10,4509.0,8.413830678421084,0.01980262729617973
Round,1.01,Very Good,D,SI2,EX,G,1.01,GIA,61.9,58.0,None,Very Small,2008-12-10,4510.0,8.414052432496725,0.009950330853168092
Round,1.01,Very Good,D,SI2,VG,G,1.02,GIA,62.9,60.0,None,None,2008-12-10,4510.0,8.414052432496725,0.009950330853168092
Princess,0.81,Signature-Ideal,D,VS2,VG,VG,1.01,GIA,69.6,65.0,Faint,None,2008-12-10,4511.0,8.414274137408396,-0.21072103131565253
Round,0.92,Very Good,D,SI1,VG,VG,1.0,GIA,62.0,58.0,Faint,None,2008-12-10,4511.0,8.414274137408396,-0.08338160893905101
Princess,1.01,Good,G,VS1,VG,G,1.01,GIA,77.9,70.0,None,None,2008-12-11,4511.0,8.414274137408396,0.009950330853168092
Princess,1.01,Very Good,G,VS1,VG,G,1.07,GIA,72.5,76.0,None,None,2008-12-10,4512.0,8.414495793177895,0.009950330853168092
Princess,1.0,Good,G,VVS1,VG,G,1.03,GIA,77.9,65.0,None,None,2008-12-10,4513.0,8.414717399827001,0.0
Round,1.03,Ideal,G,SI2,ID,ID,1.01,AGSL,59.5,59.0,Negligible,None,2008-12-10,4513.0,8.414717399827001,0.02955880224154443
Round,0.9,Ideal,G,VS2,ID,ID,1.0,AGSL,61.9,56.0,Negligible,Very Small,2008-12-10,4514.0,8.414938957377482,-0.10536051565782628
Emerald,1.02,Very Good,G,VS2,G,VG,1.19,GIA,69.3,67.0,None,None,2008-12-11,4516.0,8.415381925269553,0.01980262729617973
Emerald,1.02,Very Good,G,VS2,VG,G,1.19,GIA,61.1,62.0,None,None,2008-12-11,4516.0,8.415381925269553,0.01980262729617973
Princess,1.01,Very Good,G,VS1,G,G,1.03,GIA,74.1,71.0,None,None,2008-12-10,4517.0,8.415603335654604,0.009950330853168092
Princess,1.01,Very Good,G,VS1,EX,G,1.02,GIA,74.4,70.0,None,None,2008-12-10,4517.0,8.415603335654604,0.009950330853168092
Round,1.01,Ideal,G,SI2,EX,EX,1.01,GIA,61.4,59.0,None,None,2008-12-10,4520.0,8.416267272826277,0.009950330853168092
Princess,1.02,Good,G,VVS2,VG,EX,1.0,GIA,75.3,70.0,None,None,2008-12-10,4520.0,8.416267272826277,0.01980262729617973
Princess,1.13,Very Good,G,SI1,VG,VG,1.08,GIA,73.6,72.0,None,None,2008-12-10,4520.0,8.416267272826277,0.12221763272424911
Round,1.02,Very Good,I,SI1,EX,VG,1.01,GIA,63.3,52.0,Faint,None,2008-12-10,4530.0,8.41847721847708,0.01980262729617973
Round,1.05,Ideal,I,SI1,EX,VG,1.01,GIA,61.3,57.0,None,None,2008-12-10,4532.0,8.418918622147897,0.04879016416943205
Princess,1.27,Very Good,I,VS1,EX,G,1.02,GIA,72.3,72.0,None,None,2008-12-10,4532.0,8.418918622147897,0.23901690047049992
Round,1.06,Ideal,J,VS1,VG,EX,1.01,GIA,61.7,57.0,Faint,None,2008-12-10,4534.0,8.419359831067474,0.058268908123975824
Princess,1.06,Good,I,IF,VG,VG,1.1,GIA,76.0,70.0,None,None,2008-12-10,4539.0,8.420462002456466,0.058268908123975824
Round,1.2,Ideal,J,SI1,EX,EX,1.01,GIA,59.1,61.0,None,None,2008-12-10,4543.0,8.421342865759403,0.1823215567939546
Round,1.11,Very Good,J,VS1,EX,EX,1.01,GIA,62.1,61.0,None,None,2008-12-10,4544.0,8.421562960400987,0.10436001532424286
Round,1.1,Very Good,J,VS2,G,EX,1.01,GIA,62.4,58.0,Medium Blue,None,2008-12-10,4546.0,8.422003004412488,0.09531017980432493
Emerald,1.19,Very Good,J,VVS1,EX,EX,1.59,GIA,65.9,72.0,None,Small,2008-12-10,4546.0,8.422003004412488,0.17395330712343798
Round,1.11,Ideal,I,SI2,EX,EX,1.0,GIA,62.3,56.0,None,None,2008-12-11,4548.0,8.422442854870427,0.10436001532424286
Emerald,1.12,Fair,I,VS1,G,G,1.59,GIA,75.8,71.0,None,None,2008-12-11,4551.0,8.423102268016642,0.11332868530700327
Princess,0.91,Signature-Ideal,I,VVS2,EX,EX,1.01,GIA,71.2,73.0,None,None,2008-12-10,4552.0,8.423321975806166,-0.09431067947124129
Emerald,1.03,Very Good,I,IF,EX,VG,1.54,GIA,66.2,66.0,None,Small,2008-12-10,4553.0,8.423541635334782,0.02955880224154443
Emerald,1.06,Signature-Ideal,I,VS2,EX,EX,1.36,GIA,67.7,65.0,None,Small,2008-12-10,4554.0,8.423761246623686,0.058268908123975824
Emerald,1.16,Good,I,VVS2,VG,G,1.32,GIA,70.2,71.0,None,None,2008-12-10,4554.0,8.423761246623686,0.14842000511827322
Round,1.17,Very Good,J,SI1,VG,VG,1.01,GIA,63.7,57.0,Faint,None,2008-12-10,4555.0,8.423980809694058,0.1570037488096647
Round,1.0,Very Good,J,VS1,EX,EX,1.0,GIA,62.8,59.0,None,None,2008-12-10,4557.0,8.424419791263883,0.0
Round,1.14,Ideal,J,SI1,EX,EX,1.01,GIA,61.4,60.0,Medium Blue,None,2008-12-10,4558.0,8.42463920980563,0.131028262406404
Round,1.01,Ideal,I,SI1,EX,EX,1.01,GIA,62.3,60.0,None,None,2008-12-10,4560.0,8.425077902508432,0.009950330853168092
Round,1.01,Ideal,J,VS2,EX,EX,1.0,GIA,62.1,55.0,None,None,2008-12-10,4562.0,8.425516402844334,0.009950330853168092
Round,1.03,Very Good,I,SI1,EX,EX,1.0,GIA,62.8,59.0,None,None,2008-12-10,4562.0,8.425516402844334,0.02955880224154443
Princess,1.17,Good,I,VVS1,VG,VG,1.04,GIA,75.9,71.0,None,None,2008-12-10,4562.0,8.425516402844334,0.1570037488096647
Emerald,1.18,Very Good,I,VS1,VG,VG,1.25,GIA,67.5,70.0,Medium Blue,None,2008-12-11,4562.0,8.425516402844334,0.16551443847757333
Round,1.0,Very Good,I,VS2,VG,VG,1.01,GIA,62.2,58.0,Medium,None,2008-12-10,4565.0,8.426173793029069,0.0
Round,1.04,Ideal,I,SI1,VG,VG,1.01,GIA,61.1,60.0,None,None,2008-12-10,4565.0,8.426173793029069,0.03922071315328133
Emerald,1.01,Very Good,I,VVS2,VG,VG,1.35,GIA,66.5,63.0,None,None,2008-12-17,4566.0,8.42639282708974,0.009950330853168092
Round,1.17,Ideal,J,VS1,EX,EX,1.01,GIA,62.2,57.0,Strong,None,2008-12-10,4571.0,8.427487278331744,0.1570037488096647
Round,1.03,Very Good,I,SI1,EX,VG,1.01,GIA,59.6,63.0,None,Very Small,2008-12-10,4572.0,8.427706024914702,0.02955880224154443
Round,1.03,Very Good,I,SI1,VG,VG,1.01,GIA,63.6,59.0,None,None,2008-12-10,4572.0,8.427706024914702,0.02955880224154443
Round,1.04,Very Good,J,VS1,EX,EX,1.01,GIA,63.8,59.0,Medium Blue,None,2008-12-10,4572.0,8.427706024914702,0.03922071315328133
Round,1.09,Very Good,I,SI1,VG,G,1.01,GIA,60.8,62.0,None,None,2008-12-10,4572.0,8.427706024914702,0.08617769624105241
Round,1.03,Ideal,J,VS2,EX,EX,1.0,GIA,62.5,55.0,None,None,2008-12-11,4574.0,8.428143374582726,0.02955880224154443
Round,1.04,Very Good,J,VS1,VG,EX,1.0,GIA,62.3,59.0,Strong,None,2008-12-10,4577.0,8.428799040653642,0.03922071315328133
Round,1.02,Very Good,J,VS2,G,VG,1.01,AGSL,63.9,57.9,None,None,2008-12-10,4578.0,8.429017500512511,0.01980262729617973
Round,1.14,Ideal,J,VS2,EX,EX,1.0,GIA,61.4,58.0,None,None,2008-12-10,4593.0,8.432288684325794,0.131028262406404
Round,1.25,Good,J,SI2,VG,VG,1.01,GIA,63.8,58.0,None,None,2008-12-10,4594.0,8.432506383249043,0.22314355131420976
Round,1.21,Ideal,J,SI2,EX,EX,1.0,GIA,62.0,59.0,Strong,None,2008-12-10,4596.0,8.432941638968646,0.1906203596086497
Round,1.09,Ideal,J,VS1,EX,VG,1.02,GIA,60.0,60.0,None,None,2008-12-11,4602.0,8.434246270595311,0.08617769624105241
Round,1.05,Very Good,J,VS2,EX,EX,1.0,GIA,63.4,57.0,Faint,None,2008-12-10,4604.0,8.434680769841773,0.04879016416943205
Round,1.24,Very Good,J,SI2,EX,EX,1.01,AGSL,59.2,61.0,None,Pointed,2008-12-10,4605.0,8.434897948689407,0.2151113796169455
Princess,1.0,Very Good,F,VS1,EX,EX,1.09,GIA,70.7,76.0,None,None,2008-12-10,4650.0,8.444622498581403,0.0
Round,1.04,Good,F,SI2,G,G,1.01,GIA,58.0,58.0,None,Very Small,2008-12-10,4652.0,8.445052513638554,0.03922071315328133
Round,1.01,Very Good,F,SI2,G,VG,1.0,GIA,61.2,58.0,None,None,2008-12-11,4655.0,8.445697189711167,0.009950330853168092
Princess,1.03,Good,D,VS2,EX,VG,1.02,GIA,75.2,73.0,Medium Blue,None,2008-12-10,4656.0,8.445911989411274,0.02955880224154443
Round,0.92,Very Good,D,SI1,G,VG,1.01,GIA,62.7,58.0,None,None,2008-12-10,4657.0,8.446126742982377,-0.08338160893905101
Round,1.01,Very Good,F,SI2,EX,EX,1.01,GIA,62.7,56.0,None,None,2008-12-11,4657.0,8.446126742982377,0.009950330853168092
Round,1.01,Very Good,F,SI2,VG,VG,1.01,GIA,62.7,57.0,None,None,2008-12-11,4657.0,8.446126742982377,0.009950330853168092
Princess,1.0,Very Good,F,VS1,EX,G,1.04,GIA,74.8,77.0,None,None,2008-12-11,4658.0,8.446341450444287,0.0
Round,1.21,Ideal,F,SI2,EX,EX,1.01,GIA,61.4,58.0,Strong,None,2008-12-10,4659.0,8.446556111816797,0.1906203596086497
Round,1.01,Very Good,D,SI2,VG,VG,1.01,GIA,60.1,62.0,Faint,None,2008-12-10,4660.0,8.446770727119691,0.009950330853168092
Princess,1.02,Good,F,VS2,VG,G,1.08,GIA,75.2,74.0,None,None,2008-12-11,4660.0,8.446770727119691,0.01980262729617973
Emerald,1.03,Good,F,SI1,VG,G,1.46,GIA,70.9,63.0,None,None,2008-12-10,4660.0,8.446770727119691,0.02955880224154443
Emerald,1.03,Very Good,F,SI1,G,G,1.22,GIA,66.4,64.0,None,Small,2008-12-10,4660.0,8.446770727119691,0.02955880224154443
Emerald,0.93,Fair,D,VS1,VG,G,1.36,GIA,66.1,77.0,None,None,2008-12-10,4661.0,8.446985296372741,-0.07257069283483537
Emerald,0.99,Good,F,VS2,G,G,1.37,GIA,68.6,55.0,None,None,2008-12-10,4661.0,8.446985296372741,-0.01005033585350145
Round,1.01,Good,F,SI2,EX,VG,1.01,GIA,62.6,57.0,None,None,2008-12-10,4661.0,8.446985296372741,0.009950330853168092
Round,1.01,Good,F,SI2,VG,VG,1.01,GIA,62.0,63.0,None,Very Small,2008-12-10,4661.0,8.446985296372741,0.009950330853168092
Round,0.75,Ideal,F,IF,VG,EX,1.01,GIA,61.6,60.0,None,None,2008-12-12,4662.0,8.447199819595703,-0.2876820724517809
Princess,0.96,Very Good,E,VS2,EX,G,1.01,GIA,75.0,75.0,None,None,2008-12-11,4662.0,8.447199819595703,-0.040821994520255166
Princess,0.96,Very Good,E,VS2,EX,VG,1.0,GIA,72.1,75.0,None,None,2008-12-11,4662.0,8.447199819595703,-0.040821994520255166
Emerald,1.02,Very Good,E,SI1,VG,G,1.39,GIA,68.7,60.0,None,None,2008-12-10,4662.0,8.447199819595703,0.01980262729617973
Princess,1.03,Good,E,VS2,VG,G,1.11,GIA,76.7,73.0,None,None,2008-12-10,4662.0,8.447199819595703,0.02955880224154443
Round,0.63,Ideal,D,IF,EX,EX,1.01,GIA,62.0,56.0,Strong,None,2008-12-10,4664.0,8.447628728030327,-0.4620354595965587
Round,0.75,Ideal,F,VVS1,EX,EX,1.01,GIA,62.5,53.0,Faint,None,2008-12-10,4664.0,8.447628728030327,-0.2876820724517809
Round,0.75,Ideal,F,VVS1,ID,ID,1.0,AGSL,61.4,55.0,None,None,2008-12-10,4664.0,8.447628728030327,-0.2876820724517809
Round,0.75,Ideal,F,VVS1,EX,EX,1.01,GIA,62.3,55.0,None,None,2008-12-10,4664.0,8.447628728030327,-0.2876820724517809
Round,0.9,Very Good,F,SI1,G,G,1.02,GIA,59.7,59.0,None,Very Small,2008-12-10,4664.0,8.447628728030327,-0.10536051565782628
Princess,1.01,Very Good,E,VS2,VG,VG,1.02,GIA,73.6,70.0,None,None,2008-12-11,4664.0,8.447628728030327,0.009950330853168092
Round,1.02,Very Good,F,SI2,EX,VG,1.01,GIA,60.0,57.0,Medium Blue,None,2008-12-10,4664.0,8.447628728030327,0.01980262729617973
Princess,1.03,Good,D,VS2,VG,G,1.09,GIA,81.7,72.0,None,None,2008-12-11,4664.0,8.447628728030327,0.02955880224154443
Emerald,0.86,Very Good,D,VS1,G,G,1.3,GIA,63.3,68.0,None,Small,2008-12-10,4665.0,8.447843113281444,-0.15082288973458366
Princess,1.04,Very Good,E,VS2,VG,G,1.04,GIA,72.8,75.0,Faint,None,2008-12-10,4667.0,8.448271745949816,0.03922071315328133
Princess,1.02,Good,E,SI1,EX,G,1.01,GIA,75.6,73.0,None,None,2008-12-10,4668.0,8.448485993406447,0.01980262729617973
Round,1.03,Good,E,SI2,EX,EX,1.01,AGSL,62.3,62.0,Very Strong Blue,Pointed,2008-12-10,4669.0,8.448700194970938,0.02955880224154443
Princess,0.9,Good,D,VS1,EX,VG,1.03,GIA,76.8,68.0,None,None,2008-12-10,4670.0,8.448914350662942,-0.10536051565782628
Round,1.0,Very Good,E,SI2,VG,VG,1.01,GIA,60.1,61.0,None,None,2008-12-10,4670.0,8.448914350662942,0.0
Round,1.0,Good,D,SI2,VG,G,1.01,GIA,60.0,63.0,Faint,None,2008-12-11,4670.0,8.448914350662942,0.0
Round,1.01,Very Good,E,SI2,VG,VG,1.01,GIA,63.9,54.0,Faint,None,2008-12-10,4670.0,8.448914350662942,0.009950330853168092
Round,1.01,Ideal,E,SI2,VG,EX,1.01,GIA,62.5,55.0,Faint,None,2008-12-10,4670.0,8.448914350662942,0.009950330853168092
Emerald,1.18,Very Good,E,SI2,VG,G,1.43,GIA,61.8,65.0,None,None,2008-12-10,4672.0,8.449342524508063,0.16551443847757333
Round,1.01,Ideal,D,SI2,VG,G,1.01,GIA,61.2,56.0,Medium,None,2008-12-11,4673.0,8.449556542700426,0.009950330853168092
Round,1.0,Good,E,SI2,G,VG,1.01,GIA,61.0,61.0,None,None,2008-12-10,4674.0,8.449770515098804,0.0
Princess,1.04,Very Good,D,SI1,VG,G,1.04,GIA,70.7,70.0,None,None,2008-12-10,4675.0,8.449984441722787,0.03922071315328133
Round,0.91,Ideal,D,SI1,VG,VG,1.01,GIA,61.5,58.0,Medium Blue,None,2008-12-10,4676.0,8.450198322591959,-0.09431067947124129
Princess,1.01,Good,G,VS1,EX,EX,1.02,GIA,76.6,73.0,None,None,2008-12-10,4676.0,8.450198322591959,0.009950330853168092
Princess,1.01,Very Good,G,VVS2,EX,VG,1.03,GIA,73.8,70.0,None,None,2008-12-10,4676.0,8.450198322591959,0.009950330853168092
Princess,1.07,Good,G,VS2,EX,VG,1.01,GIA,75.2,73.0,None,None,2008-12-10,4676.0,8.450198322591959,0.06765864847381486
Princess,1.0,Very Good,G,VS1,EX,EX,1.05,GIA,74.1,72.0,None,None,2008-12-10,4678.0,8.450625947144124,0.0
Round,0.9,Ideal,G,VS2,VG,VG,1.01,GIA,62.5,57.0,None,None,2008-12-10,4679.0,8.450839690866216,-0.10536051565782628
Emerald,1.0,Very Good,G,VS2,EX,VG,1.34,GIA,69.4,66.0,None,Very Small,2008-12-10,4679.0,8.450839690866216,0.0
Round,1.01,Very Good,I,VS2,VG,VG,1.01,GIA,63.7,58.0,None,None,2008-12-10,4679.0,8.450839690866216,0.009950330853168092
Emerald,1.01,Good,E,VS2,VG,VG,1.29,GIA,70.3,73.0,None,None,2008-12-10,4679.0,8.450839690866216,0.009950330853168092
Emerald,1.01,Very Good,E,VS2,G,G,1.32,GIA,69.6,67.0,None,None,2008-12-10,4679.0,8.450839690866216,0.009950330853168092
Emerald,1.01,Very Good,E,VS2,G,G,1.5,GIA,64.0,68.0,None,None,2008-12-10,4679.0,8.450839690866216,0.009950330853168092
Princess,1.03,Very Good,D,VS2,VG,VG,1.04,GIA,74.3,70.0,None,None,2008-12-10,4679.0,8.450839690866216,0.02955880224154443
Round,0.53,Ideal,D,IF,EX,EX,1.01,GIA,62.3,55.0,None,None,2008-12-11,4680.0,8.451053388911692,-0.6348782724359695
Emerald,1.21,Very Good,D,SI2,EX,G,1.3,GIA,69.6,72.0,Faint,None,2008-12-10,4680.0,8.451053388911692,0.1906203596086497
Round,0.9,Very Good,G,VS2,EX,VG,1.01,GIA,62.1,59.0,None,None,2008-12-12,4681.0,8.45126704130007,-0.10536051565782628
Round,0.91,Ideal,G,SI1,EX,EX,1.0,GIA,61.7,55.0,None,None,2008-12-11,4681.0,8.45126704130007,-0.09431067947124129
Emerald,1.17,Good,D,SI2,VG,G,1.43,GIA,72.2,70.0,Faint,None,2008-12-10,4681.0,8.45126704130007,0.1570037488096647
Princess,1.01,Very Good,E,VS1,EX,VG,1.04,GIA,73.5,73.0,None,None,2008-12-10,4682.0,8.451480648050856,0.009950330853168092
Round,0.9,Good,G,VS1,EX,EX,1.01,GIA,61.2,65.0,None,None,2008-12-10,4683.0,8.451694209183541,-0.10536051565782628
Emerald,1.0,Very Good,E,SI1,G,G,1.18,GIA,66.4,72.0,None,None,2008-12-10,4683.0,8.451694209183541,0.0
Princess,1.01,Good,G,VS2,G,G,1.03,GIA,69.3,81.0,None,None,2008-12-10,4683.0,8.451694209183541,0.009950330853168092
Emerald,1.03,Good,E,SI1,G,G,1.72,GIA,70.5,70.0,None,None,2008-12-10,4683.0,8.451694209183541,0.02955880224154443
Princess,1.07,Very Good,I,IF,EX,VG,1.02,GIA,69.6,75.0,None,None,2008-12-10,4684.0,8.451907724717607,0.06765864847381486
Round,1.09,Ideal,G,SI2,EX,EX,1.0,GIA,59.2,60.0,None,None,2008-12-18,4684.0,8.451907724717607,0.08617769624105241
Princess,1.04,Fair,G,VVS1,VG,G,1.09,GIA,82.5,72.0,None,None,2008-12-10,4685.0,8.452121194672523,0.03922071315328133
Round,1.05,Very Good,I,SI1,EX,EX,1.01,AGSL,62.0,58.0,None,Pointed,2008-12-10,4685.0,8.452121194672523,0.04879016416943205
Round,1.05,Fair,I,SI1,VG,VG,1.01,GIA,57.1,63.0,None,None,2008-12-10,4685.0,8.452121194672523,0.04879016416943205
Round,1.0,Good,G,SI1,EX,VG,1.01,GIA,62.5,63.0,None,None,2008-12-10,4686.0,8.452334619067742,0.0
Princess,1.05,Very Good,G,VS1,EX,G,1.03,GIA,74.8,69.0,None,None,2008-12-10,4686.0,8.452334619067742,0.04879016416943205
Round,0.7,Very Good,D,VVS1,EX,G,1.01,GIA,62.1,55.0,Strong,None,2008-12-11,4687.0,8.452547997922705,-0.35667494393873245
Round,0.9,Very Good,D,SI1,EX,EX,1.01,GIA,62.3,59.0,None,None,2008-12-10,4687.0,8.452547997922705,-0.10536051565782628
Princess,1.0,Good,D,VS2,VG,VG,1.01,GIA,75.5,68.0,None,None,2008-12-11,4687.0,8.452547997922705,0.0
Princess,1.03,Very Good,G,VS1,VG,VG,1.03,GIA,69.5,71.0,Faint,None,2008-12-10,4689.0,8.452974619089586,0.02955880224154443
Round,1.06,Ideal,G,SI2,EX,EX,1.01,GIA,63.0,56.0,None,None,2008-12-10,4689.0,8.452974619089586,0.058268908123975824
Round,1.08,Ideal,I,SI1,VG,VG,1.01,GIA,62.9,56.0,Faint,None,2008-12-10,4689.0,8.452974619089586,0.0769610411361284
Emerald,1.21,Very Good,I,VS1,VG,G,1.83,GIA,66.3,60.0,None,None,2008-12-10,4689.0,8.452974619089586,0.1906203596086497
Round,0.8,Very Good,D,VS1,VG,VG,1.01,GIA,60.5,60.0,None,None,2008-12-11,4690.0,8.453187861440325,-0.2231435513142097
Round,1.01,Ideal,G,SI2,VG,EX,1.01,GIA,62.3,57.0,None,None,2008-12-10,4690.0,8.453187861440325,0.009950330853168092
Round,1.02,Good,I,VS1,VG,VG,1.0,GIA,56.4,62.0,None,None,2008-12-10,4690.0,8.453187861440325,0.01980262729617973
Round,0.93,Very Good,G,VS2,VG,VG,1.01,GIA,60.6,61.0,None,None,2008-12-10,4691.0,8.453401058328458,-0.07257069283483537
Princess,0.94,Very Good,G,VS1,VG,G,1.09,GIA,71.7,71.0,None,None,2008-12-10,4691.0,8.453401058328458,-0.06187540371808753
Round,1.1,Very Good,I,SI1,G,G,1.01,GIA,60.5,63.0,None,None,2008-12-10,4694.0,8.454040376410969,0.09531017980432493
Princess,1.01,Signature-Ideal,I,VS1,EX,EX,1.01,GIA,70.8,69.0,None,None,2008-12-10,4703.0,8.455955881945048,0.009950330853168092
Round,1.01,Good,I,VS1,VG,VG,1.01,GIA,59.7,59.0,None,None,2008-12-10,4703.0,8.455955881945048,0.009950330853168092
Emerald,1.02,Very Good,I,VVS1,EX,VG,1.05,GIA,61.4,67.0,None,None,2008-12-10,4703.0,8.455955881945048,0.01980262729617973
Princess,1.05,Very Good,I,IF,EX,EX,1.02,GIA,69.4,70.0,None,None,2008-12-10,4703.0,8.455955881945048,0.04879016416943205
Round,1.04,Very Good,I,VS2,EX,VG,1.02,GIA,62.4,56.0,Strong,None,2008-12-10,4708.0,8.457018468380168,0.03922071315328133
Emerald,1.05,Signature-Ideal,I,VS1,EX,VG,1.31,GIA,65.9,67.0,None,Small,2008-12-10,4710.0,8.457443187010464,0.04879016416943205
Emerald,1.05,Signature-Ideal,I,VS1,VG,VG,1.3,GIA,66.5,68.0,None,Very Small,2008-12-10,4710.0,8.457443187010464,0.04879016416943205
Round,1.0,Very Good,I,VS2,VG,VG,1.01,GIA,61.8,60.0,None,None,2008-12-17,4716.0,8.458716261657262,0.0
Round,1.01,Very Good,I,VS2,VG,G,1.01,GIA,62.1,61.0,None,Very Small,2008-12-10,4721.0,8.459775920546287,0.009950330853168092
Round,1.05,Ideal,I,SI1,EX,VG,1.01,GIA,62.9,56.0,None,None,2008-12-10,4729.0,8.461469042643875,0.04879016416943205
Round,1.07,Very Good,I,SI1,EX,EX,1.01,GIA,61.4,60.0,None,None,2008-12-10,4729.0,8.461469042643875,0.06765864847381486
Princess,1.2,Good,I,VS1,VG,VG,1.02,GIA,75.7,77.0,None,None,2008-12-10,4729.0,8.461469042643875,0.1823215567939546
Princess,1.01,Very Good,G,VVS2,EX,EX,1.02,GIA,73.8,69.0,None,None,2008-12-10,4758.0,8.467582690862903,0.009950330853168092
Princess,1.01,Very Good,G,VVS2,EX,EX,1.04,GIA,74.8,70.0,None,None,2008-12-10,4758.0,8.467582690862903,0.009950330853168092
Princess,1.01,Very Good,G,VVS2,EX,EX,1.0,GIA,73.7,69.0,None,None,2008-12-10,4758.0,8.467582690862903,0.009950330853168092
Princess,1.01,Very Good,G,VVS2,EX,EX,1.03,GIA,74.2,73.0,None,None,2008-12-10,4758.0,8.467582690862903,0.009950330853168092
Princess,1.01,Very Good,G,VVS2,EX,EX,1.01,GIA,73.1,71.0,None,None,2008-12-10,4758.0,8.467582690862903,0.009950330853168092
Princess,1.01,Very Good,G,VVS2,EX,EX,1.04,GIA,72.5,70.0,Medium Blue,None,2008-12-10,4759.0,8.46779284112111,0.009950330853168092
Round,1.09,Very Good,G,SI2,G,VG,1.01,GIA,63.2,58.0,None,None,2008-12-10,4759.0,8.46779284112111,0.08617769624105241
Round,1.01,Very Good,G,SI2,EX,EX,1.01,GIA,63.0,55.0,None,None,2008-12-11,4762.0,8.468423027046809,0.009950330853168092
Round,1.09,Very Good,G,SI2,EX,EX,1.01,GIA,62.5,60.0,Faint,None,2008-12-10,4762.0,8.468423027046809,0.08617769624105241
Princess,1.03,Very Good,G,VS1,G,G,1.05,GIA,73.6,72.0,None,None,2008-12-11,4763.0,8.46863300080086,0.02955880224154443
Princess,1.01,Very Good,G,VS1,EX,VG,1.05,GIA,71.1,77.0,None,None,2008-12-10,4765.0,8.469052816088302,0.009950330853168092
Emerald,1.21,Very Good,G,SI1,VG,VG,1.4,GIA,67.5,70.0,None,None,2008-12-10,4766.0,8.469262657658687,0.1906203596086497
Emerald,0.92,Very Good,G,VVS1,VG,G,1.36,GIA,67.6,64.0,None,None,2008-12-10,4769.0,8.469891918298224,-0.08338160893905101
Round,0.94,Ideal,G,SI1,EX,EX,1.01,GIA,62.5,55.0,None,None,2008-12-11,4771.0,8.470311205516108,-0.06187540371808753
Princess,1.01,Very Good,G,VS2,EX,G,1.04,GIA,69.7,70.0,None,None,2008-12-10,4772.0,8.470520783217808,0.009950330853168092
Round,0.9,Very Good,G,VVS2,EX,EX,1.01,GIA,63.1,58.0,None,None,2008-12-11,4775.0,8.471149252914831,-0.10536051565782628
Emerald,1.05,Very Good,G,VS1,EX,VG,1.35,GIA,64.1,65.0,None,None,2008-12-10,4776.0,8.471358655072438,0.04879016416943205
Round,1.0,Very Good,G,SI1,VG,VG,1.01,GIA,61.6,53.0,None,None,2008-12-10,4778.0,8.471777327885755,0.0
Emerald,1.01,Fair,G,VS1,EX,VG,1.2,GIA,69.0,78.0,None,Very Small,2008-12-10,4778.0,8.471777327885755,0.009950330853168092
Round,0.77,Ideal,F,VVS1,ID,ID,1.0,AGSL,61.8,55.0,None,None,2008-12-10,4781.0,8.472405008626103,-0.2613647641344075
Princess,1.04,Good,F,VS2,VG,G,1.08,GIA,78.3,72.0,None,None,2008-12-10,4782.0,8.47261414801827,0.03922071315328133
Princess,1.0,Good,F,VS1,VG,G,1.09,GIA,66.1,81.0,None,None,2008-12-11,4787.0,8.473659189392508,0.0
Emerald,1.04,Very Good,F,SI1,EX,VG,1.36,GIA,67.8,69.0,None,Very Small,2008-12-10,4787.0,8.473659189392508,0.03922071315328133
Round,1.01,Very Good,F,SI2,VG,EX,1.0,GIA,61.8,61.0,Faint,None,2008-12-10,4789.0,8.47407690034261,0.009950330853168092
Round,0.9,Very Good,F,VS2,G,VG,1.01,GIA,60.5,60.0,None,None,2008-12-10,4790.0,8.474285690404962,-0.10536051565782628
Round,0.9,Very Good,F,VS2,G,G,1.01,GIA,62.4,58.0,None,None,2008-12-10,4790.0,8.474285690404962,-0.10536051565782628
Round,1.01,Good,H,SI1,EX,EX,1.0,GIA,65.4,57.0,None,None,2008-12-12,4790.0,8.474285690404962,0.009950330853168092
Round,1.05,Ideal,H,SI1,VG,EX,1.01,GIA,60.9,56.0,Faint Blue,None,2008-12-10,4791.0,8.474494436883122,0.04879016416943205
Emerald,1.13,Good,F,SI1,VG,VG,1.31,GIA,70.0,69.0,None,None,2008-12-10,4791.0,8.474494436883122,0.12221763272424911
Round,0.8,Ideal,F,VVS2,EX,EX,1.0,GIA,62.4,55.0,None,None,2008-12-10,4795.0,8.475328987317539,-0.2231435513142097
Princess,1.03,Very Good,H,VVS2,EX,VG,1.05,GIA,71.6,71.0,None,None,2008-12-10,4795.0,8.475328987317539,0.02955880224154443
Round,1.07,Very Good,F,SI2,EX,VG,1.01,AGSL,60.8,58.0,None,Pointed,2008-12-10,4795.0,8.475328987317539,0.06765864847381486
Round,1.0,Ideal,F,SI2,EX,VG,1.02,GIA,60.9,59.0,None,None,2008-12-10,4797.0,8.475746001502063,0.0
Round,1.0,Very Good,F,SI2,EX,EX,1.0,GIA,62.5,59.0,None,None,2008-12-10,4797.0,8.475746001502063,0.0
Princess,1.01,Good,H,IF,G,G,1.08,GIA,68.2,81.0,None,None,2008-12-10,4798.0,8.47595444339964,0.009950330853168092
Round,0.91,Very Good,F,VS2,EX,VG,1.01,GIA,61.8,59.0,None,None,2008-12-10,4799.0,8.476162841858246,-0.09431067947124129
Round,0.91,Very Good,F,VS2,EX,VG,1.01,GIA,62.6,58.0,Medium,None,2008-12-10,4799.0,8.476162841858246,-0.09431067947124129
Emerald,1.02,Very Good,F,SI1,EX,EX,1.38,GIA,63.7,66.0,None,Small,2008-12-10,4799.0,8.476162841858246,0.01980262729617973
Emerald,1.02,Very Good,F,SI1,EX,VG,1.37,GIA,66.5,69.0,None,Very Small,2008-12-10,4799.0,8.476162841858246,0.01980262729617973
Round,1.0,Very Good,H,SI1,VG,G,1.01,GIA,61.2,54.0,None,None,2008-12-10,4802.0,8.4767877767812,0.0
Round,0.95,Very Good,H,VS2,VG,EX,1.0,GIA,62.7,56.0,None,None,2008-12-10,4803.0,8.476996001664824,-0.05129329438755058
Princess,1.09,Good,H,VVS1,VG,VG,1.08,GIA,77.6,70.0,None,None,2008-12-10,4803.0,8.476996001664824,0.08617769624105241
Round,0.88,Good,F,VS1,G,VG,1.01,GIA,63.2,57.0,None,None,2008-12-10,4805.0,8.477412321404392,-0.12783337150988489
Round,1.08,Very Good,H,SI1,EX,VG,1.01,GIA,63.9,55.0,Very Strong Blue,None,2008-12-10,4805.0,8.477412321404392,0.0769610411361284
Round,1.13,Very Good,H,SI2,VG,VG,1.01,GIA,61.6,57.0,None,None,2008-12-10,4805.0,8.477412321404392,0.12221763272424911
Round,0.91,Ideal,F,SI1,EX,EX,1.0,GIA,61.7,55.0,None,None,2008-12-11,4806.0,8.477620416296414,-0.09431067947124129
Princess,1.01,Good,F,VS1,VG,G,1.05,GIA,76.1,78.0,None,None,2008-12-10,4806.0,8.477620416296414,0.009950330853168092
Emerald,1.03,Good,H,IF,EX,VG,1.41,GIA,70.2,70.0,None,Very Small,2008-12-10,4809.0,8.478244441277663,0.02955880224154443
Emerald,1.16,Very Good,H,SI1,G,G,1.51,GIA,66.2,63.0,Strong,Small,2008-12-10,4809.0,8.478244441277663,0.14842000511827322
Emerald,1.04,Good,H,VVS1,EX,VG,1.4,GIA,66.1,74.0,None,Small,2008-12-10,4813.0,8.47907586930311,0.03922071315328133
Round,1.02,Fair,H,SI1,VG,VG,1.01,GIA,56.5,64.0,None,None,2008-12-10,4815.0,8.479491324232226,0.01980262729617973
Round,1.06,Very Good,H,SI2,VG,VG,1.0,GIA,58.4,59.0,None,None,2008-12-10,4816.0,8.479698986988657,0.058268908123975824
Round,1.08,Ideal,H,SI2,ID,ID,1.0,AGSL,61.5,58.0,Negligible,None,2008-12-10,4820.0,8.480529207044645,0.0769610411361284
Round,1.08,Ideal,H,SI2,EX,EX,1.0,GIA,61.9,58.0,None,None,2008-12-10,4820.0,8.480529207044645,0.0769610411361284
Round,0.9,Ideal,H,VS1,ID,ID,1.01,AGSL,62.6,55.0,None,None,2008-12-10,4822.0,8.480944058741116,-0.10536051565782628
Round,0.9,Ideal,H,VS1,ID,ID,1.01,AGSL,62.3,55.0,None,None,2008-12-10,4822.0,8.480944058741116,-0.10536051565782628
Emerald,1.03,Signature-Ideal,H,VS2,EX,EX,1.34,GIA,61.4,68.0,None,Very Small,2008-12-10,4822.0,8.480944058741116,0.02955880224154443
Round,0.91,Ideal,H,VS1,EX,EX,1.0,GIA,61.0,58.0,None,None,2008-12-11,4824.0,8.481358738407021,-0.09431067947124129
Round,0.84,Signature-Ideal,E,VS2,EX,EX,1.01,GIA,61.9,56.0,None,Very Small,2008-12-10,4831.0,8.482808764554406,-0.1743533871447778
Round,1.0,Very Good,E,SI1,VG,G,1.01,GIA,62.9,59.0,Medium,None,2008-12-11,4832.0,8.48301573961465,0.0
Round,1.0,Good,E,SI1,VG,VG,1.01,GIA,57.2,62.0,Faint,None,2008-12-11,4832.0,8.48301573961465,0.0
Round,0.7,Ideal,E,VVS2,VG,VG,1.01,GIA,62.5,55.0,None,None,2008-12-10,4834.0,8.483429561263428,-0.35667494393873245
Round,0.8,Ideal,E,VS1,VG,VG,1.0,GIA,63.1,56.0,None,None,2008-12-17,4836.0,8.483843211734683,-0.2231435513142097
Round,1.08,Very Good,E,SI2,G,G,1.01,GIA,61.9,54.0,Faint,None,2008-12-10,4836.0,8.483843211734683,0.0769610411361284
Round,1.08,Very Good,E,SI2,VG,G,1.01,GIA,60.7,59.0,Medium,None,2008-12-10,4836.0,8.483843211734683,0.0769610411361284
Round,1.05,Ideal,E,SI2,EX,EX,1.01,GIA,62.0,56.0,None,None,2008-12-10,4838.0,8.484256691169973,0.04879016416943205
Round,0.92,Ideal,E,SI1,VG,EX,1.0,GIA,61.8,58.0,None,None,2008-12-10,4840.0,8.484669999710677,-0.08338160893905101
Princess,1.01,Very Good,E,VS1,EX,VG,1.04,GIA,71.7,72.0,Faint,None,2008-12-10,4846.0,8.48590890137647,0.009950330853168092
Princess,1.0,Very Good,E,VS1,G,G,1.02,GIA,71.9,68.0,None,None,2008-12-10,4847.0,8.486115235845377,0.0
Round,0.96,Very Good,E,SI1,VG,VG,1.01,GIA,62.1,59.0,None,None,2008-12-10,4848.0,8.48632152774915,-0.040821994520255166
Round,1.01,Fair,E,SI1,VG,VG,1.01,GIA,66.3,59.0,Medium,None,2008-12-10,4848.0,8.48632152774915,0.009950330853168092
Round,1.01,Good,E,SI1,VG,G,1.01,GIA,66.5,55.0,None,None,2008-12-10,4848.0,8.48632152774915,0.009950330853168092
Round,0.91,Very Good,E,VS2,VG,VG,1.01,GIA,63.8,59.0,None,None,2008-12-10,4851.0,8.486940148245216,-0.09431067947124129
Round,1.01,Good,E,SI1,EX,EX,1.0,GIA,65.5,58.0,None,Very Small,2008-12-11,4855.0,8.487764380725425,0.009950330853168092
Round,1.05,Ideal,E,SI2,VG,VG,1.01,GIA,61.7,56.0,Medium Blue,None,2008-12-10,4856.0,8.487970332739334,0.04879016416943205
Emerald,1.04,Very Good,E,SI1,VG,G,1.44,GIA,62.8,72.0,None,None,2008-12-10,4857.0,8.488176242345745,0.03922071315328133
Emerald,1.04,Very Good,E,SI1,VG,VG,1.51,GIA,62.1,69.0,None,None,2008-12-10,4857.0,8.488176242345745,0.03922071315328133
Emerald,1.02,Good,G,VS2,VG,G,1.53,GIA,66.9,74.0,None,None,2008-12-10,4922.0,8.501470230951002,0.01980262729617973
Emerald,1.02,Fair,G,VS2,VG,G,1.47,GIA,62.2,76.0,None,None,2008-12-10,4922.0,8.501470230951002,0.01980262729617973
Emerald,1.02,Very Good,G,VS2,VG,VG,1.26,GIA,65.2,72.0,None,None,2008-12-10,4922.0,8.501470230951002,0.01980262729617973
Emerald,1.02,Very Good,G,VS2,VG,G,1.57,GIA,69.2,67.0,None,None,2008-12-10,4922.0,8.501470230951002,0.01980262729617973
Emerald,1.02,Good,G,VS2,VG,VG,1.49,GIA,63.5,73.0,None,None,2008-12-10,4922.0,8.501470230951002,0.01980262729617973
Princess,1.06,Very Good,G,VVS2,EX,VG,1.01,GIA,73.1,63.0,None,None,2008-12-10,4923.0,8.5016733797582,0.058268908123975824
Round,0.91,Ideal,G,VS1,ID,ID,1.01,AGSL,61.9,55.0,None,None,2008-12-10,4924.0,8.501876487304344,-0.09431067947124129
Round,0.83,Signature-Ideal,G,VVS1,EX,EX,1.0,GIA,61.3,55.0,None,Very Small,2008-12-10,4925.0,8.502079553606189,-0.18632957819149348
Round,1.05,Ideal,G,SI2,EX,VG,1.01,GIA,61.8,56.0,None,None,2008-12-11,4926.0,8.502282578680484,0.04879016416943205
Round,0.9,Very Good,G,VS2,EX,EX,1.01,GIA,60.8,57.0,None,None,2008-12-10,4927.0,8.502485562543963,-0.10536051565782628
Round,0.9,Ideal,G,VS2,VG,EX,1.01,GIA,62.2,58.0,None,None,2008-12-10,4927.0,8.502485562543963,-0.10536051565782628
Round,0.91,Ideal,G,VS1,VG,VG,1.01,GIA,61.9,58.0,None,None,2008-12-10,4928.0,8.502688505213357,-0.09431067947124129
Round,1.01,Very Good,G,SI2,G,VG,1.0,GIA,58.8,59.0,None,None,2008-12-11,4929.0,8.502891406705377,0.009950330853168092
Round,0.85,Ideal,G,VVS1,EX,EX,1.01,GIA,61.2,56.0,None,Very Small,2008-12-12,4930.0,8.503094267036737,-0.16251892949777494
Round,1.01,Ideal,G,SI1,EX,EX,1.0,GIA,61.2,57.0,None,None,2008-12-18,4930.0,8.503094267036737,0.009950330853168092
Round,1.01,Ideal,G,SI1,EX,EX,1.01,GIA,60.0,60.0,None,None,2008-12-18,4930.0,8.503094267036737,0.009950330853168092
Round,1.06,Very Good,G,SI2,EX,EX,1.01,AGSL,62.7,58.0,None,Pointed,2008-12-10,4930.0,8.503094267036737,0.058268908123975824
Round,1.06,Very Good,G,SI2,VG,EX,1.01,GIA,62.0,57.0,None,None,2008-12-10,4930.0,8.503094267036737,0.058268908123975824
Princess,1.0,Signature-Ideal,G,SI1,EX,VG,1.03,GIA,70.9,69.0,None,None,2008-12-10,4931.0,8.503297086224126,0.0
Round,1.15,Ideal,J,SI1,EX,EX,1.0,GIA,61.8,57.0,Faint,None,2008-12-11,4937.0,8.504513138258863,0.13976194237515863
Round,1.2,Very Good,J,VS2,VG,VG,1.01,GIA,63.5,59.0,None,None,2008-12-10,4938.0,8.504715669905124,0.1823215567939546
Round,1.01,Very Good,I,VS1,EX,VG,1.01,GIA,62.8,59.0,None,None,2008-12-10,4940.0,8.505120610181969,0.009950330853168092
Round,1.03,Ideal,I,VS2,EX,EX,1.01,GIA,61.9,56.0,None,None,2008-12-11,4941.0,8.50532301884575,0.02955880224154443
Round,1.2,Very Good,J,SI1,VG,VG,1.01,GIA,62.8,54.0,Medium,None,2008-12-10,4943.0,8.505727713306959,0.1823215567939546
Round,1.24,Ideal,J,SI2,VG,VG,1.01,GIA,60.5,59.0,Faint,None,2008-12-10,4943.0,8.505727713306959,0.2151113796169455
Princess,1.02,Signature-Ideal,I,VVS2,EX,VG,1.02,GIA,69.0,72.0,None,None,2008-12-10,4950.0,8.507142855562735,0.01980262729617973
Round,1.16,Ideal,I,SI2,EX,EX,1.01,GIA,59.3,60.0,Faint,None,2008-12-10,4951.0,8.507344855361422,0.14842000511827322
Round,1.15,Ideal,J,SI1,EX,EX,1.0,GIA,60.9,59.0,None,None,2008-12-10,4953.0,8.507748732588238,0.13976194237515863
Round,1.09,Ideal,I,VS2,VG,EX,1.0,AGSL,62.0,57.0,None,Pointed,2008-12-10,4957.0,8.508555998020574,0.08617769624105241
Princess,1.21,Very Good,I,VS1,VG,G,1.03,GIA,72.6,76.0,None,None,2008-12-10,4959.0,8.508959386489133,0.1906203596086497
Round,1.05,Very Good,J,VS1,G,G,1.01,GIA,63.7,59.0,Medium Blue,Very Small,2008-12-10,4960.0,8.509161019718974,0.04879016416943205
Princess,1.0,Very Good,E,VS1,VG,VG,1.04,GIA,73.4,73.0,None,None,2008-12-11,4961.0,8.509362612301048,0.0
Emerald,1.01,Fair,F,VS1,EX,VG,1.29,GIA,75.5,72.0,None,None,2008-12-11,4963.0,8.50976567558744,0.009950330853168092
Princess,1.01,Good,E,VS1,G,VG,1.05,GIA,72.5,80.0,None,None,2008-12-10,4964.0,8.509967146324497,0.009950330853168092
Princess,1.01,Good,E,VS1,VG,G,1.05,GIA,81.6,72.0,None,None,2008-12-10,4964.0,8.509967146324497,0.009950330853168092
Round,1.21,Ideal,J,SI2,EX,EX,1.01,GIA,61.0,57.0,None,None,2008-12-11,4964.0,8.509967146324497,0.1906203596086497
Round,1.01,Very Good,I,VS1,VG,VG,1.01,GIA,63.4,59.0,None,None,2008-12-10,4965.0,8.510168576479273,0.009950330853168092
Round,1.01,Ideal,I,VS1,EX,EX,1.01,GIA,61.4,57.0,None,None,2008-12-10,4965.0,8.510168576479273,0.009950330853168092
Round,1.01,Ideal,I,VS1,EX,EX,1.0,GIA,62.2,57.0,None,None,2008-12-10,4965.0,8.510168576479273,0.009950330853168092
Princess,1.07,Very Good,F,VS1,VG,G,1.01,GIA,68.9,74.0,Very Strong Blue,None,2008-12-10,4966.0,8.510369966068112,0.06765864847381486
Round,0.81,Very Good,E,VVS2,VG,EX,1.01,GIA,62.7,57.0,None,None,2008-12-11,4967.0,8.51057131510735,-0.21072103131565253
Round,0.8,Ideal,F,VVS2,EX,EX,1.01,GIA,61.7,56.0,None,None,2008-12-12,4968.0,8.510772623613315,-0.2231435513142097
Round,0.8,Ideal,F,VVS2,EX,EX,1.01,GIA,62.7,57.0,None,None,2008-12-12,4968.0,8.510772623613315,-0.2231435513142097
Round,0.8,Ideal,E,VS1,EX,EX,1.01,GIA,62.5,56.0,Faint,None,2008-12-12,4968.0,8.510772623613315,-0.2231435513142097
Round,0.85,Ideal,F,VS1,EX,EX,1.0,GIA,61.5,58.0,None,None,2008-12-11,4968.0,8.510772623613315,-0.16251892949777494
Round,0.91,Very Good,F,SI1,VG,VG,1.01,GIA,62.4,60.0,None,None,2008-12-10,4968.0,8.510772623613315,-0.09431067947124129
Princess,1.0,Very Good,F,VS2,G,G,1.15,GIA,74.5,76.0,Faint,None,2008-12-10,4968.0,8.510772623613315,0.0
Round,1.04,Ideal,I,SI1,EX,EX,1.0,GIA,61.7,56.0,None,None,2008-12-10,4968.0,8.510772623613315,0.03922071315328133
Round,0.91,Very Good,E,SI1,EX,VG,1.0,GIA,63.5,56.0,Faint,None,2008-12-17,4970.0,8.511175119090675,-0.09431067947124129
Round,1.12,Very Good,E,SI2,VG,EX,1.0,GIA,62.1,59.0,Strong,None,2008-12-10,4970.0,8.511175119090675,0.11332868530700327
Round,1.21,Very Good,J,SI1,EX,VG,1.01,GIA,63.1,56.0,None,None,2008-12-10,4970.0,8.511175119090675,0.1906203596086497
Princess,1.22,Good,I,VVS2,VG,G,1.01,GIA,78.6,72.0,None,None,2008-12-10,4970.0,8.511175119090675,0.19885085874516517
Princess,1.0,Very Good,E,VS2,VG,EX,1.0,GIA,72.8,71.0,None,None,2008-12-10,4973.0,8.511778558714738,0.0
Round,1.03,Ideal,F,SI2,EX,EX,1.0,GIA,61.9,58.0,None,None,2008-12-10,4973.0,8.511778558714738,0.02955880224154443
Round,1.01,Ideal,I,VS1,VG,EX,1.01,GIA,60.8,61.0,None,None,2008-12-11,4974.0,8.51197962436335,0.009950330853168092
Round,1.2,Very Good,J,SI1,VG,G,1.01,GIA,62.8,54.0,Medium,None,2008-12-10,4974.0,8.51197962436335,0.1823215567939546
Round,0.9,Ideal,E,VS2,VG,VG,1.01,GIA,60.4,59.0,None,None,2008-12-10,4975.0,8.512180649592693,-0.10536051565782628
Princess,1.01,Very Good,F,VS1,VG,G,1.06,GIA,71.7,74.0,None,None,2008-12-10,4975.0,8.512180649592693,0.009950330853168092
Princess,1.01,Very Good,E,VS1,VG,G,1.01,GIA,74.6,77.0,None,None,2008-12-10,4977.0,8.512582578858554,0.009950330853168092
Round,1.07,Very Good,F,SI2,VG,VG,1.01,GIA,62.3,58.0,Faint,None,2008-12-10,4977.0,8.512582578858554,0.06765864847381486
Princess,1.2,Good,F,SI1,VG,VG,1.17,GIA,81.9,72.0,None,None,2008-12-10,4977.0,8.512582578858554,0.1823215567939546
Princess,1.03,Very Good,F,VS1,VG,VG,1.03,GIA,72.8,70.0,None,None,2008-12-10,4978.0,8.512783482927537,0.02955880224154443
Round,1.05,Ideal,F,SI2,EX,EX,1.01,GIA,61.1,59.0,Medium,None,2008-12-10,4978.0,8.512783482927537,0.04879016416943205
Emerald,1.41,Very Good,J,VS1,G,G,1.19,GIA,63.8,69.0,Faint,None,2008-12-10,4978.0,8.512783482927537,0.34358970439007686
Princess,1.02,Very Good,E,VS2,G,VG,1.01,GIA,73.3,71.0,None,None,2008-12-10,4979.0,8.512984346642183,0.01980262729617973
Round,1.06,Very Good,F,SI2,EX,EX,1.01,AGSL,61.3,58.0,None,Pointed,2008-12-10,4979.0,8.512984346642183,0.058268908123975824
Round,1.11,Ideal,I,SI1,EX,EX,1.0,GIA,61.1,60.0,None,None,2008-12-10,4979.0,8.512984346642183,0.10436001532424286
Round,1.06,Very Good,J,VS1,VG,EX,1.01,GIA,63.3,59.0,Faint,None,2008-12-10,4980.0,8.513185170018698,0.058268908123975824
Emerald,1.19,Very Good,I,IF,EX,VG,1.36,GIA,68.5,63.0,None,None,2008-12-10,4980.0,8.513185170018698,0.17395330712343798
Emerald,1.5,Very Good,I,SI2,VG,VG,1.53,GIA,62.5,61.0,None,None,2008-12-10,4980.0,8.513185170018698,0.4054651081081644
Round,0.78,Ideal,F,VVS1,EX,EX,1.01,GIA,61.3,58.0,None,None,2008-12-12,4981.0,8.513385953073284,-0.2484613592984996
Princess,1.0,Good,E,VS1,VG,G,1.04,GIA,77.5,69.0,Faint,None,2008-12-11,4981.0,8.513385953073284,0.0
Princess,1.0,Good,E,VS1,VG,G,1.07,GIA,78.4,74.0,None,None,2008-12-11,4981.0,8.513385953073284,0.0
Round,1.04,Very Good,E,SI1,VG,EX,1.01,GIA,62.4,60.0,Very Strong Blue,None,2008-12-10,4981.0,8.513385953073284,0.03922071315328133
Princess,1.06,Very Good,I,IF,EX,EX,1.01,GIA,67.4,72.0,None,None,2008-12-10,4981.0,8.513385953073284,0.058268908123975824
Round,1.15,Ideal,J,VS2,G,VG,1.01,AGSL,62.7,55.2,None,None,2008-12-10,4981.0,8.513385953073284,0.13976194237515863
Round,0.7,Signature-Ideal,E,VVS1,EX,EX,1.01,GIA,61.6,55.0,None,Small,2008-12-10,4982.0,8.513586695822125,-0.35667494393873245
Round,1.02,Very Good,F,SI1,EX,EX,1.0,GIA,61.0,58.0,None,None,2008-12-10,4982.0,8.513586695822125,0.01980262729617973
Round,1.08,Ideal,I,VS2,EX,VG,1.01,GIA,61.5,56.0,None,None,2008-12-10,4982.0,8.513586695822125,0.0769610411361284
Round,1.0,Ideal,I,VS2,EX,VG,1.01,GIA,62.3,56.0,None,None,2008-12-17,4983.0,8.513787398281405,0.0
Princess,1.01,Good,F,VS1,G,G,1.0,GIA,78.6,70.0,None,None,2008-12-10,4983.0,8.513787398281405,0.009950330853168092
Round,1.0,Good,E,SI1,G,G,1.01,GIA,57.9,64.0,None,None,2008-12-10,4984.0,8.51398806046729,0.0
Princess,1.01,Good,F,VS1,VG,G,1.06,GIA,75.8,77.0,None,None,2008-12-11,4984.0,8.51398806046729,0.009950330853168092
Princess,1.01,Very Good,E,VS1,G,G,1.03,GIA,70.9,78.0,None,None,2008-12-11,4984.0,8.51398806046729,0.009950330853168092
Round,1.02,Very Good,F,SI1,VG,VG,1.01,GIA,61.8,57.0,Strong,None,2008-12-10,4985.0,8.514188682395938,0.01980262729617973
Round,1.21,Ideal,J,SI1,VG,VG,1.01,GIA,61.9,57.0,None,None,2008-12-11,4986.0,8.514389264083503,0.1906203596086497
Round,1.03,Ideal,I,SI1,VG,VG,1.01,GIA,62.1,58.0,None,None,2008-12-17,4987.0,8.514589805546123,0.02955880224154443
Emerald,1.03,Good,E,VVS2,VG,VG,1.33,GIA,72.6,67.0,None,None,2008-12-11,4988.0,8.514790306799927,0.02955880224154443
Round,1.24,Very Good,I,SI2,EX,VG,1.01,GIA,63.3,59.0,None,None,2008-12-10,4989.0,8.514990767861038,0.2151113796169455
Round,1.01,Ideal,J,VS2,EX,EX,1.0,GIA,62.5,54.0,None,None,2008-12-10,4991.0,8.515391569469609,0.009950330853168092
Princess,0.9,Very Good,E,VS1,EX,VG,1.01,GIA,72.7,72.0,None,None,2008-12-11,4993.0,8.51579221050061,-0.10536051565782628
Princess,1.04,Very Good,J,VS1,EX,EX,1.01,GIA,70.2,70.0,Faint,None,2008-12-10,4993.0,8.51579221050061,0.03922071315328133
Princess,1.0,Very Good,E,VS2,G,G,1.06,GIA,69.9,67.0,None,None,2008-12-10,4994.0,8.515992470839718,0.0
Round,1.17,Ideal,J,VS1,EX,EX,1.01,GIA,61.4,55.0,None,None,2008-12-10,5004.0,8.517992871586802,0.1570037488096647
Round,1.22,Very Good,J,SI1,VG,VG,1.01,GIA,60.5,57.0,Medium,None,2008-12-10,5008.0,8.518791912779934,0.19885085874516517
Princess,1.0,Good,D,SI1,EX,VG,1.01,GIA,75.1,75.0,None,None,2008-12-10,5016.0,8.520388082312756,0.0
Emerald,0.99,Very Good,D,VS1,VG,G,1.44,GIA,66.0,70.0,None,None,2008-12-10,5017.0,8.520587424484253,-0.01005033585350145
Round,0.74,Ideal,D,VVS1,EX,EX,1.0,GIA,61.6,56.0,None,None,2008-12-10,5018.0,8.520786726926367,-0.3011050927839216
Princess,1.05,Very Good,D,VS2,VG,G,1.05,GIA,71.4,72.0,None,None,2008-12-10,5018.0,8.520786726926367,0.04879016416943205
Round,0.72,Very Good,D,VVS1,VG,VG,1.01,GIA,59.2,59.0,None,None,2008-12-10,5019.0,8.520985989654934,-0.3285040669720361
Round,1.02,Very Good,J,VVS2,EX,EX,1.0,GIA,59.1,62.0,None,None,2008-12-11,5019.0,8.520985989654934,0.01980262729617973
Round,1.23,Very Good,J,SI2,VG,VG,1.01,GIA,62.7,58.0,Faint,None,2008-12-10,5019.0,8.520985989654934,0.20701416938432612
Round,0.96,Good,D,SI1,VG,G,1.0,GIA,58.8,56.0,None,None,2008-12-10,5020.0,8.521185212685776,-0.040821994520255166
Round,0.96,Good,D,SI1,VG,VG,1.02,GIA,59.9,58.0,Faint,None,2008-12-10,5020.0,8.521185212685776,-0.040821994520255166
Round,1.16,Very Good,J,VS2,G,G,1.01,GIA,61.4,58.0,Strong Blue,None,2008-12-10,5021.0,8.521384396034705,0.14842000511827322
Round,1.03,Very Good,D,SI2,EX,EX,1.01,GIA,63.3,58.0,Medium,None,2008-12-10,5022.0,8.52158353971753,0.02955880224154443
Round,0.81,Ideal,D,VS1,VG,VG,1.01,GIA,61.6,59.0,None,None,2008-12-17,5025.0,8.522180732927277,-0.21072103131565253
Emerald,1.13,Very Good,D,SI1,VG,G,1.45,GIA,68.6,71.0,None,None,2008-12-10,5026.0,8.522379718103538,0.12221763272424911
Princess,1.02,Very Good,D,SI1,VG,G,1.05,GIA,69.4,71.0,None,None,2008-12-11,5028.0,8.522777569710138,0.01980262729617973
Emerald,1.0,Good,D,SI1,G,G,1.24,GIA,71.7,72.0,Faint,None,2008-12-11,5030.0,8.523175263093785,0.0
Emerald,1.0,Good,D,VS2,VG,VG,1.51,GIA,71.3,66.0,None,None,2008-12-10,5031.0,8.523374050491318,0.0
Princess,1.05,Very Good,D,SI1,EX,VG,1.0,GIA,75.0,74.0,Medium,None,2008-12-10,5033.0,8.52377150677636,0.04879016416943205
Round,0.83,Ideal,D,VS2,EX,EX,1.01,GIA,62.0,57.0,Faint,None,2008-12-10,5034.0,8.523970175695261,-0.18632957819149348
Round,1.0,Ideal,D,SI2,EX,VG,1.01,GIA,62.2,59.0,Faint,None,2008-12-11,5038.0,8.524764456912555,0.0
Princess,1.01,Very Good,G,VS1,VG,VG,1.03,GIA,71.7,75.0,None,None,2008-12-11,5039.0,8.524962928680598,0.009950330853168092
Round,1.2,Very Good,G,SI2,EX,EX,1.01,GIA,62.5,57.0,Medium Blue,None,2008-12-10,5039.0,8.524962928680598,0.1823215567939546
Round,1.01,Very Good,D,SI2,VG,G,1.01,AGSL,63.0,59.0,None,Pointed,2008-12-10,5040.0,8.525161361065415,0.009950330853168092
Round,1.01,Good,D,SI2,VG,VG,1.01,AGSL,63.0,63.0,Medium Blue,Pointed,2008-12-10,5040.0,8.525161361065415,0.009950330853168092
Emerald,1.0,Very Good,D,SI1,VG,G,1.47,GIA,58.9,65.0,None,None,2008-12-10,5041.0,8.525359754082631,0.0
Princess,1.0,Good,D,VS1,EX,VG,1.04,GIA,81.0,70.0,None,None,2008-12-10,5041.0,8.525359754082631,0.0
Round,1.02,Ideal,G,SI1,EX,EX,1.0,GIA,60.7,58.0,None,None,2008-12-10,5044.0,8.52595469708481,0.01980262729617973
Round,1.02,Ideal,G,SI1,EX,EX,1.0,GIA,60.3,59.0,None,None,2008-12-10,5044.0,8.52595469708481,0.01980262729617973
Round,0.9,Very Good,G,VS2,EX,EX,1.0,GIA,63.0,54.0,Faint,None,2008-12-17,5047.0,8.526549286340263,-0.10536051565782628
Emerald,1.01,Good,G,VVS2,VG,VG,1.52,GIA,69.2,55.0,None,None,2008-12-10,5047.0,8.526549286340263,0.009950330853168092
Princess,1.03,Very Good,G,VS1,G,VG,1.01,GIA,68.8,71.0,None,None,2008-12-10,5052.0,8.527539483470381,0.02955880224154443
Round,1.03,Very Good,G,SI1,G,G,1.0,GIA,61.4,57.0,None,None,2008-12-10,5052.0,8.527539483470381,0.02955880224154443
Round,0.82,Ideal,G,IF,EX,EX,1.01,GIA,60.3,57.0,None,None,2008-12-11,5054.0,8.52793528794814,-0.19845093872383832
Princess,1.0,Very Good,G,VS1,VG,G,1.06,GIA,73.3,77.0,None,None,2008-12-16,5054.0,8.52793528794814,0.0
Princess,1.0,Good,G,VS1,VG,G,1.05,GIA,67.5,81.0,None,None,2008-12-10,5055.0,8.528133131454572,0.0
Princess,1.07,Very Good,G,VS1,G,G,1.1,GIA,74.4,75.0,None,None,2008-12-11,5055.0,8.528133131454572,0.06765864847381486
Emerald,1.05,Good,G,VS2,G,G,1.31,GIA,71.1,61.0,None,None,2008-12-10,5056.0,8.528330935826693,0.04879016416943205
Round,1.1,Ideal,G,SI2,EX,EX,1.0,GIA,62.1,58.0,None,None,2008-12-11,5056.0,8.528330935826693,0.09531017980432493
Princess,1.09,Very Good,G,VS1,VG,G,1.03,GIA,70.6,71.0,None,None,2008-12-10,5057.0,8.528528701079983,0.08617769624105241
Emerald,1.18,Very Good,G,SI1,EX,EX,1.37,GIA,65.1,69.0,Medium Blue,Small,2008-12-10,5058.0,8.52872642722991,0.16551443847757333
Emerald,1.06,Very Good,G,VVS2,VG,VG,1.21,GIA,59.8,71.0,None,None,2008-12-10,5059.0,8.528924114291936,0.058268908123975824
Princess,1.11,Good,G,VS1,VG,G,1.02,GIA,75.3,74.0,None,None,2008-12-10,5061.0,8.529319371214077,0.10436001532424286
Princess,1.12,Very Good,G,VS1,VG,G,1.06,GIA,66.9,76.0,Faint,None,2008-12-10,5061.0,8.529319371214077,0.11332868530700327
Round,1.21,Very Good,J,VS2,VG,G,1.0,GIA,63.5,58.0,Faint,None,2008-12-10,5210.0,8.558335134747413,0.1906203596086497
Round,1.23,Ideal,J,VS2,EX,EX,1.01,GIA,60.4,58.0,Strong,None,2008-12-18,5212.0,8.558718938244736,0.20701416938432612
Round,1.03,Ideal,J,VS1,EX,EX,1.01,GIA,61.8,55.0,Faint,None,2008-12-10,5214.0,8.559102594493448,0.02955880224154443
Round,1.21,Very Good,J,VVS2,EX,EX,1.0,GIA,63.4,58.0,None,None,2008-12-10,5217.0,8.559677803022392,0.1906203596086497
Round,1.0,Ideal,J,VS1,EX,EX,1.0,GIA,62.6,56.0,Medium Blue,None,2008-12-10,5220.0,8.560252680876685,0.0
Round,1.09,Very Good,J,VS1,VG,EX,1.01,GIA,62.4,59.0,Faint,None,2008-12-10,5220.0,8.560252680876685,0.08617769624105241
Round,1.22,Ideal,J,SI1,VG,VG,1.01,GIA,61.2,60.0,Faint,None,2008-12-10,5220.0,8.560252680876685,0.19885085874516517
Round,1.22,Ideal,J,SI1,EX,EX,1.0,GIA,61.4,59.0,Faint,None,2008-12-10,5223.0,8.560827228436299,0.19885085874516517
Round,0.8,Very Good,D,VVS2,VG,G,1.02,GIA,59.3,60.0,None,Very Small,2008-12-11,5227.0,8.561592778712923,-0.2231435513142097
Princess,1.0,Good,D,VS1,G,G,1.07,GIA,75.3,75.0,None,None,2008-12-11,5227.0,8.561592778712923,0.0
Emerald,1.2,Very Good,D,SI1,VG,VG,1.55,GIA,67.3,58.0,None,None,2008-12-10,5229.0,8.56197533418813,0.1823215567939546
Round,1.0,Very Good,J,VVS1,VG,VG,1.01,GIA,62.2,58.0,None,None,2008-12-10,5231.0,8.562357743370612,0.0
Round,1.01,Very Good,D,SI2,G,G,1.0,GIA,59.3,60.0,Medium Blue,None,2008-12-10,5231.0,8.562357743370612,0.009950330853168092
Round,0.59,Ideal,D,IF,ID,ID,1.01,AGSL,60.1,56.0,None,Pointed,2008-12-10,5232.0,8.562548893137034,-0.527632742082372
Round,1.02,Very Good,D,SI2,VG,G,1.02,GIA,63.1,58.0,None,None,2008-12-10,5233.0,8.562740006372207,0.01980262729617973
Round,1.02,Very Good,D,SI2,VG,VG,1.01,GIA,63.5,57.0,Medium,None,2008-12-10,5233.0,8.562740006372207,0.01980262729617973
Round,1.21,Very Good,J,VS1,EX,EX,1.01,GIA,63.2,55.0,Faint,None,2008-12-10,5233.0,8.562740006372207,0.1906203596086497
Round,1.06,Ideal,D,SI2,EX,VG,1.01,GIA,61.3,60.0,Faint,None,2008-12-10,5235.0,8.563122123304638,0.058268908123975824
Round,1.01,Good,D,SI1,EX,EX,1.0,GIA,65.1,57.0,Faint,None,2008-12-11,5239.0,8.56388591940822,0.009950330853168092
Round,0.82,Ideal,D,VS1,EX,EX,1.0,GIA,61.6,55.0,Faint,None,2008-12-11,5241.0,8.564267598802166,-0.19845093872383832
Round,1.2,Very Good,J,VS2,EX,EX,1.01,GIA,59.4,58.0,Medium,None,2008-12-10,5244.0,8.56483984488359,0.1823215567939546
Round,0.6,Ideal,D,IF,VG,VG,1.01,GIA,61.7,57.0,None,None,2008-12-10,5246.0,8.56522116042682,-0.5108256237659907
Round,0.51,Signature-Ideal,D,IF,EX,EX,1.01,GIA,61.8,57.0,None,None,2008-12-10,5252.0,8.566364235422688,-0.6733445532637656
Princess,1.07,Very Good,D,VS2,VG,VG,1.04,GIA,74.3,69.0,None,None,2008-12-11,5254.0,8.566744970245486,0.06765864847381486
Round,1.27,Very Good,J,VS2,VG,VG,1.0,GIA,62.7,58.0,Faint,None,2008-12-10,5256.0,8.567125560164447,0.23901690047049992
Round,0.9,Ideal,D,SI1,VG,VG,1.01,GIA,60.6,59.0,None,None,2008-12-10,5259.0,8.567696173589344,-0.10536051565782628
Round,0.91,Ideal,D,SI1,EX,VG,1.01,GIA,62.3,56.0,None,None,2008-12-11,5259.0,8.567696173589344,-0.09431067947124129
Princess,0.92,Very Good,D,VVS2,EX,VG,1.01,GIA,74.4,73.0,None,None,2008-12-11,5259.0,8.567696173589344,-0.08338160893905101
Emerald,1.11,Very Good,D,SI1,G,G,1.2,GIA,65.7,72.0,Faint,None,2008-12-10,5262.0,8.568266461600238,0.10436001532424286
Round,0.9,Fair,D,VS2,EX,VG,1.01,GIA,63.2,62.0,Faint,None,2008-12-10,5264.0,8.568646473005153,-0.10536051565782628
Round,0.59,Signature-Ideal,D,IF,EX,EX,1.01,GIA,61.5,57.0,Medium Blue,None,2008-12-10,5266.0,8.569026340056254,-0.527632742082372
Round,1.0,Fair,D,SI1,VG,VG,1.01,GIA,65.7,64.0,Medium Blue,None,2008-12-10,5267.0,8.569216219483389,0.0
Round,1.19,Ideal,J,VS2,EX,EX,1.0,GIA,60.7,60.0,None,None,2008-12-10,5269.0,8.569595870209286,0.17395330712343798
Round,1.22,Very Good,J,VS2,VG,EX,1.01,GIA,61.1,61.0,Faint,None,2008-12-10,5269.0,8.569595870209286,0.19885085874516517
Round,1.2,Ideal,J,SI1,EX,EX,1.0,GIA,60.6,59.0,None,None,2008-12-10,5278.0,8.57130251706327,0.1823215567939546
Princess,1.02,Very Good,E,SI1,G,G,1.07,GIA,65.0,73.0,None,None,2008-12-10,5293.0,8.574140471857987,0.01980262729617973
Round,1.24,Ideal,J,VS2,VG,EX,1.01,GIA,62.0,58.0,Faint Blue,None,2008-12-11,5294.0,8.574329382787047,0.2151113796169455
Princess,1.01,Good,E,VS2,EX,G,1.0,GIA,76.7,72.0,None,None,2008-12-11,5295.0,8.574518258035507,0.009950330853168092
Princess,1.01,Very Good,E,VS2,VG,VG,1.01,GIA,68.2,74.0,None,None,2008-12-11,5295.0,8.574518258035507,0.009950330853168092
Round,1.24,Very Good,J,SI1,VG,VG,1.01,GIA,60.9,59.0,None,None,2008-12-10,5300.0,8.575462099540212,0.2151113796169455
Round,0.8,Ideal,E,VVS2,EX,EX,1.01,GIA,61.5,56.0,None,Very Small,2008-12-10,5302.0,8.57583938684897,-0.2231435513142097
Round,1.01,Ideal,F,SI1,EX,VG,1.01,GIA,62.1,58.0,None,None,2008-12-10,5302.0,8.57583938684897,0.009950330853168092
Round,1.01,Very Good,E,SI1,EX,G,1.01,GIA,61.4,56.0,Medium,None,2008-12-10,5302.0,8.57583938684897,0.009950330853168092
Round,0.88,Very Good,E,VS1,VG,VG,1.0,GIA,63.8,56.0,None,None,2008-12-11,5304.0,8.576216531865699,-0.12783337150988489
Round,0.86,Ideal,F,VVS1,VG,VG,1.01,GIA,61.0,59.0,None,None,2008-12-10,5305.0,8.576405051048084,-0.15082288973458366
Princess,1.07,Very Good,F,VS2,VG,VG,1.06,GIA,68.6,71.0,None,None,2008-12-10,5305.0,8.576405051048084,0.06765864847381486
Princess,1.01,Very Good,F,VVS2,VG,EX,1.03,GIA,73.1,72.0,None,None,2008-12-10,5307.0,8.576781982827894,0.009950330853168092
Princess,1.01,Very Good,F,VVS2,VG,EX,1.04,GIA,73.0,70.0,None,None,2008-12-10,5307.0,8.576781982827894,0.009950330853168092
Princess,1.03,Very Good,F,VS1,VG,VG,1.05,GIA,71.1,72.0,None,None,2008-12-10,5308.0,8.576970395452099,0.02955880224154443
Round,0.8,Very Good,E,VVS1,EX,VG,1.02,GIA,63.2,55.0,None,None,2008-12-10,5309.0,8.57715877258367,-0.2231435513142097
Round,1.08,Very Good,F,SI1,VG,G,1.01,GIA,58.2,63.0,Strong Blue,Very Small,2008-12-10,5309.0,8.57715877258367,0.0769610411361284
Princess,1.04,Very Good,F,VS1,VG,G,1.03,GIA,74.2,76.0,None,None,2008-12-10,5311.0,8.577535420422398,0.03922071315328133
Round,1.23,Very Good,J,VS2,EX,EX,1.0,GIA,62.6,59.0,None,None,2008-12-10,5311.0,8.577535420422398,0.20701416938432612
Princess,1.0,Fair,E,VS1,G,G,1.12,GIA,86.0,72.0,Medium Blue,None,2008-12-10,5312.0,8.57772369115627,0.0
Round,0.85,Ideal,E,VVS2,EX,VG,1.01,GIA,60.6,59.0,None,Very Small,2008-12-11,5313.0,8.577911926450943,-0.16251892949777494
Round,1.0,Good,J,VVS2,EX,VG,1.02,GIA,62.3,58.0,Medium,None,2008-12-10,5313.0,8.577911926450943,0.0
Princess,1.01,Very Good,F,VS1,EX,VG,1.04,GIA,74.3,70.0,None,None,2008-12-10,5314.0,8.57810012631976,0.009950330853168092
Round,1.01,Good,F,SI1,VG,VG,1.0,GIA,58.3,62.0,None,None,2008-12-11,5316.0,8.578476419833136,0.009950330853168092
Princess,1.05,Very Good,E,VS2,VG,VG,1.06,GIA,68.0,69.0,Medium,None,2008-12-10,5317.0,8.57866451350434,0.04879016416943205
Round,1.01,Very Good,E,SI2,EX,EX,1.01,GIA,60.9,60.0,None,None,2008-12-11,5320.0,8.57922858233569,0.009950330853168092
Round,1.06,Very Good,F,SI1,VG,G,1.01,GIA,59.6,60.0,Medium,Very Small,2008-12-10,5320.0,8.57922858233569,0.058268908123975824
Round,0.9,Ideal,F,VS2,VG,EX,1.0,GIA,60.8,56.0,None,None,2008-12-10,5321.0,8.579416534596369,-0.10536051565782628
Princess,1.04,Very Good,E,VS1,VG,G,1.04,GIA,68.2,71.0,None,None,2008-12-10,5321.0,8.579416534596369,0.03922071315328133
Princess,1.04,Very Good,E,VS1,VG,G,1.06,GIA,71.1,70.0,None,None,2008-12-10,5321.0,8.579416534596369,0.03922071315328133
Emerald,1.0,Very Good,F,VS1,VG,VG,1.21,GIA,69.4,64.0,None,Small,2008-12-10,5322.0,8.579604451537634,0.0
Princess,1.01,Very Good,F,VS1,G,G,1.05,GIA,70.5,76.0,None,None,2008-12-10,5322.0,8.579604451537634,0.009950330853168092
Round,1.15,Ideal,J,VS2,EX,EX,1.0,GIA,62.0,55.0,Faint,None,2008-12-11,5322.0,8.579604451537634,0.13976194237515863
Round,1.17,Ideal,I,SI2,EX,EX,1.01,GIA,62.3,58.0,None,None,2008-12-11,5323.0,8.579792333172758,0.1570037488096647
Emerald,1.01,Fair,F,VVS1,G,G,1.4,GIA,54.8,72.0,None,None,2008-12-18,5324.0,8.579980179515003,0.009950330853168092
Princess,1.07,Very Good,E,VS2,VG,G,1.1,GIA,73.2,75.0,None,None,2008-12-11,5324.0,8.579980179515003,0.06765864847381486
Round,1.27,Fair,F,SI2,VG,G,1.01,GIA,66.2,60.0,None,None,2008-12-11,5324.0,8.579980179515003,0.23901690047049992
Round,0.81,Ideal,F,VVS1,VG,EX,1.01,GIA,62.8,57.0,None,None,2008-12-12,5325.0,8.580167990577626,-0.21072103131565253
Round,1.0,Good,F,SI1,EX,EX,1.01,GIA,60.0,62.0,Medium,None,2008-12-10,5325.0,8.580167990577626,0.0
Round,0.9,Ideal,E,VS2,VG,EX,1.0,GIA,62.2,58.0,None,None,2008-12-11,5326.0,8.580355766373877,-0.10536051565782628
Round,0.91,Ideal,F,VS2,VG,VG,1.01,GIA,62.0,58.0,None,None,2008-12-10,5327.0,8.580543506917,-0.09431067947124129
Round,1.01,Ideal,I,VS1,VG,VG,1.01,GIA,58.7,58.0,None,Very Small,2008-12-10,5327.0,8.580543506917,0.009950330853168092
Round,1.02,Ideal,I,VS2,EX,EX,1.0,GIA,60.7,57.0,None,None,2008-12-10,5328.0,8.580731212220226,0.01980262729617973
Round,1.02,Ideal,I,VS2,VG,VG,1.01,GIA,59.7,62.0,None,Very Small,2008-12-17,5328.0,8.580731212220226,0.01980262729617973
Emerald,1.23,Fair,I,VVS1,EX,EX,1.34,GIA,65.0,77.0,None,Very Small,2008-12-10,5328.0,8.580731212220226,0.20701416938432612
Round,1.0,Fair,E,SI1,VG,VG,1.01,GIA,60.7,63.0,None,None,2008-12-10,5329.0,8.580918882296782,0.0
Round,1.0,Good,E,SI1,VG,VG,1.01,GIA,65.0,58.0,Strong Blue,None,2008-12-10,5329.0,8.580918882296782,0.0
Round,1.0,Good,E,SI1,G,VG,1.01,GIA,61.1,61.0,None,None,2008-12-10,5330.0,8.58110651715989,0.0
Emerald,1.15,Very Good,E,SI1,VG,G,1.35,GIA,65.7,69.0,None,None,2008-12-10,5331.0,8.581294116822761,0.13976194237515863
Round,1.0,Very Good,I,VS2,EX,EX,1.0,GIA,62.7,58.0,Medium Blue,None,2008-12-12,5332.0,8.5814816812986,0.0
Princess,1.06,Signature-Ideal,I,VVS1,VG,VG,1.05,GIA,70.0,69.0,None,None,2008-12-10,5333.0,8.581669210600602,0.058268908123975824
Round,1.03,Ideal,I,VS2,ID,ID,1.0,AGSL,61.9,54.0,Negligible,Pointed,2008-12-10,5334.0,8.58185670474196,0.02955880224154443
Round,1.03,Ideal,I,VS1,VG,EX,1.01,GIA,63.0,54.0,None,None,2008-12-10,5334.0,8.58185670474196,0.02955880224154443
Round,1.0,Very Good,I,VS1,EX,EX,1.01,GIA,64.1,57.0,None,None,2008-12-12,5336.0,8.58223158759546,0.0
Emerald,1.21,Very Good,I,VS1,EX,EX,1.47,GIA,67.5,69.0,None,Very Small,2008-12-10,5336.0,8.58223158759546,0.1906203596086497
Round,1.26,Very Good,I,SI2,VG,VG,1.01,GIA,63.0,57.0,None,None,2008-12-10,5337.0,8.582418976333944,0.23111172096338664
Round,1.01,Ideal,I,VS1,EX,EX,1.01,GIA,62.1,56.0,None,None,2008-12-10,5338.0,8.58260632996447,0.009950330853168092
Emerald,1.08,Good,I,IF,G,G,1.05,GIA,57.2,60.0,None,Medium,2008-12-10,5347.0,8.584290934948731,0.0769610411361284
Princess,1.06,Signature-Ideal,I,VVS1,EX,EX,1.03,GIA,68.3,69.0,Faint,None,2008-12-10,5349.0,8.58466490653125,0.058268908123975824
Round,1.06,Ideal,I,VS2,EX,EX,1.01,GIA,61.3,58.0,None,None,2008-12-10,5349.0,8.58466490653125,0.058268908123975824
Round,1.07,Ideal,I,SI1,EX,VG,1.01,GIA,61.6,55.0,None,None,2008-12-11,5356.0,8.585972706811063,0.06765864847381486
Emerald,1.2,Very Good,I,VVS1,G,G,1.09,GIA,60.8,72.0,None,None,2008-12-10,5356.0,8.585972706811063,0.1823215567939546
Round,1.2,Very Good,I,SI1,EX,EX,1.0,GIA,62.1,60.0,None,None,2008-12-10,5357.0,8.58615939588096,0.1823215567939546
Round,1.2,Very Good,I,SI1,EX,EX,1.0,GIA,62.8,56.0,None,None,2008-12-10,5357.0,8.58615939588096,0.1823215567939546
Round,1.0,Ideal,E,SI1,EX,VG,1.0,GIA,60.8,55.0,Medium Blue,None,2008-12-10,5403.0,8.594709633844065,0.0
Emerald,1.01,Good,E,VS2,VG,VG,1.21,GIA,74.9,60.0,None,None,2008-12-10,5405.0,8.595079730073309,0.009950330853168092
Emerald,1.01,Very Good,E,VS2,VG,G,1.08,GIA,62.4,60.0,None,None,2008-12-10,5405.0,8.595079730073309,0.009950330853168092
Round,1.28,Ideal,E,SI2,VG,VG,1.01,GIA,61.8,57.0,Strong,None,2008-12-10,5406.0,8.595264726836392,0.2468600779315258
Princess,1.03,Good,E,VS1,VG,G,1.0,GIA,75.9,67.0,None,None,2008-12-11,5407.0,8.595449689382004,0.02955880224154443
Princess,1.02,Good,E,VVS2,VG,G,1.16,GIA,80.1,71.0,None,None,2008-12-10,5412.0,8.59637398929068,0.01980262729617973
Round,1.01,Very Good,E,SI1,EX,VG,1.01,GIA,59.3,59.0,None,None,2008-12-11,5415.0,8.596928159435091,0.009950330853168092
Round,0.9,Very Good,E,VS2,VG,VG,1.0,GIA,60.1,62.0,None,None,2008-12-17,5420.0,8.597851094433691,-0.10536051565782628
Princess,1.01,Good,E,VVS2,VG,VG,1.01,GIA,75.6,71.0,None,None,2008-12-10,5420.0,8.597851094433691,0.009950330853168092
Emerald,1.03,Very Good,E,VVS2,VG,VG,1.34,GIA,69.9,71.0,None,None,2008-12-18,5421.0,8.598035579260339,0.02955880224154443
Princess,0.94,Good,E,VS1,VG,G,1.01,GIA,75.6,74.0,None,None,2008-12-11,5422.0,8.598220030058611,-0.06187540371808753
Round,1.0,Good,E,SI1,G,G,1.01,GIA,61.7,59.0,None,Very Small,2008-12-10,5422.0,8.598220030058611,0.0
Princess,1.01,Very Good,E,VS1,VG,G,1.01,GIA,73.3,65.0,None,None,2008-12-11,5422.0,8.598220030058611,0.009950330853168092
Round,1.0,Very Good,E,SI1,VG,VG,1.02,GIA,59.9,60.0,Faint,None,2008-12-11,5427.0,8.599141774063405,0.0
Emerald,1.02,Very Good,E,SI1,EX,EX,1.32,GIA,65.7,67.0,None,Very Small,2008-12-10,5427.0,8.599141774063405,0.01980262729617973
Round,0.88,Ideal,E,VS1,VG,VG,1.0,GIA,60.7,59.0,None,None,2008-12-12,5434.0,8.600430789986293,-0.12783337150988489
Princess,1.04,Good,E,VS1,EX,VG,1.03,GIA,75.2,74.0,None,None,2008-12-10,5434.0,8.600430789986293,0.03922071315328133
Round,0.81,Ideal,E,VVS1,EX,EX,1.01,GIA,62.2,56.0,None,None,2008-12-10,5436.0,8.600798775271034,-0.21072103131565253
Round,1.05,Ideal,E,SI1,EX,EX,1.0,GIA,61.5,56.0,Medium,None,2008-12-10,5436.0,8.600798775271034,0.04879016416943205
Round,1.13,Ideal,H,SI1,VG,VG,1.01,GIA,60.7,58.0,None,None,2008-12-10,5563.0,8.623892810075294,0.12221763272424911
Round,1.22,Very Good,H,SI2,VG,G,1.01,GIA,63.1,58.0,Faint,None,2008-12-10,5563.0,8.623892810075294,0.19885085874516517
Round,1.21,Good,H,SI2,VG,G,1.02,GIA,62.7,59.0,None,None,2008-12-10,5566.0,8.624431942085836,0.1906203596086497
Round,1.01,Very Good,H,VS1,EX,EX,1.01,GIA,62.1,60.0,None,None,2008-12-12,5579.0,8.626764827845529,0.009950330853168092
Round,1.04,Ideal,H,SI1,ID,ID,1.01,AGSL,61.2,56.4,None,Pointed,2008-12-10,5586.0,8.628018746505122,0.03922071315328133
Emerald,1.01,Good,H,IF,EX,EX,1.37,GIA,70.8,67.0,None,Small,2008-12-10,5589.0,8.628555659269699,0.009950330853168092
Princess,1.09,Very Good,G,VVS2,EX,EX,1.02,GIA,72.6,71.0,None,None,2008-12-10,5589.0,8.628555659269699,0.08617769624105241
Princess,1.19,Good,G,VS1,VG,G,1.01,GIA,75.6,74.0,None,None,2008-12-11,5590.0,8.628734566149145,0.17395330712343798
Round,1.2,Good,H,SI2,EX,EX,1.01,GIA,60.5,61.0,None,None,2008-12-10,5590.0,8.628734566149145,0.1823215567939546
Round,1.2,Very Good,H,SI2,EX,EX,1.01,GIA,62.2,58.0,None,None,2008-12-10,5593.0,8.629271094821588,0.1823215567939546
Princess,1.18,Very Good,G,VS2,EX,VG,1.01,GIA,74.0,71.0,None,None,2008-12-11,5595.0,8.629628620746026,0.16551443847757333
Emerald,1.02,Very Good,G,VS1,G,G,1.34,GIA,68.6,65.0,None,None,2008-12-10,5597.0,8.62998601889136,0.01980262729617973
Emerald,1.02,Very Good,G,VS1,VG,VG,1.06,GIA,63.2,61.0,Medium Blue,Small,2008-12-10,5597.0,8.62998601889136,0.01980262729617973
Emerald,1.15,Fair,G,VS1,G,G,1.51,GIA,76.8,63.0,Medium Blue,None,2008-12-10,5597.0,8.62998601889136,0.13976194237515863
Round,1.16,Very Good,H,SI1,G,VG,1.01,GIA,61.6,59.0,None,None,2008-12-10,5600.0,8.630521876723241,0.14842000511827322
Round,1.2,Ideal,H,SI2,EX,EX,1.0,GIA,62.7,56.0,None,None,2008-12-10,5602.0,8.630878955820053,0.1823215567939546
Round,1.01,Good,H,VS1,VG,EX,1.01,GIA,62.4,64.0,Faint,Very Small,2008-12-10,5603.0,8.631057447565285,0.009950330853168092
Emerald,1.08,Fair,G,VVS2,G,VG,1.27,GIA,61.1,78.0,None,None,2008-12-11,5610.0,8.632305998516742,0.0769610411361284
Princess,1.02,Very Good,G,VVS2,VG,VG,1.0,GIA,66.2,76.0,None,None,2008-12-11,5611.0,8.632484235750972,0.01980262729617973
Princess,1.06,Very Good,G,VVS2,VG,G,1.02,GIA,68.6,75.0,None,None,2008-12-11,5611.0,8.632484235750972,0.058268908123975824
Princess,1.14,Very Good,G,VVS2,VG,EX,1.02,GIA,75.0,73.0,None,None,2008-12-10,5613.0,8.6328406149422,0.131028262406404
Emerald,1.12,Very Good,F,VS2,VG,VG,1.64,GIA,66.8,64.0,None,None,2008-12-10,5614.0,8.633018756921828,0.11332868530700327
Round,1.01,Very Good,H,VS2,EX,EX,1.0,GIA,62.5,56.0,None,None,2008-12-11,5617.0,8.633552992532433,0.009950330853168092
Round,1.06,Ideal,H,SI1,EX,EX,1.01,GIA,62.8,56.0,None,None,2008-12-11,5617.0,8.633552992532433,0.058268908123975824
Round,0.93,Ideal,F,VS2,VG,VG,1.01,GIA,59.9,59.0,None,None,2008-12-10,5619.0,8.633908991112198,-0.07257069283483537
Emerald,1.16,Very Good,F,VS2,G,VG,1.39,GIA,60.2,69.0,None,Small,2008-12-10,5619.0,8.633908991112198,0.14842000511827322
Emerald,1.03,Fair,F,VVS2,G,G,1.37,GIA,76.7,62.0,Strong Blue,None,2008-12-10,5620.0,8.634086942887738,0.02955880224154443
Emerald,1.01,Good,F,VS1,VG,VG,1.25,GIA,73.5,74.0,None,None,2008-12-10,5623.0,8.634620608292202,0.009950330853168092
Round,1.14,Ideal,H,SI1,ID,ID,1.01,AGSL,61.7,58.0,Negligible,None,2008-12-10,5623.0,8.634620608292202,0.131028262406404
Round,1.02,Very Good,H,VS1,VG,VG,1.02,GIA,62.8,58.0,None,None,2008-12-17,5625.0,8.63497622707262,0.01980262729617973
Round,1.03,Very Good,H,VS2,VG,VG,1.01,GIA,63.7,55.0,None,None,2008-12-17,5625.0,8.63497622707262,0.02955880224154443
Round,1.2,Very Good,G,SI1,EX,VG,1.01,GIA,63.3,55.0,None,None,2008-12-10,5625.0,8.63497622707262,0.1823215567939546
Round,1.01,Ideal,G,SI1,EX,EX,1.0,GIA,61.3,56.0,None,None,2008-12-11,5626.0,8.635153989049803,0.009950330853168092
Emerald,1.01,Very Good,F,VVS2,VG,VG,1.36,GIA,65.3,65.0,None,None,2008-12-12,5627.0,8.635331719433278,0.009950330853168092
Princess,1.06,Very Good,F,VVS2,EX,EX,1.02,GIA,74.6,71.0,None,None,2008-12-10,5627.0,8.635331719433278,0.058268908123975824
Round,1.12,Very Good,F,SI2,EX,VG,1.01,GIA,61.9,58.0,None,None,2008-12-11,5627.0,8.635331719433278,0.11332868530700327
Round,1.01,Good,G,VS2,VG,VG,1.0,GIA,58.0,60.0,Strong,None,2008-12-10,5629.0,8.635687085464026,0.009950330853168092
Round,1.01,Good,G,VS2,VG,EX,1.0,GIA,63.5,60.0,Medium,None,2008-12-10,5629.0,8.635687085464026,0.009950330853168092
Round,1.28,Very Good,H,SI2,EX,EX,1.01,GIA,62.8,55.0,None,None,2008-12-10,5629.0,8.635687085464026,0.2468600779315258
Emerald,1.27,Very Good,H,SI1,G,VG,1.25,GIA,67.0,63.0,None,None,2008-12-10,5630.0,8.635864721133736,0.23901690047049992
Princess,1.05,Very Good,G,VVS2,EX,EX,1.02,GIA,71.6,70.0,None,None,2008-12-10,5631.0,8.636042325254618,0.04879016416943205
Round,1.25,Ideal,G,SI2,EX,VG,1.01,GIA,61.4,60.0,Strong,None,2008-12-10,5631.0,8.636042325254618,0.22314355131420976
Princess,1.01,Very Good,G,VVS1,EX,EX,1.04,GIA,72.8,69.0,None,None,2008-12-10,5632.0,8.636219897837877,0.009950330853168092
Princess,1.05,Very Good,F,VS1,VG,VG,1.01,GIA,72.0,69.0,None,None,2008-12-11,5634.0,8.636574948436317,0.04879016416943205
Emerald,1.1,Very Good,F,VS1,VG,VG,1.15,GIA,61.5,64.0,Strong Blue,None,2008-12-10,5638.0,8.637284671674058,0.09531017980432493
Round,1.09,Ideal,G,SI1,EX,EX,1.0,GIA,62.6,55.0,None,None,2008-12-10,5639.0,8.637462023807181,0.08617769624105241
Round,1.2,Very Good,G,SI2,VG,EX,1.0,GIA,59.1,60.0,None,None,2008-12-10,5643.0,8.63817111796914,0.1823215567939546
Princess,1.08,Very Good,F,VS1,EX,EX,1.03,GIA,73.8,66.0,None,None,2008-12-10,5644.0,8.638348312972704,0.0769610411361284
Princess,1.16,Good,F,VS2,VG,VG,1.05,GIA,75.1,74.0,None,None,2008-12-17,5644.0,8.638348312972704,0.14842000511827322
Round,1.16,Ideal,F,SI2,EX,EX,1.0,GIA,61.6,59.0,Medium Blue,Very Small,2008-12-10,5644.0,8.638348312972704,0.14842000511827322
Round,1.0,Good,F,VS2,EX,VG,1.0,GIA,63.9,62.0,None,None,2008-12-11,5645.0,8.638525476583762,0.0
Princess,1.03,Very Good,F,VS1,VG,VG,1.08,GIA,66.7,73.0,Faint,None,2008-12-10,5645.0,8.638525476583762,0.02955880224154443
Princess,1.03,Very Good,F,VS1,VG,VG,1.07,GIA,67.6,74.0,None,None,2008-12-10,5645.0,8.638525476583762,0.02955880224154443
Round,1.02,Very Good,G,VS2,VG,EX,1.01,GIA,62.9,55.0,Strong,None,2008-12-10,5646.0,8.638702608813434,0.01980262729617973
Round,0.91,Ideal,F,VS1,EX,EX,1.01,GIA,62.4,58.0,None,None,2008-12-11,5650.0,8.639410824140487,-0.09431067947124129
Emerald,1.04,Good,F,VVS2,VG,VG,1.26,GIA,72.0,63.0,None,None,2008-12-10,5657.0,8.640648995343156,0.03922071315328133
Round,1.04,Good,E,SI1,VG,VG,1.01,GIA,59.1,61.0,Medium,None,2008-12-10,5668.0,8.64259160081057,0.03922071315328133
Emerald,1.04,Good,E,VVS1,VG,VG,1.39,GIA,70.0,66.0,None,None,2008-12-18,5668.0,8.64259160081057,0.03922071315328133
Emerald,1.28,Very Good,E,SI1,VG,G,1.37,GIA,68.9,69.0,None,None,2008-12-11,5669.0,8.642768014324304,0.2468600779315258
Emerald,1.02,Very Good,E,VVS2,VG,VG,1.5,GIA,63.6,62.0,Faint,Small,2008-12-10,5671.0,8.643120748014027,0.01980262729617973
Princess,1.08,Very Good,E,VS2,EX,VG,1.0,GIA,71.2,71.0,None,None,2008-12-17,5671.0,8.643120748014027,0.0769610411361284
Round,1.0,Good,E,VS2,VG,G,1.02,GIA,60.7,62.0,Medium Blue,None,2008-12-10,5673.0,8.643473357326567,0.0
Round,1.01,Very Good,E,SI1,VG,VG,1.01,GIA,61.5,58.0,None,None,2008-12-11,5675.0,8.643825842349603,0.009950330853168092
Round,0.91,Ideal,E,VS2,VG,VG,1.01,GIA,60.5,58.0,None,None,2008-12-10,5677.0,8.644178203170727,-0.09431067947124129
Round,0.91,Ideal,E,VS2,VG,VG,1.01,GIA,59.6,60.0,None,None,2008-12-10,5677.0,8.644178203170727,-0.09431067947124129
Princess,1.13,Very Good,E,VS1,VG,EX,1.04,GIA,71.7,74.0,None,None,2008-12-10,5688.0,8.646113971483077,0.12221763272424911
Princess,1.02,Good,E,VVS2,VG,G,1.05,GIA,75.1,72.0,None,None,2008-12-10,5689.0,8.646289764750648,0.01980262729617973
Princess,1.02,Good,E,VVS2,VG,VG,1.01,GIA,78.3,76.0,None,None,2008-12-10,5689.0,8.646289764750648,0.01980262729617973
Round,0.82,Ideal,E,VVS1,EX,EX,1.01,GIA,61.8,55.0,Faint,None,2008-12-10,5691.0,8.646641258603124,-0.19845093872383832
Round,1.0,Very Good,E,SI1,G,G,1.0,GIA,61.2,60.0,None,None,2008-12-10,5691.0,8.646641258603124,0.0
Round,1.0,Good,E,SI1,G,G,1.01,GIA,59.8,59.0,Medium Blue,None,2008-12-10,5691.0,8.646641258603124,0.0
Princess,1.05,Very Good,E,VS2,EX,G,1.02,GIA,71.1,71.0,None,None,2008-12-10,5691.0,8.646641258603124,0.04879016416943205
Round,1.0,Very Good,E,SI1,VG,G,1.01,GIA,60.4,61.0,None,None,2008-12-10,5693.0,8.646992628951082,0.0
Round,1.0,Very Good,E,SI1,EX,VG,1.0,GIA,62.8,57.0,None,None,2008-12-10,5693.0,8.646992628951082,0.0
Princess,1.07,Very Good,E,VS1,VG,VG,1.03,GIA,71.5,71.0,None,None,2008-12-10,5695.0,8.647343875881283,0.06765864847381486
Princess,0.91,Signature-Ideal,D,VS2,VG,VG,1.05,GIA,70.0,72.0,None,None,2008-12-10,5706.0,8.649273531773446,-0.09431067947124129
Round,0.75,Signature-Ideal,D,VVS2,EX,EX,1.01,GIA,61.5,56.0,Medium Blue,None,2008-12-10,5707.0,8.649448770536708,-0.2876820724517809
Round,1.01,Very Good,D,SI1,VG,VG,1.0,GIA,63.3,58.0,None,None,2008-12-10,5713.0,8.650499558724462,0.009950330853168092
Round,1.17,Very Good,D,SI2,VG,VG,1.01,GIA,63.4,59.0,Medium,None,2008-12-10,5713.0,8.650499558724462,0.1570037488096647
Emerald,1.59,Very Good,J,VVS2,EX,VG,1.31,GIA,64.9,63.0,None,Very Small,2008-12-10,5713.0,8.650499558724462,0.4637340162321402
Princess,1.02,Very Good,D,VS1,VG,G,1.1,GIA,70.8,72.0,None,None,2008-12-10,5714.0,8.65067458279072,0.01980262729617973
Princess,1.09,Good,D,VS2,VG,VG,1.0,GIA,79.8,66.0,None,None,2008-12-10,5714.0,8.65067458279072,0.08617769624105241
Princess,1.1,Very Good,D,VS1,EX,VG,1.05,GIA,74.4,72.0,None,None,2008-12-17,5714.0,8.65067458279072,0.09531017980432493
Emerald,1.52,Good,J,SI1,EX,G,1.15,GIA,73.1,66.0,None,None,2008-12-10,5714.0,8.65067458279072,0.41871033485818504
Round,0.62,Ideal,D,IF,EX,EX,1.01,GIA,62.8,56.0,None,None,2008-12-11,5718.0,8.651374372882257,-0.4780358009429998
Round,1.05,Ideal,D,SI1,VG,VG,1.01,GIA,62.2,58.0,Strong,None,2008-12-10,5721.0,8.651898894268529,0.04879016416943205
Round,0.92,Very Good,D,VS2,EX,EX,1.0,GIA,62.6,59.0,Faint,None,2008-12-10,5725.0,8.65259782842244,-0.08338160893905101
Round,0.75,Ideal,D,VVS1,VG,VG,1.01,GIA,62.1,57.0,None,None,2008-12-11,5726.0,8.65277248565806,-0.2876820724517809
Round,1.01,Good,D,SI1,EX,VG,1.01,GIA,64.0,57.0,None,None,2008-12-10,5726.0,8.65277248565806,0.009950330853168092
Round,1.19,Ideal,J,VS1,EX,EX,1.01,GIA,61.6,59.0,Faint,None,2008-12-10,5730.0,8.653470809708786,0.17395330712343798
Emerald,1.39,Good,J,IF,VG,VG,1.44,GIA,71.3,61.0,None,Small,2008-12-10,5730.0,8.653470809708786,0.3293037471426003
Round,1.36,Ideal,J,SI2,EX,EX,1.01,GIA,62.6,55.0,Faint,None,2008-12-10,5733.0,8.653994232908383,0.3074846997479607
Princess,1.03,Very Good,D,VVS2,VG,G,1.15,GIA,72.3,72.0,None,None,2008-12-10,5734.0,8.654168646443315,0.02955880224154443
Round,1.13,Ideal,D,SI2,G,G,1.01,GIA,60.1,55.0,Medium Blue,None,2008-12-10,5736.0,8.654517382279456,0.12221763272424911
Round,1.09,Very Good,J,VVS1,VG,VG,1.0,GIA,62.9,59.0,None,None,2008-12-10,5737.0,8.654691704601872,0.08617769624105241
Princess,1.04,Very Good,D,VS2,VG,G,1.12,GIA,73.5,73.0,None,None,2008-12-10,5739.0,8.655040258108363,0.03922071315328133
Round,1.1,Ideal,J,VS1,EX,EX,1.01,GIA,61.0,57.0,Medium,None,2008-12-10,5740.0,8.655214489313613,0.09531017980432493
Princess,1.06,Very Good,D,VS1,EX,VG,1.05,GIA,74.1,71.0,None,None,2008-12-10,5744.0,8.65591111072806,0.058268908123975824
Round,1.18,Ideal,J,VS1,EX,EX,1.01,GIA,60.3,60.0,Medium Blue,None,2008-12-10,5745.0,8.656085190282855,0.16551443847757333
Round,1.06,Very Good,D,SI1,VG,VG,1.01,GIA,61.6,57.0,Medium Blue,None,2008-12-10,5748.0,8.656607247198915,0.058268908123975824
Round,1.1,Ideal,D,SI2,EX,VG,1.01,GIA,62.6,58.0,None,None,2008-12-10,5749.0,8.656781205623291,0.09531017980432493
Round,1.21,Ideal,J,VS1,EX,EX,1.01,GIA,60.9,58.0,None,None,2008-12-10,5750.0,8.656955133791396,0.1906203596086497
Round,0.9,Very Good,D,VS1,EX,EX,1.01,GIA,62.5,59.0,None,None,2008-12-11,5751.0,8.657129031713755,-0.10536051565782628
Round,1.05,Ideal,J,VS1,EX,EX,1.01,GIA,60.5,57.0,None,None,2008-12-17,5751.0,8.657129031713755,0.04879016416943205
Round,1.27,Ideal,J,VS2,EX,EX,1.01,GIA,61.0,56.0,None,None,2008-12-17,5751.0,8.657129031713755,0.23901690047049992
Round,0.66,Ideal,D,IF,VG,VG,1.01,GIA,59.2,60.0,None,None,2008-12-10,5753.0,8.657476736863293,-0.4155154439616658
Round,1.31,Ideal,J,SI1,EX,EX,1.01,GIA,61.6,59.0,None,None,2008-12-10,5754.0,8.657650544111494,0.2700271372130602
Round,1.26,Ideal,J,VS1,EX,EX,1.0,GIA,62.2,57.0,None,None,2008-12-10,5768.0,8.660080678964786,0.23111172096338664
Princess,1.5,Very Good,J,VS2,VG,EX,1.01,GIA,74.5,70.0,None,None,2008-12-10,5771.0,8.660600654710967,0.4054651081081644
Round,1.21,Very Good,J,VS1,VG,VG,1.01,GIA,58.7,61.0,None,None,2008-12-10,5774.0,8.661120360222881,0.1906203596086497
Round,1.21,Very Good,J,VS1,VG,VG,1.01,GIA,63.2,56.0,Faint,None,2008-12-10,5774.0,8.661120360222881,0.1906203596086497
Round,1.27,Ideal,J,SI1,VG,VG,1.01,GIA,59.8,62.0,None,None,2008-12-10,5791.0,8.66406026722579,0.23901690047049992
Round,1.17,Ideal,J,VS1,EX,EX,1.01,GIA,61.5,56.0,None,None,2008-12-17,5806.0,8.666647144584575,0.1570037488096647
Round,1.23,Very Good,J,VS1,VG,VG,1.01,GIA,62.4,59.0,Faint,None,2008-12-10,5809.0,8.667163717992533,0.20701416938432612
Round,1.21,Ideal,J,VS1,EX,EX,1.0,GIA,61.7,59.0,Faint,None,2008-12-10,5824.0,8.669742589876522,0.1906203596086497
Round,1.05,Ideal,G,SI1,EX,VG,1.01,GIA,60.9,58.0,None,None,2008-12-17,5978.0,8.695841342843883,0.04879016416943205
Princess,1.04,Very Good,G,VVS1,EX,EX,1.01,GIA,67.0,70.0,None,None,2008-12-10,5992.0,8.698180525197055,0.03922071315328133
Round,1.1,Ideal,G,SI1,VG,VG,1.0,GIA,59.5,61.0,Faint,None,2008-12-17,5995.0,8.698681067461614,0.09531017980432493
Round,1.04,Very Good,G,SI1,VG,VG,1.01,GIA,61.1,60.0,None,None,2008-12-17,5997.0,8.69901462316851,0.03922071315328133
Round,1.0,Very Good,G,VS1,EX,EX,1.01,GIA,64.1,57.0,Strong Blue,None,2008-12-17,5998.0,8.699181359308954,0.0
Round,1.08,Ideal,G,SI1,EX,EX,1.0,GIA,62.0,56.0,None,None,2008-12-11,6006.0,8.700514248543275,0.0769610411361284
Emerald,1.1,Very Good,G,VS1,EX,EX,1.48,GIA,66.9,69.0,None,Very Small,2008-12-10,6009.0,8.701013624333928,0.09531017980432493
Emerald,1.04,Good,G,VS1,G,G,1.05,GIA,57.4,61.0,None,Medium,2008-12-10,6010.0,8.701180027529253,0.03922071315328133
Princess,1.01,Very Good,G,VVS2,EX,EX,1.06,GIA,69.8,74.0,None,None,2008-12-10,6012.0,8.701512750872865,0.009950330853168092
Emerald,1.02,Fair,G,IF,VG,G,1.6,GIA,77.4,64.0,None,None,2008-12-10,6013.0,8.70167907103957,0.01980262729617973
Princess,1.02,Very Good,G,VVS1,EX,G,1.05,GIA,74.2,74.0,None,None,2008-12-10,6018.0,8.70251025718999,0.01980262729617973
Emerald,1.19,Very Good,G,VS1,G,G,1.32,GIA,69.6,65.0,None,Small,2008-12-10,6022.0,8.70317470904168,0.17395330712343798
Round,1.01,Very Good,G,VS2,EX,G,1.02,GIA,61.5,57.0,Medium,None,2008-12-11,6024.0,8.703506769479729,0.009950330853168092
Round,1.01,Very Good,D,SI1,EX,VG,1.01,GIA,63.2,58.0,Faint,None,2008-12-10,6028.0,8.704170559746386,0.009950330853168092
Round,1.02,Ideal,G,VS2,EX,EX,1.01,GIA,62.0,58.0,None,None,2008-12-12,6031.0,8.704668113450987,0.01980262729617973
Emerald,1.21,Good,D,SI1,VG,VG,1.59,GIA,70.1,62.0,None,None,2008-12-10,6031.0,8.704668113450987,0.1906203596086497
Princess,1.04,Signature-Ideal,G,VS1,VG,VG,1.05,GIA,67.5,69.0,None,None,2008-12-10,6032.0,8.704833909687792,0.03922071315328133
Emerald,1.14,Good,G,VVS2,VG,VG,1.46,GIA,70.9,67.0,Faint,None,2008-12-10,6036.0,8.70549681988774,0.131028262406404
Round,0.77,Very Good,D,VVS1,VG,VG,1.01,GIA,59.7,58.0,Faint,None,2008-12-10,6038.0,8.705828110266784,-0.2613647641344075
Round,1.2,Very Good,G,SI2,EX,EX,1.0,GIA,60.0,61.0,None,None,2008-12-10,6038.0,8.705828110266784,0.1823215567939546
Round,1.2,Very Good,G,SI2,EX,EX,1.0,GIA,59.0,61.0,None,None,2008-12-10,6038.0,8.705828110266784,0.1823215567939546
Round,1.2,Very Good,G,SI2,VG,VG,1.0,GIA,62.4,57.0,Faint,None,2008-12-10,6038.0,8.705828110266784,0.1823215567939546
Round,1.17,Ideal,D,SI2,EX,EX,1.01,GIA,63.0,58.0,Faint,None,2008-12-10,6040.0,8.706159290928861,0.1570037488096647
Emerald,1.39,Very Good,D,SI2,G,G,1.53,GIA,65.8,66.0,None,None,2008-12-10,6044.0,8.70682132339263,0.3293037471426003
Round,0.82,Signature-Ideal,D,VS1,EX,EX,1.0,GIA,61.4,56.0,Faint,None,2008-12-10,6045.0,8.706986763048892,-0.19845093872383832
Round,1.03,Very Good,D,SI1,EX,VG,1.01,GIA,64.5,56.0,Faint,None,2008-12-17,6047.0,8.707317560273212,0.02955880224154443
Emerald,1.28,Good,G,VS1,VG,VG,1.38,GIA,73.1,66.0,None,None,2008-12-10,6047.0,8.707317560273212,0.2468600779315258
Princess,1.01,Very Good,D,VS1,VG,G,1.1,GIA,67.1,76.0,None,None,2008-12-10,6048.0,8.70748291785937,0.009950330853168092
Round,1.01,Good,F,VS2,VG,G,1.02,GIA,63.7,56.0,None,None,2008-12-10,6051.0,8.707978826622321,0.009950330853168092
Round,1.01,Fair,D,SI1,VG,G,1.01,GIA,62.6,57.0,Medium Blue,None,2008-12-10,6051.0,8.707978826622321,0.009950330853168092
Round,1.0,Ideal,F,SI1,EX,EX,1.01,GIA,60.7,58.0,None,None,2008-12-10,6052.0,8.708144074908246,0.0
Round,1.0,Ideal,F,SI1,EX,EX,1.0,GIA,61.6,59.0,None,None,2008-12-10,6052.0,8.708144074908246,0.0
Emerald,1.01,Very Good,F,VVS2,G,G,1.15,GIA,64.1,70.0,None,None,2008-12-10,6053.0,8.708309295891688,0.009950330853168092
Emerald,1.03,Very Good,F,VVS2,VG,G,1.06,GIA,66.1,67.0,Faint,None,2008-12-10,6053.0,8.708309295891688,0.02955880224154443
Round,1.08,Ideal,F,SI1,EX,EX,1.01,GIA,61.4,56.0,None,None,2008-12-10,6053.0,8.708309295891688,0.0769610411361284
Round,0.9,Very Good,D,VS1,EX,VG,1.01,GIA,62.4,57.0,None,None,2008-12-17,6055.0,8.708639655987193,-0.10536051565782628
Round,1.07,Ideal,D,SI1,VG,VG,1.01,GIA,61.9,55.0,Strong,None,2008-12-10,6057.0,8.708969906980947,0.06765864847381486
Round,0.9,Ideal,F,VS1,VG,EX,1.0,GIA,62.1,59.0,Faint,None,2008-12-10,6059.0,8.70930004894499,-0.10536051565782628
Round,1.02,Very Good,D,SI1,VG,VG,1.0,AGSL,61.4,58.0,None,Pointed,2008-12-10,6059.0,8.70930004894499,0.01980262729617973
Round,1.0,Good,F,VS1,VG,VG,1.01,GIA,66.1,55.0,None,None,2008-12-11,6060.0,8.70946507906336,0.0
Round,1.19,Good,F,SI1,VG,G,1.01,GIA,57.6,60.0,Strong Blue,None,2008-12-10,6062.0,8.709795057617749,0.17395330712343798
Round,1.06,Ideal,F,VS2,EX,EX,1.01,GIA,61.7,56.0,Strong Blue,None,2008-12-17,6063.0,8.70996000607173,0.058268908123975824
Round,0.9,Signature-Ideal,D,SI1,EX,EX,1.01,GIA,61.9,55.0,None,None,2008-12-10,6066.0,8.710454688248527,-0.10536051565782628
Princess,1.03,Very Good,D,VVS2,VG,G,1.0,GIA,69.8,71.0,None,None,2008-12-18,6070.0,8.711113884053544,0.02955880224154443
Emerald,1.02,Very Good,D,VS1,EX,VG,1.31,GIA,69.5,67.0,None,None,2008-12-10,6071.0,8.711278615130434,0.01980262729617973
Princess,1.08,Very Good,D,VS1,VG,VG,1.02,GIA,72.8,70.0,None,None,2008-12-17,6071.0,8.711278615130434,0.0769610411361284
Round,0.63,Ideal,D,IF,EX,EX,1.0,GIA,61.4,56.0,None,None,2008-12-11,6072.0,8.711443319075466,-0.4620354595965587
Princess,1.09,Very Good,F,VVS2,EX,G,1.03,GIA,69.0,74.0,None,None,2008-12-17,6075.0,8.711937268208748,0.08617769624105241
Round,0.96,Very Good,D,VS1,EX,EX,1.0,GIA,63.7,57.0,None,None,2008-12-17,6077.0,8.712266432135355,-0.040821994520255166
Round,1.01,Very Good,F,VS2,VG,VG,1.01,GIA,64.1,56.0,None,None,2008-12-10,6079.0,8.712595487748722,0.009950330853168092
Round,0.97,Very Good,F,VS2,EX,VG,1.01,GIA,63.0,56.0,None,None,2008-12-11,6082.0,8.71308886823731,-0.030459207484708574
Princess,1.04,Very Good,F,VVS2,EX,G,1.02,GIA,73.0,73.0,Faint,None,2008-12-10,6082.0,8.71308886823731,0.03922071315328133
Round,1.22,Very Good,F,SI2,VG,VG,1.01,GIA,61.9,57.0,None,None,2008-12-10,6082.0,8.71308886823731,0.19885085874516517
Round,0.96,Very Good,F,VS2,EX,VG,1.01,GIA,63.6,55.0,None,None,2008-12-11,6083.0,8.713253274320705,-0.040821994520255166
Round,0.96,Very Good,F,VS2,EX,EX,1.01,GIA,63.5,55.0,None,None,2008-12-11,6083.0,8.713253274320705,-0.040821994520255166
Round,1.02,Very Good,D,SI1,G,VG,1.01,GIA,62.7,60.0,None,None,2008-12-10,6086.0,8.713746330456916,0.01980262729617973
Round,0.86,Ideal,F,IF,VG,EX,1.0,GIA,62.1,57.0,None,None,2008-12-12,6089.0,8.714239143608575,-0.15082288973458366
Princess,0.91,Signature-Ideal,D,VS2,EX,VG,1.04,GIA,69.7,70.0,Medium Blue,None,2008-12-10,6089.0,8.714239143608575,-0.09431067947124129
Emerald,1.15,Good,F,VVS2,G,G,1.49,GIA,72.9,58.0,None,None,2008-12-11,6092.0,8.714731714015052,0.13976194237515863
Round,1.53,Ideal,J,SI1,EX,EX,1.0,GIA,62.3,55.0,Strong Blue,None,2008-12-17,6114.0,8.71833650245078,0.4252677354043441
Round,1.25,Ideal,J,VS1,VG,VG,1.01,GIA,61.6,58.0,None,None,2008-12-10,6115.0,8.718500048121273,0.22314355131420976
Round,1.32,Ideal,J,VS2,EX,EX,1.01,GIA,61.9,60.0,None,None,2008-12-10,6131.0,8.721113147762688,0.27763173659827955
Round,1.58,Ideal,J,SI2,EX,EX,1.01,GIA,61.8,56.0,None,None,2008-12-10,6132.0,8.721276239991704,0.4574248470388755
Round,1.24,Ideal,J,VS2,EX,EX,1.02,GIA,60.9,55.0,None,None,2008-12-11,6147.0,8.72371943690701,0.2151113796169455
Princess,1.52,Very Good,J,SI1,EX,EX,1.0,GIA,71.4,68.0,None,None,2008-12-10,6163.0,8.726318950962243,0.41871033485818504
Round,1.2,Very Good,J,VVS2,EX,VG,1.01,GIA,60.2,58.0,None,Very Small,2008-12-10,6166.0,8.726805608446096,0.1823215567939546
Round,1.32,Very Good,J,VS2,VG,EX,1.01,AGSL,60.2,60.0,None,Pointed,2008-12-10,6171.0,8.727616178321068,0.27763173659827955
Round,1.23,Very Good,J,VVS2,VG,EX,1.01,GIA,62.0,60.0,Medium,None,2008-12-10,6184.0,8.729720590267258,0.20701416938432612
Round,1.22,Very Good,J,VS1,VG,G,1.01,AGSL,62.3,58.6,Medium Blue,None,2008-12-10,6185.0,8.729882284826589,0.19885085874516517
Round,1.26,Ideal,J,VS2,EX,EX,1.0,GIA,59.5,59.0,None,None,2008-12-10,6187.0,8.73020559553099,0.23111172096338664
Round,1.33,Very Good,J,VS1,VG,EX,1.01,GIA,61.7,55.0,None,None,2008-12-10,6203.0,8.732788324973118,0.28517894223366247
Emerald,1.57,Very Good,J,VS1,G,G,1.09,GIA,69.9,62.0,None,Medium,2008-12-10,6209.0,8.733755131364893,0.45107561936021673
Round,1.23,Ideal,J,VVS2,EX,EX,1.01,GIA,61.6,56.0,None,None,2008-12-17,6223.0,8.736007384569218,0.20701416938432612
Round,1.26,Ideal,J,VVS1,EX,EX,1.01,GIA,62.0,58.0,None,None,2008-12-10,6236.0,8.738094230177667,0.23111172096338664
Emerald,1.77,Very Good,J,VS1,G,G,1.24,GIA,65.8,62.0,None,None,2008-12-10,6258.0,8.741615924228828,0.5709795465857378
Round,1.25,Very Good,J,VS1,VG,VG,1.0,GIA,62.6,59.0,None,None,2008-12-10,6270.0,8.743531633626967,0.22314355131420976
Round,1.34,Ideal,J,VS2,VG,VG,1.01,GIA,61.2,59.0,None,None,2008-12-10,6275.0,8.744328763999984,0.29266961396282004
Round,1.24,Very Good,J,VS1,EX,VG,1.01,AGSL,62.4,59.4,None,Very Small,2008-12-10,6283.0,8.745602852402946,0.2151113796169455
Round,1.39,Very Good,J,SI1,EX,G,1.01,AGSL,59.9,59.0,Medium Blue,Pointed,2008-12-10,6287.0,8.74623928838306,0.3293037471426003
Round,1.01,Good,I,SI1,VG,VG,1.01,GIA,65.1,55.0,None,None,2008-12-10,6293.0,8.747193183526933,0.009950330853168092
Emerald,1.64,Very Good,I,SI2,G,VG,1.26,GIA,59.0,72.0,None,None,2008-12-10,6293.0,8.747193183526933,0.494696241836107
Round,1.31,Very Good,I,SI1,VG,VG,1.01,GIA,62.4,57.0,None,None,2008-12-10,6309.0,8.74973246437081,0.2700271372130602
Princess,1.3,Very Good,I,VVS2,VG,VG,1.04,GIA,73.4,70.0,None,None,2008-12-17,6315.0,8.750683034784592,0.26236426446749106
Round,1.33,Very Good,I,SI1,VG,VG,1.01,GIA,62.6,56.0,None,None,2008-12-10,6324.0,8.752107198329362,0.28517894223366247
Round,1.14,Very Good,I,VS1,G,VG,1.0,GIA,61.6,55.0,None,None,2008-12-10,6325.0,8.752265313595721,0.131028262406404
Round,1.28,Ideal,I,SI1,EX,VG,1.01,GIA,61.6,55.0,None,None,2008-12-10,6332.0,8.753371421000903,0.2468600779315258
Round,1.23,Very Good,I,SI1,EX,VG,1.01,GIA,62.3,58.0,None,None,2008-12-11,6333.0,8.753529336516431,0.20701416938432612
Round,1.22,Ideal,I,VS2,EX,EX,1.0,GIA,61.8,57.0,None,None,2008-12-11,6334.0,8.753687227098585,0.19885085874516517
Princess,1.36,Good,I,VS1,VG,VG,1.1,GIA,81.4,73.0,Medium,None,2008-12-10,6343.0,8.755107121633896,0.3074846997479607
Round,1.22,Very Good,I,VS1,EX,VG,1.01,GIA,61.9,60.0,Faint,None,2008-12-10,6356.0,8.757154527656606,0.19885085874516517
Round,1.02,Very Good,G,VS2,EX,EX,1.01,GIA,62.7,57.0,None,Small,2008-12-11,6373.0,8.759825595314295,0.01980262729617973
Round,1.0,Fair,D,VS2,VG,VG,1.01,GIA,62.2,60.0,None,None,2008-12-11,6374.0,8.759982494977281,0.0
Round,0.97,Ideal,G,VS1,EX,VG,1.01,GIA,61.1,56.0,Faint,None,2008-12-11,6375.0,8.760139370026627,-0.030459207484708574
Round,1.22,Ideal,I,SI1,EX,EX,1.0,GIA,62.3,58.0,None,None,2008-12-10,6375.0,8.760139370026627,0.19885085874516517
Round,1.01,Very Good,D,SI1,EX,VG,1.01,GIA,60.8,61.0,Faint,None,2008-12-11,6376.0,8.760296220470051,0.009950330853168092
Round,1.03,Ideal,D,SI1,EX,EX,1.0,GIA,61.2,57.0,Medium,None,2008-12-11,6377.0,8.760453046315272,0.02955880224154443
Emerald,1.23,Very Good,D,SI1,VG,VG,1.45,GIA,62.6,61.0,None,None,2008-12-18,6378.0,8.760609847570002,0.20701416938432612
Round,0.81,Ideal,D,VVS1,VG,VG,1.01,GIA,60.0,61.0,None,None,2008-12-11,6380.0,8.760923376338836,-0.21072103131565253
Round,0.9,Very Good,G,IF,VG,VG,1.0,GIA,63.9,56.0,Medium Blue,None,2008-12-10,6386.0,8.761863373274727,-0.10536051565782628
Round,1.28,Very Good,I,SI1,G,EX,1.0,GIA,63.6,54.0,None,None,2008-12-10,6386.0,8.761863373274727,0.2468600779315258
Round,1.08,Very Good,I,VVS2,EX,EX,1.02,GIA,60.8,58.0,Strong,None,2008-12-10,6388.0,8.762176509334903,0.0769610411361284
Round,1.06,Ideal,G,VS2,EX,EX,1.0,GIA,62.4,56.0,Medium,None,2008-12-11,6390.0,8.762489547371581,0.058268908123975824
Princess,1.15,Good,D,VS2,VG,G,1.06,GIA,76.9,71.0,None,None,2008-12-10,6392.0,8.76280248744611,0.13976194237515863
Round,1.03,Very Good,G,VS2,VG,VG,1.01,GIA,60.5,57.0,None,Very Small,2008-12-10,6393.0,8.762958920766726,0.02955880224154443
Round,1.03,Very Good,G,VS2,EX,VG,1.01,GIA,62.3,57.0,None,None,2008-12-10,6393.0,8.762958920766726,0.02955880224154443
Round,1.17,Very Good,D,SI2,VG,G,1.0,GIA,60.6,60.0,Faint,None,2008-12-10,6393.0,8.762958920766726,0.1570037488096647
Round,1.06,Ideal,I,VS1,EX,EX,1.0,GIA,61.9,55.0,None,None,2008-12-11,6394.0,8.763115329619787,0.058268908123975824
Princess,1.38,Very Good,I,VS1,VG,G,1.02,GIA,70.2,70.0,None,None,2008-12-10,6394.0,8.763115329619787,0.3220834991691132
Round,0.91,Good,D,VVS2,EX,G,1.01,GIA,64.5,62.0,None,None,2008-12-10,6395.0,8.763271714012943,-0.09431067947124129
Round,1.03,Signature-Ideal,I,VS1,EX,EX,1.0,GIA,61.0,56.0,None,Very Small,2008-12-10,6395.0,8.763271714012943,0.02955880224154443
Round,1.07,Very Good,G,VS2,VG,VG,1.01,GIA,62.7,56.0,Medium,None,2008-12-10,6397.0,8.763584409450138,0.06765864847381486
Round,1.21,Very Good,G,SI1,EX,VG,1.01,GIA,63.4,57.0,None,None,2008-12-10,6397.0,8.763584409450138,0.1906203596086497
Round,1.21,Ideal,I,VS2,EX,EX,1.01,GIA,61.8,58.0,Faint,None,2008-12-10,6398.0,8.763740720509464,0.1906203596086497
Round,1.05,Very Good,D,SI1,EX,G,1.01,GIA,59.3,59.0,None,None,2008-12-10,6399.0,8.76389700713946,0.04879016416943205
Princess,1.07,Very Good,D,VS2,VG,VG,1.02,GIA,70.8,73.0,None,None,2008-12-17,6399.0,8.76389700713946,0.06765864847381486
Emerald,1.02,Good,D,VS2,VG,VG,1.05,GIA,67.4,56.0,Medium Blue,Small,2008-12-10,6400.0,8.764053269347762,0.01980262729617973
Round,1.02,Very Good,D,SI1,VG,VG,1.01,GIA,63.9,56.0,None,None,2008-12-10,6400.0,8.764053269347762,0.01980262729617973
Princess,1.2,Signature-Ideal,I,VVS1,EX,EX,1.05,GIA,67.0,71.0,None,None,2008-12-10,6403.0,8.764521909518802,0.1823215567939546
Round,1.0,Very Good,G,VS1,EX,EX,1.01,GIA,63.1,59.0,None,None,2008-12-10,6404.0,8.764678074116606,0.0
Round,1.02,Very Good,G,VS1,VG,VG,1.01,GIA,63.8,57.0,Faint,None,2008-12-17,6404.0,8.764678074116606,0.01980262729617973
Round,1.08,Signature-Ideal,G,SI1,ID,ID,1.01,AGSL,60.5,57.0,Negligible,Pointed,2008-12-10,6407.0,8.765146421639022,0.0769610411361284
Round,1.53,Very Good,I,SI2,EX,VG,1.01,GIA,60.4,59.0,Faint,None,2008-12-17,6407.0,8.765146421639022,0.4252677354043441
Round,1.01,Good,G,VS2,EX,EX,1.01,GIA,62.7,60.0,None,None,2008-12-10,6408.0,8.765302488748196,0.009950330853168092
Round,1.07,Signature-Ideal,G,SI1,EX,EX,1.0,GIA,61.9,56.0,Faint,None,2008-12-10,6408.0,8.765302488748196,0.06765864847381486
Round,1.04,Ideal,G,VS2,EX,EX,1.0,GIA,62.1,58.0,None,None,2008-12-10,6410.0,8.765614549914716,0.03922071315328133
Round,1.04,Ideal,G,VS2,EX,EX,1.0,GIA,62.1,57.0,None,None,2008-12-10,6410.0,8.765614549914716,0.03922071315328133
Round,1.07,Signature-Ideal,G,SI1,EX,EX,1.0,GIA,61.4,56.0,Medium Blue,None,2008-12-10,6413.0,8.766082459148864,0.06765864847381486
Round,1.06,Signature-Ideal,G,SI1,EX,EX,1.0,GIA,61.9,56.0,None,None,2008-12-10,6416.0,8.766550149546351,0.058268908123975824
Emerald,1.29,Very Good,D,SI2,VG,G,1.46,AGSL,65.4,65.2,None,None,2008-12-10,6417.0,8.766705997750515,0.25464221837358075
Emerald,0.94,Good,D,IF,VG,G,1.25,GIA,67.6,73.0,None,None,2008-12-10,6418.0,8.766861821669803,-0.06187540371808753
Princess,1.2,Very Good,G,VS1,VG,G,1.03,GIA,73.1,76.0,None,None,2008-12-10,6419.0,8.767017621311778,0.1823215567939546
Round,0.92,Ideal,D,VS2,EX,EX,1.0,GIA,62.4,57.0,None,None,2008-12-10,6421.0,8.76732914779405,-0.08338160893905101
Round,1.01,Ideal,F,VS2,EX,EX,1.01,GIA,61.6,56.0,Strong,None,2008-12-10,6426.0,8.768107539675803,0.009950330853168092
Round,0.91,Ideal,F,VVS2,VG,EX,1.0,GIA,61.7,59.0,None,None,2008-12-10,6429.0,8.768574284141687,-0.09431067947124129
Round,0.96,Ideal,G,VS1,EX,EX,1.0,GIA,62.8,58.0,None,None,2008-12-11,6431.0,8.768885326134862,-0.040821994520255166
Round,1.03,Ideal,D,SI1,VG,EX,1.0,GIA,61.7,56.0,Medium,None,2008-12-11,6432.0,8.769040810858803,0.02955880224154443
Round,0.75,Ideal,D,VVS1,EX,EX,1.01,GIA,62.0,55.0,None,None,2008-12-10,6436.0,8.769662508112274,-0.2876820724517809
Round,1.2,Very Good,D,SI2,G,G,1.01,GIA,60.6,62.0,Medium,None,2008-12-10,6438.0,8.769973211858753,0.1823215567939546
Round,1.0,Very Good,F,VS2,VG,VG,1.0,GIA,60.4,59.0,None,None,2008-12-10,6439.0,8.770128527538184,0.0
Round,1.0,Very Good,F,VS2,VG,VG,1.01,GIA,63.3,58.0,None,None,2008-12-10,6439.0,8.770128527538184,0.0
Round,1.21,Very Good,D,SI2,VG,VG,1.01,GIA,60.3,59.0,Faint,None,2008-12-10,6440.0,8.770283819098399,0.1906203596086497
Round,1.01,Ideal,F,SI1,EX,VG,1.01,GIA,62.5,57.0,None,None,2008-12-10,6442.0,8.770594329891145,0.009950330853168092
Emerald,1.02,Signature-Ideal,F,VS1,EX,VG,1.31,GIA,66.0,68.0,None,Very Small,2008-12-10,6448.0,8.771525284186465,0.01980262729617973
Emerald,1.16,Very Good,F,VVS1,G,G,1.08,GIA,68.4,60.0,Strong Blue,Very Small,2008-12-10,6451.0,8.771990436532242,0.14842000511827322
Princess,1.09,Very Good,F,VVS2,VG,G,1.03,GIA,74.1,70.0,None,None,2008-12-10,6453.0,8.77230041793584,0.08617769624105241
Round,1.05,Ideal,F,SI1,VG,VG,1.0,GIA,62.2,59.0,None,None,2008-12-11,6454.0,8.772455372611907,0.04879016416943205
Round,0.9,Very Good,F,VVS2,EX,VG,1.01,GIA,63.3,57.0,None,None,2008-12-10,6460.0,8.773384596776648,-0.10536051565782628
Emerald,1.27,Very Good,F,SI1,VG,G,1.13,GIA,64.9,65.0,None,None,2008-12-10,6465.0,8.774158291205957,0.23901690047049992
Round,1.02,Very Good,F,SI1,VG,VG,1.01,GIA,62.6,55.0,None,None,2008-12-11,6484.0,8.777092882855566,0.01980262729617973
Round,1.0,Very Good,F,VS2,VG,VG,1.01,GIA,62.8,55.0,None,None,2008-12-11,6492.0,8.778325928634482,0.0
Round,1.0,Good,F,VS2,EX,VG,1.0,GIA,63.0,60.0,None,None,2008-12-10,6492.0,8.778325928634482,0.0
Emerald,1.33,Very Good,F,SI1,VG,VG,1.21,GIA,64.3,70.0,None,None,2008-12-10,6492.0,8.778325928634482,0.28517894223366247
Emerald,1.15,Very Good,F,VS1,VG,VG,1.54,GIA,64.4,66.0,None,None,2008-12-11,6493.0,8.778479952508487,0.13976194237515863
Round,1.0,Good,F,VS2,VG,VG,1.01,GIA,64.6,59.0,Faint,None,2008-12-10,6494.0,8.77863395266279,0.0
Princess,1.03,Very Good,F,VVS1,VG,VG,1.05,GIA,71.8,73.0,Faint,None,2008-12-10,6494.0,8.77863395266279,0.02955880224154443
Round,1.01,Very Good,F,VS2,G,VG,1.01,GIA,61.1,57.0,None,Very Small,2008-12-10,6499.0,8.77940359789435,0.009950330853168092
Emerald,1.0,Very Good,E,VVS2,EX,VG,1.43,GIA,61.3,67.0,None,None,2008-12-17,6575.0,8.791029857045965,0.0
Round,1.11,Very Good,E,SI1,EX,EX,1.0,GIA,60.5,61.0,None,None,2008-12-10,6575.0,8.791029857045965,0.10436001532424286
Round,1.2,Ideal,E,SI2,VG,VG,1.01,GIA,62.4,58.0,None,None,2008-12-10,6578.0,8.791486026749002,0.1823215567939546
Round,1.0,Good,E,VS2,VG,VG,1.0,GIA,62.3,60.0,None,None,2008-12-10,6580.0,8.791790024319363,0.0
Emerald,1.09,Very Good,E,VS2,VG,G,1.13,GIA,60.9,71.0,None,Small,2008-12-10,6583.0,8.792245847467877,0.08617769624105241
Princess,1.02,Very Good,E,VS1,G,G,1.06,GIA,69.6,67.0,None,None,2008-12-10,6591.0,8.79346036105272,0.01980262729617973
Round,0.71,Signature-Ideal,E,IF,ID,ID,1.01,AGSL,61.9,56.0,Negligible,Very Small,2008-12-10,6592.0,8.793612071589308,-0.342490308946776
Round,1.02,Very Good,E,VS2,EX,VG,1.01,GIA,59.6,56.0,None,None,2008-12-10,6593.0,8.7937637591133,0.01980262729617973
Round,1.01,Good,E,VS2,VG,VG,1.0,GIA,64.7,59.0,None,None,2008-12-10,6603.0,8.79527937019457,0.009950330853168092
Emerald,1.22,Very Good,E,VS1,VG,G,1.29,GIA,68.2,64.0,None,None,2008-12-10,6605.0,8.795582216956426,0.19885085874516517
Round,0.9,Very Good,E,VVS1,EX,VG,1.02,GIA,62.3,59.0,None,None,2008-12-17,6612.0,8.796641458940915,-0.10536051565782628
Princess,1.14,Very Good,E,VS2,VG,VG,1.01,GIA,68.0,73.0,None,None,2008-12-17,6615.0,8.797095076549056,0.131028262406404
Emerald,1.57,Good,E,SI2,VG,G,1.32,GIA,73.8,66.0,None,None,2008-12-10,6615.0,8.797095076549056,0.45107561936021673
Emerald,1.22,Good,E,VS1,EX,G,1.4,GIA,71.0,69.0,None,None,2008-12-10,6622.0,8.798152718107191,0.19885085874516517
Round,1.02,Very Good,E,VS2,VG,VG,1.01,GIA,63.6,55.0,Strong,None,2008-12-10,6627.0,8.798907492088226,0.01980262729617973
Emerald,1.05,Signature-Ideal,E,VS2,EX,EX,1.35,GIA,63.9,67.0,None,Small,2008-12-10,6630.0,8.799360083179907,0.04879016416943205
Princess,1.05,Very Good,E,VS1,VG,G,1.0,GIA,73.0,70.0,None,None,2008-12-11,6633.0,8.799812469525556,0.04879016416943205
Round,1.01,Very Good,E,VS2,VG,VG,1.01,GIA,61.5,61.0,Medium,None,2008-12-11,6635.0,8.800113946766308,0.009950330853168092
Round,1.52,Very Good,J,SI2,VG,VG,1.01,GIA,62.9,57.0,None,None,2008-12-18,6636.0,8.800264651310336,0.41871033485818504
Round,1.01,Ideal,E,SI1,VG,EX,1.01,GIA,60.5,58.0,None,None,2008-12-11,6639.0,8.80071662871916,0.009950330853168092
Princess,1.2,Very Good,D,SI1,G,G,1.03,GIA,73.4,76.0,None,None,2008-12-10,6642.0,8.801168401936692,0.1823215567939546
Round,1.19,Ideal,J,VVS1,EX,EX,1.01,GIA,61.9,57.0,None,None,2008-12-11,6643.0,8.80131894766524,0.17395330712343798
Round,1.01,Good,D,VS2,VG,VG,1.01,GIA,64.7,56.0,None,None,2008-12-10,6649.0,8.802221746402456,0.009950330853168092
Emerald,1.72,Good,J,VS1,VG,G,1.34,GIA,73.7,62.0,None,None,2008-12-10,6649.0,8.802221746402456,0.5423242908253617
Round,1.2,Very Good,D,SI2,EX,EX,1.01,GIA,62.5,58.0,Medium,None,2008-12-10,6655.0,8.803123730829212,0.1823215567939546
Emerald,1.01,Very Good,D,VVS1,VG,EX,1.44,GIA,68.2,60.0,None,None,2008-12-18,6657.0,8.803424211600703,0.009950330853168092
Emerald,1.68,Good,J,VVS2,VG,VG,1.3,GIA,70.9,71.0,None,None,2008-12-10,6661.0,8.804024902413179,0.5187937934151675
Round,1.49,Very Good,J,SI1,G,G,1.01,GIA,63.2,60.0,None,None,2008-12-10,6664.0,8.804475183846678,0.3987761199573678
Round,0.72,Signature-Ideal,D,VVS1,EX,EX,1.01,GIA,61.8,56.0,None,None,2008-12-10,6666.0,8.804775258867686,-0.3285040669720361
Princess,1.14,Very Good,D,VS1,VG,G,1.06,GIA,71.9,69.0,None,None,2008-12-10,6668.0,8.805075243870684,0.131028262406404
Emerald,1.57,Good,J,VVS2,VG,VG,1.32,GIA,73.2,66.0,None,None,2008-12-10,6668.0,8.805075243870684,0.45107561936021673
Round,1.26,Ideal,J,VS1,EX,EX,1.01,GIA,62.2,58.0,None,None,2008-12-11,6669.0,8.805225202632306,0.23111172096338664
Round,1.32,Good,J,VS1,VG,G,1.01,AGSL,62.6,62.0,None,Very Small,2008-12-10,6669.0,8.805225202632306,0.27763173659827955
Round,1.2,Ideal,D,SI2,VG,VG,1.01,GIA,59.2,60.0,None,None,2008-12-17,6677.0,8.806424063857868,0.1823215567939546
Round,1.33,Ideal,J,VS1,VG,EX,1.01,GIA,62.5,58.0,None,None,2008-12-11,6680.0,8.806873266530692,0.28517894223366247
Princess,1.62,Very Good,J,VS1,EX,EX,1.01,GIA,64.5,74.0,None,None,2008-12-10,6680.0,8.806873266530692,0.4824261492442928
Emerald,1.37,Very Good,D,VS2,VG,G,1.33,GIA,69.0,64.0,Medium Blue,None,2008-12-11,6689.0,8.808219665118408,0.3148107398400336
Round,0.82,Ideal,D,VVS1,EX,VG,1.01,GIA,60.1,59.0,None,None,2008-12-11,6690.0,8.808369153122275,-0.19845093872383832
Princess,1.68,Very Good,J,VS1,EX,VG,1.03,GIA,74.9,69.0,Faint,None,2008-12-10,6696.0,8.80926561216931,0.5187937934151675
Emerald,1.69,Very Good,J,VS1,EX,EX,1.39,GIA,68.1,62.0,None,None,2008-12-10,6703.0,8.810310466357958,0.5247285289349821
Round,1.39,Very Good,J,VS2,VG,EX,1.01,GIA,60.7,60.0,None,None,2008-12-10,6704.0,8.810459642161918,0.3293037471426003
Round,1.21,Very Good,D,SI2,VG,VG,1.0,GIA,60.8,57.0,None,None,2008-12-10,6706.0,8.810757927026174,0.1906203596086497
Round,1.21,Very Good,D,SI2,VG,G,1.01,GIA,60.9,58.0,None,None,2008-12-10,6706.0,8.810757927026174,0.1906203596086497
Round,1.21,Very Good,D,SI2,VG,VG,1.01,GIA,62.8,58.0,None,None,2008-12-10,6706.0,8.810757927026174,0.1906203596086497
Round,1.2,Good,D,SI2,G,VG,1.0,GIA,58.4,61.0,Medium,None,2008-12-10,6712.0,8.811652248147043,0.1823215567939546
Round,1.14,Very Good,D,SI1,EX,VG,1.01,GIA,60.8,56.0,Medium,None,2008-12-10,6720.0,8.812843433517195,0.131028262406404
Round,1.51,Good,J,VS2,EX,VG,1.01,GIA,62.3,64.0,None,None,2008-12-10,6725.0,8.81358720447004,0.412109650826833
Round,1.38,Ideal,J,VS2,VG,EX,1.01,GIA,61.6,59.0,None,None,2008-12-10,6733.0,8.814776088545281,0.3220834991691132
Princess,1.51,Very Good,J,IF,VG,G,1.04,GIA,72.0,76.0,None,None,2008-12-10,6735.0,8.815073088844464,0.412109650826833
Round,1.21,Ideal,J,VVS1,VG,EX,1.01,GIA,62.1,60.0,Medium,None,2008-12-10,6740.0,8.815815203906352,0.1906203596086497
Princess,1.09,Very Good,G,VVS2,EX,VG,1.02,GIA,68.5,70.0,None,None,2008-12-10,6741.0,8.815963560853438,0.08617769624105241
Princess,1.09,Very Good,G,VVS2,EX,VG,1.01,GIA,68.3,69.0,None,None,2008-12-10,6741.0,8.815963560853438,0.08617769624105241
Princess,1.23,Very Good,G,VS1,VG,G,1.01,GIA,72.4,76.0,Faint,None,2008-12-10,6741.0,8.815963560853438,0.20701416938432612
Round,1.0,Very Good,G,VS1,VG,VG,1.01,GIA,63.9,60.0,None,None,2008-12-10,6742.0,8.816111895794005,0.0
Round,1.0,Very Good,G,VS1,VG,VG,1.01,GIA,59.8,63.0,None,None,2008-12-10,6742.0,8.816111895794005,0.0
Round,1.0,Very Good,G,VS1,EX,VG,1.01,GIA,61.0,62.0,None,None,2008-12-10,6742.0,8.816111895794005,0.0
Round,1.23,Very Good,G,SI1,EX,VG,1.0,GIA,63.2,56.0,Faint,None,2008-12-11,6743.0,8.816260208734581,0.20701416938432612
Round,1.52,Very Good,J,SI2,G,VG,1.01,GIA,62.9,60.0,None,None,2008-12-10,6747.0,8.816853240627426,0.41871033485818504
Round,1.04,Very Good,G,VS1,EX,VG,1.01,GIA,61.9,59.0,None,None,2008-12-17,6748.0,8.817001443665859,0.03922071315328133
Round,0.79,Signature-Ideal,D,VVS2,ID,ID,1.01,AGSL,61.3,55.0,None,Pointed,2008-12-10,6752.0,8.817594036275793,-0.23572233352106983
Princess,1.11,Good,G,IF,VG,G,1.08,GIA,70.2,79.0,None,None,2008-12-10,6752.0,8.817594036275793,0.10436001532424286
Princess,1.2,Signature-Ideal,G,SI1,EX,EX,1.01,GIA,68.0,72.0,None,None,2008-12-10,6754.0,8.817890200945513,0.1823215567939546
Round,0.9,Very Good,G,IF,EX,EX,1.01,GIA,63.0,60.0,None,None,2008-12-10,6755.0,8.818038250394299,-0.10536051565782628
Round,1.0,Good,D,VS2,EX,EX,1.01,GIA,62.3,61.0,None,None,2008-12-11,6755.0,8.818038250394299,0.0
Round,1.01,Ideal,G,VS1,EX,VG,1.01,GIA,62.5,58.0,None,None,2008-12-12,6755.0,8.818038250394299,0.009950330853168092
Emerald,1.06,Very Good,D,VS2,G,G,1.46,GIA,69.9,58.0,None,None,2008-12-10,6760.0,8.81877816903701,0.058268908123975824
Emerald,1.06,Good,D,VVS1,VG,G,1.32,GIA,71.8,72.0,Medium,None,2008-12-11,6762.0,8.819073983267831,0.058268908123975824
Round,1.34,Very Good,J,VS1,G,VG,1.02,AGSL,61.7,59.0,None,Very Small,2008-12-10,6763.0,8.81922185757494,0.29266961396282004
Emerald,1.6,Very Good,J,SI1,G,G,1.23,GIA,66.1,68.0,Strong,Very Small,2008-12-10,6763.0,8.81922185757494,0.47000362924573563
Princess,1.22,Good,G,VS1,VG,VG,1.08,GIA,75.8,72.0,None,None,2008-12-11,6765.0,8.819517540604888,0.19885085874516517
Round,1.07,Very Good,G,VS2,G,VG,1.01,GIA,58.6,60.0,None,None,2008-12-10,6767.0,8.819813136232225,0.06765864847381486
Emerald,1.22,Very Good,D,SI1,EX,VG,1.38,GIA,67.5,67.0,None,Very Small,2008-12-10,6768.0,8.81996090128606,0.19885085874516517
Princess,1.24,Good,D,VS2,VG,VG,1.1,GIA,75.7,72.0,None,None,2008-12-10,6769.0,8.820108644508608,0.2151113796169455
Emerald,1.16,Very Good,G,VVS1,G,G,1.34,GIA,65.1,57.0,None,Very Small,2008-12-10,6771.0,8.820404065485645,0.14842000511827322
Round,1.03,Ideal,G,VS2,VG,VG,1.01,GIA,61.4,57.0,None,None,2008-12-10,6782.0,8.822027322685583,0.02955880224154443
Round,1.03,Ideal,G,VS2,VG,EX,1.01,GIA,60.6,58.0,Faint,None,2008-12-17,6782.0,8.822027322685583,0.02955880224154443
Round,1.03,Very Good,G,VS2,VG,VG,1.01,GIA,59.1,60.0,None,None,2008-12-17,6782.0,8.822027322685583,0.02955880224154443
Princess,1.11,Signature-Ideal,G,VS1,EX,EX,1.05,GIA,69.1,70.0,None,None,2008-12-10,6782.0,8.822027322685583,0.10436001532424286
Round,1.0,Very Good,H,VS1,EX,EX,1.0,GIA,60.9,59.0,None,None,2008-12-10,6953.0,8.846928500099018,0.0
Round,1.4,Very Good,H,SI2,G,EX,1.0,AGSL,62.2,58.0,None,Pointed,2008-12-10,6961.0,8.848078421168667,0.3364722366212129
Round,1.2,Ideal,H,SI1,EX,EX,1.0,GIA,62.3,56.0,None,None,2008-12-11,6966.0,8.848796450925947,0.1823215567939546
Round,1.22,Ideal,H,SI1,EX,EX,1.01,GIA,62.6,55.0,None,None,2008-12-10,6978.0,8.85051762174672,0.19885085874516517
Round,1.07,Signature-Ideal,H,VS2,EX,EX,1.0,GIA,61.7,56.0,Faint,None,2008-12-10,6981.0,8.850947451970402,0.06765864847381486
Round,1.13,Ideal,H,VS1,VG,VG,1.01,GIA,62.4,57.0,None,None,2008-12-10,6984.0,8.851377097519439,0.12221763272424911
Round,1.28,Very Good,H,VS2,VG,VG,1.01,GIA,61.9,59.0,None,None,2008-12-10,6987.0,8.85180655855245,0.2468600779315258
Princess,0.94,Signature-Ideal,D,VS1,VG,VG,1.03,GIA,68.7,69.0,None,None,2008-12-10,6988.0,8.851949671253948,-0.06187540371808753
Round,1.23,Ideal,D,SI2,EX,EX,1.0,GIA,62.2,57.0,Faint,None,2008-12-10,6989.0,8.85209276347713,0.20701416938432612
Emerald,1.5,Fair,D,SI1,VG,G,1.3,GIA,77.2,73.0,Strong,None,2008-12-10,6990.0,8.852235835227855,0.4054651081081644
Round,1.23,Very Good,H,SI1,VG,G,1.01,GIA,59.7,60.0,None,Very Small,2008-12-10,6993.0,8.852664927703866,0.20701416938432612
Round,1.22,Very Good,D,SI2,VG,VG,1.01,GIA,59.0,60.0,None,None,2008-12-10,6996.0,8.853093836138493,0.19885085874516517
Round,1.12,Ideal,H,VS1,EX,EX,1.0,GIA,61.2,56.0,Faint,None,2008-12-11,6997.0,8.853236764745898,0.11332868530700327
Round,1.07,Ideal,H,VS1,VG,VG,1.01,GIA,61.0,57.0,None,None,2008-12-11,6998.0,8.853379672927634,0.06765864847381486
Round,1.07,Ideal,H,VS1,VG,EX,1.0,GIA,61.2,57.0,None,None,2008-12-10,6998.0,8.853379672927634,0.06765864847381486
Round,1.22,Ideal,D,SI2,EX,VG,1.01,GIA,62.2,59.0,None,None,2008-12-10,7002.0,8.85395110151461,0.19885085874516517
Round,1.02,Ideal,H,VVS1,VG,VG,1.01,GIA,61.7,57.0,None,None,2008-12-10,7004.0,8.854236693405742,0.01980262729617973
Princess,1.54,Good,H,VS1,VG,VG,1.13,GIA,76.2,72.0,Strong,None,2008-12-10,7006.0,8.854522203757432,0.43178241642553783
Emerald,1.18,Fair,D,VVS2,G,G,1.34,GIA,77.4,67.0,None,None,2008-12-11,7008.0,8.854807632616227,0.16551443847757333
Round,1.21,Very Good,H,VS2,EX,EX,1.01,GIA,58.8,60.0,None,None,2008-12-11,7010.0,8.855092980028635,0.1906203596086497
Round,1.0,Very Good,D,VS2,VG,VG,1.01,GIA,62.7,60.0,Medium,None,2008-12-10,7011.0,8.855235623206967,0.0
Round,1.18,Ideal,H,VS1,VG,EX,1.02,GIA,61.2,59.0,None,None,2008-12-12,7015.0,8.855805992536562,0.16551443847757333
Round,1.27,Very Good,D,SI2,VG,VG,1.01,GIA,61.4,59.0,None,None,2008-12-10,7015.0,8.855805992536562,0.23901690047049992
Round,1.01,Ideal,H,VS1,EX,EX,1.0,GIA,62.1,55.0,None,None,2008-12-11,7017.0,8.85609105525229,0.009950330853168092
Round,1.16,Very Good,H,VS1,EX,EX,1.01,GIA,62.6,59.0,Faint,None,2008-12-10,7017.0,8.85609105525229,0.14842000511827322
Round,0.9,Very Good,D,VVS1,VG,G,1.01,GIA,64.0,57.0,None,None,2008-12-17,7018.0,8.85623355614316,-0.10536051565782628
Emerald,1.12,Very Good,D,VS1,VG,VG,1.36,GIA,68.4,65.0,Faint,None,2008-12-11,7019.0,8.856376036730422,0.11332868530700327
Round,1.34,Very Good,G,SI2,EX,EX,1.01,GIA,62.8,58.0,None,None,2008-12-10,7020.0,8.856518497019858,0.29266961396282004
Round,1.11,Ideal,G,VS1,EX,VG,1.02,GIA,61.9,58.0,Medium Blue,None,2008-12-17,7024.0,8.857088135314953,0.10436001532424286
Emerald,1.2,Very Good,G,VVS2,EX,EX,1.4,GIA,65.3,63.0,None,Very Small,2008-12-10,7027.0,8.857515151192198,0.1823215567939546
Round,1.25,Very Good,D,SI2,G,VG,1.01,GIA,60.4,59.0,None,None,2008-12-10,7027.0,8.857515151192198,0.22314355131420976
Round,1.01,Ideal,G,VS1,EX,VG,1.01,GIA,62.4,57.0,None,None,2008-12-11,7028.0,8.857657449306988,0.009950330853168092
Round,1.17,Ideal,G,SI1,VG,EX,1.01,GIA,60.2,58.0,Faint,None,2008-12-17,7030.0,8.857941984804711,0.1570037488096647
Round,1.22,Very Good,D,SI2,VG,G,1.02,GIA,59.0,58.0,None,None,2008-12-10,7030.0,8.857941984804711,0.19885085874516517
Princess,1.2,Very Good,G,VVS1,VG,VG,1.02,GIA,70.2,77.0,None,None,2008-12-10,7037.0,8.85893722196655,0.1823215567939546
Round,0.77,Very Good,D,IF,EX,EX,1.0,GIA,59.0,61.0,Medium,None,2008-12-11,7044.0,8.859931469616097,-0.2613647641344075
Round,1.01,Good,G,VS1,VG,VG,1.01,GIA,61.5,55.0,None,None,2008-12-18,7046.0,8.860215358901183,0.009950330853168092
Round,1.01,Very Good,G,VS1,EX,EX,1.01,GIA,59.6,60.0,None,None,2008-12-11,7048.0,8.860499167616016,0.009950330853168092
Round,1.02,Good,G,VS1,G,G,1.02,GIA,66.1,54.0,Medium Blue,Very Small,2008-12-10,7049.0,8.860641041773876,0.01980262729617973
Emerald,1.2,Fair,G,VVS2,VG,VG,1.16,GIA,68.2,78.0,None,None,2008-12-10,7049.0,8.860641041773876,0.1823215567939546
Princess,1.01,Signature-Ideal,D,VS2,EX,EX,1.01,GIA,70.3,71.0,None,None,2008-12-10,7055.0,8.861491864286915,0.009950330853168092
Round,1.05,Ideal,G,VS1,VG,EX,1.0,GIA,61.7,57.0,Strong,None,2008-12-10,7055.0,8.861491864286915,0.04879016416943205
Round,1.0,Very Good,D,VS2,EX,EX,1.01,GIA,62.6,61.0,Faint,None,2008-12-10,7057.0,8.86177531100083,0.0
Round,0.9,Very Good,G,VVS1,VG,EX,1.01,GIA,61.6,56.0,None,None,2008-12-10,7061.0,8.862341963516347,-0.10536051565782628
Emerald,1.3,Very Good,D,SI1,VG,VG,1.39,GIA,65.7,62.0,None,None,2008-12-10,7071.0,8.863757191604241,0.26236426446749106
Round,1.14,Very Good,D,SI1,VG,G,1.02,GIA,60.2,60.0,None,None,2008-12-10,7072.0,8.863898604317479,0.131028262406404
Round,1.05,Ideal,G,VS2,VG,VG,1.01,GIA,59.4,59.0,None,None,2008-12-17,7073.0,8.86403999703599,0.04879016416943205
Round,1.13,Very Good,G,VS2,EX,VG,1.01,GIA,63.0,57.0,None,None,2008-12-11,7074.0,8.864181369765426,0.12221763272424911
Round,1.01,Very Good,D,VS2,EX,G,1.01,GIA,62.3,59.0,Medium,None,2008-12-10,7076.0,8.864464055279676,0.009950330853168092
Round,0.71,Ideal,D,IF,EX,EX,1.01,GIA,61.7,58.0,Faint,None,2008-12-10,7091.0,8.866581653303996,-0.342490308946776
Round,1.01,Very Good,G,VS1,EX,VG,1.01,GIA,60.3,57.0,Medium,None,2008-12-10,7093.0,8.866863661202087,0.009950330853168092
Round,1.01,Very Good,G,VS1,EX,VG,1.01,GIA,63.9,55.0,None,None,2008-12-10,7093.0,8.866863661202087,0.009950330853168092
Princess,1.21,Very Good,G,VS2,EX,EX,1.01,GIA,64.2,77.0,None,None,2008-12-11,7104.0,8.868413284672005,0.1906203596086497
Princess,1.08,Very Good,G,IF,VG,G,1.04,GIA,68.1,68.0,None,None,2008-12-10,7108.0,8.868976189274543,0.0769610411361284
Round,1.49,Very Good,G,SI2,VG,VG,1.01,GIA,62.3,58.0,None,None,2008-12-11,7110.0,8.869257522797287,0.3987761199573678
Round,1.06,Very Good,G,VS1,EX,EX,1.01,GIA,62.5,57.0,None,None,2008-12-12,7111.0,8.869398159883518,0.058268908123975824
Round,1.34,Ideal,J,VVS1,EX,VG,1.01,GIA,62.2,57.0,None,None,2008-12-10,7112.0,8.86953877719374,0.29266961396282004
Round,1.52,Ideal,J,SI1,EX,EX,1.01,GIA,61.7,58.0,None,None,2008-12-11,7131.0,8.872206756028303,0.41871033485818504
Round,1.5,Very Good,J,VS1,EX,EX,1.01,GIA,62.1,58.0,None,None,2008-12-10,7151.0,8.875007486048396,0.4054651081081644
Round,1.55,Very Good,J,SI1,VG,VG,1.01,GIA,63.5,59.0,None,None,2008-12-10,7151.0,8.875007486048396,0.4382549309311553
Round,1.5,Very Good,J,VS2,EX,VG,1.0,GIA,58.9,62.0,None,None,2008-12-10,7158.0,8.875985891325971,0.4054651081081644
Round,1.5,Very Good,J,VS2,VG,VG,1.01,GIA,59.7,63.0,Faint,None,2008-12-10,7158.0,8.875985891325971,0.4054651081081644
Princess,1.59,Very Good,J,VS1,EX,EX,1.02,GIA,64.0,67.0,Faint,None,2008-12-10,7162.0,8.876544550558378,0.4637340162321402
Round,1.5,Very Good,J,SI1,VG,VG,1.01,GIA,60.9,56.0,None,None,2008-12-10,7167.0,8.877242435993919,0.4054651081081644
Round,1.5,Very Good,J,VS1,VG,VG,1.0,GIA,59.0,61.0,None,None,2008-12-10,7178.0,8.878776071707552,0.4054651081081644
Princess,1.69,Very Good,J,VS2,EX,EX,1.0,GIA,72.2,76.0,None,None,2008-12-10,7178.0,8.878776071707552,0.5247285289349821
Emerald,1.75,Very Good,J,VS1,EX,VG,1.05,GIA,66.3,59.0,None,None,2008-12-10,7190.0,8.880446450715093,0.5596157879354227
Round,1.51,Good,J,SI1,EX,EX,1.01,GIA,61.5,60.0,None,None,2008-12-10,7195.0,8.881141619321468,0.412109650826833
Round,1.51,Very Good,J,VS2,VG,EX,1.0,GIA,63.8,58.0,Strong,None,2008-12-10,7202.0,8.882114044208821,0.412109650826833
Round,1.3,Ideal,J,VVS1,VG,EX,1.01,GIA,62.4,57.0,Medium,None,2008-12-10,7205.0,8.882530508433623,0.26236426446749106
Emerald,1.34,Very Good,G,VS2,EX,EX,1.34,GIA,64.3,63.0,Medium Blue,None,2008-12-11,7233.0,8.886409166849282,0.29266961396282004
Round,1.51,Very Good,J,SI1,EX,VG,1.0,GIA,62.6,60.0,None,None,2008-12-11,7239.0,8.88723835429314,0.412109650826833
Round,1.07,Very Good,G,VS1,EX,G,1.01,GIA,62.4,55.0,None,None,2008-12-18,7241.0,8.88751459738882,0.06765864847381486
Princess,1.68,Very Good,J,IF,EX,VG,1.02,GIA,71.0,72.0,None,None,2008-12-10,7241.0,8.88751459738882,0.5187937934151675
Princess,1.25,Good,G,VS2,VG,VG,1.04,GIA,75.7,69.0,None,None,2008-12-17,7246.0,8.888204871455022,0.22314355131420976
Round,1.0,Very Good,G,VS1,EX,EX,1.0,GIA,59.6,59.0,None,None,2008-12-17,7250.0,8.88875674784872,0.0
Round,1.51,Very Good,J,VS2,EX,EX,1.01,GIA,61.8,57.0,Strong,None,2008-12-10,7250.0,8.88875674784872,0.412109650826833
Round,1.51,Good,J,VS2,EX,VG,1.01,GIA,64.5,59.0,None,None,2008-12-10,7250.0,8.88875674784872,0.412109650826833
Round,1.52,Very Good,J,SI1,VG,VG,1.01,GIA,62.1,60.0,None,None,2008-12-17,7255.0,8.889446165318288,0.41871033485818504
Round,1.5,Very Good,J,VS2,VG,VG,1.01,GIA,60.4,60.0,Faint Blue,None,2008-12-10,7258.0,8.889859587773016,0.4054651081081644
Round,1.03,Ideal,G,VS1,EX,EX,1.0,GIA,62.4,56.0,Faint,None,2008-12-11,7263.0,8.890548245606167,0.02955880224154443
Round,0.9,Ideal,G,VVS1,EX,EX,1.0,GIA,61.9,57.0,None,None,2008-12-11,7273.0,8.89192414015454,-0.10536051565782628
Round,0.9,Ideal,G,VVS1,EX,EX,1.01,GIA,62.7,55.0,None,None,2008-12-11,7273.0,8.89192414015454,-0.10536051565782628
Round,0.9,Ideal,G,VVS1,EX,EX,1.01,GIA,62.1,55.0,None,None,2008-12-11,7273.0,8.89192414015454,-0.10536051565782628
Round,0.9,Ideal,G,VVS1,EX,EX,1.0,GIA,61.8,57.0,None,None,2008-12-11,7273.0,8.89192414015454,-0.10536051565782628
Princess,1.21,Very Good,G,VVS1,VG,VG,1.04,GIA,69.3,70.0,None,None,2008-12-10,7278.0,8.892611378172106,0.1906203596086497
Princess,1.18,Very Good,G,IF,EX,VG,1.04,GIA,68.1,72.0,None,None,2008-12-10,7281.0,8.893023494394711,0.16551443847757333
Princess,1.21,Very Good,G,VVS2,VG,VG,1.04,GIA,72.0,66.0,None,None,2008-12-10,7281.0,8.893023494394711,0.1906203596086497
Princess,1.23,Very Good,G,VS1,VG,VG,1.03,GIA,72.2,70.0,None,None,2008-12-11,7281.0,8.893023494394711,0.20701416938432612
Round,1.01,Very Good,G,VS2,VG,VG,1.01,GIA,61.2,62.0,None,None,2008-12-12,7283.0,8.893298144217916,0.009950330853168092
Round,1.02,Very Good,G,VS1,VG,EX,1.01,GIA,61.8,59.0,None,None,2008-12-10,7293.0,8.894670262984233,0.01980262729617973
Round,1.03,Very Good,G,VS1,EX,EX,1.0,GIA,58.5,59.0,None,None,2008-12-18,7296.0,8.895081531754167,0.02955880224154443
Round,1.03,Ideal,G,VS1,VG,EX,1.0,GIA,62.2,59.0,Medium,None,2008-12-10,7296.0,8.895081531754167,0.02955880224154443
Round,1.0,Very Good,G,VVS1,EX,EX,1.02,GIA,61.7,60.0,Faint,None,2008-12-10,7298.0,8.895355616996392,0.0
Emerald,1.26,Good,D,VS2,VG,G,1.54,GIA,70.4,72.0,Faint,None,2008-12-10,7299.0,8.895492631451633,0.23111172096338664
Round,1.06,Very Good,D,SI1,VG,VG,1.01,GIA,61.3,55.0,None,None,2008-12-17,7305.0,8.8963143241848,0.058268908123975824
Princess,1.24,Very Good,G,VS1,VG,G,1.02,GIA,74.7,73.0,None,None,2008-12-11,7307.0,8.896588071791218,0.2151113796169455
Round,1.05,Ideal,G,VS1,EX,EX,1.01,GIA,62.0,55.0,None,None,2008-12-10,7312.0,8.897272113133987,0.04879016416943205
Princess,1.1,Very Good,D,VVS1,VG,VG,1.05,GIA,73.1,66.0,None,None,2008-12-10,7318.0,8.898092345579153,0.09531017980432493
Princess,1.1,Very Good,D,VVS1,VG,VG,1.03,GIA,70.3,69.0,None,None,2008-12-10,7318.0,8.898092345579153,0.09531017980432493
Emerald,1.2,Good,D,VVS2,VG,G,1.41,GIA,70.5,73.0,None,None,2008-12-11,7326.0,8.89918494333876,0.1823215567939546
Princess,1.12,Very Good,D,VVS1,VG,VG,1.04,GIA,69.1,74.0,None,None,2008-12-10,7338.0,8.900821604915228,0.11332868530700327
Round,1.01,Good,D,VS2,EX,VG,1.01,GIA,61.8,59.0,Faint,None,2008-12-10,7346.0,8.901911226379612,0.009950330853168092
Emerald,0.92,Good,D,IF,VG,G,1.21,GIA,56.9,70.0,None,None,2008-12-10,7378.0,8.906257878156621,-0.08338160893905101
Emerald,1.24,Very Good,D,VS1,EX,G,1.33,GIA,68.0,61.0,Faint,None,2008-12-10,7381.0,8.906664409770052,0.2151113796169455
Round,0.7,Ideal,D,IF,EX,EX,1.01,GIA,61.9,56.0,Medium,None,2008-12-10,7383.0,8.906935339059165,-0.35667494393873245
Round,0.92,Very Good,D,VVS2,VG,EX,1.01,GIA,62.5,58.0,Medium,None,2008-12-10,7385.0,8.90720619496548,-0.08338160893905101
Emerald,1.12,Very Good,D,VS1,G,G,1.24,GIA,65.3,68.0,Medium Blue,Medium,2008-12-10,7387.0,8.907476977528738,0.11332868530700327
Princess,1.07,Very Good,D,VS1,VG,VG,1.02,GIA,70.3,70.0,None,None,2008-12-10,7391.0,8.908018322784887,0.06765864847381486
Princess,1.07,Very Good,D,VS1,EX,VG,1.02,GIA,71.4,68.0,None,None,2008-12-10,7391.0,8.908018322784887,0.06765864847381486
Princess,1.07,Very Good,D,VS1,VG,VG,1.03,GIA,71.4,68.0,None,None,2008-12-10,7391.0,8.908018322784887,0.06765864847381486
Round,1.3,Very Good,D,SI2,VG,VG,1.01,GIA,62.4,57.0,None,None,2008-12-10,7404.0,8.909775673693389,0.26236426446749106
Princess,0.93,Very Good,D,IF,VG,VG,1.04,GIA,72.9,74.0,None,None,2008-12-11,7417.0,8.911529941736559,-0.07257069283483537
Round,1.0,Very Good,D,VS2,VG,VG,1.01,GIA,63.1,57.0,None,None,2008-12-10,7429.0,8.913146539151807,0.0
Round,1.0,Very Good,D,VS2,VG,VG,1.0,GIA,63.1,61.0,None,None,2008-12-10,7429.0,8.913146539151807,0.0
Round,1.0,Very Good,D,VS2,EX,EX,1.01,GIA,61.7,53.0,None,None,2008-12-10,7448.0,8.915700818956903,0.0
Round,1.03,Ideal,E,VS2,EX,VG,1.01,GIA,60.9,57.0,None,None,2008-12-10,7518.0,8.925055424124123,0.02955880224154443
Princess,1.21,Very Good,E,VS1,VG,VG,1.01,GIA,73.4,67.0,None,None,2008-12-10,7519.0,8.925188429378027,0.1906203596086497
Round,1.06,Signature-Ideal,E,SI1,EX,EX,1.0,GIA,61.4,56.0,None,None,2008-12-10,7522.0,8.925587339030281,0.058268908123975824
Round,1.0,Good,E,VS1,EX,VG,1.0,GIA,64.9,57.0,None,None,2008-12-11,7529.0,8.926517509850122,0.0
Emerald,1.58,Fair,E,SI2,G,VG,1.39,GIA,54.9,67.0,None,None,2008-12-10,7532.0,8.926915889777042,0.4574248470388755
Emerald,1.51,Fair,E,SI1,VG,G,1.48,GIA,78.4,67.0,Medium,None,2008-12-10,7534.0,8.927181388251986,0.412109650826833
Round,1.03,Ideal,E,VS2,EX,EX,1.01,GIA,60.6,57.0,Medium,None,2008-12-18,7542.0,8.928242677818302,0.02955880224154443
Round,1.07,Ideal,E,VS2,ID,ID,1.01,AGSL,62.2,57.0,Negligible,None,2008-12-10,7551.0,8.929435283803425,0.06765864847381486
Round,1.0,Very Good,E,VS1,VG,VG,1.02,GIA,60.3,59.0,None,None,2008-12-11,7574.0,8.93247660846174,0.0
Round,1.0,Very Good,E,VS1,G,VG,1.01,GIA,63.7,57.0,Medium Blue,None,2008-12-12,7576.0,8.932740634865914,0.0
Round,0.96,Very Good,E,IF,EX,EX,1.01,GIA,61.2,60.0,Medium Blue,None,2008-12-17,7580.0,8.933268478636418,-0.040821994520255166
Round,1.06,Very Good,E,VS2,VG,VG,1.01,GIA,63.0,58.0,None,None,2008-12-10,7585.0,8.933927891782632,0.058268908123975824
Emerald,1.52,Fair,E,SI2,VG,G,1.29,GIA,70.3,76.0,None,None,2008-12-11,7592.0,8.934850340289763,0.41871033485818504
Round,1.06,Good,E,VS2,VG,EX,1.01,GIA,58.1,58.0,Medium Blue,None,2008-12-17,7597.0,8.935508711503221,0.058268908123975824
Round,1.01,Good,E,VS1,EX,VG,1.01,GIA,65.0,59.0,None,None,2008-12-11,7598.0,8.935640333747571,0.009950330853168092
Emerald,1.28,Very Good,E,VS1,VG,G,1.29,GIA,69.3,57.0,None,Small,2008-12-11,7598.0,8.935640333747571,0.2468600779315258
Emerald,1.31,Very Good,E,VS2,VG,VG,1.33,GIA,69.8,57.0,None,None,2008-12-10,7601.0,8.936035096566041,0.2700271372130602
Round,1.0,Ideal,E,VS2,EX,VG,1.01,GIA,60.8,60.0,None,None,2008-12-11,7605.0,8.936561204693394,0.0
Round,1.01,Very Good,E,VS1,VG,VG,1.02,GIA,62.1,57.0,None,None,2008-12-10,7609.0,8.937087036176523,0.009950330853168092
Round,1.51,Good,I,SI1,VG,VG,1.01,GIA,65.4,56.0,None,None,2008-12-10,7761.0,8.95686647085414,0.412109650826833
Round,1.5,Fair,I,SI1,VG,G,1.01,GIA,65.4,60.0,None,None,2008-12-10,7765.0,8.957381735582787,0.4054651081081644
Emerald,1.11,Signature-Ideal,G,VVS1,EX,VG,1.4,GIA,66.8,66.0,None,Small,2008-12-10,7766.0,8.957510510291613,0.10436001532424286
Round,1.11,Ideal,G,VS1,EX,EX,1.01,GIA,62.0,55.0,Strong,None,2008-12-10,7772.0,8.95828281049733,0.10436001532424286
Round,1.0,Very Good,G,VVS1,VG,VG,1.01,GIA,64.0,57.0,None,None,2008-12-10,7788.0,8.960339366492091,0.0
Emerald,1.27,Very Good,D,VS2,G,VG,1.33,GIA,66.7,68.0,Faint Blue,Very Small,2008-12-10,7789.0,8.960467760919949,0.23901690047049992
Round,1.17,Ideal,I,VVS1,VG,VG,1.01,GIA,62.1,55.0,None,None,2008-12-10,7793.0,8.96098117384356,0.1570037488096647
Round,1.23,Ideal,I,VVS2,ID,ID,1.0,AGSL,62.0,55.0,None,Pointed,2008-12-10,7793.0,8.96098117384356,0.20701416938432612
Princess,1.63,Very Good,I,VVS2,VG,VG,1.04,GIA,74.3,72.0,Faint,None,2008-12-10,7795.0,8.961237781491876,0.4885800148186709
Round,1.03,Very Good,D,VS2,VG,VG,1.01,GIA,62.8,59.0,None,None,2008-12-10,7796.0,8.961366060627451,0.02955880224154443
Round,1.03,Very Good,D,VS2,VG,EX,1.01,GIA,63.1,58.0,None,None,2008-12-10,7796.0,8.961366060627451,0.02955880224154443
Round,1.29,Ideal,G,SI1,EX,VG,1.02,GIA,60.9,56.0,None,Very Small,2008-12-10,7796.0,8.961366060627451,0.25464221837358075
Round,1.11,Signature-Ideal,G,VS2,EX,EX,1.01,GIA,61.4,57.0,None,None,2008-12-10,7805.0,8.962519832949532,0.10436001532424286
Round,1.26,Ideal,G,SI1,VG,VG,1.01,GIA,62.0,60.0,None,None,2008-12-11,7806.0,8.96264794774056,0.23111172096338664
Round,1.04,Very Good,G,VVS2,G,G,1.02,GIA,61.7,58.0,None,Very Small,2008-12-10,7807.0,8.962776046120291,0.03922071315328133
Round,1.51,Very Good,I,SI1,EX,EX,1.01,GIA,64.2,55.0,Faint,None,2008-12-10,7808.0,8.962904128092928,0.412109650826833
Round,1.52,Good,G,SI2,G,G,1.02,GIA,64.5,57.0,Strong,None,2008-12-10,7808.0,8.962904128092928,0.41871033485818504
Emerald,1.58,Very Good,I,VS2,EX,EX,1.31,GIA,67.4,70.0,None,Very Small,2008-12-10,7808.0,8.962904128092928,0.4574248470388755
Round,1.18,Ideal,G,VS2,VG,VG,1.01,GIA,60.0,59.0,None,None,2008-12-17,7809.0,8.963032193662675,0.16551443847757333
Princess,1.29,Very Good,G,VS1,G,G,1.02,GIA,73.4,72.0,None,None,2008-12-10,7810.0,8.963160242833732,0.25464221837358075
Princess,1.6,Very Good,I,VVS2,VG,VG,1.04,GIA,71.9,73.0,None,None,2008-12-10,7812.0,8.96341629199657,0.47000362924573563
Princess,1.51,Good,I,VS1,VG,VG,1.02,GIA,75.7,71.0,None,None,2008-12-10,7813.0,8.963544291996744,0.412109650826833
Emerald,1.51,Fair,I,IF,G,G,1.37,GIA,63.5,76.0,None,None,2008-12-10,7814.0,8.963672275615016,0.412109650826833
Round,1.15,Ideal,G,VS1,EX,EX,1.01,GIA,61.5,59.0,None,None,2008-12-12,7815.0,8.963800242855577,0.13976194237515863
Round,1.01,Ideal,D,VS2,VG,EX,1.01,GIA,59.5,61.0,None,None,2008-12-17,7816.0,8.96392819372262,0.009950330853168092
Emerald,1.63,Good,I,VVS2,VG,G,1.36,GIA,70.7,70.0,None,None,2008-12-10,7816.0,8.96392819372262,0.4885800148186709
Round,1.6,Ideal,I,SI2,ID,ID,1.01,AGSL,61.8,56.0,Negligible,None,2008-12-10,7817.0,8.96405612822033,0.47000362924573563
Round,1.01,Very Good,D,VS2,EX,VG,1.0,GIA,63.0,58.0,None,None,2008-12-10,7818.0,8.9641840463529,0.009950330853168092
Round,1.22,Ideal,G,VS2,VG,EX,1.01,GIA,62.5,56.0,Medium,None,2008-12-10,7822.0,8.96469555531546,0.19885085874516517
Round,0.91,Ideal,G,IF,EX,EX,1.01,GIA,62.4,57.0,None,None,2008-12-11,7823.0,8.96482339168508,-0.09431067947124129
Round,1.29,Very Good,G,SI1,VG,G,1.01,GIA,62.8,55.0,None,None,2008-12-10,7823.0,8.96482339168508,0.25464221837358075
Round,1.08,Signature-Ideal,G,VS2,EX,EX,1.01,GIA,61.6,56.0,None,None,2008-12-10,7824.0,8.964951211714654,0.0769610411361284
Round,1.21,Ideal,G,VS2,VG,VG,1.0,GIA,61.2,59.0,None,None,2008-12-17,7828.0,8.965462328515967,0.1906203596086497
Round,1.3,Ideal,I,VS2,EX,EX,1.01,GIA,62.4,57.0,None,None,2008-12-17,7834.0,8.966228514225776,0.26236426446749106
Round,1.05,Very Good,D,VS2,G,EX,1.01,GIA,62.4,59.0,Medium,None,2008-12-10,7837.0,8.966611387052865,0.04879016416943205
Round,1.09,Ideal,G,VS1,VG,VG,1.0,GIA,61.8,56.0,Faint,None,2008-12-10,7839.0,8.966866554188723,0.08617769624105241
Round,1.09,Very Good,G,VS1,VG,VG,1.01,GIA,62.7,56.0,None,None,2008-12-10,7839.0,8.966866554188723,0.08617769624105241
Round,1.03,Very Good,G,IF,VG,G,1.02,GIA,61.2,54.0,Faint,Very Small,2008-12-10,7842.0,8.967249182852276,0.02955880224154443
Round,1.09,Ideal,G,VS1,EX,EX,1.0,GIA,60.9,58.0,None,None,2008-12-10,7843.0,8.967376693212666,0.08617769624105241
Round,1.04,Ideal,D,VS1,EX,EX,1.01,GIA,62.1,59.0,Strong Blue,None,2008-12-10,7849.0,8.968141414126814,0.03922071315328133
Emerald,1.2,Fair,D,VVS2,VG,VG,1.48,GIA,75.5,70.0,None,None,2008-12-10,7851.0,8.968396191198256,0.1823215567939546
Emerald,1.1,Very Good,D,VVS1,EX,VG,1.24,GIA,62.8,65.0,None,Very Small,2008-12-10,7854.0,8.968778235137956,0.09531017980432493
Princess,1.53,Very Good,I,VS1,VG,G,1.12,GIA,73.9,74.0,None,None,2008-12-10,7858.0,8.969287400118406,0.4252677354043441
Round,0.9,Very Good,D,VVS2,EX,EX,1.0,GIA,60.4,61.0,None,None,2008-12-11,7859.0,8.969414650866176,-0.10536051565782628
Round,1.03,Ideal,D,VS2,EX,EX,1.01,GIA,61.9,58.0,Medium,None,2008-12-10,7864.0,8.970050661827003,0.02955880224154443
Round,1.04,Very Good,D,VS2,VG,VG,1.0,GIA,63.3,59.0,None,None,2008-12-10,7865.0,8.970177815492379,0.03922071315328133
Round,1.29,Ideal,I,VVS2,EX,EX,1.0,GIA,62.5,55.0,None,None,2008-12-11,7869.0,8.970686268534983,0.25464221837358075
Round,1.41,Ideal,I,SI1,EX,EX,1.01,GIA,62.7,56.0,Medium,None,2008-12-11,7871.0,8.97094039814245,0.34358970439007686
Princess,1.5,Very Good,I,VVS2,VG,G,1.09,GIA,71.1,71.0,None,None,2008-12-10,7871.0,8.97094039814245,0.4054651081081644
Emerald,1.01,Good,D,VVS1,EX,EX,1.4,GIA,70.7,67.0,None,Very Small,2008-12-10,7875.0,8.971448463693834,0.009950330853168092
Emerald,1.56,Very Good,I,VS1,VG,EX,1.12,GIA,61.3,69.0,None,None,2008-12-10,7875.0,8.971448463693834,0.44468582126144574
Round,0.92,Very Good,D,VVS2,VG,VG,1.01,GIA,62.6,58.0,None,None,2008-12-10,7876.0,8.971575439759016,-0.08338160893905101
Round,1.41,Good,I,VS2,EX,VG,1.01,GIA,57.2,59.0,Strong,None,2008-12-10,7876.0,8.971575439759016,0.34358970439007686
Princess,1.05,Very Good,D,VVS1,VG,G,1.04,GIA,65.8,75.0,None,None,2008-12-10,7882.0,8.97233695775495,0.04879016416943205
Round,1.05,Very Good,D,VS2,EX,VG,1.01,GIA,60.8,58.0,None,Very Small,2008-12-10,7885.0,8.972717499397138,0.04879016416943205
Round,1.18,Very Good,I,IF,EX,EX,1.01,GIA,59.7,57.0,Strong,None,2008-12-10,7895.0,8.973984926689743,0.16551443847757333
Princess,1.02,Very Good,D,IF,EX,G,1.05,GIA,72.2,70.0,Medium,None,2008-12-10,7905.0,8.975250749643573,0.01980262729617973
Emerald,1.21,Good,D,VVS2,G,G,1.63,GIA,71.7,68.0,None,None,2008-12-10,7905.0,8.975250749643573,0.1906203596086497
Round,0.9,Very Good,D,VVS2,VG,VG,1.01,GIA,62.2,59.0,None,None,2008-12-10,7961.0,8.982309899088579,-0.10536051565782628
Round,1.03,Ideal,D,VS2,EX,EX,1.01,GIA,61.8,59.0,Medium,None,2008-12-11,7981.0,8.984818995876008,0.02955880224154443
Princess,1.83,Very Good,J,VS2,VG,VG,1.01,GIA,74.2,68.0,None,None,2008-12-11,8028.0,8.990690709916228,0.6043159668533296
Round,1.56,Good,J,VS2,EX,EX,1.01,AGSL,57.8,62.0,None,Pointed,2008-12-10,8033.0,8.991313336173812,0.44468582126144574
Emerald,1.26,Very Good,E,VVS1,VG,G,1.53,GIA,66.5,68.0,None,Very Small,2008-12-10,8038.0,8.991935575009146,0.23111172096338664
Round,1.05,Very Good,E,VS1,VG,G,1.03,GIA,59.8,59.0,Medium,Very Small,2008-12-10,8045.0,8.992806059426483,0.04879016416943205
Round,1.57,Very Good,J,VS2,EX,EX,1.01,GIA,62.7,59.0,None,None,2008-12-10,8047.0,8.993054630146133,0.45107561936021673
Round,1.05,Very Good,E,VS2,VG,VG,1.01,GIA,62.9,59.0,None,None,2008-12-17,8048.0,8.99317889233952,0.04879016416943205
Princess,1.12,Very Good,E,VVS2,VG,VG,1.01,GIA,70.0,69.0,None,None,2008-12-10,8051.0,8.993551586299981,0.11332868530700327
Round,1.02,Ideal,E,VS2,EX,EX,1.0,GIA,62.2,55.0,None,None,2008-12-11,8079.0,8.997023381479709,0.01980262729617973
Round,1.02,Ideal,E,VS2,EX,EX,1.0,GIA,61.7,57.0,None,None,2008-12-11,8079.0,8.997023381479709,0.01980262729617973
Round,1.02,Ideal,E,VS2,EX,EX,1.0,GIA,61.9,55.0,None,None,2008-12-11,8079.0,8.997023381479709,0.01980262729617973
Emerald,1.55,Very Good,E,SI2,VG,G,1.16,GIA,68.9,58.0,None,Small,2008-12-10,8081.0,8.997270906233448,0.4382549309311553
Emerald,1.31,Very Good,E,VS1,G,VG,1.47,GIA,63.5,58.0,Faint,None,2008-12-10,8084.0,8.997642078523512,0.2700271372130602
Round,1.53,Ideal,J,VS2,EX,EX,1.01,GIA,61.5,59.0,Medium Blue,None,2008-12-10,8098.0,8.999372396592106,0.4252677354043441
Round,0.91,Very Good,E,IF,EX,VG,1.01,GIA,60.1,59.0,Strong,None,2008-12-10,8104.0,9.000113045928519,-0.09431067947124129
Round,1.56,Very Good,J,SI1,G,VG,1.01,GIA,59.6,58.0,Faint,Very Small,2008-12-10,8108.0,9.000606507571892,0.44468582126144574
Round,1.13,Very Good,E,VS2,VG,EX,1.01,GIA,62.2,59.0,None,None,2008-12-10,8117.0,9.001715906761175,0.12221763272424911
Round,1.51,Very Good,J,VS2,VG,G,1.01,GIA,61.0,58.0,Medium,Very Small,2008-12-10,8117.0,9.001715906761175,0.412109650826833
Round,0.9,Good,E,VVS1,EX,VG,1.01,GIA,63.4,60.0,None,None,2008-12-11,8120.0,9.002085433155724,-0.10536051565782628
Princess,1.11,Very Good,E,VVS1,VG,VG,1.0,GIA,72.4,72.0,None,None,2008-12-17,8138.0,9.004299728561636,0.10436001532424286
Round,0.96,Very Good,E,VVS2,VG,VG,1.01,GIA,60.6,61.0,None,None,2008-12-10,8141.0,9.004668301573977,-0.040821994520255166
Round,1.5,Good,J,VS1,VG,VG,1.0,GIA,60.7,61.0,Faint,None,2008-12-10,8142.0,9.004791129062925,0.4054651081081644
Round,1.57,Very Good,J,SI1,G,VG,1.0,GIA,62.1,58.0,Faint,None,2008-12-10,8153.0,9.006141236662911,0.45107561936021673
Round,1.03,Ideal,E,VS2,EX,EX,1.01,GIA,60.6,56.0,None,None,2008-12-11,8157.0,9.00663173330058,0.02955880224154443
Round,1.54,Ideal,J,VS2,EX,EX,1.01,GIA,61.9,58.0,None,None,2008-12-10,8160.0,9.006999447958153,0.43178241642553783
Round,1.02,Very Good,E,VS1,VG,VG,1.0,GIA,63.0,55.0,None,None,2008-12-17,8162.0,9.00724451596575,0.01980262729617973
Round,1.52,Ideal,J,VS1,EX,EX,1.01,GIA,61.5,59.0,None,None,2008-12-10,8162.0,9.00724451596575,0.41871033485818504
Round,1.44,Ideal,J,VS1,EX,EX,1.01,GIA,59.7,61.0,None,None,2008-12-10,8175.0,9.008835995765454,0.36464311358790924
Round,1.63,Very Good,J,SI1,VG,VG,1.01,GIA,61.5,57.0,None,None,2008-12-10,8181.0,9.009569671513699,0.4885800148186709
Round,1.02,Very Good,D,VS2,EX,EX,1.01,GIA,62.8,59.0,None,None,2008-12-10,8182.0,9.009691898489343,0.01980262729617973
Round,1.02,Very Good,D,VS2,VG,G,1.01,GIA,62.2,57.0,Faint,None,2008-12-17,8182.0,9.009691898489343,0.01980262729617973
Emerald,1.31,Very Good,E,VVS2,EX,VG,1.39,GIA,68.3,63.0,None,None,2008-12-10,8182.0,9.009691898489343,0.2700271372130602
Round,1.0,Very Good,D,VS2,EX,EX,1.01,GIA,62.6,58.0,Faint,None,2008-12-12,8187.0,9.010302809376448,0.0
Round,1.03,Ideal,D,VS2,VG,VG,1.01,GIA,60.4,59.0,None,None,2008-12-10,8187.0,9.010302809376448,0.02955880224154443
Round,1.21,Very Good,E,SI1,VG,VG,1.0,GIA,64.2,56.0,None,None,2008-12-17,8188.0,9.01042494678118,0.1906203596086497
Round,1.21,Very Good,E,SI1,VG,G,1.0,GIA,62.1,59.0,None,None,2008-12-17,8188.0,9.01042494678118,0.1906203596086497
Round,1.67,Ideal,J,VS2,EX,EX,1.01,GIA,62.2,57.0,Faint,None,2008-12-10,8196.0,9.011401509358791,0.5128236264286637
Round,1.07,Signature-Ideal,D,SI1,EX,EX,1.01,GIA,61.5,56.0,None,Very Small,2008-12-10,8200.0,9.011889433252344,0.06765864847381486
Round,1.51,Ideal,J,VS1,EX,EX,1.0,GIA,61.9,57.0,None,None,2008-12-10,8206.0,9.012620873002131,0.412109650826833
Round,1.01,Ideal,D,VS2,EX,EX,1.0,GIA,62.4,54.0,None,None,2008-12-17,8215.0,9.01371703047137,0.009950330853168092
Emerald,1.09,Very Good,D,VVS1,EX,VG,1.34,GIA,68.3,64.0,None,None,2008-12-17,8215.0,9.01371703047137,0.08617769624105241
Round,0.9,Very Good,D,VVS2,EX,EX,1.01,GIA,61.3,63.0,Faint,None,2008-12-10,8216.0,9.013838751608395,-0.10536051565782628
Emerald,1.22,Very Good,D,VVS2,G,VG,1.42,GIA,64.3,64.0,None,None,2008-12-10,8220.0,9.014325488050225,0.19885085874516517
Round,1.0,Very Good,D,VS2,VG,VG,1.01,GIA,63.0,57.0,Faint,None,2008-12-17,8224.0,9.014811987694946,0.0
Round,0.92,Very Good,D,VVS2,EX,EX,1.0,GIA,63.8,59.0,None,None,2008-12-10,8227.0,9.01517670716893,-0.08338160893905101
Round,1.22,Signature-Ideal,D,SI1,EX,EX,1.01,GIA,61.6,56.0,Medium Blue,None,2008-12-10,8228.0,9.015298250772847,0.19885085874516517
Round,0.9,Ideal,D,VVS2,VG,EX,1.0,GIA,62.9,58.0,Faint,None,2008-12-11,8258.0,9.018937706446035,-0.10536051565782628
Round,1.5,Very Good,J,VS1,EX,VG,1.01,GIA,59.8,59.0,Medium,None,2008-12-10,8262.0,9.01942196795671,0.4054651081081644
Round,1.53,Ideal,J,VS2,EX,EX,1.01,GIA,60.6,62.0,Faint,None,2008-12-10,8266.0,9.019905995071678,0.4252677354043441
Round,1.02,Very Good,D,VS1,EX,EX,1.0,GIA,63.9,57.0,Medium,None,2008-12-10,8276.0,9.021115038865434,0.01980262729617973
Round,1.6,Very Good,J,VS1,EX,EX,1.01,GIA,60.8,59.0,Medium,None,2008-12-10,8277.0,9.021235862885396,0.47000362924573563
Princess,2.0,Good,J,VS1,EX,VG,1.05,GIA,76.3,76.0,None,None,2008-12-10,8282.0,9.021839764105513,0.6931471805599453
Round,1.5,Very Good,J,VS1,EX,EX,1.0,GIA,60.3,61.0,None,None,2008-12-10,8288.0,9.022563964499264,0.4054651081081644
Round,1.02,Ideal,D,VS2,EX,EX,1.0,GIA,61.8,55.0,Faint,None,2008-12-17,8296.0,9.023528749909364,0.01980262729617973
Round,1.7,Very Good,J,VS2,EX,EX,1.01,GIA,62.7,59.0,Faint,None,2008-12-10,8299.0,9.023890304598448,0.5306282510621704
Round,0.91,Very Good,D,VVS2,EX,EX,1.01,GIA,62.8,56.0,Medium,None,2008-12-10,8306.0,9.024733424190698,-0.09431067947124129
Round,1.21,Very Good,D,VS2,VG,EX,1.01,GIA,62.6,59.0,Medium Blue,None,2008-12-10,8307.0,9.02485381183907,0.1906203596086497
Round,1.0,Very Good,D,VS1,G,EX,1.01,GIA,63.6,59.0,Medium Blue,None,2008-12-10,8323.0,9.026778045746095,0.0
Round,1.15,Very Good,D,VS2,VG,EX,1.0,GIA,59.0,58.0,None,None,2008-12-18,8331.0,9.027738775974909,0.13976194237515863
Round,1.09,Ideal,D,VS2,VG,EX,1.0,GIA,60.6,57.0,None,None,2008-12-10,8334.0,9.0280988119824,0.08617769624105241
Round,1.51,Very Good,I,SI1,EX,EX,1.01,GIA,63.0,59.0,None,None,2008-12-11,8507.0,9.048644632975885,0.412109650826833
Round,1.29,Signature-Ideal,I,VVS2,EX,EX,1.01,GIA,61.4,56.0,None,None,2008-12-10,8517.0,9.04981944514108,0.25464221837358075
Princess,1.7,Good,I,VVS1,VG,G,1.1,GIA,76.9,73.0,None,None,2008-12-10,8517.0,9.04981944514108,0.5306282510621704
Round,1.51,Good,I,SI1,VG,VG,1.01,GIA,58.4,63.0,None,None,2008-12-18,8526.0,9.050875597325156,0.412109650826833
Round,1.5,Ideal,I,SI1,EX,EX,1.0,GIA,59.7,58.0,None,None,2008-12-11,8542.0,9.052750451401412,0.4054651081081644
Round,1.42,Very Good,I,VS2,VG,EX,1.01,GIA,58.8,60.0,None,None,2008-12-16,8547.0,9.053335623166017,0.35065687161316933
Round,1.3,Ideal,I,VVS1,EX,EX,1.01,GIA,61.4,55.0,Faint,None,2008-12-10,8548.0,9.053452616439039,0.26236426446749106
Emerald,1.52,Very Good,I,VVS1,VG,VG,1.15,GIA,60.4,69.0,None,Small,2008-12-10,8562.0,9.055089086704891,0.41871033485818504
Princess,1.51,Very Good,I,IF,G,G,1.03,GIA,69.9,74.0,None,None,2008-12-10,8567.0,9.055672891964043,0.412109650826833
Round,1.51,Very Good,I,SI1,VG,VG,1.01,GIA,63.6,58.0,Faint,None,2008-12-17,8568.0,9.055789612127585,0.412109650826833
Princess,1.54,Signature-Ideal,I,VS2,EX,VG,1.01,GIA,69.3,69.0,None,None,2008-12-10,8574.0,9.056489647157923,0.43178241642553783
Emerald,1.52,Good,G,VS2,VG,G,1.59,GIA,71.2,65.0,None,None,2008-12-10,8582.0,9.05742226555147,0.41871033485818504
Emerald,1.21,Signature-Ideal,G,VS1,EX,EX,1.3,GIA,66.7,64.0,None,Very Small,2008-12-10,8583.0,9.05753878171822,0.1906203596086497
Round,1.01,Ideal,G,VVS2,EX,EX,1.01,GIA,61.5,57.0,None,None,2008-12-11,8585.0,9.057771773331575,0.009950330853168092
Round,1.01,Good,G,VVS1,EX,G,1.01,GIA,61.4,62.0,Faint,None,2008-12-10,8587.0,9.058004710672485,0.009950330853168092
Round,1.2,Ideal,G,VS2,EX,EX,1.01,GIA,61.7,57.0,None,None,2008-12-10,8590.0,9.0583540149783,0.1823215567939546
Round,1.03,Ideal,G,VVS2,EX,EX,1.0,GIA,60.2,60.0,None,None,2008-12-11,8593.0,9.058703197313223,0.02955880224154443
Round,1.2,Very Good,G,VS1,EX,EX,1.01,GIA,63.6,55.0,None,None,2008-12-11,8597.0,9.059168584174444,0.1823215567939546
Emerald,1.31,Very Good,G,VVS2,VG,G,1.23,GIA,65.2,72.0,None,Small,2008-12-10,8597.0,9.059168584174444,0.2700271372130602
Emerald,1.51,Very Good,G,SI1,G,G,1.31,GIA,68.2,62.0,None,None,2008-12-10,8599.0,9.059401196410896,0.412109650826833
Round,1.26,Very Good,G,VS2,VG,G,1.01,GIA,61.3,58.0,None,None,2008-12-10,8601.0,9.059633754551479,0.23111172096338664
Round,1.02,Very Good,G,VVS2,VG,VG,1.01,GIA,62.5,58.0,None,None,2008-12-10,8603.0,9.059866258621348,0.01980262729617973
Round,1.21,Very Good,G,VS1,VG,VG,1.01,GIA,62.9,56.0,None,None,2008-12-11,8610.0,9.060679597421776,0.1906203596086497
Round,1.56,Very Good,I,VS2,EX,VG,1.01,GIA,59.8,60.0,Medium Blue,None,2008-12-10,8611.0,9.060795734696166,0.44468582126144574
Princess,1.72,Very Good,I,VS1,EX,EX,1.05,GIA,74.7,70.0,None,Small,2008-12-10,8626.0,9.062536177207788,0.5423242908253617
Round,1.12,Ideal,G,VVS2,ID,ID,1.0,AGSL,62.2,56.0,Negligible,None,2008-12-10,8639.0,9.064042114358884,0.11332868530700327
Round,1.17,Signature-Ideal,I,VVS1,EX,EX,1.01,GIA,61.2,55.0,None,None,2008-12-10,8640.0,9.064157861798101,0.1570037488096647
Princess,1.61,Very Good,G,SI2,VG,VG,1.05,GIA,71.8,73.0,None,None,2008-12-11,8662.0,9.066700921774572,0.4762341789963717
Emerald,1.64,Very Good,I,VS1,EX,EX,1.49,GIA,67.6,59.0,Medium Blue,Very Small,2008-12-10,8666.0,9.067162602299854,0.494696241836107
Round,1.02,Ideal,G,VVS2,EX,EX,1.01,GIA,62.7,57.0,Faint,None,2008-12-11,8669.0,9.06750872286864,0.01980262729617973
Round,1.04,Ideal,G,VVS2,EX,EX,1.0,GIA,61.6,56.0,None,None,2008-12-10,8670.0,9.067624069774588,0.03922071315328133
Princess,1.56,Signature-Ideal,I,VS2,EX,VG,1.02,GIA,68.9,68.0,None,None,2008-12-10,8675.0,9.06820060481506,0.44468582126144574
Princess,1.51,Very Good,G,VS2,VG,VG,1.04,GIA,74.8,75.0,Faint,None,2008-12-10,8680.0,9.068776807654396,0.412109650826833
Round,1.38,Ideal,I,VS1,VG,EX,1.01,GIA,62.1,56.0,None,None,2008-12-10,8684.0,9.069237530998182,0.3220834991691132
Round,1.25,Ideal,I,IF,EX,EX,1.0,GIA,61.8,57.0,None,None,2008-12-10,8685.0,9.069352678675205,0.22314355131420976
Emerald,1.46,Very Good,G,VVS2,EX,VG,1.26,GIA,68.5,64.0,None,None,2008-12-10,8689.0,9.069813136839207,0.37843643572024505
Round,1.45,Ideal,G,SI1,VG,VG,1.0,GIA,61.5,58.0,None,None,2008-12-17,8698.0,9.070848393157585,0.371563556432483
Round,1.31,Signature-Ideal,I,VS2,EX,EX,1.0,GIA,61.7,56.0,None,Very Small,2008-12-10,8707.0,9.071882578828616,0.2700271372130602
Round,1.4,Ideal,I,VS1,VG,EX,1.01,GIA,62.7,57.0,None,None,2008-12-10,8710.0,9.072227069846548,0.3364722366212129
Round,1.1,Ideal,F,VS1,EX,EX,1.01,GIA,62.0,58.0,None,None,2008-12-18,8839.0,9.086929027060949,0.09531017980432493
Round,1.02,Ideal,F,VS1,VG,VG,1.01,GIA,62.4,55.0,None,None,2008-12-10,8841.0,9.087155271405804,0.01980262729617973
Round,1.02,Ideal,F,VS1,EX,EX,1.0,GIA,62.0,55.0,None,None,2008-12-11,8855.0,9.088737550216933,0.01980262729617973
Round,1.23,Signature-Ideal,F,SI1,ID,ID,1.0,AGSL,60.8,57.0,Negligible,Pointed,2008-12-10,8861.0,9.089414904047302,0.20701416938432612
Round,1.08,Very Good,F,VS1,EX,EX,1.0,GIA,59.6,59.0,Medium,None,2008-12-10,8866.0,9.089979015305,0.0769610411361284
Round,1.22,Very Good,F,VS2,EX,EX,1.01,GIA,59.6,58.0,Faint,Very Small,2008-12-10,8867.0,9.090091799380007,0.19885085874516517
Round,1.08,Ideal,F,VS1,ID,ID,1.01,AGSL,61.2,56.0,None,Pointed,2008-12-10,8873.0,9.090768236835338,0.0769610411361284
Round,1.08,Ideal,F,VS1,ID,ID,1.01,AGSL,62.6,55.1,None,Pointed,2008-12-10,8873.0,9.090768236835338,0.0769610411361284
Round,0.91,Ideal,F,VVS1,EX,VG,1.0,GIA,62.1,54.0,None,None,2008-12-11,8886.0,9.092232283495854,-0.09431067947124129
Emerald,1.26,Very Good,F,VVS2,EX,VG,1.34,GIA,63.9,68.0,None,None,2008-12-17,8887.0,9.092344813738475,0.23111172096338664
Emerald,1.32,Very Good,F,VVS2,VG,G,1.3,GIA,62.9,69.0,None,None,2008-12-10,8887.0,9.092344813738475,0.27763173659827955
Round,1.5,Very Good,F,SI2,VG,VG,1.01,GIA,59.9,58.0,Faint,None,2008-12-10,8887.0,9.092344813738475,0.4054651081081644
Round,1.02,Ideal,F,VS1,EX,EX,1.01,GIA,62.5,56.0,None,None,2008-12-11,8892.0,9.092907275084087,0.01980262729617973
Round,1.01,Very Good,F,VS1,VG,VG,1.02,GIA,62.2,59.0,None,None,2008-12-11,8898.0,9.093581811365986,0.009950330853168092
Round,1.0,Fair,D,VS1,G,G,1.01,GIA,64.7,58.0,None,Very Small,2008-12-10,8907.0,9.09459276343187,0.0
Round,1.39,Ideal,F,SI1,EX,VG,1.01,GIA,60.9,58.0,None,None,2008-12-17,8908.0,9.094705028377259,0.3293037471426003
Princess,1.59,Very Good,D,SI2,VG,VG,1.05,GIA,71.5,69.0,None,None,2008-12-10,8908.0,9.094705028377259,0.4637340162321402
Round,1.16,Very Good,F,VS1,EX,VG,1.02,GIA,62.6,57.0,Medium,Very Small,2008-12-10,8912.0,9.095153962167066,0.14842000511827322
Round,1.11,Ideal,F,VS1,EX,EX,1.01,GIA,62.5,58.0,None,None,2008-12-18,8918.0,9.095826985187422,0.10436001532424286
Princess,1.0,Good,D,IF,EX,G,1.06,GIA,75.8,71.0,None,None,2008-12-10,8923.0,9.09638749190015,0.0
Round,1.21,Ideal,F,VS2,EX,EX,1.01,GIA,61.8,57.0,None,None,2008-12-11,8923.0,9.09638749190015,0.1906203596086497
Princess,1.55,Good,F,SI2,G,G,1.14,GIA,77.6,78.0,None,None,2008-12-10,8923.0,9.09638749190015,0.4382549309311553
Round,1.02,Very Good,D,VS2,EX,EX,1.01,GIA,61.3,61.0,Faint,None,2008-12-10,8936.0,9.097843340749037,0.01980262729617973
Emerald,1.52,Good,D,VS2,VG,G,1.37,GIA,73.4,68.0,Medium,None,2008-12-10,8950.0,9.099408811268901,0.41871033485818504
Round,1.0,Good,D,VS1,VG,VG,1.0,GIA,64.8,59.0,None,None,2008-12-10,8956.0,9.100078977718645,0.0
Round,0.94,Very Good,E,VVS2,EX,EX,1.01,GIA,63.1,56.0,None,None,2008-12-11,8963.0,9.100860271357362,-0.06187540371808753
Round,1.03,Very Good,E,VS1,VG,EX,1.0,GIA,62.3,60.0,Medium,None,2008-12-10,8968.0,9.101417964751995,0.02955880224154443
Princess,1.52,Very Good,E,SI2,VG,VG,1.04,GIA,69.6,76.0,None,None,2008-12-10,8970.0,9.101640955052842,0.41871033485818504
Round,1.0,Very Good,D,VS1,VG,VG,1.02,GIA,64.3,57.0,None,None,2008-12-10,8978.0,9.102532419341877,0.0
Round,1.12,Very Good,D,VS1,EX,EX,1.0,AGSL,62.5,57.0,Medium,None,2008-12-10,8982.0,9.102977853647683,0.11332868530700327
Round,0.97,Very Good,E,VVS2,EX,VG,1.01,GIA,63.4,56.0,None,None,2008-12-11,8987.0,9.103534367658373,-0.030459207484708574
Round,1.01,Very Good,E,VS1,VG,EX,1.01,GIA,63.0,59.0,None,None,2008-12-10,8991.0,9.103979355984773,0.009950330853168092
Emerald,1.11,Good,D,IF,VG,G,1.33,GIA,74.1,70.0,Strong,None,2008-12-10,8993.0,9.104201775914515,0.10436001532424286
Round,0.97,Very Good,E,VVS2,VG,VG,1.0,GIA,59.7,57.0,None,None,2008-12-10,8994.0,9.104312967330653,-0.030459207484708574
Round,1.02,Very Good,D,VS2,EX,VG,1.0,GIA,59.8,61.0,Faint,None,2008-12-17,8999.0,9.104868739033948,0.01980262729617973
Round,1.07,Ideal,E,VS2,EX,EX,1.01,GIA,61.0,58.0,None,None,2008-12-10,9006.0,9.105646300861517,0.06765864847381486
Emerald,1.54,Very Good,D,SI1,VG,G,1.34,GIA,69.6,69.0,Faint,None,2008-12-11,9006.0,9.105646300861517,0.43178241642553783
Round,0.92,Ideal,E,VVS1,EX,EX,1.01,GIA,62.3,54.0,None,None,2008-12-10,9025.0,9.107753783201082,-0.08338160893905101
Round,1.53,Very Good,D,SI2,EX,EX,1.0,GIA,61.9,58.0,Faint,None,2008-12-17,9028.0,9.108086137937427,0.4252677354043441
Round,1.06,Very Good,E,VS1,EX,G,1.01,GIA,59.6,60.0,None,None,2008-12-10,9032.0,9.108529105829499,0.058268908123975824
Round,1.69,Very Good,G,SI2,VG,VG,1.01,GIA,63.8,59.0,None,None,2008-12-10,9045.0,9.109967397829395,0.5247285289349821
Round,1.01,Very Good,G,IF,EX,VG,1.01,GIA,60.5,51.0,Medium,None,2008-12-10,9046.0,9.11007795003779,0.009950330853168092
Emerald,1.54,Good,G,SI1,VG,VG,1.45,GIA,70.9,58.0,Medium Blue,None,2008-12-10,9047.0,9.110188490025742,0.43178241642553783
Round,1.26,Ideal,G,VS2,EX,EX,1.0,GIA,62.3,55.0,None,None,2008-12-10,9052.0,9.110741006753427,0.23111172096338664
Round,1.01,Very Good,E,VS1,EX,EX,1.01,GIA,63.2,56.0,None,None,2008-12-11,9053.0,9.11085147347544,0.009950330853168092
Round,1.01,Very Good,E,VS1,EX,EX,1.01,GIA,62.8,57.0,Faint,None,2008-12-11,9053.0,9.11085147347544,0.009950330853168092
Round,1.01,Very Good,E,VS1,EX,EX,1.0,GIA,59.8,59.0,None,None,2008-12-11,9053.0,9.11085147347544,0.009950330853168092
Round,1.28,Ideal,D,SI1,VG,VG,1.01,GIA,61.2,61.0,Medium Blue,None,2008-12-17,9059.0,9.111514017669288,0.2468600779315258
Round,0.9,Ideal,D,VVS2,EX,EX,1.01,GIA,62.2,56.0,Faint,None,2008-12-11,9064.0,9.112065802707843,-0.10536051565782628
Round,1.71,Very Good,J,SI2,EX,EX,1.01,GIA,63.1,55.0,None,None,2008-12-10,9064.0,9.112065802707843,0.5364933705145685
Princess,1.5,Very Good,G,VS1,VG,VG,1.02,GIA,74.9,74.0,Faint,None,2008-12-10,9065.0,9.112176123188952,0.4054651081081644
Emerald,1.55,Very Good,E,SI1,VG,G,1.4,GIA,68.2,67.0,None,None,2008-12-10,9068.0,9.11250701162742,0.4382549309311553
Round,1.23,Signature-Ideal,G,VS2,ID,ID,1.01,AGSL,61.6,56.0,Negligible,Pointed,2008-12-10,9069.0,9.112617283447568,0.20701416938432612
Round,1.1,Ideal,G,VVS2,EX,EX,1.0,GIA,62.2,55.0,None,None,2008-12-10,9073.0,9.11305824916963,0.09531017980432493
Princess,2.1,Very Good,J,VS2,EX,EX,1.03,GIA,69.6,71.0,None,None,2008-12-10,9075.0,9.113278659133051,0.7419373447293773
Emerald,1.51,Good,G,VS2,G,G,1.38,GIA,72.9,56.0,None,None,2008-12-10,9076.0,9.113388845899733,0.412109650826833
Round,1.22,Ideal,G,VS1,VG,VG,1.01,GIA,61.1,58.0,None,None,2008-12-10,9078.0,9.113609183016411,0.19885085874516517
Round,1.21,Ideal,G,VS2,EX,EX,1.01,GIA,61.9,56.0,None,None,2008-12-11,9079.0,9.113719333371757,0.1906203596086497
Round,1.1,Signature-Ideal,G,VS1,EX,EX,1.01,GIA,61.9,56.0,None,None,2008-12-10,9080.0,9.11382947159534,0.09531017980432493
Round,1.24,Ideal,F,VS2,VG,EX,1.0,GIA,61.9,56.0,Medium,None,2008-12-10,9082.0,9.114049711657897,0.2151113796169455
Round,1.01,Ideal,F,VS1,EX,EX,1.01,GIA,62.4,56.0,Faint,None,2008-12-10,9084.0,9.114269903225448,0.009950330853168092
Round,1.57,Ideal,J,VVS2,EX,EX,1.0,GIA,61.7,57.0,Medium Blue,None,2008-12-10,9085.0,9.114379980830272,0.45107561936021673
Round,1.02,Ideal,G,VVS1,EX,EX,1.0,GIA,60.5,60.0,None,None,2008-12-11,9086.0,9.114490046319348,0.01980262729617973
Round,1.06,Ideal,G,VVS2,EX,VG,1.01,GIA,62.0,57.0,None,None,2008-12-10,9086.0,9.114490046319348,0.058268908123975824
Princess,1.31,Very Good,F,VS1,EX,G,1.02,GIA,72.3,72.0,None,None,2008-12-10,9086.0,9.114490046319348,0.2700271372130602
Round,1.56,Very Good,G,SI2,VG,G,1.01,GIA,62.7,60.0,None,None,2008-12-10,9087.0,9.114600099695346,0.44468582126144574
Round,1.58,Ideal,I,SI1,VG,EX,1.0,GIA,62.2,57.0,None,None,2008-12-10,9089.0,9.11482017011877,0.4574248470388755
Round,1.7,Very Good,J,SI1,G,VG,1.01,GIA,62.9,55.0,None,None,2008-12-10,9089.0,9.11482017011877,0.5306282510621704
Round,1.54,Very Good,G,SI2,EX,VG,1.01,GIA,63.0,58.0,Medium Blue,None,2008-12-17,9090.0,9.114930187171524,0.43178241642553783
Round,1.35,Very Good,D,SI1,EX,VG,1.01,GIA,60.4,59.0,Medium,None,2008-12-10,9093.0,9.115260165725912,0.30010459245033816
Round,1.11,Ideal,G,VS1,EX,EX,1.01,GIA,60.9,60.0,Medium Blue,None,2008-12-12,9094.0,9.115370134384955,0.10436001532424286
Emerald,1.39,Very Good,F,VS1,VG,EX,1.36,GIA,69.6,64.0,None,None,2008-12-11,9094.0,9.115370134384955,0.3293037471426003
Round,1.13,Ideal,G,VS1,EX,EX,1.0,GIA,61.7,58.0,None,None,2008-12-11,9098.0,9.115809888129949,0.12221763272424911
Round,1.01,Very Good,F,VS1,VG,VG,1.01,GIA,62.2,59.0,None,None,2008-12-16,9099.0,9.11591979635669,0.009950330853168092
Round,1.31,Very Good,G,VS2,EX,EX,1.01,GIA,60.6,57.0,Faint,None,2008-12-10,9099.0,9.11591979635669,0.2700271372130602
Round,1.5,Very Good,I,SI1,EX,EX,1.01,GIA,62.9,57.0,None,None,2008-12-10,9100.0,9.116029692504942,0.4054651081081644
Round,1.36,Very Good,F,SI1,EX,VG,1.0,GIA,62.8,60.0,None,None,2008-12-10,9101.0,9.116139576577355,0.3074846997479607
Emerald,1.58,Good,F,SI1,VG,G,1.43,GIA,72.5,65.0,None,None,2008-12-11,9101.0,9.116139576577355,0.4574248470388755
Round,1.61,Ideal,J,VS1,VG,EX,1.0,GIA,60.8,58.0,None,None,2008-12-10,9102.0,9.116249448576587,0.4762341789963717
Round,1.52,Good,I,VS2,VG,VG,1.01,GIA,64.2,58.0,None,None,2008-12-10,9104.0,9.116469156366112,0.41871033485818504
Round,1.04,Ideal,F,VS1,EX,VG,1.0,GIA,60.6,56.0,None,None,2008-12-11,9106.0,9.116688815894728,0.03922071315328133
Round,1.05,Signature-Ideal,E,VS2,EX,EX,1.0,GIA,61.7,56.0,None,None,2008-12-10,9109.0,9.11701821474481,0.04879016416943205
Princess,1.51,Good,G,VS1,EX,VG,1.03,GIA,75.2,76.0,None,None,2008-12-10,9109.0,9.11701821474481,0.412109650826833
Round,1.01,Very Good,E,VS1,VG,VG,1.01,GIA,63.5,56.0,None,None,2008-12-17,9110.0,9.117127990254003,0.009950330853168092
Round,1.01,Very Good,E,VS1,VG,VG,1.01,GIA,60.8,57.0,None,None,2008-12-18,9110.0,9.117127990254003,0.009950330853168092
Round,1.01,Ideal,F,VVS2,VG,VG,1.0,GIA,61.8,54.0,None,None,2008-12-17,9112.0,9.117347505127018,0.009950330853168092
Round,1.01,Ideal,F,VVS2,EX,VG,1.01,GIA,61.9,58.0,Faint,None,2008-12-17,9112.0,9.117347505127018,0.009950330853168092
Round,1.05,Ideal,F,VS1,EX,EX,1.0,GIA,61.5,54.0,None,None,2008-12-11,9112.0,9.117347505127018,0.04879016416943205
Round,1.05,Ideal,F,VS1,EX,EX,1.0,GIA,61.4,55.0,None,None,2008-12-11,9112.0,9.117347505127018,0.04879016416943205
Round,1.5,Good,G,SI1,VG,G,1.01,GIA,62.7,59.0,None,None,2008-12-10,9112.0,9.117347505127018,0.4054651081081644
Round,1.51,Good,J,VVS2,VG,VG,1.0,GIA,59.1,57.0,None,Very Small,2008-12-10,9113.0,9.117457244496126,0.412109650826833
Round,1.11,Very Good,E,VS1,EX,EX,1.01,GIA,59.4,61.0,None,None,2008-12-17,9116.0,9.117786390365575,0.10436001532424286
Round,1.72,Very Good,J,SI2,EX,EX,1.0,GIA,62.7,56.0,None,None,2008-12-10,9116.0,9.117786390365575,0.5423242908253617
Round,1.51,Very Good,I,VS1,VG,VG,1.01,GIA,59.0,63.0,None,None,2008-12-10,9120.0,9.118225083068378,0.412109650826833
Round,1.51,Very Good,I,VS1,G,VG,1.01,GIA,60.9,62.0,Very Strong Blue,None,2008-12-10,9120.0,9.118225083068378,0.412109650826833
Round,1.67,Ideal,J,VS2,EX,EX,1.01,GIA,62.0,60.0,None,None,2008-12-10,9120.0,9.118225083068378,0.5128236264286637
Emerald,2.03,Good,D,SI2,VG,VG,1.34,GIA,73.5,67.0,None,None,2008-12-10,9122.0,9.118444357271645,0.7080357930536959
Round,1.01,Good,D,VS1,EX,EX,1.0,GIA,64.9,58.0,None,None,2008-12-10,9123.0,9.118553976345474,0.009950330853168092
Emerald,1.4,Very Good,E,VVS2,EX,G,1.34,GIA,67.8,65.0,None,None,2008-12-10,9127.0,9.118992332516877,0.3364722366212129
Round,1.5,Very Good,I,VS2,EX,EX,1.01,GIA,63.2,55.0,Faint,None,2008-12-10,9129.0,9.119211438565081,0.4054651081081644
Round,1.61,Ideal,I,SI1,EX,EX,1.01,GIA,62.6,55.0,None,None,2008-12-11,9129.0,9.119211438565081,0.4762341789963717
Princess,1.51,Good,D,SI1,G,G,1.08,GIA,76.9,79.0,None,None,2008-12-11,9130.0,9.119320973589014,0.412109650826833
Round,1.01,Fair,D,VS1,EX,VG,1.01,GIA,62.6,60.0,Medium Blue,None,2008-12-10,9134.0,9.119758993744945,0.009950330853168092
Princess,1.32,Good,D,VVS2,VG,VG,1.05,GIA,75.1,70.0,None,None,2008-12-10,9136.0,9.119977931895791,0.27763173659827955
Round,1.35,Ideal,J,IF,EX,EX,1.01,GIA,61.2,58.0,None,None,2008-12-10,9136.0,9.119977931895791,0.30010459245033816
Princess,1.71,Good,I,VS1,VG,VG,1.01,GIA,68.3,79.0,Faint,None,2008-12-10,9139.0,9.120306249272202,0.5364933705145685
Round,1.59,Very Good,I,VS2,EX,EX,1.0,GIA,59.1,60.0,None,None,2008-12-10,9141.0,9.12052506765382,0.4637340162321402
Round,1.54,Ideal,I,SI1,EX,VG,1.01,GIA,62.0,58.0,None,None,2008-12-10,9143.0,9.120743838164426,0.43178241642553783
Round,1.51,Good,E,SI2,VG,G,1.0,GIA,63.8,62.0,None,None,2008-12-10,9146.0,9.121071904218,0.412109650826833
Emerald,2.03,Good,I,SI2,VG,VG,1.32,GIA,71.5,68.0,None,None,2008-12-11,9148.0,9.121290555142672,0.7080357930536959
Round,1.02,Good,F,VVS2,VG,VG,1.0,GIA,57.6,61.0,None,None,2008-12-10,9155.0,9.122055457108612,0.01980262729617973
Round,1.5,Very Good,J,VS1,EX,EX,1.01,GIA,61.3,59.0,None,None,2008-12-10,9159.0,9.122492281402987,0.4054651081081644
Round,0.91,Very Good,F,IF,EX,EX,1.0,GIA,64.0,54.0,None,None,2008-12-11,9162.0,9.122819774446688,-0.09431067947124129
Princess,2.09,Very Good,J,VS2,EX,EX,1.01,GIA,71.6,76.0,None,None,2008-12-10,9164.0,9.123038043573386,0.7371640659767196
Emerald,1.5,Good,F,VS2,G,G,1.52,GIA,74.8,62.0,None,None,2008-12-10,9166.0,9.123256265069069,0.4054651081081644
Round,1.52,Good,I,SI1,VG,EX,1.0,GIA,64.9,59.0,None,None,2008-12-10,9169.0,9.1235835080499,0.41871033485818504
Round,1.03,Ideal,F,VS1,EX,EX,1.01,GIA,61.1,57.0,None,None,2008-12-10,9174.0,9.124128675157117,0.02955880224154443
Princess,1.5,Very Good,F,SI1,EX,VG,1.02,GIA,73.3,71.0,None,None,2008-12-11,9175.0,9.12423767292277,0.4054651081081644
Round,1.22,Ideal,F,VS2,EX,EX,1.01,GIA,61.7,56.0,None,None,2008-12-10,9179.0,9.12467354521909,0.19885085874516517
Emerald,1.51,Very Good,F,VS2,VG,VG,1.28,GIA,67.8,66.0,Faint,None,2008-12-10,9180.0,9.124782483614537,0.412109650826833
Emerald,1.85,Very Good,I,VS2,VG,VG,1.16,GIA,61.5,71.0,None,None,2008-12-10,9182.0,9.125000324809168,0.6151856390902335
Princess,2.04,Very Good,J,VS2,EX,VG,1.02,GIA,68.4,70.0,None,None,2008-12-10,9185.0,9.125326997649227,0.712949807856125
Round,1.72,Very Good,J,VS2,VG,VG,1.01,GIA,60.4,61.0,None,None,2008-12-10,9193.0,9.126197603863755,0.5423242908253617
Round,1.5,Good,I,VS1,VG,G,1.01,GIA,56.2,64.0,None,None,2008-12-10,9201.0,9.127067452782361,0.4054651081081644
Emerald,1.57,Very Good,H,VS1,EX,EX,1.32,GIA,67.1,71.0,None,Very Small,2008-12-10,9208.0,9.127827950401718,0.45107561936021673
Princess,1.59,Very Good,H,VS1,VG,VG,1.04,GIA,74.5,72.0,None,None,2008-12-10,9209.0,9.127936545721367,0.4637340162321402
Princess,2.02,Very Good,J,SI1,EX,VG,1.0,GIA,74.9,75.0,Strong Blue,None,2008-12-11,9211.0,9.128153700988236,0.7030975114131134
Princess,1.53,Signature-Ideal,I,VVS2,EX,EX,1.01,GIA,67.4,72.0,None,None,2008-12-10,9214.0,9.128479345495862,0.4252677354043441
Round,1.5,Very Good,I,VS2,EX,VG,1.01,GIA,62.2,56.0,None,None,2008-12-11,9224.0,9.129564061948894,0.4054651081081644
Round,1.4,Ideal,I,VS1,VG,EX,1.01,GIA,62.6,56.0,None,None,2008-12-10,9234.0,9.130647603066935,0.3364722366212129
Round,1.5,Very Good,J,VVS2,EX,VG,1.02,GIA,63.3,56.0,Faint,None,2008-12-10,9234.0,9.130647603066935,0.4054651081081644
Princess,1.57,Signature-Ideal,I,VVS2,EX,EX,1.03,GIA,69.3,72.0,None,None,2008-12-10,9237.0,9.13097243659261,0.45107561936021673
Round,1.6,Ideal,H,SI2,VG,VG,1.01,AGSL,61.6,57.0,None,Pointed,2008-12-10,9240.0,9.131297164635729,0.47000362924573563
Round,1.4,Ideal,H,VS2,EX,VG,1.01,GIA,61.7,56.0,None,None,2008-12-10,9242.0,9.131513591430211,0.3364722366212129
Round,1.5,Good,I,VS2,EX,VG,1.01,GIA,60.5,60.0,None,None,2008-12-10,9242.0,9.131513591430211,0.4054651081081644
Emerald,2.02,Very Good,I,SI1,VG,G,1.36,GIA,69.0,70.0,None,None,2008-12-10,9242.0,9.131513591430211,0.7030975114131134
Emerald,1.74,Very Good,H,SI1,VG,VG,1.07,GIA,62.4,66.0,Faint,Small,2008-12-10,9243.0,9.131621787264777,0.5538851132264376
Round,1.52,Ideal,J,VS2,EX,EX,1.0,GIA,62.3,55.0,None,None,2008-12-10,9245.0,9.131838143821225,0.41871033485818504
Round,1.64,Ideal,H,SI2,EX,EX,1.01,GIA,61.9,57.0,None,None,2008-12-17,9251.0,9.132486932771318,0.494696241836107
Round,1.14,Signature-Ideal,H,VVS1,EX,EX,1.0,GIA,61.8,55.0,Faint,None,2008-12-10,9264.0,9.133891199812776,0.131028262406404
Round,1.24,Ideal,H,VS1,EX,EX,1.01,GIA,62.4,56.0,None,None,2008-12-11,9273.0,9.134862230800225,0.2151113796169455
Round,1.34,Ideal,H,VS1,VG,EX,1.0,GIA,61.9,56.0,None,None,2008-12-11,9284.0,9.136047767394327,0.29266961396282004
Round,1.93,Very Good,J,SI2,EX,EX,1.0,GIA,60.6,58.0,None,None,2008-12-10,9297.0,9.137447046455858,0.6575200029167941
Round,1.5,Very Good,J,VVS1,EX,EX,1.01,GIA,62.0,60.0,Medium Blue,None,2008-12-10,9330.0,9.140990293841389,0.4054651081081644
Round,1.31,Ideal,H,VS1,EX,EX,1.01,GIA,61.4,56.0,None,None,2008-12-11,9338.0,9.141847375530883,0.2700271372130602
Round,1.32,Ideal,H,VS1,EX,EX,1.01,GIA,62.1,58.0,None,None,2008-12-10,9339.0,9.141954459109717,0.27763173659827955
Round,1.5,Good,J,VVS1,VG,VG,1.01,GIA,61.9,62.0,Strong,None,2008-12-10,9356.0,9.143773127704069,0.4054651081081644
Princess,2.05,Fair,J,VVS2,VG,G,1.14,GIA,83.4,74.0,None,None,2008-12-11,9356.0,9.143773127704069,0.7178397931503168
Round,1.3,Ideal,H,VS1,EX,EX,1.01,GIA,62.1,57.0,None,None,2008-12-11,9363.0,9.14452103093889,0.26236426446749106
Round,1.2,Very Good,H,VVS1,ID,ID,1.0,AGSL,62.9,54.0,None,Pointed,2008-12-10,9387.0,9.147081032336992,0.1823215567939546
Round,1.55,Very Good,H,SI1,VG,VG,1.01,GIA,60.8,57.0,Medium,None,2008-12-10,9389.0,9.147294070258548,0.4382549309311553
Round,1.34,Ideal,H,VS2,ID,ID,1.01,AGSL,62.2,56.0,Negligible,None,2008-12-10,9404.0,9.14889040965996,0.29266961396282004
Princess,1.63,Very Good,H,VVS2,VG,EX,1.06,GIA,74.6,67.0,None,None,2008-12-10,9419.0,9.150484204822817,0.4885800148186709
Emerald,1.6,Good,G,VS2,EX,VG,1.51,GIA,72.1,71.0,None,None,2008-12-10,9600.0,9.169518377455928,0.47000362924573563
Round,1.58,Very Good,G,SI2,G,G,1.01,GIA,60.0,53.0,None,None,2008-12-10,9602.0,9.169726689090886,0.4574248470388755
Round,1.2,Ideal,G,VS1,EX,EX,1.01,GIA,61.9,58.0,None,None,2008-12-10,9605.0,9.170039075202657,0.1823215567939546
Round,1.2,Ideal,G,VS1,EX,EX,1.01,GIA,62.0,55.0,Faint,None,2008-12-10,9605.0,9.170039075202657,0.1823215567939546
Round,1.23,Ideal,G,VS2,EX,EX,1.01,GIA,62.2,56.0,None,None,2008-12-11,9606.0,9.17014318222477,0.20701416938432612
Round,1.06,Very Good,G,IF,EX,VG,1.01,GIA,62.6,56.0,Medium,None,2008-12-10,9609.0,9.170455438277267,0.058268908123975824
Round,1.06,Very Good,G,IF,EX,VG,1.01,GIA,61.5,57.0,Medium,Very Small,2008-12-10,9609.0,9.170455438277267,0.058268908123975824
Round,1.34,Ideal,G,VS2,VG,VG,1.01,GIA,62.7,56.0,None,None,2008-12-10,9609.0,9.170455438277267,0.29266961396282004
Round,1.21,Ideal,G,VS1,EX,VG,1.0,GIA,60.9,58.0,None,None,2008-12-17,9611.0,9.170663554823284,0.1906203596086497
Round,1.31,Ideal,G,VS2,EX,EX,1.01,GIA,59.6,58.0,None,None,2008-12-11,9613.0,9.170871628065816,0.2700271372130602
Emerald,1.56,Very Good,G,VS2,VG,VG,1.11,GIA,61.6,68.0,None,None,2008-12-11,9620.0,9.171599543659752,0.44468582126144574
Round,1.03,Ideal,G,VVS1,ID,ID,1.01,AGSL,61.7,56.9,None,Pointed,2008-12-10,9631.0,9.172742341560864,0.02955880224154443
Round,1.2,Signature-Ideal,G,VS1,EX,EX,1.0,GIA,60.8,56.0,Medium Blue,None,2008-12-10,9637.0,9.173365135851288,0.1823215567939546
Round,1.51,Very Good,G,SI1,VG,G,1.02,GIA,61.8,60.0,None,None,2008-12-17,9639.0,9.173572647783969,0.412109650826833
Princess,1.52,Very Good,G,VS1,EX,VG,1.03,GIA,71.9,74.0,None,None,2008-12-10,9642.0,9.173883834965567,0.41871033485818504
Emerald,1.5,Very Good,G,VS2,VG,VG,1.08,GIA,62.2,64.0,None,None,2008-12-10,9645.0,9.17419492533983,0.4054651081081644
Emerald,1.5,Very Good,G,VVS2,EX,VG,1.28,GIA,69.1,63.0,None,None,2008-12-10,9648.0,9.174505918966966,0.4054651081081644
Round,1.23,Ideal,G,VS1,EX,EX,1.0,GIA,61.5,56.0,None,None,2008-12-11,9655.0,9.175231194862615,0.20701416938432612
Round,1.23,Ideal,G,VS1,EX,EX,1.01,GIA,61.7,57.0,None,None,2008-12-11,9655.0,9.175231194862615,0.20701416938432612
Round,1.1,Ideal,G,VVS2,EX,EX,1.02,GIA,60.4,57.0,None,None,2008-12-10,9657.0,9.175438319966918,0.09531017980432493
Round,1.03,Ideal,D,VS1,G,G,1.01,GIA,62.6,57.0,None,Very Small,2008-12-10,9918.0,9.202106567049078,0.02955880224154443
Round,1.15,Ideal,D,VS2,VG,VG,1.01,GIA,61.8,58.0,None,None,2008-12-10,9927.0,9.203013596589722,0.13976194237515863
Round,1.51,Very Good,D,SI2,EX,EX,1.0,GIA,63.3,58.0,None,None,2008-12-11,9930.0,9.203315757039219,0.412109650826833
Emerald,1.58,Good,D,SI1,VG,VG,1.33,GIA,71.3,73.0,None,None,2008-12-11,9940.0,9.20432229965062,0.4574248470388755
Round,1.52,Good,D,SI2,VG,G,1.01,GIA,62.1,59.0,None,None,2008-12-10,9951.0,9.205428327615163,0.41871033485818504
Emerald,2.0,Fair,D,SI2,VG,VG,1.34,GIA,77.4,66.0,None,None,2008-12-10,9956.0,9.205930663487482,0.6931471805599453
Emerald,1.51,Good,D,VS1,VG,G,1.27,GIA,72.2,73.0,None,None,2008-12-10,9965.0,9.206834232646894,0.412109650826833
Round,1.5,Very Good,D,SI2,VG,G,1.01,GIA,62.0,57.0,None,Very Small,2008-12-10,9974.0,9.207736986106068,0.4054651081081644
Round,0.96,Ideal,D,VVS2,VG,VG,1.01,GIA,62.1,57.0,None,None,2008-12-10,9988.0,9.209139651399664,-0.040821994520255166
Round,1.21,Very Good,D,VS2,VG,VG,1.0,GIA,58.8,61.0,Medium Blue,None,2008-12-17,9991.0,9.209439966733019,0.1906203596086497
Round,1.5,Good,D,SI2,VG,VG,1.01,GIA,61.9,61.0,None,None,2008-12-10,9999.0,9.21024036697585,0.4054651081081644
Emerald,1.55,Fair,D,SI1,G,VG,1.33,GIA,77.1,68.0,None,None,2008-12-10,10028.0,9.213136459278184,0.4382549309311553
Round,1.1,Ideal,D,VS1,EX,EX,1.0,GIA,61.1,57.0,Strong Blue,None,2008-12-10,10029.0,9.213236175088209,0.09531017980432493
Round,1.01,Very Good,D,VS1,VG,VG,1.01,GIA,63.3,57.0,None,None,2008-12-11,10036.0,9.213933907486313,0.009950330853168092
Emerald,1.57,Good,D,VS2,VG,VG,1.39,GIA,70.1,64.0,None,None,2008-12-10,10045.0,9.214830277249035,0.45107561936021673
Princess,1.51,Good,F,VS2,VG,G,1.04,GIA,81.9,70.0,None,None,2008-12-10,10047.0,9.215029361462314,0.412109650826833
Round,1.51,Ideal,F,SI2,EX,EX,1.01,GIA,61.8,55.0,Faint,None,2008-12-11,10048.0,9.21512888870798,0.412109650826833
Round,1.06,Signature-Ideal,F,VS1,EX,EX,1.01,GIA,61.8,55.0,None,None,2008-12-10,10057.0,9.21602418844448,0.058268908123975824
Round,1.31,Ideal,F,VS2,VG,VG,1.01,GIA,62.5,56.0,Medium Blue,None,2008-12-17,10059.0,9.216223035134337,0.2700271372130602
Round,1.38,Ideal,F,VS2,EX,EX,1.0,GIA,60.6,60.0,None,None,2008-12-10,10059.0,9.216223035134337,0.3220834991691132
Round,1.24,Ideal,F,VS2,EX,EX,1.0,GIA,61.2,55.0,None,None,2008-12-10,10062.0,9.216521231051264,0.2151113796169455
Princess,1.87,Very Good,I,VS2,EX,EX,1.03,GIA,72.5,73.0,None,None,2008-12-11,10071.0,9.217415285648144,0.6259384308664954
Princess,1.53,Very Good,F,SI1,VG,VG,1.05,GIA,73.9,73.0,None,None,2008-12-11,10073.0,9.21761385594268,0.4252677354043441
Princess,1.5,Very Good,F,SI1,VG,G,1.02,GIA,74.8,69.0,Faint,None,2008-12-11,10078.0,9.218110109240543,0.4054651081081644
Round,1.5,Very Good,D,SI2,VG,EX,1.0,AGSL,61.9,60.0,None,Pointed,2008-12-10,10081.0,9.218407743053941,0.4054651081081644
Round,1.54,Very Good,D,SI2,VG,VG,1.01,GIA,61.8,60.0,Strong Blue,None,2008-12-10,10083.0,9.218606116393214,0.43178241642553783
Round,1.7,Very Good,I,SI1,EX,EX,1.0,GIA,61.8,60.0,None,None,2008-12-11,10083.0,9.218606116393214,0.5306282510621704
Emerald,1.52,Good,F,VS1,EX,VG,1.32,GIA,72.8,67.0,Strong Blue,Very Small,2008-12-10,10085.0,9.218804450388312,0.41871033485818504
Round,1.61,Ideal,I,VS2,EX,EX,1.01,GIA,61.2,57.0,Strong,Very Small,2008-12-10,10085.0,9.218804450388312,0.4762341789963717
Emerald,1.06,Good,D,IF,VG,G,1.32,GIA,70.2,70.0,None,None,2008-12-11,10088.0,9.219101877644755,0.058268908123975824
Round,1.0,Very Good,D,VS1,EX,EX,1.0,GIA,59.5,58.0,Medium,None,2008-12-10,10089.0,9.219201000408379,0.0
Round,1.56,Very Good,F,SI2,VG,VG,1.01,GIA,62.5,60.0,None,None,2008-12-10,10089.0,9.219201000408379,0.44468582126144574
Round,1.04,Ideal,F,VS1,EX,EX,1.01,GIA,60.1,60.0,None,None,2008-12-12,10090.0,9.219300113347655,0.03922071315328133
Princess,1.73,Good,I,VS2,ID,ID,1.01,AGSL,75.2,64.0,None,Pointed,2008-12-10,10090.0,9.219300113347655,0.5481214085096876
Emerald,1.82,Very Good,D,SI2,VG,G,1.58,GIA,68.1,69.0,None,None,2008-12-11,10091.0,9.219399216464529,0.598836501088704
Round,1.01,Very Good,F,VVS1,VG,VG,1.01,GIA,64.1,56.0,None,None,2008-12-10,10097.0,9.219993629004321,0.009950330853168092
Emerald,1.23,Signature-Ideal,F,VVS2,EX,EX,1.37,GIA,67.4,66.0,None,Small,2008-12-10,10098.0,9.22009266341886,0.20701416938432612
Round,1.04,Signature-Ideal,F,VS1,EX,EX,1.01,GIA,61.9,55.0,Medium Blue,None,2008-12-10,10108.0,9.221082468508085,0.03922071315328133
Round,1.51,Very Good,I,VS1,EX,EX,1.0,GIA,62.3,56.0,Medium,None,2008-12-11,10111.0,9.2213792190914,0.412109650826833
Emerald,1.64,Very Good,F,VS2,VG,G,1.46,GIA,63.2,67.0,None,None,2008-12-10,10117.0,9.22197245620589,0.494696241836107
Round,1.04,Ideal,F,VS1,EX,EX,1.0,GIA,62.1,57.0,None,None,2008-12-10,10122.0,9.222466551774023,0.03922071315328133
Round,1.01,Ideal,F,VVS2,EX,VG,1.0,GIA,60.5,58.0,None,None,2008-12-10,10124.0,9.222664121665014,0.009950330853168092
Round,1.53,Ideal,I,VS2,EX,EX,1.01,GIA,62.0,56.0,Faint,None,2008-12-10,10126.0,9.222861652529854,0.4252677354043441
Princess,1.51,Very Good,F,SI1,VG,VG,1.01,GIA,70.1,74.0,None,None,2008-12-11,10143.0,9.224539091375995,0.412109650826833
Round,1.4,Very Good,I,VVS1,VG,G,1.01,GIA,62.1,59.0,None,None,2008-12-10,10147.0,9.224933374279082,0.3364722366212129
Round,1.64,Very Good,I,VS2,VG,EX,1.01,GIA,62.2,60.0,None,None,2008-12-10,10147.0,9.224933374279082,0.494696241836107
Round,1.54,Good,I,VS1,VG,VG,1.01,GIA,59.0,60.0,None,None,2008-12-10,10149.0,9.225130457448818,0.43178241642553783
Round,1.02,Ideal,F,VVS2,ID,ID,1.01,AGSL,61.1,56.0,Negligible,None,2008-12-10,10154.0,9.22562299550734,0.01980262729617973
Princess,1.7,Very Good,I,VS1,EX,VG,1.03,GIA,73.6,73.0,None,None,2008-12-17,10164.0,9.226607344440055,0.5306282510621704
Emerald,2.03,Good,I,SI2,G,G,1.39,GIA,69.6,73.0,None,None,2008-12-11,10177.0,9.227885551191932,0.7080357930536959
Round,1.65,Ideal,I,SI1,EX,VG,1.01,GIA,61.6,57.0,None,None,2008-12-10,10179.0,9.22808205345234,0.5007752879124892
Princess,1.83,Very Good,I,VS2,EX,VG,1.02,GIA,75.0,74.0,Faint,None,2008-12-11,10188.0,9.228965836099349,0.6043159668533296
Emerald,1.81,Very Good,I,VS1,VG,VG,1.31,GIA,67.8,63.0,None,None,2008-12-10,10196.0,9.229750765496005,0.5933268452777344
Round,1.64,Very Good,I,SI1,G,G,1.01,GIA,62.3,58.0,Medium,Very Small,2008-12-10,10206.0,9.230731061623917,0.494696241836107
Emerald,2.03,Very Good,I,VS2,G,G,1.48,GIA,62.5,71.0,Faint Blue,Small,2008-12-10,10214.0,9.23151460720759,0.7080357930536959
Round,1.58,Very Good,I,VS2,EX,EX,1.01,GIA,61.4,60.0,None,None,2008-12-10,10234.0,9.233470789365038,0.4574248470388755
Princess,2.03,Good,J,VVS1,EX,EX,1.01,GIA,76.4,71.0,None,None,2008-12-10,10238.0,9.233861567017529,0.7080357930536959
Princess,1.75,Very Good,I,VVS2,VG,VG,1.0,GIA,73.5,73.0,None,None,2008-12-10,10242.0,9.234252192022495,0.5596157879354227
Round,1.53,Ideal,I,VS1,ID,ID,1.0,AGSL,61.9,55.0,None,None,2008-12-10,10248.0,9.234837843576571,0.4252677354043441
Round,1.61,Ideal,I,SI1,EX,EX,1.0,GIA,62.2,58.0,None,None,2008-12-11,10248.0,9.234837843576571,0.4762341789963717
Round,2.0,Very Good,J,SI2,VG,VG,1.01,GIA,62.9,59.0,Faint,None,2008-12-10,10266.0,9.236592743120248,0.6931471805599453
Emerald,2.02,Fair,J,VVS1,G,G,1.28,GIA,76.1,63.0,None,None,2008-12-10,10295.0,9.23941361946189,0.7030975114131134
Round,1.21,Signature-Ideal,G,VS1,EX,EX,1.0,GIA,61.1,55.0,None,None,2008-12-10,10364.0,9.246093541682,0.1906203596086497
Round,1.3,Ideal,G,VS1,EX,EX,1.01,GIA,61.4,56.0,None,None,2008-12-10,10372.0,9.246865146658555,0.26236426446749106
Round,1.04,Ideal,G,IF,VG,EX,1.01,GIA,62.0,57.0,Faint,None,2008-12-10,10374.0,9.247057954911346,0.03922071315328133
Princess,1.51,Good,E,VS1,VG,VG,1.06,GIA,78.4,70.0,None,None,2008-12-11,10381.0,9.247732491193245,0.412109650826833
Round,1.58,Ideal,J,VVS1,EX,EX,1.0,GIA,61.5,56.0,None,None,2008-12-11,10381.0,9.247732491193245,0.4574248470388755
Round,1.17,Ideal,G,VVS2,EX,EX,1.01,GIA,61.7,58.0,None,None,2008-12-18,10383.0,9.247925132303454,0.1570037488096647
Emerald,1.6,Very Good,E,VS2,VG,G,1.28,GIA,68.6,60.0,None,None,2008-12-10,10383.0,9.247925132303454,0.47000362924573563
Round,1.15,Ideal,G,VVS1,EX,EX,1.0,GIA,61.6,56.0,None,None,2008-12-11,10387.0,9.248310303227811,0.13976194237515863
Emerald,2.08,Very Good,J,VVS2,VG,VG,1.24,GIA,69.0,68.0,None,None,2008-12-10,10397.0,9.249272581977971,0.7323678937132266
Round,1.22,Signature-Ideal,G,VS1,EX,EX,1.01,GIA,61.4,55.0,None,None,2008-12-10,10399.0,9.249464926660233,0.19885085874516517
Princess,1.51,Very Good,E,SI1,EX,VG,1.02,GIA,72.3,69.0,None,None,2008-12-11,10401.0,9.249657234353133,0.412109650826833
Round,1.36,Ideal,G,VS2,VG,EX,1.0,GIA,62.7,57.0,None,None,2008-12-10,10406.0,9.250137841850249,0.3074846997479607
Round,1.22,Very Good,G,IF,G,G,1.01,GIA,61.7,60.0,None,Very Small,2008-12-10,10408.0,9.250330020192342,0.19885085874516517
Princess,1.5,Very Good,E,VS2,VG,EX,1.03,GIA,74.1,69.0,None,None,2008-12-10,10408.0,9.250330020192342,0.4054651081081644
Emerald,2.02,Very Good,J,VS1,VG,G,1.31,GIA,64.1,68.0,Faint,None,2008-12-10,10408.0,9.250330020192342,0.7030975114131134
Round,0.98,Ideal,E,VVS2,EX,EX,1.01,GIA,60.7,55.0,None,Very Small,2008-12-10,10410.0,9.250522161609014,-0.020202707317519466
Round,1.01,Signature-Ideal,G,VVS1,EX,EX,1.0,GIA,61.2,55.0,Medium Blue,None,2008-12-10,10412.0,9.250714266114455,0.009950330853168092
Round,1.01,Signature-Ideal,G,VVS1,EX,EX,1.0,GIA,61.9,57.0,Medium Blue,None,2008-12-10,10412.0,9.250714266114455,0.009950330853168092
Round,1.04,Ideal,E,VS1,EX,EX,1.01,GIA,60.7,55.0,None,None,2008-12-11,10413.0,9.250810304529896,0.03922071315328133
Princess,1.52,Good,G,VS1,VG,VG,1.03,GIA,77.2,74.0,None,None,2008-12-10,10416.0,9.251098364448351,0.41871033485818504
Princess,1.52,Good,G,VS1,VG,VG,1.09,GIA,76.0,72.0,None,None,2008-12-10,10416.0,9.251098364448351,0.41871033485818504
Round,1.1,Signature-Ideal,E,VS2,EX,EX,1.01,GIA,61.1,57.0,None,None,2008-12-10,10418.0,9.251290358305138,0.09531017980432493
Round,1.0,Ideal,G,IF,VG,VG,1.01,GIA,62.5,57.0,Faint Blue,None,2008-12-10,10420.0,9.251482315307358,0.0
Round,1.0,Ideal,E,VS1,EX,EX,1.01,GIA,62.5,55.0,None,None,2008-12-11,10420.0,9.251482315307358,0.0
Princess,1.5,Very Good,E,VS1,VG,VG,1.03,GIA,73.4,76.0,None,None,2008-12-10,10425.0,9.251962046667002,0.4054651081081644
Princess,1.53,Very Good,D,SI1,VG,VG,1.02,GIA,74.5,72.0,None,None,2008-12-10,10425.0,9.251962046667002,0.4252677354043441
Round,2.0,Very Good,J,SI2,G,G,1.01,GIA,64.5,57.0,Faint,None,2008-12-10,10426.0,9.252057965328051,0.6931471805599453
Round,1.11,Ideal,G,IF,EX,EX,1.01,GIA,60.5,57.0,None,None,2008-12-11,10428.0,9.252249775053393,0.10436001532424286
Round,1.09,Signature-Ideal,D,VS2,EX,EX,1.01,GIA,60.8,56.0,Faint,Very Small,2008-12-10,10430.0,9.252441547994819,0.08617769624105241
Round,1.21,Ideal,G,VVS1,VG,EX,1.01,GIA,62.2,57.0,None,None,2008-12-10,10432.0,9.252633284166434,0.1906203596086497
Round,1.02,Very Good,D,VS1,EX,VG,1.02,GIA,63.1,57.0,None,None,2008-12-10,10433.0,9.25272913846797,0.01980262729617973
Round,1.58,Ideal,E,SI2,VG,EX,1.01,AGSL,61.1,53.0,None,Pointed,2008-12-10,10433.0,9.25272913846797,0.4574248470388755
Round,1.1,Signature-Ideal,E,VS2,EX,EX,1.0,GIA,61.9,57.0,Faint,None,2008-12-10,10434.0,9.252824983582338,0.09531017980432493
Round,1.21,Signature-Ideal,G,VS1,EX,EX,1.01,GIA,61.2,56.0,None,None,2008-12-10,10434.0,9.252824983582338,0.1906203596086497
Emerald,1.5,Very Good,E,VS2,G,G,1.37,GIA,65.4,58.0,None,None,2008-12-11,10442.0,9.253591413970497,0.4054651081081644
Round,1.18,Ideal,E,VS2,EX,EX,1.0,GIA,61.3,57.0,None,None,2008-12-11,10443.0,9.253687176479549,0.16551443847757333
Round,1.2,Signature-Ideal,E,VS2,EX,EX,1.01,GIA,61.7,57.0,None,Very Small,2008-12-10,10445.0,9.253878673990666,0.1823215567939546
Emerald,1.49,Very Good,G,VVS1,VG,VG,1.33,GIA,67.0,62.0,None,None,2008-12-10,10445.0,9.253878673990666,0.3987761199573678
Round,1.03,Very Good,G,VS2,VG,G,1.01,GIA,61.5,56.0,None,None,2008-12-11,10449.0,9.254261559034111,0.02955880224154443
Round,1.67,Ideal,J,VS1,VG,VG,1.01,GIA,61.7,55.0,None,None,2008-12-10,10452.0,9.254548626640503,0.5128236264286637
Round,1.09,Signature-Ideal,G,VVS1,ID,ID,1.01,AGSL,61.5,56.0,None,Pointed,2008-12-10,10454.0,9.254739959272866,0.08617769624105241
Round,1.51,Very Good,E,SI2,EX,EX,1.01,GIA,61.4,59.0,None,None,2008-12-10,10454.0,9.254739959272866,0.412109650826833
Round,1.53,Good,D,SI2,EX,EX,1.01,AGSL,59.1,61.0,None,Pointed,2008-12-10,10457.0,9.25502688959859,0.4252677354043441
Round,1.57,Very Good,E,SI2,VG,VG,1.01,GIA,61.8,61.0,None,None,2008-12-10,10459.0,9.255218130754269,0.45107561936021673
Round,1.04,Ideal,E,VS1,EX,EX,1.01,GIA,60.4,57.0,None,None,2008-12-11,10465.0,9.2557916348801,0.03922071315328133
Round,1.08,Very Good,D,VS1,VG,VG,1.01,GIA,61.4,55.0,Faint,None,2008-12-10,10466.0,9.255887186932153,0.0769610411361284
Emerald,1.61,Good,G,VS2,G,VG,1.11,GIA,57.2,72.0,None,Small,2008-12-10,10469.0,9.256173788319355,0.4762341789963717
Emerald,1.5,Very Good,D,VS2,VG,VG,1.25,GIA,67.0,69.0,Faint,None,2008-12-10,10470.0,9.256269303864583,0.4054651081081644
Emerald,1.54,Good,D,VS2,G,G,1.72,GIA,71.7,66.0,None,None,2008-12-10,10471.0,9.256364810287462,0.43178241642553783
Emerald,1.57,Very Good,D,SI1,VG,G,1.34,GIA,67.7,65.0,None,None,2008-12-10,10473.0,9.256555795773146,0.45107561936021673
Emerald,2.01,Very Good,J,VS2,G,G,1.59,GIA,68.7,62.0,None,None,2008-12-10,10481.0,9.257319373170178,0.6981347220709843
Princess,2.19,Good,J,VS2,EX,VG,1.07,GIA,78.0,70.0,Faint,None,2008-12-10,10484.0,9.257605564443297,0.7839015438284094
Round,1.5,Very Good,E,SI1,EX,EX,1.0,GIA,64.0,58.0,None,Small,2008-12-11,10489.0,9.258082367961604,0.4054651081081644
Round,1.62,Very Good,D,SI2,VG,VG,1.01,GIA,63.5,60.0,Medium,None,2008-12-10,10489.0,9.258082367961604,0.4824261492442928
Princess,2.21,Very Good,J,VS1,VG,G,1.0,GIA,72.5,72.0,None,None,2008-12-10,10489.0,9.258082367961604,0.7929925155296614
Emerald,1.54,Very Good,D,SI1,VG,VG,1.61,GIA,67.9,64.0,None,None,2008-12-10,10496.0,9.25874951118387,0.43178241642553783
Round,1.0,Very Good,E,VVS2,EX,VG,1.01,GIA,61.3,57.0,Faint,None,2008-12-10,10500.0,9.259130536145614,0.0
Round,1.5,Very Good,D,SI2,VG,G,1.01,GIA,61.5,58.0,Faint,None,2008-12-10,10502.0,9.259320994197804,0.4054651081081644
Emerald,1.52,Very Good,D,SI1,VG,G,1.13,GIA,65.9,71.0,None,None,2008-12-10,10508.0,9.259892150805431,0.41871033485818504
Emerald,2.15,Very Good,J,VS1,EX,EX,1.3,GIA,69.2,70.0,None,Very Small,2008-12-10,10510.0,9.260082463870997,0.7654678421395714
Emerald,2.13,Good,J,VVS2,VG,G,1.07,GIA,62.3,70.0,None,Small,2008-12-10,10535.0,9.26245832623829,0.7561219797213337
Round,1.54,Ideal,D,SI2,EX,EX,1.0,GIA,60.5,59.0,Faint,None,2008-12-10,10537.0,9.262648151599528,0.43178241642553783
Emerald,1.5,Good,D,VVS2,VG,G,1.3,GIA,70.3,68.0,None,None,2008-12-10,10538.0,9.262743050769231,0.4054651081081644
Emerald,1.55,Very Good,D,SI1,G,G,1.34,GIA,63.0,69.0,Faint,None,2008-12-10,10562.0,9.26501793326688,0.4382549309311553
Emerald,1.55,Very Good,D,SI1,VG,VG,1.51,GIA,61.9,71.0,None,None,2008-12-10,10562.0,9.26501793326688,0.4382549309311553
Princess,1.53,Very Good,D,SI1,VG,VG,1.02,GIA,73.0,69.0,Faint,None,2008-12-17,10569.0,9.265680467009346,0.4252677354043441
Emerald,1.23,Signature-Ideal,D,VS1,EX,EX,1.35,GIA,67.1,66.0,Faint,Very Small,2008-12-10,10576.0,9.266342562091468,0.20701416938432612
Princess,1.01,Very Good,D,IF,EX,G,1.03,GIA,70.8,72.0,None,None,2008-12-11,10587.0,9.26738211234338,0.009950330853168092
Round,1.67,Very Good,J,VS1,VG,G,1.0,GIA,63.8,54.0,None,None,2008-12-17,10587.0,9.26738211234338,0.5128236264286637
Princess,2.04,Very Good,J,VVS2,EX,VG,1.02,GIA,72.5,75.0,None,None,2008-12-10,10602.0,9.268797941547751,0.712949807856125
Round,1.53,Very Good,D,SI2,EX,EX,1.01,AGSL,61.1,60.0,None,Pointed,2008-12-10,10610.0,9.26955223160803,0.4252677354043441
Round,2.01,Good,J,SI2,VG,VG,1.01,GIA,63.0,61.0,Faint,None,2008-12-10,10624.0,9.270870871716214,0.6981347220709843
Round,1.81,Very Good,J,SI1,EX,EX,1.01,GIA,63.2,55.0,None,None,2008-12-11,10639.0,9.272281773516365,0.5933268452777344
Princess,2.17,Very Good,J,VS1,EX,EX,1.01,GIA,68.9,70.0,None,None,2008-12-10,10687.0,9.276783328524896,0.7747271675523681
Round,1.8,Ideal,J,VS2,VG,EX,1.01,GIA,60.6,61.0,None,None,2008-12-10,10711.0,9.27902652976463,0.5877866649021191
Round,1.63,Ideal,J,VS1,VG,VG,1.0,GIA,60.8,60.0,None,None,2008-12-17,10714.0,9.279306576440906,0.4885800148186709
Round,1.71,Ideal,I,SI1,EX,EX,1.0,GIA,59.9,58.0,None,None,2008-12-10,10731.0,9.280892027927127,0.5364933705145685
Emerald,1.97,Very Good,I,VS1,G,G,1.83,GIA,68.9,68.0,None,None,2008-12-18,10735.0,9.28126471031288,0.6780335427498971
Princess,2.04,Very Good,I,VS2,EX,VG,1.02,GIA,73.3,76.0,None,None,2008-12-10,10767.0,9.284241179815718,0.712949807856125
Princess,2.0,Very Good,I,VS2,EX,EX,1.02,GIA,71.9,72.0,None,None,2008-12-10,10773.0,9.284798282894192,0.6931471805599453
Round,1.7,Ideal,I,SI1,VG,VG,1.01,GIA,62.2,57.0,None,None,2008-12-10,10775.0,9.28498391497195,0.5306282510621704
Round,1.61,Ideal,I,VS2,EX,EX,1.01,GIA,60.0,60.0,None,None,2008-12-10,10778.0,9.285262298493443,0.4762341789963717
Round,1.63,Ideal,I,SI1,EX,EX,1.0,GIA,61.9,57.0,None,None,2008-12-17,10807.0,9.287949351303165,0.4885800148186709
Round,1.57,Very Good,I,VS2,EX,VG,1.01,GIA,63.7,55.0,None,None,2008-12-17,10812.0,9.288411907396338,0.45107561936021673
Round,2.05,Very Good,I,SI2,VG,ID,1.0,AGSL,63.0,57.0,Negligible,None,2008-12-10,10812.0,9.288411907396338,0.7178397931503168
Round,1.72,Very Good,I,VS2,VG,VG,1.0,GIA,62.4,59.0,None,None,2008-12-10,10870.0,9.293761980115255,0.5423242908253617
Round,1.52,Ideal,I,VS1,EX,EX,1.01,GIA,61.3,58.0,None,None,2008-12-11,10874.0,9.294129897705867,0.41871033485818504
Round,1.71,Very Good,I,VS2,EX,EX,1.01,GIA,62.4,59.0,None,None,2008-12-10,10884.0,9.295049099903137,0.5364933705145685
Princess,2.04,Good,I,VVS2,VG,VG,1.13,GIA,75.1,71.0,Faint,None,2008-12-10,10887.0,9.29532469588118,0.712949807856125
Round,1.69,Very Good,I,VS2,EX,EX,1.0,GIA,62.5,59.0,None,None,2008-12-10,10891.0,9.295692039075686,0.5247285289349821
Round,1.5,Ideal,I,VS1,EX,EX,1.0,GIA,62.5,58.0,None,None,2008-12-10,10894.0,9.29596745794362,0.4054651081081644
Round,1.55,Very Good,I,VS1,EX,VG,1.01,GIA,59.6,58.0,None,None,2008-12-10,10902.0,9.296701537624227,0.4382549309311553
Princess,2.1,Very Good,I,VS2,VG,VG,1.04,GIA,73.9,76.0,None,None,2008-12-10,10907.0,9.297160063928743,0.7419373447293773
Emerald,2.04,Very Good,I,VS2,VG,VG,1.41,GIA,69.6,60.0,Faint,None,2008-12-10,10920.0,9.298351249298896,0.712949807856125
Princess,2.13,Good,I,VS2,EX,G,1.11,GIA,76.5,72.0,None,None,2008-12-10,10921.0,9.298442820197728,0.7561219797213337
Round,1.71,Very Good,I,SI1,VG,G,1.01,GIA,61.3,59.0,None,None,2008-12-10,10930.0,9.299266581170585,0.5364933705145685
Round,1.01,Very Good,E,VVS2,VG,VG,1.02,GIA,59.3,60.0,None,None,2008-12-10,10937.0,9.299906815335225,0.009950330853168092
Round,1.0,Signature-Ideal,E,VS1,EX,EX,1.0,GIA,61.0,57.0,None,None,2008-12-10,10943.0,9.300455261418444,0.0
Round,0.96,Ideal,E,IF,EX,VG,1.0,GIA,62.0,57.0,None,None,2008-12-11,10949.0,9.301003406873425,-0.040821994520255166
Round,1.03,Ideal,E,VVS2,VG,VG,1.0,GIA,62.3,56.0,Medium,None,2008-12-10,10980.0,9.30383071506352,0.02955880224154443
Round,1.03,Ideal,E,VVS2,EX,VG,1.01,GIA,61.0,59.0,Medium,None,2008-12-10,10980.0,9.30383071506352,0.02955880224154443
Round,1.3,Ideal,E,VS1,EX,EX,1.01,GIA,60.9,58.0,Strong Blue,None,2008-12-10,10985.0,9.30428598481871,0.26236426446749106
Round,1.51,Very Good,E,SI1,VG,VG,1.01,GIA,62.3,59.0,Very Strong Blue,None,2008-12-10,11006.0,9.306195857619704,0.412109650826833
Round,1.17,Ideal,E,VS1,EX,VG,1.01,GIA,61.5,58.0,None,None,2008-12-11,11024.0,9.30782999325344,0.1570037488096647
Round,1.05,Ideal,E,VS1,EX,EX,1.01,GIA,61.9,59.0,None,None,2008-12-10,11027.0,9.308102089758679,0.04879016416943205
Emerald,1.34,Very Good,E,VVS1,G,G,1.44,GIA,69.3,66.0,None,None,2008-12-10,11032.0,9.308555419473137,0.29266961396282004
Emerald,1.47,Very Good,E,VS1,VG,VG,1.26,GIA,62.3,72.0,None,None,2008-12-10,11033.0,9.308646060760307,0.3852624007906449
Round,1.01,Ideal,E,VVS2,EX,VG,1.01,GIA,61.7,58.0,None,None,2008-12-10,11035.0,9.308827318690836,0.009950330853168092
Round,1.01,Ideal,E,VVS2,EX,VG,1.01,GIA,62.3,53.0,None,None,2008-12-10,11035.0,9.308827318690836,0.009950330853168092
Round,1.57,Very Good,D,SI2,VG,VG,1.01,GIA,60.3,60.0,Faint,None,2008-12-10,11060.0,9.311090275076326,0.45107561936021673
Round,1.23,Ideal,D,VS2,EX,EX,1.01,GIA,61.5,55.0,Faint,None,2008-12-10,11065.0,9.31154225248515,0.20701416938432612
Round,1.53,Ideal,D,SI2,VG,VG,1.0,GIA,59.6,60.0,None,None,2008-12-10,11065.0,9.31154225248515,0.4252677354043441
Emerald,1.86,Very Good,D,SI2,G,G,1.37,GIA,64.2,68.0,None,None,2008-12-10,11068.0,9.311813340906816,0.62057648772511
Emerald,1.55,Very Good,D,VS1,EX,G,1.33,GIA,67.4,60.0,None,None,2008-12-10,11071.0,9.312084355859467,0.4382549309311553
Round,1.01,Very Good,E,VVS2,EX,EX,1.0,GIA,64.3,56.0,None,None,2008-12-11,11077.0,9.312626165516933,0.009950330853168092
Round,1.01,Very Good,E,VVS2,EX,EX,1.01,GIA,64.3,55.0,None,None,2008-12-11,11078.0,9.31271643859305,0.009950330853168092
Round,1.01,Ideal,E,VVS2,EX,EX,1.01,GIA,62.2,57.0,Medium,None,2008-12-11,11078.0,9.31271643859305,0.009950330853168092
Emerald,1.51,Very Good,D,VS1,VG,G,1.25,GIA,69.7,65.0,None,None,2008-12-10,11085.0,9.313348122050412,0.412109650826833
Round,1.51,Good,E,SI1,EX,VG,1.01,GIA,62.2,60.0,Strong Blue,None,2008-12-10,11087.0,9.313528529772352,0.412109650826833
Emerald,1.58,Good,E,SI1,VG,VG,1.33,GIA,71.7,59.0,None,None,2008-12-10,11088.0,9.313618721429684,0.4574248470388755
Round,0.94,Ideal,E,VVS1,EX,EX,1.01,GIA,61.2,59.0,None,None,2008-12-11,11090.0,9.313799080344413,-0.06187540371808753
Princess,1.52,Very Good,D,SI1,EX,EX,1.01,GIA,70.9,72.0,None,None,2008-12-10,11124.0,9.316860215353856,0.41871033485818504
Round,1.21,Ideal,D,VS1,EX,EX,1.01,GIA,59.9,59.0,Strong,None,2008-12-11,11132.0,9.317579122645782,0.1906203596086497
Round,1.01,Very Good,D,VS1,VG,EX,1.01,GIA,63.1,58.0,None,None,2008-12-10,11138.0,9.318117964149614,0.009950330853168092
Round,1.01,Very Good,D,VS1,VG,EX,1.0,GIA,63.1,58.0,None,None,2008-12-10,11138.0,9.318117964149614,0.009950330853168092
Emerald,1.45,Good,D,VS1,VG,G,1.34,GIA,71.5,59.0,None,None,2008-12-17,11142.0,9.31847703058076,0.371563556432483
Round,1.27,Ideal,D,VS2,VG,VG,1.01,GIA,59.4,62.0,Faint,None,2008-12-17,11154.0,9.3195534569495,0.23901690047049992
Round,1.26,Very Good,D,VS2,EX,EX,1.01,GIA,62.4,58.0,None,None,2008-12-10,11169.0,9.320897362540826,0.23111172096338664
Princess,1.58,Very Good,D,VS2,VG,G,1.02,GIA,73.8,71.0,None,None,2008-12-10,11179.0,9.321792297270326,0.4574248470388755
Round,1.06,Ideal,D,VS1,EX,EX,1.01,GIA,61.9,55.0,Medium,None,2008-12-10,11220.0,9.325453179076687,0.058268908123975824
Emerald,1.68,Good,D,VS2,VG,VG,1.33,GIA,73.2,68.0,Medium,None,2008-12-11,11221.0,9.325542301664866,0.5187937934151675
Round,1.02,Very Good,D,VS1,EX,EX,1.0,GIA,62.3,59.0,None,None,2008-12-10,11242.0,9.32741204356202,0.01980262729617973
Princess,1.5,Very Good,D,VS1,VG,G,1.0,GIA,66.3,78.0,Medium Blue,Medium,2008-12-10,11250.0,9.328123407632566,0.4054651081081644
Emerald,1.86,Good,D,SI1,G,G,1.4,GIA,71.2,67.0,Faint,None,2008-12-11,11250.0,9.328123407632566,0.62057648772511
Princess,1.08,Very Good,D,IF,VG,G,1.03,GIA,73.0,72.0,None,None,2008-12-11,11260.0,9.329011901693681,0.0769610411361284
Princess,2.02,Very Good,I,VS1,VG,VG,1.01,GIA,73.4,71.0,None,None,2008-12-10,11618.0,9.360310898552477,0.7030975114131134
Round,1.63,Ideal,I,VS1,ID,ID,1.01,AGSL,61.6,55.6,None,Pointed,2008-12-10,11622.0,9.360655132635051,0.4885800148186709
Princess,2.01,Very Good,I,VVS2,EX,G,1.01,GIA,72.6,72.0,Faint,None,2008-12-10,11628.0,9.361171261678766,0.6981347220709843
Round,2.08,Very Good,I,SI2,VG,EX,1.0,GIA,63.6,58.0,None,None,2008-12-10,11639.0,9.362116806941977,0.7323678937132266
Round,1.52,Ideal,I,VS1,EX,EX,1.0,GIA,61.6,56.0,None,None,2008-12-11,11651.0,9.36314729221994,0.41871033485818504
Princess,2.12,Very Good,I,VS1,EX,VG,1.02,GIA,69.7,71.0,None,None,2008-12-10,11665.0,9.36434818445553,0.7514160886839212
Round,1.7,Very Good,I,VS2,EX,EX,1.01,GIA,59.6,59.0,None,None,2008-12-10,11669.0,9.364691031806107,0.5306282510621704
Emerald,2.04,Very Good,I,VS1,VG,G,1.17,GIA,68.4,69.0,None,Very Small,2008-12-11,11679.0,9.365547636278565,0.712949807856125
Princess,2.02,Good,I,VVS2,VG,VG,1.05,GIA,75.4,71.0,None,None,2008-12-10,11681.0,9.365718869155696,0.7030975114131134
Princess,2.02,Good,I,VVS2,VG,VG,1.06,GIA,76.6,74.0,None,None,2008-12-10,11681.0,9.365718869155696,0.7030975114131134
Round,1.62,Very Good,I,VS1,EX,EX,1.01,GIA,61.2,60.0,None,None,2008-12-10,11685.0,9.366061246972958,0.4824261492442928
Princess,2.05,Very Good,I,VS1,EX,VG,1.03,GIA,69.0,68.0,None,None,2008-12-10,11696.0,9.36700218198956,0.7178397931503168
Round,1.71,Very Good,I,VS2,VG,VG,1.01,GIA,62.5,60.0,Faint,None,2008-12-17,11712.0,9.368369236201092,0.5364933705145685
Princess,1.88,Signature-Ideal,I,SI1,EX,EX,1.0,GIA,69.6,69.0,None,None,2008-12-10,11719.0,9.368966735258603,0.6312717768418578
Princess,2.17,Very Good,I,VS2,EX,VG,1.03,GIA,69.7,68.0,None,None,2008-12-10,11720.0,9.369052063131004,0.7747271675523681
Princess,2.04,Very Good,I,VS1,EX,EX,1.01,GIA,70.7,69.0,None,None,2008-12-10,11736.0,9.370416319822818,0.712949807856125
Round,1.65,Ideal,I,VS1,ID,ID,1.0,AGSL,61.8,58.0,None,None,2008-12-10,11745.0,9.371182897093012,0.5007752879124892
Princess,2.13,Good,I,VS2,VG,G,1.02,GIA,76.8,74.0,Faint,None,2008-12-10,11773.0,9.373564053078196,0.7561219797213337
Princess,2.19,Very Good,I,VS2,EX,VG,1.01,GIA,72.6,67.0,None,None,2008-12-10,11781.0,9.37424334324612,0.7839015438284094
Round,1.5,Very Good,I,VVS1,EX,EX,1.01,GIA,62.5,58.0,None,None,2008-12-10,11790.0,9.375006993531416,0.4054651081081644
Round,1.15,Signature-Ideal,G,VVS1,EX,EX,1.01,GIA,61.3,56.0,None,None,2008-12-10,11797.0,9.375600540841843,0.13976194237515863
Round,1.07,Signature-Ideal,G,IF,EX,EX,1.01,GIA,61.6,57.0,None,Very Small,2008-12-10,11799.0,9.375770061099919,0.06765864847381486
Emerald,1.67,Very Good,G,VS1,VG,G,1.36,GIA,61.7,64.0,Faint Blue,None,2008-12-11,11800.0,9.375854810453756,0.5128236264286637
Round,1.27,Ideal,G,VS1,EX,EX,1.0,GIA,61.0,57.0,None,None,2008-12-11,11805.0,9.376278449519614,0.23901690047049992
Princess,1.6,Good,G,VVS1,VG,VG,1.01,GIA,75.3,69.0,None,None,2008-12-10,11818.0,9.37737907190562,0.47000362924573563
Round,1.52,Very Good,G,VS2,EX,EX,1.01,GIA,61.9,58.0,Medium,None,2008-12-10,11821.0,9.377632889750377,0.41871033485818504
Round,1.2,Signature-Ideal,G,VVS2,ID,ID,1.01,AGSL,60.9,56.0,Medium Blue,Very Small,2008-12-10,11824.0,9.377886643187983,0.1823215567939546
Round,1.21,Ideal,G,VVS1,EX,EX,1.01,GIA,62.2,54.0,None,None,2008-12-17,11828.0,9.378224880972368,0.1906203596086497
Round,1.5,Good,G,VS2,VG,VG,1.01,GIA,62.4,62.0,None,None,2008-12-10,11859.0,9.380842351964795,0.4054651081081644
Round,1.36,Very Good,G,VS1,VG,G,1.01,GIA,62.6,58.0,None,None,2008-12-10,11862.0,9.381095292398673,0.3074846997479607
Round,1.29,Ideal,G,VVS1,ID,ID,1.01,AGSL,61.4,56.1,None,Pointed,2008-12-10,11872.0,9.381937965407161,0.25464221837358075
Round,1.25,Very Good,G,IF,EX,EX,1.0,GIA,62.5,56.0,None,None,2008-12-11,11888.0,9.38328476695754,0.22314355131420976
Round,1.52,Ideal,G,SI1,ID,ID,1.0,AGSL,62.4,55.0,None,Pointed,2008-12-10,11888.0,9.38328476695754,0.41871033485818504
Emerald,1.53,Good,G,VVS2,VG,G,1.49,GIA,57.8,72.0,Faint,Small,2008-12-10,11889.0,9.383368881858544,0.4252677354043441
Round,1.3,Very Good,G,VVS2,EX,G,1.01,GIA,59.3,58.0,Faint,Very Small,2008-12-10,11890.0,9.383452989684827,0.26236426446749106
Round,1.54,Ideal,G,SI1,EX,EX,1.01,GIA,60.0,58.0,None,None,2008-12-10,11913.0,9.38538551979936,0.43178241642553783
Round,1.18,Very Good,G,IF,VG,EX,1.0,GIA,62.5,57.0,None,None,2008-12-10,11914.0,9.385469458188632,0.16551443847757333
Round,1.02,Ideal,D,VS1,EX,EX,1.0,GIA,63.0,56.0,None,None,2008-12-10,11921.0,9.386056829718001,0.01980262729617973
Princess,1.2,Very Good,D,IF,G,VG,1.09,GIA,72.0,73.0,None,None,2008-12-10,11924.0,9.386308454797962,0.1823215567939546
Round,1.51,Good,G,VS2,VG,VG,1.01,GIA,65.5,58.0,None,None,2008-12-10,11933.0,9.387062950369655,0.412109650826833
Round,1.51,Very Good,D,SI1,VG,EX,1.01,GIA,64.4,59.0,Strong,None,2008-12-10,11933.0,9.387062950369655,0.412109650826833
Round,1.5,Very Good,G,VS2,VG,G,1.0,GIA,63.7,57.0,None,None,2008-12-11,11937.0,9.387398099095039,0.4054651081081644
Round,1.54,Ideal,D,SI2,EX,EX,1.01,GIA,59.4,59.0,None,None,2008-12-17,11944.0,9.387984339219026,0.43178241642553783
Round,1.46,Very Good,D,SI1,VG,G,1.02,GIA,58.8,56.0,None,None,2008-12-10,11952.0,9.388653907372598,0.37843643572024505
Princess,1.7,Very Good,G,VS2,VG,VG,1.05,GIA,70.7,70.0,None,None,2008-12-10,11953.0,9.38873757187798,0.5306282510621704
Round,0.9,Very Good,D,IF,VG,VG,1.01,GIA,59.3,61.0,None,Very Small,2008-12-10,11986.0,9.391494581018131,-0.10536051565782628
Round,1.05,Very Good,D,VS1,VG,EX,1.01,GIA,61.0,59.0,None,None,2008-12-10,11994.0,9.392161803728454,0.04879016416943205
Round,0.92,Very Good,D,IF,VG,VG,1.01,GIA,61.8,58.0,None,None,2008-12-10,12014.0,9.393827915410107,-0.08338160893905101
Round,1.0,Very Good,D,VVS2,EX,EX,1.0,GIA,64.0,57.0,None,None,2008-12-11,12017.0,9.3940775929113,0.0
Round,1.53,Very Good,D,SI1,EX,EX,1.0,GIA,59.2,57.0,Medium,None,2008-12-11,12030.0,9.395158808968725,0.4252677354043441
Round,1.05,Ideal,D,VS1,EX,EX,1.0,GIA,61.2,58.0,Faint,None,2008-12-11,12043.0,9.39623885726048,0.04879016416943205
Emerald,2.01,Very Good,D,SI2,VG,G,1.5,GIA,68.0,66.0,None,None,2008-12-10,12057.0,9.397400683117311,0.6981347220709843
Round,1.02,Ideal,F,VVS2,EX,EX,1.0,GIA,62.0,56.0,None,None,2008-12-10,12062.0,9.397815294010933,0.01980262729617973
Round,1.77,Very Good,D,SI2,EX,EX,1.0,GIA,62.1,59.0,Strong,None,2008-12-10,12074.0,9.398809659356372,0.5709795465857378
Princess,1.7,Very Good,F,SI1,VG,VG,1.04,GIA,73.2,71.0,Faint,None,2008-12-11,12091.0,9.400216653174247,0.5306282510621704
Round,1.13,Ideal,F,VVS2,EX,EX,1.0,GIA,61.7,56.0,None,None,2008-12-10,12093.0,9.400382051785275,0.12221763272424911
Emerald,1.58,Very Good,D,VS1,VG,VG,1.06,GIA,59.0,67.0,None,Small,2008-12-10,12095.0,9.400547423044127,0.4574248470388755
Round,1.75,Ideal,F,SI2,EX,EX,1.01,GIA,61.4,57.0,None,None,2008-12-10,12103.0,9.401208634738603,0.5596157879354227
Round,1.06,Ideal,F,VVS2,VG,EX,1.01,GIA,61.7,58.0,None,None,2008-12-10,12104.0,9.401291255468191,0.058268908123975824
Princess,1.74,Good,F,VS2,VG,G,1.11,GIA,77.7,73.0,None,None,2008-12-11,12107.0,9.40153907670774,0.5538851132264376
Emerald,1.21,Very Good,D,IF,EX,VG,1.1,GIA,63.9,64.0,Medium Blue,Small,2008-12-10,12114.0,9.402117087540892,0.1906203596086497
Emerald,1.54,Very Good,F,VVS2,VG,VG,1.06,GIA,68.3,61.0,None,None,2008-12-10,12114.0,9.402117087540892,0.43178241642553783
Round,1.2,Good,D,VS1,EX,VG,1.01,GIA,56.8,64.0,None,None,2008-12-10,12116.0,9.402282172147128,0.1823215567939546
Round,1.22,Ideal,F,VS1,EX,EX,1.01,GIA,62.1,59.0,None,None,2008-12-11,12116.0,9.402282172147128,0.19885085874516517
Round,1.0,Very Good,D,VVS2,EX,EX,1.01,GIA,63.6,59.0,None,None,2008-12-17,12119.0,9.402529747968487,0.0
Round,1.0,Very Good,D,VVS2,EX,EX,1.01,GIA,62.7,58.0,None,None,2008-12-17,12119.0,9.402529747968487,0.0
Round,1.02,Ideal,F,VVS1,EX,EX,1.01,GIA,61.5,56.0,None,None,2008-12-10,12119.0,9.402529747968487,0.01980262729617973
Princess,1.01,Very Good,D,IF,EX,VG,1.01,GIA,71.7,68.0,None,None,2008-12-10,12120.0,9.402612259623305,0.009950330853168092
Round,1.0,Ideal,F,IF,EX,VG,1.0,GIA,62.9,55.0,None,None,2008-12-11,12121.0,9.402694764470512,0.0
Round,1.0,Very Good,F,IF,EX,EX,1.01,GIA,61.9,54.0,None,None,2008-12-11,12121.0,9.402694764470512,0.0
Round,1.54,Very Good,F,SI1,VG,VG,1.01,GIA,62.5,59.0,None,None,2008-12-10,12125.0,9.403024715805683,0.43178241642553783
Round,1.01,Very Good,F,VVS1,EX,EX,1.01,GIA,63.5,56.0,None,None,2008-12-11,12128.0,9.403272107882152,0.009950330853168092
Round,1.06,Ideal,F,VVS1,EX,EX,1.0,GIA,61.3,58.0,Medium,None,2008-12-11,12141.0,9.404343433543975,0.058268908123975824
Princess,1.53,Good,F,VVS2,VG,G,1.09,GIA,76.2,74.0,None,None,2008-12-10,12142.0,9.40442579569038,0.4252677354043441
Round,1.1,Very Good,F,VVS2,VG,VG,1.01,GIA,58.6,58.0,None,None,2008-12-18,12147.0,9.404837504700271,0.09531017980432493
Round,1.31,Ideal,F,VS1,EX,EX,1.01,GIA,61.1,56.0,Strong,None,2008-12-11,12151.0,9.405166749908611,0.2700271372130602
Round,1.02,Ideal,F,VVS2,EX,EX,1.0,GIA,61.9,57.0,None,None,2008-12-11,12157.0,9.405660414555793,0.01980262729617973
Round,1.26,Signature-Ideal,F,VS1,EX,EX,1.01,GIA,61.4,57.0,None,None,2008-12-10,12157.0,9.405660414555793,0.23111172096338664
Emerald,2.26,Very Good,J,VS2,G,G,1.27,GIA,63.6,67.0,None,Very Small,2008-12-10,12319.0,9.418898064961974,0.8153648132841944
Round,2.05,Very Good,J,SI1,VG,EX,1.0,GIA,61.4,60.0,Medium,None,2008-12-10,12348.0,9.42124938562205,0.7178397931503168
Round,2.11,Very Good,J,SI2,VG,VG,1.02,GIA,60.8,61.0,Medium Blue,None,2008-12-16,12367.0,9.422786913742057,0.7466879474879751
Round,1.78,Ideal,J,VS1,EX,EX,1.0,GIA,62.5,57.0,None,None,2008-12-10,12385.0,9.42424134192346,0.5766133643039938
Round,2.03,Very Good,J,SI1,VG,EX,1.0,GIA,61.1,63.0,None,None,2008-12-17,12394.0,9.424967763522053,0.7080357930536959
Round,1.84,Very Good,J,VS1,VG,VG,1.0,GIA,60.7,59.0,None,None,2008-12-17,12409.0,9.42617729477462,0.6097655716208943
Round,2.01,Very Good,J,VS2,EX,VG,1.01,GIA,62.5,57.0,Medium Blue,None,2008-12-10,12429.0,9.42778773074551,0.6981347220709843
Round,2.02,Very Good,J,SI1,EX,G,1.01,GIA,62.6,58.0,Faint Blue,Very Small,2008-12-11,12460.0,9.430278792341444,0.7030975114131134
Round,2.0,Very Good,J,VS2,EX,G,1.01,GIA,62.0,60.0,Strong,None,2008-12-10,12482.0,9.432042885493988,0.6931471805599453
Round,2.0,Very Good,J,VS2,EX,VG,1.01,GIA,62.4,61.0,None,None,2008-12-10,12482.0,9.432042885493988,0.6931471805599453
Round,2.03,Very Good,J,SI2,VG,VG,1.01,GIA,59.4,60.0,None,None,2008-12-17,12509.0,9.434203664214742,0.7080357930536959
Round,2.01,Very Good,J,VS1,EX,VG,1.01,GIA,63.5,58.0,None,None,2008-12-17,12520.0,9.43508264465409,0.6981347220709843
Round,2.08,Ideal,J,SI2,VG,EX,1.01,GIA,61.1,57.0,None,None,2008-12-10,12562.0,9.438431663014326,0.7323678937132266
Round,2.01,Good,J,SI1,EX,G,1.01,GIA,60.1,62.0,None,None,2008-12-10,12574.0,9.439386468943006,0.6981347220709843
Round,2.01,Very Good,J,SI1,VG,VG,1.01,GIA,61.6,60.0,None,None,2008-12-10,12592.0,9.440816970657185,0.6981347220709843
Round,2.02,Good,J,VS2,G,VG,1.0,GIA,59.1,56.0,Medium,None,2008-12-10,12598.0,9.441293350181875,0.7030975114131134
Round,2.02,Very Good,J,VS1,EX,VG,1.02,GIA,62.4,55.0,None,None,2008-12-10,12605.0,9.44184883962202,0.7030975114131134
Round,2.02,Very Good,J,VS2,G,G,1.01,GIA,61.5,59.0,Faint,None,2008-12-16,12610.0,9.442245428958966,0.7030975114131134
Round,2.02,Ideal,J,SI1,G,EX,1.01,AGSL,61.3,57.0,None,Pointed,2008-12-10,12620.0,9.443038136095204,0.7030975114131134
Round,2.01,Good,J,VS2,EX,G,1.0,GIA,58.4,60.0,None,None,2008-12-17,12642.0,9.444779883032243,0.6981347220709843
Emerald,2.0,Very Good,I,VS2,EX,G,1.23,GIA,67.2,64.0,None,None,2008-12-10,12836.0,9.460009002229748,0.6931471805599453
Round,1.7,Ideal,I,VS2,EX,EX,1.01,GIA,62.3,56.0,None,None,2008-12-10,12847.0,9.46086560003161,0.5306282510621704
Round,1.7,Ideal,I,VS2,EX,EX,1.01,GIA,60.4,59.0,None,None,2008-12-10,12847.0,9.46086560003161,0.5306282510621704
Round,1.6,Signature-Ideal,I,VS1,ID,ID,1.0,AGSL,60.8,55.0,None,Pointed,2008-12-10,12875.0,9.463042725531936,0.47000362924573563
Emerald,2.02,Good,I,VS2,G,G,1.19,GIA,71.2,55.0,None,Medium,2008-12-10,12884.0,9.46374151045109,0.7030975114131134
Round,2.24,Ideal,I,SI2,ID,ID,1.0,AGSL,62.1,54.0,None,None,2008-12-10,12884.0,9.46374151045109,0.8064758658669485
Round,1.78,Very Good,I,VS1,VG,VG,1.01,GIA,61.4,59.0,None,Very Small,2008-12-10,12889.0,9.46412951340478,0.5766133643039938
Round,2.02,Very Good,I,SI2,VG,VG,1.01,GIA,63.0,57.0,None,None,2008-12-10,12890.0,9.464207095933233,0.7030975114131134
Round,1.62,Very Good,I,VVS2,G,VG,1.01,GIA,62.2,57.0,None,None,2008-12-11,12901.0,9.465060106725137,0.4824261492442928
Round,1.93,Good,I,SI1,G,G,1.02,GIA,62.7,58.0,Faint,None,2008-12-10,12904.0,9.465292619805044,0.6575200029167941
Round,1.5,Very Good,D,SI1,EX,G,1.01,GIA,59.8,58.0,None,Very Small,2008-12-10,12928.0,9.467150780760877,0.4054651081081644
Round,0.9,Signature-Ideal,D,VVS1,EX,EX,1.0,GIA,61.7,55.0,None,None,2008-12-10,12931.0,9.467382808295852,-0.10536051565782628
Princess,2.02,Signature-Ideal,I,SI1,VG,VG,1.05,GIA,67.9,72.0,Faint,None,2008-12-10,12934.0,9.467614782006539,0.7030975114131134
Princess,2.0,Signature-Ideal,I,VS2,EX,VG,1.03,GIA,69.5,70.0,None,None,2008-12-10,12938.0,9.46792399660393,0.6931471805599453
Round,2.03,Very Good,I,SI2,VG,G,1.01,GIA,62.6,61.0,Faint,None,2008-12-10,12949.0,9.46877384406884,0.7080357930536959
Round,1.52,Ideal,I,VVS2,EX,EX,1.0,GIA,61.4,56.0,Faint,None,2008-12-11,12953.0,9.469082700530256,0.41871033485818504
Round,0.9,Ideal,D,IF,EX,EX,1.01,GIA,60.9,59.0,None,None,2008-12-11,12956.0,9.46931428029122,-0.10536051565782628
Round,2.03,Good,I,SI2,VG,G,1.01,GIA,64.9,60.0,Medium Blue,None,2008-12-10,12959.0,9.469545806435415,0.7080357930536959
Round,0.91,Very Good,D,IF,VG,EX,1.0,GIA,61.9,57.0,None,None,2008-12-10,12961.0,9.469700127423375,-0.09431067947124129
Princess,2.28,Very Good,I,VS2,EX,VG,1.03,GIA,73.4,76.0,None,None,2008-12-11,12993.0,9.472166029882736,0.8241754429663494
Round,1.59,Ideal,I,VVS2,EX,EX,1.01,GIA,61.4,55.0,None,None,2008-12-11,12994.0,9.472242991440476,0.4637340162321402
Round,2.02,Good,I,SI2,EX,VG,1.0,GIA,61.0,62.0,None,None,2008-12-11,12994.0,9.472242991440476,0.7030975114131134
Princess,2.01,Signature-Ideal,I,VS2,EX,VG,1.05,GIA,68.2,72.0,None,None,2008-12-10,12997.0,9.47247384058159,0.6981347220709843
Round,1.15,Ideal,D,VS1,EX,EX,1.01,GIA,61.7,55.0,Faint,None,2008-12-10,13003.0,9.47293537905132,0.13976194237515863
Round,1.71,Ideal,I,VS1,EX,EX,1.0,GIA,60.3,60.0,None,None,2008-12-11,13010.0,9.47347357150655,0.5364933705145685
Round,1.36,Very Good,D,VS2,EX,EX,1.0,GIA,61.8,60.0,None,None,2008-12-10,13011.0,9.473550432503476,0.3074846997479607
Princess,1.54,Very Good,D,VS2,EX,VG,1.04,GIA,71.5,69.0,None,None,2008-12-10,13032.0,9.475163150281881,0.43178241642553783
Round,1.05,Signature-Ideal,D,VS1,EX,EX,1.01,GIA,61.3,57.0,None,None,2008-12-10,13080.0,9.47883962501119,0.04879016416943205
Round,1.17,Very Good,E,VVS2,G,VG,1.01,GIA,59.1,60.0,None,None,2008-12-10,13080.0,9.47883962501119,0.1570037488096647
Round,1.15,Ideal,E,VVS2,EX,EX,1.0,GIA,59.5,59.0,None,None,2008-12-10,13082.0,9.478992518521158,0.13976194237515863
Round,1.02,Ideal,E,VVS1,EX,EX,1.01,GIA,61.0,57.0,Medium,None,2008-12-10,13084.0,9.479145388658274,0.01980262729617973
Round,1.15,Ideal,E,VVS2,EX,EX,1.01,GIA,61.6,56.0,None,None,2008-12-10,13094.0,9.479909389001037,0.13976194237515863
Round,1.04,Good,E,VVS2,EX,VG,1.01,GIA,63.3,58.0,None,None,2008-12-10,13096.0,9.48006211905097,0.03922071315328133
Round,1.05,Ideal,E,VVS2,EX,VG,1.01,GIA,61.4,57.0,None,None,2008-12-10,13096.0,9.48006211905097,0.04879016416943205
Round,1.62,Very Good,D,SI1,G,G,1.01,GIA,60.8,58.0,Strong,None,2008-12-10,13100.0,9.480367509189243,0.4824261492442928
Round,1.0,Very Good,D,VVS2,EX,VG,1.01,GIA,58.4,61.0,None,None,2008-12-10,13115.0,9.481511892300974,0.0
Round,1.24,Signature-Ideal,E,VS1,EX,EX,1.01,GIA,61.7,57.0,Medium Blue,None,2008-12-10,13117.0,9.481664377815145,0.2151113796169455
Round,1.73,Ideal,D,SI2,EX,EX,1.01,GIA,62.4,56.0,None,None,2008-12-10,13131.0,9.482731125859004,0.5481214085096876
Round,1.52,Ideal,E,SI1,EX,EX,1.01,GIA,61.2,58.0,Medium,None,2008-12-11,13139.0,9.483340185641822,0.41871033485818504
Emerald,1.55,Very Good,D,VVS2,EX,EX,1.32,GIA,69.8,62.0,None,None,2008-12-11,13157.0,9.484709215365838,0.4382549309311553
Round,1.01,Very Good,E,VVS1,EX,EX,1.01,GIA,62.8,58.0,None,None,2008-12-10,13165.0,9.48531707193041,0.009950330853168092
Round,1.01,Ideal,D,VVS2,EX,VG,1.01,GIA,61.4,58.0,None,None,2008-12-10,13168.0,9.485544922916851,0.009950330853168092
Round,1.07,Signature-Ideal,D,VS1,EX,EX,1.01,GIA,61.4,56.0,None,Very Small,2008-12-10,13168.0,9.485544922916851,0.06765864847381486
Round,1.02,Ideal,D,VVS2,EX,EX,1.01,GIA,61.9,56.0,Medium,None,2008-12-10,13171.0,9.485772721999046,0.01980262729617973
Round,1.01,Very Good,E,IF,EX,G,1.02,GIA,63.8,57.0,None,None,2008-12-10,13173.0,9.485924559229828,0.009950330853168092
Round,1.71,Very Good,E,SI1,G,VG,1.0,GIA,62.8,60.0,Strong Blue,None,2008-12-10,13173.0,9.485924559229828,0.5364933705145685
Princess,1.74,Very Good,E,SI1,EX,VG,1.02,GIA,74.8,69.0,Medium Blue,None,2008-12-11,13178.0,9.486304051473764,0.5538851132264376
Round,1.36,Very Good,E,VS1,VG,EX,1.0,GIA,60.9,64.0,Faint,None,2008-12-17,13185.0,9.486835098787386,0.3074846997479607
Round,1.06,Ideal,E,VVS2,EX,VG,1.01,GIA,61.5,58.0,None,Very Small,2008-12-10,13211.0,9.488805094878353,0.058268908123975824
Round,1.53,Ideal,D,SI1,EX,EX,1.01,GIA,61.4,58.0,Medium,None,2008-12-11,13218.0,9.489334816030398,0.4252677354043441
Round,1.2,Ideal,E,VS1,EX,VG,1.0,GIA,60.6,60.0,None,None,2008-12-10,13225.0,9.4898642567265,0.1823215567939546
Round,1.53,Very Good,E,SI1,VG,VG,1.02,GIA,60.6,59.0,None,Very Small,2008-12-10,13227.0,9.490015474026047,0.4252677354043441
Round,1.56,Very Good,D,SI1,EX,VG,1.01,GIA,63.7,58.0,Medium Blue,None,2008-12-17,13232.0,9.490393417263473,0.44468582126144574
Round,1.02,Ideal,E,VVS1,EX,VG,1.01,GIA,60.8,60.0,None,None,2008-12-10,13243.0,9.491224389926964,0.01980262729617973
Round,1.1,Ideal,D,VS1,EX,EX,1.01,GIA,60.8,56.0,None,None,2008-12-17,13245.0,9.49137540170617,0.09531017980432493
Round,1.6,Very Good,E,SI1,VG,EX,1.01,GIA,62.6,58.0,Faint,None,2008-12-10,13247.0,9.491526390684262,0.47000362924573563
Round,1.51,Very Good,D,SI1,G,G,1.02,GIA,61.8,62.0,Medium Blue,None,2008-12-10,13251.0,9.491828300264636,0.412109650826833
Princess,1.51,Good,E,IF,G,VG,1.06,GIA,76.2,71.0,None,None,2008-12-10,13252.0,9.491903763419787,0.412109650826833
Round,1.09,Ideal,D,VS1,EX,EX,1.0,GIA,61.5,57.0,None,None,2008-12-10,13253.0,9.491979220880678,0.08617769624105241
Round,2.05,Ideal,J,SI1,EX,EX,1.01,GIA,60.3,60.0,Medium Blue,None,2008-12-10,13630.0,9.520028524690579,0.7178397931503168
Round,2.05,Ideal,J,SI1,EX,EX,1.01,GIA,62.4,55.0,Medium Blue,None,2008-12-10,13630.0,9.520028524690579,0.7178397931503168
Round,2.23,Very Good,J,SI1,VG,VG,1.0,GIA,62.8,59.0,Faint Blue,None,2008-12-11,13658.0,9.522080709521035,0.8020015854720274
Round,2.06,Very Good,J,VS2,EX,EX,1.0,GIA,63.0,59.0,Faint,None,2008-12-10,13679.0,9.523617089089445,0.7227059828014898
Round,2.06,Very Good,J,VS2,VG,VG,1.01,GIA,63.2,57.0,None,None,2008-12-10,13679.0,9.523617089089445,0.7227059828014898
Round,2.2,Very Good,J,SI1,G,VG,1.01,GIA,60.7,57.0,Faint,None,2008-12-10,13694.0,9.524713059681009,0.7884573603642703
Round,2.01,Very Good,J,VS2,VG,VG,1.01,GIA,61.0,60.0,None,None,2008-12-10,13701.0,9.525224101853109,0.6981347220709843
Round,2.07,Ideal,J,VS2,VG,EX,1.0,GIA,61.7,59.0,None,None,2008-12-10,13741.0,9.528139343331775,0.7275486072772777
Round,2.0,Very Good,J,VS2,VG,G,1.01,GIA,60.7,60.0,Medium,Very Small,2008-12-10,13751.0,9.528866827722945,0.6931471805599453
Round,2.06,Ideal,J,VS2,VG,EX,1.01,GIA,61.1,58.0,None,None,2008-12-10,13752.0,9.528939547062684,0.7227059828014898
Round,2.12,Ideal,J,SI1,EX,EX,1.0,GIA,61.0,57.0,Strong,None,2008-12-16,13753.0,9.529012261114708,0.7514160886839212
Round,2.07,Ideal,J,SI1,EX,EX,1.0,GIA,61.4,58.0,None,None,2008-12-10,13754.0,9.529084969879781,0.7275486072772777
Round,2.01,Fair,J,VS1,G,VG,1.01,GIA,57.4,62.0,Faint,Medium,2008-12-10,13767.0,9.530029703062944,0.6981347220709843
Round,2.02,Ideal,J,VS2,EX,EX,1.01,GIA,60.7,58.0,Strong,None,2008-12-11,13784.0,9.531263778207766,0.7030975114131134
Round,2.0,Very Good,J,VS1,EX,VG,1.0,GIA,59.2,61.0,None,None,2008-12-11,13815.0,9.533510237357516,0.6931471805599453
Round,2.16,Ideal,J,SI1,EX,EX,1.0,GIA,62.2,55.0,None,None,2008-12-18,13828.0,9.534450801041515,0.7701082216960737
Round,2.08,Ideal,J,SI1,EX,EX,1.01,GIA,62.2,56.0,None,None,2008-12-10,13834.0,9.53488460916053,0.7323678937132266
Round,2.06,Ideal,J,SI1,EX,EX,1.0,GIA,61.1,55.0,None,None,2008-12-10,13838.0,9.535173710058757,0.7227059828014898
Emerald,2.37,Very Good,J,VVS2,VG,G,1.39,GIA,65.8,66.0,Medium,Small,2008-12-10,13848.0,9.535896096856046,0.8628899551470398
Round,2.1,Very Good,J,SI1,EX,G,1.01,GIA,62.1,56.0,Medium,None,2008-12-10,13866.0,9.537195079502435,0.7419373447293773
Round,1.01,Ideal,D,VVS2,EX,VG,1.01,GIA,62.0,58.0,None,None,2008-12-10,13960.0,9.543951376316363,0.009950330853168092
Round,1.6,Very Good,D,SI1,G,VG,1.01,GIA,60.4,62.0,None,None,2008-12-10,13985.0,9.54574060563606,0.47000362924573563
Emerald,1.28,Very Good,D,IF,VG,G,1.4,GIA,68.9,70.0,Faint,None,2008-12-10,13991.0,9.546169544733285,0.2468600779315258
Round,1.39,Very Good,D,VS2,EX,VG,1.01,GIA,62.4,59.0,None,None,2008-12-10,14049.0,9.550306497851652,0.3293037471426003
Emerald,1.51,Signature-Ideal,D,VS2,EX,VG,1.36,GIA,67.6,69.0,None,Very Small,2008-12-10,14055.0,9.550733483340633,0.412109650826833
Princess,1.57,Very Good,D,VS1,G,VG,1.04,GIA,71.3,68.0,None,None,2008-12-10,14056.0,9.550804629866933,0.45107561936021673
Emerald,1.29,Very Good,D,IF,VG,G,1.45,GIA,66.7,64.0,None,None,2008-12-10,14093.0,9.553433499191511,0.25464221837358075
Round,2.01,Good,D,SI2,EX,G,1.02,GIA,64.6,55.0,Strong,None,2008-12-10,14140.0,9.556762939450564,0.6981347220709843
Round,1.51,Good,D,VS2,VG,VG,1.01,GIA,59.8,63.0,Very Strong Blue,None,2008-12-10,14145.0,9.557116483735667,0.412109650826833
Round,1.01,Ideal,F,IF,EX,EX,1.01,GIA,61.5,57.0,None,None,2008-12-10,14146.0,9.557187177595935,0.009950330853168092
Round,1.22,Ideal,F,VVS2,EX,EX,1.0,GIA,62.5,56.0,None,None,2008-12-11,14163.0,9.558388209214396,0.19885085874516517
Round,1.22,Ideal,F,VVS2,EX,EX,1.0,GIA,62.4,56.0,None,None,2008-12-11,14163.0,9.558388209214396,0.19885085874516517
Round,1.22,Ideal,F,VVS2,EX,EX,1.0,GIA,60.9,57.0,None,None,2008-12-11,14163.0,9.558388209214396,0.19885085874516517
Round,1.21,Ideal,F,VVS2,EX,EX,1.01,GIA,62.0,56.0,Medium Blue,None,2008-12-10,14166.0,9.558600006313569,0.1906203596086497
Round,1.02,Ideal,F,VVS1,EX,EX,1.0,GIA,61.9,56.0,None,None,2008-12-11,14168.0,9.55874117946267,0.01980262729617973
Round,1.0,Ideal,F,IF,VG,EX,1.01,GIA,59.9,59.0,None,None,2008-12-10,14169.0,9.558811758564227,0.0
Round,1.7,Very Good,F,SI1,EX,VG,1.01,GIA,63.2,59.0,None,None,2008-12-11,14174.0,9.5591645793702,0.5306282510621704
Round,1.68,Very Good,D,SI1,VG,EX,1.01,GIA,63.3,58.0,None,None,2008-12-10,14178.0,9.559446746414963,0.5187937934151675
Round,1.62,Ideal,H,VS1,EX,EX,1.0,GIA,62.1,55.0,None,None,2008-12-10,14192.0,9.56043370454936,0.4824261492442928
Round,1.51,Ideal,H,VVS1,EX,EX,1.01,GIA,61.5,56.0,None,None,2008-12-11,14194.0,9.560574619084928,0.412109650826833
Round,1.05,Very Good,F,IF,EX,VG,1.01,GIA,62.3,58.0,Medium,None,2008-12-10,14199.0,9.560926818574357,0.04879016416943205
Round,2.02,Very Good,H,SI2,EX,EX,1.0,GIA,63.9,58.0,None,None,2008-12-10,14201.0,9.561067663645012,0.7030975114131134
Round,2.02,Good,H,SI2,VG,VG,1.01,GIA,63.4,60.0,None,None,2008-12-10,14201.0,9.561067663645012,0.7030975114131134
Round,1.5,Ideal,D,SI1,EX,EX,1.01,GIA,62.6,55.0,Faint,None,2008-12-10,14202.0,9.561138078742038,0.4054651081081644
Round,1.64,Ideal,F,SI1,EX,EX,1.01,GIA,62.5,59.0,Faint,None,2008-12-10,14204.0,9.561278894062978,0.494696241836107
Round,1.64,Ideal,F,SI1,EX,EX,1.01,GIA,61.4,59.0,None,Very Small,2008-12-10,14204.0,9.561278894062978,0.494696241836107
Round,1.07,Ideal,F,VVS1,EX,EX,1.01,GIA,60.0,59.0,None,None,2008-12-11,14206.0,9.561419689557756,0.06765864847381486
Round,1.08,Signature-Ideal,F,VVS1,ID,ID,1.01,AGSL,61.8,56.0,Negligible,Very Small,2008-12-10,14217.0,9.562193710635698,0.0769610411361284
Round,1.51,Very Good,F,VS2,EX,VG,1.01,GIA,58.9,60.0,None,None,2008-12-10,14224.0,9.562685957753686,0.412109650826833
Emerald,2.07,Good,H,VVS1,VG,G,1.56,GIA,71.1,65.0,None,Small,2008-12-10,14228.0,9.562967133068346,0.7275486072772777
Round,1.15,Signature-Ideal,D,VS1,EX,EX,1.01,GIA,61.6,56.0,Faint,None,2008-12-10,14232.0,9.563248229345671,0.13976194237515863
Round,1.2,Ideal,F,VVS1,VG,VG,1.0,GIA,63.0,54.0,None,None,2008-12-11,14235.0,9.563458999712138,0.1823215567939546
Princess,1.8,Very Good,F,VS1,VG,VG,1.04,GIA,71.1,67.0,Faint,None,2008-12-10,14237.0,9.563599488613745,0.5877866649021191
Round,1.21,Ideal,F,VVS1,EX,EX,1.01,GIA,61.1,57.0,Medium,None,2008-12-11,14248.0,9.564371824969498,0.1906203596086497
Round,1.31,Ideal,F,VVS2,EX,EX,1.0,GIA,61.6,56.0,Strong,None,2008-12-10,14248.0,9.564371824969498,0.2700271372130602
Round,1.7,Very Good,H,VS1,EX,EX,1.0,GIA,63.2,55.0,None,None,2008-12-11,14252.0,9.564652526725727,0.5306282510621704
Emerald,2.0,Good,H,VVS2,EX,VG,1.4,GIA,70.2,63.0,Faint,None,2008-12-10,14266.0,9.565634362837983,0.6931471805599453
Round,1.05,Signature-Ideal,F,VVS1,EX,EX,1.01,GIA,60.7,56.0,Faint,Very Small,2008-12-10,14267.0,9.565704457114814,0.04879016416943205
Round,1.14,Ideal,D,VVS2,EX,EX,1.01,GIA,61.7,56.0,Strong,None,2008-12-10,14269.0,9.565844630930576,0.131028262406404
Round,1.0,Very Good,D,VVS2,VG,G,1.01,GIA,60.2,60.0,None,None,2008-12-10,14281.0,9.566685261452934,0.0
Round,1.81,Ideal,H,SI1,EX,EX,1.01,GIA,60.9,58.0,Faint,None,2008-12-10,14285.0,9.566965314664873,0.5933268452777344
Round,0.91,Ideal,D,IF,EX,EX,1.01,GIA,61.6,56.0,None,None,2008-12-11,14296.0,9.567735056839265,-0.09431067947124129
Round,1.53,Ideal,H,VVS2,EX,EX,1.0,GIA,61.3,56.0,None,None,2008-12-10,14314.0,9.568993358298544,0.4252677354043441
Emerald,2.01,Good,H,VS2,VG,VG,1.33,GIA,69.1,74.0,None,Small,2008-12-10,14324.0,9.569691731118324,0.6981347220709843
Round,1.51,Very Good,H,IF,VG,VG,1.01,GIA,62.9,57.0,Medium,None,2008-12-10,14325.0,9.56976154158294,0.412109650826833
Round,1.61,Ideal,D,SI1,EX,VG,1.01,GIA,60.2,60.0,None,None,2008-12-10,14340.0,9.57080811415361,0.4762341789963717
Princess,2.02,Very Good,H,VS1,VG,G,1.02,GIA,74.5,73.0,None,None,2008-12-10,14351.0,9.571574905170932,0.7030975114131134
Round,1.51,Ideal,H,VS1,EX,VG,1.0,GIA,62.4,58.0,None,None,2008-12-17,14353.0,9.57171425857138,0.412109650826833
Round,1.84,Very Good,H,SI1,EX,EX,1.01,GIA,63.8,56.0,None,None,2008-12-11,14355.0,9.571853592555165,0.6097655716208943
Round,1.16,Signature-Ideal,D,VS1,ID,ID,1.0,AGSL,60.6,55.0,None,Pointed,2008-12-10,14356.0,9.571923252267498,0.14842000511827322
Round,2.01,Fair,D,SI2,EX,G,1.01,GIA,64.7,62.0,None,None,2008-12-10,14363.0,9.572410734431823,0.6981347220709843
Emerald,1.45,Fair,D,IF,G,G,1.17,GIA,76.7,63.0,Faint,None,2008-12-10,14399.0,9.57491403870827,0.371563556432483
Round,1.3,Ideal,D,VS1,VG,EX,1.01,GIA,61.7,59.0,Medium Blue,None,2008-12-11,14401.0,9.575052927597383,0.26236426446749106
Round,2.06,Good,I,SI1,VG,VG,1.0,GIA,63.8,61.0,Strong,None,2008-12-10,14462.0,9.579279798734897,0.7227059828014898
Round,2.01,Ideal,I,SI2,EX,EX,1.01,GIA,61.3,58.0,None,None,2008-12-11,14467.0,9.57962547262959,0.6981347220709843
Round,2.14,Very Good,I,SI2,EX,VG,1.0,GIA,62.6,57.0,Faint,None,2008-12-16,14480.0,9.580523665939708,0.7608058290337602
Princess,2.21,Very Good,I,VVS2,VG,G,1.04,GIA,71.1,75.0,Faint,None,2008-12-10,14481.0,9.580592724328602,0.7929925155296614
Round,1.85,Ideal,I,VS1,EX,EX,1.01,GIA,62.3,56.0,Medium,None,2008-12-10,14494.0,9.581490049669227,0.6151856390902335
Round,2.01,Very Good,I,SI1,VG,EX,1.01,AGSL,64.0,58.0,None,Pointed,2008-12-10,14498.0,9.581765987860823,0.6981347220709843
Round,2.14,Very Good,I,SI2,VG,VG,1.01,GIA,62.7,57.0,None,None,2008-12-10,14502.0,9.582041849931539,0.7608058290337602
Round,2.01,Ideal,I,SI1,VG,VG,1.01,GIA,62.1,57.0,Strong,None,2008-12-10,14511.0,9.582662261491093,0.6981347220709843
Round,2.03,Very Good,I,SI2,VG,EX,1.01,GIA,62.8,60.0,None,None,2008-12-11,14513.0,9.582800078470363,0.7080357930536959
Round,2.01,Ideal,I,SI2,EX,EX,1.01,GIA,61.1,56.0,None,None,2008-12-10,14529.0,9.583901931071338,0.6981347220709843
Emerald,2.18,Very Good,I,VS2,VG,VG,1.23,GIA,68.7,61.0,None,Very Small,2008-12-10,14581.0,9.587474590316285,0.7793248768009977
Princess,2.22,Very Good,I,VS1,G,G,1.02,GIA,72.8,75.0,None,None,2008-12-10,14623.0,9.590350910611878,0.7975071958841882
Emerald,2.0,Very Good,I,IF,VG,G,1.26,GIA,66.7,71.0,Faint,None,2008-12-10,14634.0,9.591102867443976,0.6931471805599453
Round,2.01,Good,I,VS2,VG,G,1.02,GIA,64.8,59.0,None,None,2008-12-10,14634.0,9.591102867443976,0.6981347220709843
Round,2.05,Very Good,I,SI1,VG,EX,1.01,GIA,63.0,60.0,Faint,None,2008-12-10,14660.0,9.592877975440642,0.7178397931503168
Round,2.04,Very Good,I,SI2,VG,G,1.02,GIA,62.5,52.0,None,Small,2008-12-10,14668.0,9.593423529191217,0.712949807856125
Round,2.04,Very Good,I,SI2,G,G,1.01,GIA,60.1,57.0,None,None,2008-12-10,14668.0,9.593423529191217,0.712949807856125
Princess,2.26,Very Good,I,VVS2,EX,VG,1.02,GIA,71.2,64.0,None,None,2008-12-10,14676.0,9.593968785475173,0.8153648132841944
Princess,2.01,Signature-Ideal,I,VS1,EX,EX,1.04,GIA,66.7,70.0,None,None,2008-12-10,14689.0,9.594854193331415,0.6981347220709843
Emerald,2.39,Very Good,I,VS2,VG,VG,1.08,GIA,61.7,64.0,None,Small,2008-12-10,14705.0,9.595942850988095,0.8712933659434193
Round,1.71,Very Good,H,VS2,EX,EX,1.01,GIA,63.1,58.0,None,None,2008-12-10,14709.0,9.596214830319344,0.5364933705145685
Princess,2.04,Very Good,H,VS1,VG,G,1.05,GIA,73.4,77.0,None,None,2008-12-10,14730.0,9.597641509456675,0.712949807856125
Princess,2.04,Very Good,H,VS1,VG,VG,1.02,GIA,71.3,77.0,Faint,None,2008-12-10,14744.0,9.59859149934966,0.712949807856125
Round,1.57,Signature-Ideal,H,VS1,EX,EX,1.01,GIA,60.6,57.0,Faint,None,2008-12-10,14750.0,9.598998361767967,0.45107561936021673
Princess,2.07,Very Good,H,VS1,EX,EX,1.0,GIA,72.9,72.0,Faint,None,2008-12-10,14762.0,9.599811590329997,0.7275486072772777
Round,1.72,Very Good,H,VS2,EX,EX,1.01,GIA,59.2,58.0,Faint,None,2008-12-10,14789.0,9.601638940166769,0.5423242908253617
Princess,2.07,Very Good,H,VS2,EX,EX,1.01,GIA,71.5,74.0,None,None,2008-12-18,14800.0,9.602382459752207,0.7275486072772777
Round,1.54,Ideal,H,VVS1,EX,EX,1.01,GIA,62.7,55.0,None,None,2008-12-10,14802.0,9.602517585757411,0.43178241642553783
Round,1.58,Ideal,H,VS1,EX,EX,1.01,GIA,61.8,56.0,None,None,2008-12-11,14835.0,9.604744532724922,0.4574248470388755
Round,1.54,Very Good,H,VVS2,EX,EX,1.0,GIA,59.6,59.0,None,None,2008-12-11,14868.0,9.606966531417143,0.43178241642553783
Round,1.41,Ideal,G,IF,EX,VG,1.01,GIA,62.0,57.0,None,None,2008-12-10,14913.0,9.609988594762783,0.34358970439007686
Princess,2.02,Very Good,G,SI1,VG,VG,1.04,GIA,72.1,73.0,Faint,None,2008-12-10,14914.0,9.61005564810374,0.7030975114131134
Round,1.51,Ideal,G,VVS2,ID,ID,1.01,AGSL,60.7,57.0,Negligible,None,2008-12-10,14915.0,9.61012269694885,0.412109650826833
Round,2.0,Good,G,SI2,VG,VG,1.01,GIA,62.2,59.0,None,None,2008-12-10,14930.0,9.611127890533236,0.6931471805599453
Princess,2.05,Very Good,G,SI1,VG,VG,1.06,GIA,71.0,74.0,None,None,2008-12-10,14933.0,9.61132880805727,0.7178397931503168
Round,1.6,Ideal,G,VS1,EX,EX,1.0,GIA,60.5,58.0,Medium Blue,None,2008-12-10,14947.0,9.612265889785814,0.47000362924573563
Round,2.04,Very Good,G,SI2,VG,VG,1.01,GIA,61.4,58.0,Strong,None,2008-12-11,14955.0,9.612800971064049,0.712949807856125
Round,1.4,Ideal,G,VVS2,EX,VG,1.01,GIA,62.6,56.0,None,None,2008-12-11,14958.0,9.613001552751612,0.3364722366212129
Round,1.4,Ideal,G,VVS2,EX,VG,1.01,GIA,62.6,55.0,None,None,2008-12-11,14958.0,9.613001552751612,0.3364722366212129
Round,2.0,Very Good,H,SI2,EX,EX,1.0,GIA,59.4,58.0,None,None,2008-12-10,14981.0,9.614538010517382,0.6931471805599453
Round,2.0,Very Good,H,SI2,EX,EX,1.01,GIA,62.7,60.0,None,None,2008-12-10,14981.0,9.614538010517382,0.6931471805599453
Princess,2.17,Very Good,G,SI1,VG,VG,1.06,GIA,70.9,71.0,None,None,2008-12-10,14983.0,9.614671504043145,0.7747271675523681
Round,1.5,Very Good,G,VS1,EX,VG,1.01,GIA,62.5,58.0,None,None,2008-12-11,14997.0,9.61560546008168,0.4054651081081644
Round,2.01,Very Good,G,SI2,VG,VG,1.01,GIA,63.2,58.0,None,None,2008-12-10,14999.0,9.61573881119536,0.6981347220709843
Round,1.57,Very Good,G,VS1,EX,VG,1.01,GIA,61.6,60.0,None,Very Small,2008-12-10,15007.0,9.616272037895989,0.45107561936021673
Round,1.27,Signature-Ideal,G,IF,EX,EX,1.01,GIA,60.8,57.0,None,None,2008-12-10,15016.0,9.616871578266345,0.23901690047049992
Round,1.56,Ideal,H,VVS2,VG,EX,1.01,GIA,61.1,58.0,None,None,2008-12-17,15031.0,9.617870014133226,0.44468582126144574
Princess,2.01,Very Good,G,VS2,EX,VG,1.01,GIA,74.6,72.0,None,None,2008-12-10,15033.0,9.618003063627834,0.6981347220709843
Round,2.01,Good,G,SI2,VG,G,1.01,GIA,61.7,58.0,None,None,2008-12-10,15036.0,9.618202604684068,0.6981347220709843
Emerald,2.06,Very Good,H,VS1,VG,VG,1.07,GIA,63.9,63.0,None,Medium,2008-12-10,15039.0,9.618402105931613,0.7227059828014898
Emerald,1.73,Very Good,E,VVS2,VG,G,1.25,GIA,66.5,66.0,None,None,2008-12-11,15045.0,9.618800989064146,0.5481214085096876
Emerald,2.01,Very Good,G,VS2,VG,VG,1.51,GIA,69.7,69.0,None,None,2008-12-10,15061.0,9.619863900211849,0.6981347220709843
Princess,2.27,Good,H,VS1,VG,G,1.09,GIA,78.2,73.0,None,None,2008-12-11,15066.0,9.62019582838564,0.8197798314933114
Emerald,2.0,Very Good,H,VS2,EX,G,1.19,GIA,62.4,69.0,Faint,Small,2008-12-10,15068.0,9.620328568811932,0.6931471805599453
Round,1.59,Very Good,G,VVS1,VG,G,1.01,GIA,63.1,59.0,None,None,2008-12-10,15069.0,9.620394932418154,0.4637340162321402
Round,1.3,Signature-Ideal,G,VVS1,EX,EX,1.01,GIA,61.8,56.0,None,None,2008-12-10,15070.0,9.620461291620542,0.26236426446749106
Round,2.01,Very Good,H,SI2,EX,VG,1.01,GIA,62.5,58.0,None,None,2008-12-10,15070.0,9.620461291620542,0.6981347220709843
Round,1.71,Very Good,G,VS2,EX,EX,1.0,GIA,63.7,55.0,Medium,None,2008-12-11,15072.0,9.620593996816144,0.5364933705145685
Round,2.02,Very Good,H,SI2,EX,VG,1.01,AGSL,61.8,58.0,None,Pointed,2008-12-10,15107.0,9.622913491543725,0.7030975114131134
Round,1.01,Ideal,E,VVS1,VG,VG,1.01,GIA,62.2,57.0,None,None,2008-12-18,15128.0,9.624302610338294,0.009950330853168092
Round,1.27,Ideal,E,VVS2,EX,EX,1.0,GIA,61.4,56.0,Medium,None,2008-12-11,15135.0,9.624765221455819,0.23901690047049992
Emerald,2.01,Very Good,H,VS2,VG,VG,1.25,GIA,61.4,71.0,Faint,Very Small,2008-12-10,15138.0,9.624963417869113,0.6981347220709843
Round,2.02,Good,E,SI2,VG,G,1.01,GIA,65.0,58.0,Strong,None,2008-12-10,15140.0,9.625095526991439,0.7030975114131134
Round,1.5,Ideal,E,VS2,ID,ID,1.01,AGSL,61.4,59.0,Negligible,None,2008-12-10,15145.0,9.625425723461337,0.4054651081081644
Round,1.02,Ideal,E,VVS1,EX,EX,1.01,GIA,61.2,56.0,None,None,2008-12-11,15173.0,9.627272811525241,0.01980262729617973
Round,1.23,Ideal,E,VVS2,EX,EX,1.0,GIA,61.0,56.0,None,None,2008-12-10,15193.0,9.628590074443766,0.20701416938432612
Round,1.25,Ideal,E,VVS2,EX,VG,1.01,GIA,62.5,58.0,None,None,2008-12-18,15195.0,9.628721705350893,0.22314355131420976
Round,1.28,Ideal,E,VS1,VG,EX,1.0,GIA,61.9,58.0,None,None,2008-12-10,15201.0,9.62911649414402,0.2468600779315258
Round,2.03,Very Good,E,SI2,EX,VG,1.01,GIA,63.0,61.0,Strong,None,2008-12-11,15217.0,9.630168502920114,0.7080357930536959
Round,1.02,Ideal,E,VVS1,VG,VG,1.0,GIA,62.6,56.0,None,None,2008-12-10,15267.0,9.633448915256942,0.01980262729617973
Round,1.23,Ideal,E,VVS1,EX,EX,1.01,GIA,62.0,58.0,Strong,None,2008-12-10,15273.0,9.633841842570446,0.20701416938432612
Princess,2.0,Good,E,VS2,VG,G,1.04,GIA,77.8,79.0,None,None,2008-12-10,15274.0,9.63390731544833,0.6931471805599453
Round,1.1,Ideal,E,IF,EX,EX,1.01,GIA,61.9,55.0,Strong,None,2008-12-10,15278.0,9.634169164101305,0.09531017980432493
Round,1.15,Ideal,E,VVS2,EX,EX,1.0,GIA,61.9,57.0,None,None,2008-12-10,15288.0,9.634823485920109,0.13976194237515863
Princess,2.01,Good,E,SI1,VG,VG,1.12,GIA,75.5,73.0,None,None,2008-12-10,15297.0,9.635412009723266,0.6981347220709843
Round,2.05,Very Good,E,SI2,G,VG,1.0,GIA,59.7,60.0,None,None,2008-12-10,15347.0,9.638675294175094,0.7178397931503168
Round,2.02,Good,E,SI2,VG,VG,1.01,GIA,60.6,56.0,Strong,None,2008-12-10,15355.0,9.639196432874924,0.7030975114131134
Round,1.1,Ideal,E,VVS1,VG,VG,1.01,GIA,61.7,59.0,Faint,Very Small,2008-12-10,15377.0,9.640628165515693,0.09531017980432493
Round,1.03,Ideal,D,VVS1,EX,VG,1.01,GIA,62.6,55.0,None,None,2008-12-10,15628.0,9.656819456174961,0.02955880224154443
Round,1.32,Ideal,D,VS1,EX,EX,1.01,GIA,61.5,56.0,Faint,None,2008-12-10,15652.0,9.658353983330302,0.27763173659827955
Round,1.04,Ideal,D,VVS2,EX,EX,1.01,GIA,61.7,56.0,None,None,2008-12-11,15660.0,9.658864969544794,0.03922071315328133
Round,1.03,Very Good,D,VVS2,EX,EX,1.01,GIA,62.7,59.0,None,None,2008-12-10,15661.0,9.658928824466434,0.02955880224154443
Round,1.03,Ideal,D,VVS2,EX,EX,1.01,GIA,61.6,57.0,None,None,2008-12-10,15693.0,9.66097003203872,0.02955880224154443
Round,1.06,Ideal,D,VVS2,EX,EX,1.0,GIA,61.9,56.0,None,None,2008-12-11,15745.0,9.664278133535126,0.058268908123975824
Round,1.24,Ideal,D,VS1,VG,EX,1.01,GIA,61.8,57.0,None,None,2008-12-10,15807.0,9.668208158877395,0.2151113796169455
Princess,2.0,Very Good,F,VS2,VG,VG,1.07,GIA,74.5,69.0,None,None,2008-12-10,15812.0,9.668524424416576,0.6931471805599453
Round,1.7,Ideal,D,SI1,EX,EX,1.01,GIA,59.2,59.0,Strong,None,2008-12-11,15833.0,9.669851648501433,0.5306282510621704
Round,1.04,Ideal,F,IF,EX,EX,1.0,GIA,62.2,56.0,None,None,2008-12-10,15840.0,9.670293665368417,0.03922071315328133
Round,1.24,Ideal,F,IF,VG,EX,1.01,GIA,61.9,57.0,Medium,None,2008-12-10,15844.0,9.670546158741807,0.2151113796169455
Princess,2.03,Very Good,F,SI1,EX,EX,1.03,GIA,72.8,71.0,None,None,2008-12-10,15855.0,9.671240186972447,0.7080357930536959
Round,2.05,Very Good,F,SI2,G,EX,1.0,GIA,60.4,60.0,Medium,None,2008-12-10,15855.0,9.671240186972447,0.7178397931503168
Round,1.54,Ideal,F,VS2,EX,EX,1.01,GIA,61.5,58.0,None,None,2008-12-11,15857.0,9.671366322189568,0.43178241642553783
Round,1.5,Very Good,F,VS2,EX,EX,1.01,GIA,60.0,55.0,None,None,2008-12-10,15864.0,9.671807670199632,0.4054651081081644
Princess,2.0,Good,F,VS1,VG,EX,1.0,GIA,77.0,73.0,Medium Blue,None,2008-12-10,15866.0,9.671933733861948,0.6931471805599453
Round,1.23,Ideal,F,VVS2,EX,EX,1.0,GIA,61.3,56.0,None,None,2008-12-10,15867.0,9.671996759734089,0.20701416938432612
Round,1.24,Signature-Ideal,F,VVS2,EX,EX,1.01,GIA,61.2,57.0,None,None,2008-12-10,15867.0,9.671996759734089,0.2151113796169455
Round,1.71,Ideal,D,SI1,VG,EX,1.01,GIA,61.4,59.0,None,None,2008-12-10,15868.0,9.672059781634221,0.5364933705145685
Round,1.19,Very Good,F,VVS1,EX,EX,1.01,GIA,61.7,58.0,Medium,None,2008-12-10,15888.0,9.673319386284954,0.17395330712343798
Round,1.07,Signature-Ideal,D,VVS2,EX,EX,1.01,GIA,61.7,57.0,None,None,2008-12-10,15900.0,9.674074388208323,0.06765864847381486
Emerald,1.78,Very Good,D,VS2,EX,EX,1.38,GIA,65.1,62.0,Medium Blue,Small,2008-12-10,15909.0,9.67464026580524,0.5766133643039938
Round,1.74,Very Good,D,SI1,EX,EX,1.01,GIA,62.0,58.0,None,None,2008-12-10,15913.0,9.674891664210184,0.5538851132264376
Round,1.65,Signature-Ideal,F,SI1,EX,EX,1.0,GIA,61.8,56.0,None,None,2008-12-10,15915.0,9.675017339716193,0.5007752879124892
Round,1.51,Ideal,F,VS2,EX,EX,1.01,GIA,62.2,55.0,None,None,2008-12-11,15925.0,9.675645480440364,0.412109650826833
Round,1.51,Ideal,F,VS2,EX,EX,1.01,GIA,62.2,55.0,None,None,2008-12-11,15925.0,9.675645480440364,0.412109650826833
Round,2.02,Ideal,F,SI2,VG,VG,1.0,GIA,63.1,55.0,None,None,2008-12-10,15934.0,9.676210469940312,0.7030975114131134
Round,2.02,Ideal,F,SI2,VG,VG,1.0,GIA,63.1,55.0,None,None,2008-12-10,15934.0,9.676210469940312,0.7030975114131134
Round,2.01,Ideal,D,SI2,ID,ID,1.0,AGSL,61.9,57.0,Negligible,None,2008-12-10,15942.0,9.676712414987868,0.6981347220709843
Round,1.72,Ideal,D,SI1,VG,VG,1.01,GIA,62.2,56.0,None,None,2008-12-10,15953.0,9.677402178300998,0.5423242908253617
Round,1.22,Ideal,F,VVS1,ID,ID,1.0,AGSL,62.0,54.0,None,Pointed,2008-12-10,15965.0,9.678154105148883,0.19885085874516517
Round,1.22,Ideal,F,VVS1,ID,ID,1.0,AGSL,62.0,54.0,None,Pointed,2008-12-10,15965.0,9.678154105148883,0.19885085874516517
Round,2.02,Good,D,SI2,VG,VG,1.01,GIA,63.4,57.0,Strong,None,2008-12-10,15979.0,9.679030639139388,0.7030975114131134
Emerald,1.99,Very Good,F,SI1,VG,VG,1.4,GIA,66.3,62.0,None,None,2008-12-10,15988.0,9.679593719831214,0.688134638736401
Emerald,1.99,Very Good,F,SI1,VG,VG,1.4,GIA,66.3,62.0,None,None,2008-12-10,15988.0,9.679593719831214,0.688134638736401
Princess,2.02,Very Good,F,SI1,EX,G,1.03,GIA,75.0,73.0,None,None,2008-12-10,15989.0,9.67965626478542,0.7030975114131134
Princess,2.02,Very Good,F,SI1,EX,G,1.03,GIA,75.0,73.0,None,None,2008-12-10,15989.0,9.67965626478542,0.7030975114131134
Round,2.19,Ideal,I,SI1,ID,ID,1.0,AGSL,61.6,54.0,Negligible,Very Small,2008-12-10,15995.0,9.680031452383618,0.7839015438284094
Round,2.07,Very Good,F,SI2,EX,EX,1.0,GIA,60.9,58.0,Medium,None,2008-12-10,15997.0,9.680156483641596,0.7275486072772777
Round,2.07,Very Good,F,SI2,EX,EX,1.0,GIA,60.9,58.0,Medium,None,2008-12-10,15997.0,9.680156483641596,0.7275486072772777
Princess,2.0,Very Good,F,VS2,G,G,1.11,GIA,73.8,67.0,None,None,2008-12-10,16002.0,9.68046899341007,0.6931471805599453
Princess,2.0,Very Good,F,VS2,G,G,1.11,GIA,73.8,67.0,None,None,2008-12-10,16002.0,9.68046899341007,0.6931471805599453
Round,2.02,Very Good,I,SI1,VG,G,1.01,GIA,62.5,59.0,None,Very Small,2008-12-10,16004.0,9.680593969977126,0.7030975114131134
Round,1.5,Very Good,D,VS1,EX,EX,1.01,GIA,63.9,58.0,Strong Blue,None,2008-12-17,16012.0,9.681093720112464,0.4054651081081644
Emerald,2.01,Very Good,F,SI1,EX,VG,1.24,GIA,69.4,65.0,None,None,2008-12-10,16027.0,9.682030078993575,0.6981347220709843
Round,2.02,Very Good,I,VS2,VG,G,1.01,GIA,59.3,63.0,None,None,2008-12-10,16027.0,9.682030078993575,0.7030975114131134
Round,2.02,Very Good,I,VS2,EX,EX,1.01,AGSL,59.4,59.0,None,Pointed,2008-12-10,16027.0,9.682030078993575,0.7030975114131134
Round,1.18,Very Good,D,VVS2,EX,EX,1.01,GIA,62.8,54.0,None,None,2008-12-10,16030.0,9.6822172456036,0.16551443847757333
Emerald,1.49,Very Good,D,IF,EX,VG,1.45,GIA,68.3,59.0,None,None,2008-12-18,16046.0,9.6832148763136,0.3987761199573678
Round,1.44,Very Good,F,VVS2,VG,VG,1.01,GIA,60.5,59.0,None,None,2008-12-10,16047.0,9.68327719519936,0.36464311358790924
Round,2.01,Ideal,I,SI1,EX,EX,1.0,GIA,61.9,55.0,None,None,2008-12-16,16055.0,9.683775606523614,0.6981347220709843
Emerald,2.07,Good,I,IF,VG,G,1.07,GIA,71.7,66.0,None,Small,2008-12-10,16056.0,9.683837890476173,0.7275486072772777
Princess,2.01,Very Good,F,VS2,G,G,1.13,GIA,71.8,72.0,None,None,2008-12-10,16058.0,9.68396244674463,0.6981347220709843
Princess,2.03,Very Good,F,SI1,EX,VG,1.02,GIA,74.8,71.0,None,None,2008-12-10,16060.0,9.684086987500752,0.7080357930536959
Round,1.87,Ideal,I,VS1,EX,EX,1.01,GIA,61.5,57.0,None,None,2008-12-11,16061.0,9.684149252062896,0.6259384308664954
Round,2.02,Good,I,VS1,G,G,1.02,GIA,58.4,66.0,None,Very Small,2008-12-10,16061.0,9.684149252062896,0.7030975114131134
Round,2.0,Very Good,I,VS1,EX,VG,1.01,GIA,63.0,57.0,Very Strong Blue,None,2008-12-10,16062.0,9.684211512748407,0.6931471805599453
Round,2.0,Very Good,I,VS1,VG,VG,1.02,GIA,62.2,57.0,None,None,2008-12-10,16062.0,9.684211512748407,0.6931471805599453
Princess,2.04,Very Good,F,SI1,EX,VG,1.04,GIA,69.6,67.0,None,None,2008-12-10,16066.0,9.684460516733758,0.712949807856125
Round,1.71,Ideal,I,VVS1,EX,EX,1.0,GIA,59.0,59.0,None,None,2008-12-10,16068.0,9.684584995479172,0.5364933705145685
Round,1.27,Ideal,D,VS1,EX,EX,1.0,GIA,61.2,59.0,Faint,None,2008-12-17,16069.0,9.684647229041753,0.23901690047049992
Round,1.05,Signature-Ideal,F,IF,EX,EX,1.0,GIA,61.4,55.0,None,None,2008-12-10,16070.0,9.684709458731557,0.04879016416943205
Round,1.52,Good,F,VS1,EX,VG,1.01,GIA,59.7,55.0,Faint,None,2008-12-10,16070.0,9.684709458731557,0.41871033485818504
Round,2.08,Very Good,I,SI1,VG,EX,1.01,AGSL,61.7,58.0,Medium Blue,Pointed,2008-12-10,16074.0,9.684958338772663,0.7323678937132266
Round,2.03,Very Good,I,SI1,VG,G,1.01,GIA,61.8,59.0,None,None,2008-12-10,16077.0,9.68514495816296,0.7080357930536959
Round,2.03,Very Good,F,SI2,VG,VG,1.01,GIA,64.4,56.0,Medium,None,2008-12-10,16080.0,9.685331542732957,0.7080357930536959
Round,1.26,Ideal,F,VVS2,EX,EX,1.01,GIA,60.8,59.0,None,None,2008-12-10,16092.0,9.686077533069678,0.23111172096338664
Round,2.05,Ideal,H,SI2,VG,VG,1.0,GIA,59.7,61.0,None,None,2008-12-17,16100.0,9.686574550972555,0.7178397931503168
Emerald,2.02,Very Good,F,VS2,VG,G,1.38,GIA,68.7,65.0,None,None,2008-12-11,16101.0,9.686636660844938,0.7030975114131134
Round,2.03,Good,F,SI2,EX,EX,1.01,AGSL,59.7,61.0,None,Pointed,2008-12-10,16110.0,9.68719547617102,0.7080357930536959
Round,2.19,Very Good,I,SI1,VG,EX,1.0,GIA,62.5,56.0,Medium,None,2008-12-10,16110.0,9.68719547617102,0.7839015438284094
Princess,2.08,Good,F,VS2,G,G,1.13,GIA,59.9,68.0,Strong Blue,None,2008-12-10,16119.0,9.68775397939693,0.7323678937132266
Round,2.06,Very Good,I,SI1,EX,EX,1.01,GIA,58.8,58.0,None,None,2008-12-10,16120.0,9.68781601606062,0.7227059828014898
Round,2.02,Ideal,I,SI1,EX,EX,1.0,GIA,61.8,56.0,Faint,None,2008-12-16,16128.0,9.688312170871095,0.7030975114131134
Round,2.03,Very Good,I,VS2,EX,EX,1.01,GIA,59.8,58.0,None,None,2008-12-10,16131.0,9.688498165477787,0.7080357930536959
Round,2.05,Ideal,I,SI1,ID,ID,1.01,AGSL,62.1,55.3,None,None,2008-12-10,16137.0,9.688870050941352,0.7178397931503168
Round,2.17,Good,I,SI1,EX,VG,1.0,AGSL,61.3,61.0,Medium Blue,Pointed,2008-12-10,16139.0,9.688993982035823,0.7747271675523681
Round,2.07,Very Good,H,SI1,VG,EX,1.01,GIA,61.7,60.0,Strong,None,2008-12-10,16143.0,9.689241798157529,0.7275486072772777
Round,2.04,Very Good,H,SI2,EX,EX,1.01,GIA,61.1,60.0,None,None,2008-12-10,16144.0,9.68930374259339,0.712949807856125
Round,2.04,Very Good,I,SI1,G,G,1.02,GIA,60.6,58.0,None,Very Small,2008-12-10,16150.0,9.689675328650802,0.712949807856125
Round,1.8,Ideal,H,VS2,EX,EX,1.01,GIA,62.5,55.0,Medium,None,2008-12-11,16151.0,9.689737246238513,0.5877866649021191
Round,1.82,Very Good,H,VS2,EX,EX,1.01,GIA,63.7,56.0,None,None,2008-12-11,16169.0,9.690851107739814,0.598836501088704
Round,1.66,Ideal,H,VVS1,EX,EX,1.01,GIA,62.0,57.0,Faint,None,2008-12-10,16185.0,9.691840166360345,0.5068176023684519
Emerald,2.31,Very Good,H,VS1,G,G,1.06,GIA,65.3,68.0,Medium Blue,Small,2008-12-10,16205.0,9.693075115575647,0.8372475245337022
Round,1.75,Ideal,H,VS1,ID,ID,1.0,AGSL,61.1,56.4,None,Pointed,2008-12-10,16209.0,9.693321922512176,0.5596157879354227
Emerald,2.24,Very Good,H,VS1,VG,VG,1.12,GIA,68.6,60.0,None,Small,2008-12-10,16244.0,9.69547888880619,0.8064758658669485
Round,2.04,Ideal,H,SI2,EX,EX,1.0,GIA,61.8,56.0,None,None,2008-12-10,16251.0,9.69590972432601,0.712949807856125
Round,1.8,Very Good,H,VS2,VG,EX,1.01,GIA,62.4,58.0,Faint,None,2008-12-10,16296.0,9.698674957906642,0.5877866649021191
Princess,2.15,Very Good,H,VVS2,VG,VG,1.04,GIA,72.9,70.0,None,None,2008-12-16,16309.0,9.699472381656918,0.7654678421395714
Round,1.22,Ideal,E,VVS2,VG,EX,1.0,GIA,61.4,59.0,None,None,2008-12-17,16314.0,9.699778913860525,0.19885085874516517
Round,1.16,Ideal,E,VVS2,EX,EX,1.01,GIA,62.0,57.0,Faint,None,2008-12-10,16320.0,9.700146628518098,0.14842000511827322
Round,2.06,Ideal,E,SI2,EX,EX,1.0,GIA,61.5,59.0,None,None,2008-12-10,16325.0,9.700452954144632,0.7227059828014898
Round,1.53,Ideal,E,VS2,EX,EX,1.01,GIA,61.5,57.0,None,None,2008-12-10,16349.0,9.701922012375412,0.4252677354043441
Round,2.04,Ideal,H,SI2,EX,EX,1.0,GIA,61.5,57.0,None,None,2008-12-11,16368.0,9.703083488191409,0.712949807856125
Round,1.51,Very Good,E,VS2,VG,G,1.01,GIA,59.9,59.0,None,Very Small,2008-12-18,16370.0,9.70320567036518,0.412109650826833
Round,1.28,Ideal,E,VVS2,EX,EX,1.01,GIA,59.7,59.0,None,None,2008-12-10,16372.0,9.703327837612294,0.2468600779315258
Round,1.12,Ideal,E,VVS1,EX,EX,1.01,GIA,61.2,57.0,None,None,2008-12-11,16389.0,9.704365657063827,0.11332868530700327
Emerald,2.15,Very Good,H,VVS2,VG,VG,1.29,GIA,64.1,68.0,None,Very Small,2008-12-10,16406.0,9.705402400562695,0.7654678421395714
Round,1.23,Ideal,E,VVS2,EX,EX,1.01,GIA,61.0,56.0,None,None,2008-12-17,16414.0,9.705889908189658,0.20701416938432612
Princess,2.01,Very Good,E,VS1,VG,G,1.08,GIA,72.7,72.0,Medium,None,2008-12-10,16439.0,9.707411839509511,0.6981347220709843
Emerald,2.1,Very Good,H,VVS2,VG,VG,1.32,GIA,67.1,68.0,None,None,2008-12-10,16452.0,9.708202329350314,0.7419373447293773
Round,1.54,Ideal,E,VS1,VG,EX,1.01,GIA,61.7,56.0,Medium,None,2008-12-10,16455.0,9.70838466137744,0.43178241642553783
Round,1.51,Very Good,E,VS2,VG,VG,1.01,GIA,61.7,61.0,None,None,2008-12-10,16457.0,9.708506197595383,0.412109650826833
Round,1.5,Ideal,H,IF,EX,VG,1.01,GIA,61.3,59.0,None,Very Small,2008-12-10,16462.0,9.70880997353259,0.4054651081081644
Round,2.0,Very Good,E,SI2,EX,G,1.02,GIA,63.1,53.0,None,None,2008-12-10,16463.0,9.708870717648022,0.6931471805599453
Princess,2.02,Good,G,VS2,VG,G,1.02,GIA,75.5,70.0,None,None,2008-12-10,16471.0,9.709356537782675,0.7030975114131134
Round,1.26,Ideal,E,VVS2,EX,EX,1.01,GIA,60.9,57.0,Faint Blue,None,2008-12-10,16473.0,9.709477955946982,0.23111172096338664
Princess,2.08,Very Good,E,SI1,VG,G,1.01,GIA,71.8,75.0,None,None,2008-12-11,16477.0,9.709720748057432,0.7323678937132266
Round,1.31,Ideal,E,VVS2,EX,EX,1.01,GIA,60.9,56.0,Medium,Very Small,2008-12-11,16478.0,9.709781436875536,0.2700271372130602
Round,1.69,Good,G,VS1,VG,VG,1.01,GIA,61.6,62.0,None,None,2008-12-18,16479.0,9.70984212201073,0.5247285289349821
Round,1.88,Very Good,H,IF,G,G,1.02,GIA,57.0,64.0,Faint Blue,None,2008-12-10,16482.0,9.710024155323328,0.6312717768418578
Round,1.73,Ideal,G,VS2,EX,EX,1.0,GIA,61.1,58.0,None,None,2008-12-10,16492.0,9.71063069382679,0.5481214085096876
Round,1.8,Ideal,H,VS2,EX,EX,1.0,GIA,62.6,57.0,None,None,2008-12-10,16492.0,9.71063069382679,0.5877866649021191
Round,2.01,Ideal,H,SI2,EX,EX,1.0,GIA,61.7,58.0,None,None,2008-12-11,16497.0,9.710933825175925,0.6981347220709843
Round,1.71,Ideal,G,VS2,EX,EX,1.01,GIA,62.7,55.0,None,None,2008-12-11,16500.0,9.711115659888671,0.5364933705145685
Round,1.71,Ideal,G,VS2,EX,EX,1.0,GIA,62.2,58.0,None,None,2008-12-11,16500.0,9.711115659888671,0.5364933705145685
Round,1.73,Ideal,G,VS1,VG,VG,1.01,GIA,61.3,58.0,None,None,2008-12-17,16501.0,9.711176264112805,0.5481214085096876
Round,2.07,Very Good,E,SI2,VG,G,1.01,GIA,61.1,59.0,None,None,2008-12-11,16508.0,9.711600390872473,0.7275486072772777
Princess,2.01,Very Good,G,VS1,VG,G,1.04,GIA,66.8,76.0,None,None,2008-12-11,16514.0,9.711963784977375,0.6981347220709843
Round,1.59,Ideal,G,VS1,ID,ID,1.0,AGSL,62.2,54.0,None,Pointed,2008-12-10,16515.0,9.71202433782489,0.4637340162321402
Round,2.01,Very Good,G,SI2,VG,EX,1.01,AGSL,61.6,60.0,None,Pointed,2008-12-10,16515.0,9.71202433782489,0.6981347220709843
Emerald,2.2,Very Good,G,SI1,VG,G,1.35,GIA,69.8,70.0,None,None,2008-12-10,16532.0,9.713053175631623,0.7884573603642703
Round,1.6,Very Good,G,VVS2,VG,VG,1.01,GIA,63.4,57.0,None,None,2008-12-17,16544.0,9.713778777308155,0.47000362924573563
Round,2.01,Good,E,SI2,VG,G,1.01,GIA,61.3,62.0,Strong Blue,None,2008-12-10,16544.0,9.713778777308155,0.6981347220709843
Round,2.04,Good,G,SI2,EX,EX,1.01,AGSL,62.4,61.0,None,Pointed,2008-12-10,16545.0,9.713839220355712,0.712949807856125
Princess,2.2,Good,G,VS1,VG,VG,1.04,GIA,77.3,72.0,Strong,None,2008-12-11,16550.0,9.71414138080521,0.7884573603642703
Round,2.03,Ideal,G,SI2,EX,EX,1.01,GIA,61.1,57.0,Medium Blue,None,2008-12-10,16559.0,9.714685039642484,0.7080357930536959
Emerald,2.02,Good,G,VS2,VG,VG,1.31,GIA,71.5,58.0,None,Small,2008-12-10,16562.0,9.714866193593645,0.7030975114131134
Round,1.63,Very Good,E,VS2,VG,VG,1.01,GIA,62.3,57.0,Medium,None,2008-12-10,16575.0,9.715650815054063,0.4885800148186709
Round,1.63,Very Good,E,VS2,VG,VG,1.01,GIA,61.0,61.0,None,None,2008-12-10,16575.0,9.715650815054063,0.4885800148186709
Round,1.53,Very Good,G,VVS2,VG,VG,1.01,GIA,62.0,60.0,None,Very Small,2008-12-10,16580.0,9.715952428689286,0.4252677354043441
Princess,2.04,Good,G,VS2,VG,G,1.01,GIA,75.3,73.0,None,None,2008-12-10,16581.0,9.716012740501373,0.712949807856125
Round,1.52,Ideal,G,VVS2,VG,VG,1.01,GIA,60.9,58.0,None,Very Small,2008-12-10,16583.0,9.716133353214099,0.41871033485818504
Round,1.7,Ideal,G,VS2,EX,EX,1.01,GIA,61.7,56.0,None,None,2008-12-10,16584.0,9.716193654115616,0.5306282510621704
Round,1.53,Ideal,G,VVS1,EX,EX,1.01,GIA,62.5,54.0,None,Very Small,2008-12-10,16586.0,9.71631424501115,0.4252677354043441
Round,1.01,Signature-Ideal,E,VVS1,EX,EX,1.0,GIA,60.5,57.0,None,None,2008-12-10,16588.0,9.716434821366272,0.009950330853168092
Round,2.34,Very Good,J,VS2,EX,VG,1.01,GIA,60.6,59.0,None,None,2008-12-10,16639.0,9.719504616415508,0.85015092936961
Round,2.35,Very Good,J,VS1,VG,VG,1.0,GIA,62.3,60.0,Faint,None,2008-12-10,16677.0,9.721785803621579,0.8544153281560676
Round,2.4,Ideal,J,SI1,VG,VG,1.02,AGSL,60.6,57.0,Medium Blue,None,2008-12-10,16747.0,9.725974416734479,0.8754687373538999
Round,2.51,Very Good,J,SI2,VG,VG,1.01,GIA,61.4,59.0,None,None,2008-12-10,16843.0,9.731690419198387,0.9202827531436925
Round,2.49,Ideal,J,SI1,EX,VG,1.01,GIA,61.6,57.0,Faint,None,2008-12-17,16863.0,9.732877151670184,0.9122827104766164
Princess,2.85,Very Good,J,VVS2,VG,EX,1.03,GIA,73.2,74.0,None,None,2008-12-10,16880.0,9.733884768149949,1.0473189942805592
Round,2.27,Good,J,VS1,EX,VG,1.01,GIA,59.3,61.0,None,Small,2008-12-10,16914.0,9.735896960342167,0.8197798314933114
Round,1.26,Very Good,D,VVS1,G,VG,1.0,GIA,57.5,61.0,Strong Blue,None,2008-12-10,16938.0,9.737314897481545,0.23111172096338664
Round,2.0,Very Good,D,SI2,VG,VG,1.01,GIA,63.3,58.0,None,None,2008-12-11,17014.0,9.74179181353583,0.6931471805599453
Round,1.0,Good,D,IF,EX,G,1.01,GIA,65.0,56.0,None,None,2008-12-10,17015.0,9.741850586935007,0.0
Round,2.25,Ideal,J,VS1,VG,EX,1.0,GIA,62.3,58.0,None,None,2008-12-17,17035.0,9.743025330095067,0.8109302162163288
Round,2.46,Very Good,J,VS2,G,G,1.02,GIA,60.6,58.0,None,Very Small,2008-12-10,17040.0,9.743318800383307,0.9001613499442714
Round,2.02,Very Good,D,SI2,VG,EX,1.0,GIA,62.5,60.0,None,None,2008-12-10,17069.0,9.745019231764333,0.7030975114131134
Round,2.55,Ideal,J,SI1,VG,VG,1.01,GIA,60.7,60.0,None,None,2008-12-10,17076.0,9.745429247877853,0.9360933591703348
Round,2.14,Ideal,J,VS1,EX,EX,1.01,GIA,59.4,58.0,Faint,None,2008-12-16,17108.0,9.7473014693468,0.7608058290337602
Round,1.51,Very Good,D,VS2,EX,VG,1.0,GIA,61.8,59.0,Faint,None,2008-12-10,17119.0,9.747944236774778,0.412109650826833
Round,2.61,Ideal,J,SI2,EX,EX,1.01,GIA,61.3,59.0,None,None,2008-12-10,17155.0,9.75004495529255,0.959350221334602
Round,1.09,Ideal,D,VVS2,EX,EX,1.0,GIA,61.9,58.0,Faint,None,2008-12-10,17159.0,9.750278096285621,0.08617769624105241
Round,1.53,Very Good,D,VS2,EX,G,1.01,GIA,60.2,61.0,Faint,None,2008-12-10,17164.0,9.750569446111415,0.4252677354043441
Round,1.0,Very Good,D,IF,EX,EX,1.01,GIA,58.7,60.0,Medium Blue,None,2008-12-10,17178.0,9.75138477432617,0.0
Round,2.52,Very Good,J,SI1,VG,VG,1.0,GIA,62.9,59.0,None,None,2008-12-18,17180.0,9.751501195538246,0.9242589015233319
Round,2.01,Very Good,D,SI2,EX,VG,1.01,GIA,62.1,60.0,None,None,2008-12-10,17207.0,9.753071556753158,0.6981347220709843
Round,1.41,Very Good,D,VS1,EX,EX,1.0,GIA,62.8,58.0,Medium,None,2008-12-11,17226.0,9.75417514934912,0.34358970439007686
Round,2.35,Ideal,J,VS2,EX,EX,1.01,GIA,61.6,59.0,None,None,2008-12-10,17226.0,9.75417514934912,0.8544153281560676
Round,2.1,Very Good,D,SI2,VG,EX,1.0,GIA,62.3,58.0,Medium,None,2008-12-10,17236.0,9.75475549873573,0.7419373447293773
Round,1.01,Very Good,D,VVS1,VG,VG,1.01,GIA,58.6,57.0,None,None,2008-12-18,17244.0,9.755219535867026,0.009950330853168092
Round,2.23,Ideal,J,VS1,EX,VG,1.01,GIA,62.1,60.0,None,None,2008-12-16,17277.0,9.757131416174783,0.8020015854720274
Round,1.09,Very Good,D,VVS2,EX,EX,1.01,GIA,62.1,57.0,None,None,2008-12-10,17323.0,9.759790377278941,0.08617769624105241
Round,1.2,Ideal,D,VVS2,VG,VG,1.01,GIA,62.6,57.0,Faint,None,2008-12-11,17328.0,9.760078969240771,0.1823215567939546
Round,2.59,Very Good,J,SI2,EX,VG,1.01,GIA,61.2,60.0,None,None,2008-12-10,17333.0,9.76036747794131,0.9516578757114463
Round,2.37,Ideal,J,SI1,EX,EX,1.0,GIA,61.9,55.0,None,None,2008-12-11,17356.0,9.761693546918242,0.8628899551470398
Emerald,2.08,Good,D,SI1,VG,VG,1.33,GIA,71.5,72.0,Medium,None,2008-12-11,17387.0,9.76347807952779,0.7323678937132266
Round,2.4,Ideal,J,VS2,EX,EX,1.01,GIA,61.1,59.0,None,None,2008-12-10,17428.0,9.765833387237333,0.8754687373538999
Round,1.24,Ideal,D,VVS2,EX,EX,1.01,GIA,62.1,55.0,Medium,None,2008-12-11,17432.0,9.766062876624456,0.2151113796169455
Round,1.5,Very Good,D,VS2,EX,EX,1.01,GIA,58.9,60.0,None,None,2008-12-10,17498.0,9.76984186766621,0.4054651081081644
Round,2.02,Ideal,D,SI2,VG,VG,1.01,GIA,62.1,58.0,Medium,None,2008-12-10,17501.0,9.770013301136158,0.7030975114131134
Emerald,2.01,Good,D,VS2,VG,VG,1.28,GIA,71.4,69.0,None,None,2008-12-16,17531.0,9.771726021353874,0.6981347220709843
Round,2.45,Very Good,J,VS2,VG,G,1.01,GIA,60.1,60.0,Faint,Very Small,2008-12-10,17543.0,9.772410288929185,0.8960880245566357
Round,2.07,Very Good,J,VVS2,EX,EX,1.01,GIA,59.0,60.0,None,None,2008-12-10,17544.0,9.772467290097724,0.7275486072772777
Round,1.01,Ideal,D,VVS1,EX,EX,1.01,GIA,62.4,55.0,Faint,None,2008-12-10,17640.0,9.777924329560783,0.009950330853168092
Round,2.06,Ideal,I,VS2,EX,EX,1.0,GIA,62.4,55.0,None,None,2008-12-10,17739.0,9.78352088448894,0.7227059828014898
Round,2.51,Ideal,I,SI2,VG,VG,1.01,GIA,60.6,60.0,Strong Blue,None,2008-12-10,17746.0,9.783915417395283,0.9202827531436925
Round,1.84,Very Good,I,VVS1,VG,EX,1.01,GIA,63.1,59.0,None,None,2008-12-10,17753.0,9.784309794706799,0.6097655716208943
Round,2.03,Very Good,I,VS1,EX,VG,1.01,GIA,62.7,59.0,None,None,2008-12-16,17766.0,9.785041797329646,0.7080357930536959
Emerald,2.06,Very Good,G,VS2,EX,VG,1.69,GIA,69.2,61.0,Faint,None,2008-12-10,17795.0,9.786672797944293,0.7227059828014898
Princess,2.11,Very Good,G,VS2,VG,VG,1.04,GIA,72.7,74.0,None,None,2008-12-17,17795.0,9.786672797944293,0.7466879474879751
Princess,2.02,Very Good,G,VS1,EX,EX,1.04,GIA,69.5,72.0,None,None,2008-12-10,17798.0,9.786841370416807,0.7030975114131134
Round,1.58,Signature-Ideal,G,VS1,ID,ID,1.0,AGSL,61.7,56.0,None,Pointed,2008-12-10,17811.0,9.787571522938785,0.4574248470388755
Round,1.58,Signature-Ideal,G,VS1,EX,EX,1.01,GIA,61.5,57.0,Faint,None,2008-12-10,17811.0,9.787571522938785,0.4574248470388755
Round,1.59,Ideal,G,VVS2,EX,EX,1.01,GIA,60.5,58.0,None,None,2008-12-10,17812.0,9.787627666441592,0.4637340162321402
Round,2.01,Good,G,SI1,EX,VG,1.01,GIA,63.1,60.0,Strong,None,2008-12-10,17814.0,9.787739943991815,0.6981347220709843
Round,2.01,Very Good,G,SI1,VG,VG,1.01,GIA,62.7,59.0,Faint,None,2008-12-10,17814.0,9.787739943991815,0.6981347220709843
Round,2.01,Very Good,G,SI1,EX,EX,1.0,GIA,61.2,62.0,None,None,2008-12-16,17814.0,9.787739943991815,0.6981347220709843
Round,2.01,Good,G,SI1,VG,G,1.01,GIA,60.9,61.0,None,None,2008-12-16,17814.0,9.787739943991815,0.6981347220709843
Round,2.12,Very Good,I,VS1,VG,VG,1.0,GIA,60.0,60.0,None,None,2008-12-10,17824.0,9.788301142727011,0.7514160886839212
Round,1.81,Very Good,G,VS2,EX,EX,1.0,GIA,61.3,54.0,Medium,None,2008-12-11,17829.0,9.788581624034771,0.5933268452777344
Round,1.7,Very Good,G,VS2,EX,EX,1.01,GIA,62.8,56.0,None,None,2008-12-11,17830.0,9.788637710857186,0.5306282510621704
Round,2.02,Good,I,VS1,G,G,1.01,GIA,57.9,63.0,Faint,Small,2008-12-10,17838.0,9.789086292226152,0.7030975114131134
Emerald,1.91,Very Good,G,VVS1,EX,G,1.3,GIA,68.3,63.0,None,None,2008-12-11,17845.0,9.789478635924262,0.6471032420585384
Emerald,2.04,Very Good,G,VS1,VG,VG,1.47,GIA,65.9,58.0,Faint,None,2008-12-10,17851.0,9.789814808047552,0.712949807856125
Round,2.11,Ideal,G,SI2,EX,EX,1.01,GIA,62.1,57.0,None,None,2008-12-11,17894.0,9.792220740107542,0.7466879474879751
Round,2.02,Very Good,G,SI1,VG,VG,1.01,GIA,62.4,59.0,Medium,None,2008-12-10,17895.0,9.792276623200125,0.7030975114131134
Princess,2.29,Very Good,G,SI1,VG,VG,1.03,GIA,74.9,71.0,None,None,2008-12-18,17896.0,9.792332503169966,0.8285518175661483
Round,2.03,Very Good,I,VS1,EX,EX,1.01,AGSL,60.5,59.0,None,Pointed,2008-12-10,17908.0,9.793002819360856,0.7080357930536959
Emerald,2.02,Very Good,G,VS2,VG,G,1.14,GIA,69.1,69.0,None,Very Small,2008-12-10,17913.0,9.793281985215103,0.7030975114131134
Round,2.02,Good,G,SI1,VG,G,1.01,GIA,58.1,61.0,None,None,2008-12-16,17920.0,9.793672686528922,0.7030975114131134
Round,1.59,Ideal,G,VVS2,ID,ID,1.01,AGSL,62.2,56.0,None,Pointed,2008-12-10,17922.0,9.793784287444165,0.4637340162321402
Round,2.0,Ideal,I,VS1,EX,EX,1.01,GIA,61.6,59.0,None,None,2008-12-10,17950.0,9.795345393916424,0.6931471805599453
Round,2.16,Very Good,I,VS1,VG,VG,1.01,GIA,61.5,60.0,None,None,2008-12-10,17965.0,9.79618069954762,0.7701082216960737
Round,2.06,Ideal,I,VS2,EX,EX,1.0,GIA,60.2,60.0,None,None,2008-12-10,18010.0,9.798682438170001,0.7227059828014898
Round,2.38,Ideal,I,SI1,VG,EX,1.01,GIA,61.9,57.0,None,None,2008-12-10,18025.0,9.79951496215315,0.8671004876833833
Round,2.01,Ideal,I,VS1,EX,EX,1.0,GIA,59.3,61.0,None,None,2008-12-10,18032.0,9.799903236279558,0.6981347220709843
Round,2.16,Ideal,I,VS2,EX,VG,1.01,GIA,60.8,60.0,None,None,2008-12-10,18034.0,9.800014144059851,0.7701082216960737
Round,1.82,Ideal,I,VVS1,EX,EX,1.01,GIA,61.1,57.0,None,None,2008-12-10,18062.0,9.801565562810744,0.598836501088704
Princess,2.04,Very Good,F,VS2,VG,VG,1.02,GIA,74.6,75.0,None,None,2008-12-10,18097.0,9.803501457660202,0.712949807856125
Round,2.42,Very Good,I,SI2,EX,EX,1.01,AGSL,62.4,59.0,None,Pointed,2008-12-10,18103.0,9.803832949375943,0.883767540168595
Round,1.56,Ideal,F,VS1,EX,EX,1.0,GIA,62.1,55.0,Medium,None,2008-12-11,18113.0,9.804385191492917,0.44468582126144574
Round,2.01,Very Good,I,VS1,G,EX,1.01,GIA,63.0,58.0,None,None,2008-12-10,18120.0,9.80477157959697,0.6981347220709843
Round,2.33,Very Good,I,SI1,VG,VG,1.0,GIA,62.6,59.0,None,None,2008-12-11,18130.0,9.805323303748898,0.8458682675776092
Round,1.62,Ideal,F,VS2,EX,EX,1.01,GIA,61.7,56.0,None,None,2008-12-10,18133.0,9.805488761654026,0.4824261492442928
Round,1.25,Ideal,F,VVS1,EX,EX,1.01,GIA,61.6,57.0,None,None,2008-12-10,18140.0,9.805874723669127,0.22314355131420976
Round,2.01,Very Good,I,VS1,EX,G,1.01,GIA,63.0,59.0,None,Very Small,2008-12-10,18162.0,9.807086778249774,0.6981347220709843
Round,1.5,Good,F,VS1,VG,VG,1.01,GIA,60.0,59.0,None,None,2008-12-10,18163.0,9.807141836749443,0.4054651081081644
Round,2.0,Very Good,F,SI1,VG,VG,1.01,GIA,60.9,64.0,None,Small,2008-12-16,18175.0,9.80780230240172,0.6931471805599453
Round,1.85,Ideal,F,SI1,EX,EX,1.01,GIA,62.1,57.0,None,None,2008-12-10,18182.0,9.808187372681804,0.6151856390902335
Round,2.06,Ideal,I,VS1,EX,EX,1.0,GIA,60.8,59.0,Medium Blue,None,2008-12-17,18216.0,9.810055607743575,0.7227059828014898
Round,2.15,Very Good,I,VS1,EX,EX,1.01,AGSL,61.3,59.0,None,Pointed,2008-12-10,18231.0,9.810878720803466,0.7654678421395714
Princess,2.01,Very Good,F,VS2,VG,VG,1.02,GIA,68.8,76.0,None,None,2008-12-10,18232.0,9.81093357092552,0.6981347220709843
Princess,2.01,Very Good,F,VS2,VG,VG,1.03,GIA,73.6,69.0,None,None,2008-12-10,18232.0,9.81093357092552,0.6981347220709843
Emerald,2.01,Good,F,VS2,VG,G,1.19,GIA,64.5,73.0,None,None,2008-12-10,18233.0,9.810988418039205,0.6981347220709843
Round,1.8,Very Good,F,VS2,VG,VG,1.01,GIA,63.2,56.0,Faint,None,2008-12-17,18245.0,9.811646348870548,0.5877866649021191
Round,1.35,Ideal,F,VVS2,VG,EX,1.01,GIA,61.5,58.0,None,None,2008-12-10,18249.0,9.811865562988816,0.30010459245033816
Round,1.51,Very Good,F,VS1,EX,EX,1.01,GIA,63.5,60.0,Medium,None,2008-12-10,18274.0,9.813234563558566,0.412109650826833
Princess,2.18,Very Good,F,VS2,VG,VG,1.03,GIA,70.8,69.0,None,None,2008-12-10,18290.0,9.814109741384911,0.7793248768009977
Round,1.4,Ideal,F,VVS1,ID,ID,1.01,AGSL,62.1,55.6,Medium Blue,Pointed,2008-12-10,18306.0,9.814984153944724,0.3364722366212129
Princess,2.02,Very Good,F,VS2,VG,VG,1.01,GIA,72.7,68.0,None,None,2008-12-10,18312.0,9.815311861632402,0.7030975114131134
Round,1.55,Ideal,F,VS1,EX,EX,1.0,GIA,62.3,56.0,None,None,2008-12-11,18323.0,9.815912380280174,0.4382549309311553
Round,1.25,Ideal,F,VVS1,EX,EX,1.01,GIA,62.7,57.0,None,None,2008-12-10,18329.0,9.816239783971849,0.22314355131420976
Round,2.5,Good,J,VS1,EX,VG,1.01,GIA,60.6,60.0,Very Strong,None,2008-12-10,18612.0,9.831561812964539,0.9162907318741551
Round,1.21,Very Good,D,VVS1,EX,EX,1.01,GIA,64.1,57.0,None,None,2008-12-10,18717.0,9.837187480778896,0.1906203596086497
Round,2.37,Ideal,J,VS1,EX,EX,1.01,GIA,61.0,57.0,None,None,2008-12-10,18721.0,9.837401167408268,0.8628899551470398
Round,1.14,Ideal,D,VVS2,EX,EX,1.01,GIA,62.2,56.0,None,None,2008-12-10,18722.0,9.83745458193169,0.131028262406404
Round,1.91,Ideal,D,SI1,EX,VG,1.01,GIA,61.9,56.0,Medium Blue,None,2008-12-10,18734.0,9.838095333769076,0.6471032420585384
Round,1.55,Ideal,D,VS2,EX,EX,1.0,GIA,62.5,56.0,None,None,2008-12-10,18763.0,9.839642124487375,0.4382549309311553
Round,1.02,Very Good,D,VVS1,VG,EX,1.01,GIA,62.0,58.0,None,None,2008-12-10,18798.0,9.841505760180247,0.01980262729617973
Emerald,2.0,Very Good,D,VS2,EX,G,1.31,GIA,67.3,60.0,None,None,2008-12-10,18835.0,9.843472120126142,0.6931471805599453
Round,2.59,Ideal,J,SI1,EX,EX,1.01,GIA,62.3,56.0,None,None,2008-12-11,18836.0,9.843525211363445,0.9516578757114463
Emerald,3.04,Fair,J,VS2,VG,G,1.21,GIA,75.2,56.0,None,None,2008-12-10,18860.0,9.844798556187449,1.1118575154181303
Princess,2.02,Good,D,VS2,VG,G,1.1,GIA,79.5,74.0,None,None,2008-12-11,18871.0,9.845381631129095,0.7030975114131134
Round,2.46,Ideal,J,VS2,ID,ID,1.01,AGSL,61.4,57.0,None,Pointed,2008-12-10,18886.0,9.846176185823014,0.9001613499442714
Round,2.5,Ideal,J,VS1,VG,EX,1.0,GIA,62.4,58.0,None,None,2008-12-10,18894.0,9.84659969032908,0.9162907318741551
Round,1.4,Ideal,D,VS1,EX,EX,1.01,GIA,62.2,56.0,None,None,2008-12-11,18929.0,9.84845041660622,0.3364722366212129
Round,1.24,Ideal,D,VVS2,VG,EX,1.01,GIA,61.9,57.0,Faint,None,2008-12-10,18931.0,9.84855606900991,0.2151113796169455
Round,1.34,Very Good,D,VVS2,EX,EX,1.01,GIA,62.7,57.0,None,None,2008-12-10,18933.0,9.84866171025235,0.29266961396282004
Emerald,2.03,Fair,D,SI1,VG,G,1.71,GIA,64.8,52.0,None,Medium,2008-12-10,18943.0,9.849189749128278,0.7080357930536959
Round,2.51,Ideal,J,SI1,EX,EX,1.01,GIA,61.8,59.0,None,None,2008-12-11,18994.0,9.851878418802897,0.9202827531436925
Round,1.22,Ideal,D,VVS2,EX,EX,1.01,GIA,62.0,58.0,None,None,2008-12-10,19014.0,9.852930828918975,0.19885085874516517
Round,1.03,Ideal,D,IF,EX,VG,1.0,GIA,62.2,57.0,None,None,2008-12-17,19025.0,9.853509182729887,0.02955880224154443
Emerald,1.51,Good,D,IF,VG,G,1.39,GIA,62.0,73.0,None,Very Small,2008-12-10,19087.0,9.856762754029893,0.412109650826833
Round,1.6,Very Good,D,VS2,EX,EX,1.01,GIA,62.1,58.0,None,None,2008-12-10,19089.0,9.856867531900901,0.47000362924573563
Princess,2.01,Good,D,VS1,EX,G,1.03,GIA,78.7,68.0,None,None,2008-12-10,19095.0,9.857181799659617,0.6981347220709843
Round,1.14,Ideal,D,VVS1,EX,EX,1.0,GIA,61.0,58.0,None,None,2008-12-10,19099.0,9.857391256643155,0.131028262406404
Round,2.07,Very Good,D,SI2,G,VG,1.0,GIA,60.8,60.0,None,Small,2008-12-10,19145.0,9.859796863911395,0.7275486072772777
Round,2.05,Very Good,E,SI2,VG,G,1.0,GIA,62.0,54.0,None,None,2008-12-11,19148.0,9.8599535505124,0.7178397931503168
Emerald,2.01,Very Good,E,VS2,EX,VG,1.33,GIA,69.2,60.0,None,None,2008-12-10,19150.0,9.860057994608791,0.6981347220709843
Round,1.72,Very Good,E,VS2,EX,VG,1.01,GIA,62.3,59.0,None,None,2008-12-10,19187.0,9.861988245358098,0.5423242908253617
Princess,2.01,Very Good,E,VS2,VG,VG,1.08,GIA,70.5,74.0,None,None,2008-12-10,19193.0,9.862300908205878,0.6981347220709843
Round,1.12,Signature-Ideal,D,VVS1,EX,EX,1.0,GIA,61.3,57.0,Medium Blue,None,2008-12-10,19202.0,9.86276971925757,0.11332868530700327
Round,2.5,Very Good,J,SI1,EX,EX,1.01,GIA,62.3,58.0,None,None,2008-12-10,19207.0,9.863030074904852,0.9162907318741551
Round,1.2,Ideal,E,IF,EX,EX,1.01,GIA,61.5,56.0,None,Very Small,2008-12-10,19291.0,9.867393944887889,0.1823215567939546
Princess,2.01,Very Good,E,VS2,EX,EX,1.01,GIA,72.1,72.0,None,None,2008-12-17,19314.0,9.868585500526864,0.6981347220709843
Emerald,2.1,Good,E,VS2,VG,VG,1.43,GIA,71.4,70.0,None,None,2008-12-11,19319.0,9.868844346592555,0.7419373447293773
Round,1.7,Very Good,E,VS2,EX,EX,1.0,GIA,62.2,55.0,Medium,None,2008-12-11,19346.0,9.870240958742492,0.5306282510621704
Round,1.94,Ideal,E,SI1,EX,EX,1.01,GIA,60.6,61.0,Medium Blue,None,2008-12-10,19356.0,9.87075772791321,0.6626879730752367
Round,1.52,Ideal,E,VVS2,EX,EX,1.01,GIA,61.7,57.0,None,None,2008-12-10,19368.0,9.871377498617894,0.41871033485818504
Princess,2.01,Very Good,E,VS1,VG,G,1.03,GIA,69.9,78.0,None,None,2008-12-10,19376.0,9.871790465792873,0.6981347220709843
Princess,2.03,Very Good,E,VS2,VG,VG,1.05,GIA,70.1,73.0,None,None,2008-12-10,19382.0,9.872100079294496,0.7080357930536959
Emerald,2.02,Very Good,E,SI1,VG,VG,1.39,GIA,63.7,70.0,None,None,2008-12-17,19397.0,9.872873693918292,0.7030975114131134
Princess,2.02,Very Good,E,VS2,VG,VG,1.04,GIA,70.6,73.0,None,None,2008-12-10,19442.0,9.875190953381015,0.7030975114131134
Round,2.03,Ideal,E,SI1,VG,VG,1.0,GIA,62.4,58.0,Strong,None,2008-12-11,19466.0,9.876424632986438,0.7080357930536959
Princess,2.04,Very Good,E,VS2,EX,VG,1.0,GIA,73.2,71.0,None,None,2008-12-10,19476.0,9.876938217302591,0.712949807856125
Round,2.3,Very Good,E,SI2,G,VG,1.0,GIA,62.1,58.0,None,None,2008-12-10,19483.0,9.877297569445886,0.8329091229351039
Round,2.17,Ideal,E,SI2,G,G,1.01,GIA,61.5,56.0,None,None,2008-12-10,19510.0,9.878682433617158,0.7747271675523681
Princess,3.01,Good,J,VS2,VG,VG,1.02,GIA,80.7,72.0,Faint,None,2008-12-10,19689.0,9.887815383141833,1.1019400787607843
Round,2.01,Ideal,J,VVS2,EX,EX,1.01,GIA,61.7,57.0,None,None,2008-12-10,19691.0,9.88791695754517,0.6981347220709843
Round,1.4,Ideal,F,IF,EX,EX,1.01,GIA,62.2,56.0,Medium,None,2008-12-10,19750.0,9.890908770329268,0.3364722366212129
Princess,2.0,Good,F,VVS2,EX,VG,1.09,GIA,77.7,77.0,None,None,2008-12-10,19770.0,9.891920916164663,0.6931471805599453
Round,2.02,Very Good,F,SI1,VG,G,1.01,GIA,62.8,56.0,Strong,Very Small,2008-12-10,19774.0,9.892123222457078,0.7030975114131134
Round,1.5,Signature-Ideal,F,VS1,EX,EX,1.0,GIA,61.0,56.0,None,None,2008-12-10,19792.0,9.893033094632269,0.4054651081081644
Round,1.52,Very Good,F,VVS1,EX,EX,1.0,GIA,62.3,58.0,Medium,None,2008-12-10,19798.0,9.893336201479753,0.41871033485818504
Princess,2.19,Very Good,F,SI1,VG,VG,1.0,GIA,69.6,72.0,None,None,2008-12-10,19809.0,9.893891658862682,0.7839015438284094
Round,1.5,Ideal,F,VS1,EX,EX,1.01,GIA,60.9,60.0,None,None,2008-12-10,19813.0,9.89409356689426,0.4054651081081644
Round,1.5,Ideal,F,VS1,EX,EX,1.01,GIA,60.9,60.0,None,None,2008-12-10,19813.0,9.89409356689426,0.4054651081081644
Emerald,2.06,Good,F,VVS2,VG,G,1.38,GIA,72.8,70.0,Medium,Small,2008-12-11,19817.0,9.894295434167212,0.7227059828014898
Emerald,2.06,Good,F,VVS2,VG,G,1.38,GIA,72.8,70.0,Medium,Small,2008-12-11,19817.0,9.894295434167212,0.7227059828014898
Round,1.74,Ideal,F,VS2,EX,EX,1.01,GIA,62.9,56.0,None,None,2008-12-11,19823.0,9.894598158690211,0.5538851132264376
Round,1.74,Ideal,F,VS2,EX,EX,1.01,GIA,62.9,56.0,None,None,2008-12-11,19823.0,9.894598158690211,0.5538851132264376
Princess,2.13,Very Good,F,VS1,EX,EX,1.02,GIA,74.5,72.0,None,None,2008-12-10,19838.0,9.895354569305939,0.7561219797213337
Princess,2.13,Very Good,F,VS1,EX,EX,1.02,GIA,74.5,72.0,None,None,2008-12-10,19838.0,9.895354569305939,0.7561219797213337
Round,1.32,Very Good,F,IF,EX,EX,1.01,GIA,62.7,56.0,None,None,2008-12-10,19849.0,9.895908907012577,0.27763173659827955
Round,1.32,Very Good,F,IF,EX,EX,1.01,GIA,62.7,56.0,None,None,2008-12-10,19849.0,9.895908907012577,0.27763173659827955
Emerald,2.0,Very Good,F,VVS2,VG,VG,1.38,GIA,68.1,67.0,Faint,None,2008-12-10,19878.0,9.89736887152795,0.6931471805599453
Round,2.05,Very Good,F,SI1,VG,VG,1.01,GIA,61.9,59.0,Faint,None,2008-12-10,19890.0,9.897972371848018,0.7178397931503168
Princess,3.04,Very Good,J,VS1,VG,G,1.01,GIA,72.3,71.0,None,None,2008-12-10,20110.0,9.908972482766698,1.1118575154181303
Princess,3.01,Very Good,J,VS2,EX,VG,1.01,GIA,69.8,78.0,None,None,2008-12-11,20548.0,9.930518891587159,1.1019400787607843
Round,2.53,Very Good,J,VS1,VG,VG,1.01,GIA,58.7,64.0,Faint,None,2008-12-17,20588.0,9.932463660772646,0.9282193027394288
Round,2.01,Very Good,F,SI1,G,VG,1.01,GIA,63.0,57.0,None,None,2008-12-10,20747.0,9.940156936893139,0.6981347220709843
Round,2.0,Very Good,H,VS1,EX,EX,1.01,GIA,58.9,60.0,Faint Blue,Very Small,2008-12-10,20818.0,9.943573276075414,0.6931471805599453
Round,2.05,Ideal,H,VS2,EX,EX,1.01,GIA,62.4,56.0,None,None,2008-12-10,20842.0,9.944725460552373,0.7178397931503168
Round,2.01,Very Good,H,VS1,VG,VG,1.01,GIA,62.8,58.0,None,None,2008-12-16,20858.0,9.945492846681159,0.6981347220709843
Round,2.07,Very Good,F,SI1,EX,VG,1.01,GIA,60.2,59.0,None,None,2008-12-10,20865.0,9.945828393025653,0.7275486072772777
Round,2.0,Good,F,SI1,VG,VG,1.01,GIA,58.5,61.0,None,Very Small,2008-12-10,20874.0,9.946259644379998,0.6931471805599453
Round,1.61,Ideal,F,VS1,EX,EX,1.01,GIA,61.9,56.0,None,None,2008-12-10,20877.0,9.94640335351296,0.4762341789963717
Round,1.61,Ideal,F,VS1,EX,EX,1.01,GIA,59.3,59.0,None,None,2008-12-10,20877.0,9.94640335351296,0.4762341789963717
Round,1.87,Signature-Ideal,H,VS1,EX,EX,1.0,GIA,61.8,56.0,None,None,2008-12-10,20888.0,9.946930110378965,0.6259384308664954
Round,1.69,Ideal,F,VS1,VG,VG,1.01,GIA,61.5,57.0,None,None,2008-12-11,20889.0,9.946977983610656,0.5247285289349821
Round,1.51,Signature-Ideal,G,IF,EX,EX,1.0,GIA,61.1,55.0,None,Very Small,2008-12-10,20893.0,9.947169453622251,0.412109650826833
Round,1.62,Signature-Ideal,G,VVS2,EX,EX,1.0,GIA,61.2,56.0,None,None,2008-12-10,20894.0,9.947217315397454,0.4824261492442928
Princess,2.04,Very Good,H,IF,EX,VG,1.02,GIA,67.5,68.0,None,None,2008-12-10,20900.0,9.947504437952903,0.712949807856125
Round,1.51,Signature-Ideal,G,IF,EX,EX,1.0,GIA,61.5,57.0,None,None,2008-12-10,20904.0,9.947695807200448,0.412109650826833
Princess,2.02,Very Good,G,VVS1,EX,EX,1.01,GIA,72.8,66.0,None,None,2008-12-10,20908.0,9.947887139832812,0.7030975114131134
Round,2.01,Very Good,H,VS2,EX,EX,1.01,GIA,61.6,59.0,None,None,2008-12-10,20910.0,9.94798279242268,0.6981347220709843
Emerald,2.05,Very Good,H,IF,G,VG,1.26,GIA,62.8,65.0,None,Small,2008-12-10,20912.0,9.948078435864003,0.7178397931503168
Emerald,2.02,Very Good,F,VS1,VG,VG,1.45,GIA,66.2,67.0,Faint,None,2008-12-10,20913.0,9.94812625415451,0.7030975114131134
Round,1.7,Ideal,F,VS1,EX,VG,1.01,GIA,62.8,58.0,None,None,2008-12-18,20915.0,9.948221883876299,0.5306282510621704
Emerald,2.66,Good,F,SI1,VG,G,1.58,GIA,71.5,69.0,None,None,2008-12-11,20916.0,9.94826969530802,0.9783261227936078
Round,1.93,Very Good,G,VS2,VG,G,1.01,GIA,62.7,60.0,None,Very Small,2008-12-10,20927.0,9.94879547024067,0.6575200029167941
Round,1.87,Ideal,G,VS2,EX,EX,1.01,GIA,62.2,55.0,None,None,2008-12-11,20933.0,9.94908214009452,0.6259384308664954
Round,2.02,Very Good,H,VS1,EX,VG,1.01,GIA,62.6,58.0,Faint Blue,None,2008-12-11,20933.0,9.94908214009452,0.7030975114131134
Round,2.02,Very Good,H,VS1,EX,VG,1.01,GIA,59.3,60.0,None,None,2008-12-11,20933.0,9.94908214009452,0.7030975114131134
Princess,2.17,Signature-Ideal,G,VS2,VG,VG,1.04,GIA,66.7,72.0,None,None,2008-12-10,20937.0,9.94927320768526,0.7747271675523681
Round,1.52,Ideal,F,VS1,EX,EX,1.0,GIA,62.1,57.0,None,None,2008-12-11,20939.0,9.949368727792317,0.41871033485818504
Emerald,2.09,Good,G,IF,VG,G,1.24,GIA,70.4,65.0,None,None,2008-12-11,20942.0,9.949511990847407,0.7371640659767196
Round,2.58,Very Good,J,VVS2,VG,VG,1.02,AGSL,62.6,58.0,Very Strong Blue,Very Small,2008-12-10,20942.0,9.949511990847407,0.9477893989335261
Round,1.74,Signature-Ideal,F,VS2,EX,EX,1.0,GIA,61.8,56.0,None,None,2008-12-10,20962.0,9.950466553730122,0.5538851132264376
Round,2.17,Ideal,G,SI1,VG,EX,1.01,GIA,62.7,56.0,Faint,None,2008-12-10,20963.0,9.950514257963883,0.7747271675523681
Round,2.08,Very Good,F,SI1,VG,VG,1.01,GIA,60.5,59.0,None,None,2008-12-16,20965.0,9.950609659604863,0.7323678937132266
Round,2.08,Ideal,F,SI1,VG,VG,1.0,GIA,62.2,57.0,None,None,2008-12-10,20965.0,9.950609659604863,0.7323678937132266
Emerald,2.19,Very Good,H,VVS1,VG,G,1.06,GIA,58.7,72.0,None,Very Small,2008-12-10,20975.0,9.951086531335408,0.7839015438284094
Round,1.74,Ideal,G,VVS2,EX,VG,1.01,GIA,60.3,60.0,Medium Blue,None,2008-12-10,20983.0,9.951467865054695,0.5538851132264376
Round,2.05,Ideal,H,VS1,EX,VG,1.01,GIA,62.1,56.0,Medium,None,2008-12-18,20993.0,9.951944327804322,0.7178397931503168
Round,2.0,Ideal,H,VS2,EX,EX,1.01,GIA,61.8,59.0,None,None,2008-12-10,21008.0,9.952658596542577,0.6931471805599453
Round,2.14,Ideal,H,SI1,EX,EX,1.01,GIA,62.1,58.0,None,None,2008-12-17,21017.0,9.953086913027413,0.7608058290337602
Emerald,2.3,Very Good,G,VS1,EX,VG,1.26,GIA,68.6,62.0,None,None,2008-12-10,21021.0,9.953277217038643,0.8329091229351039
Princess,3.1,Very Good,J,VS1,EX,G,1.05,GIA,72.5,77.0,Faint,None,2008-12-10,21026.0,9.953515046135776,1.1314021114911006
Round,1.53,Ideal,G,IF,EX,EX,1.0,GIA,61.1,60.0,None,None,2008-12-12,21027.0,9.953562605168434,0.4252677354043441
Emerald,2.08,Very Good,G,VS1,VG,VG,1.28,GIA,68.2,59.0,Medium,Small,2008-12-10,21040.0,9.954180666851647,0.7323678937132266
Round,1.64,Ideal,F,VS1,EX,VG,1.01,GIA,61.8,57.0,None,None,2008-12-10,21041.0,9.954228194239311,0.494696241836107
Round,1.85,Very Good,F,VS2,EX,EX,1.0,GIA,64.0,54.0,None,None,2008-12-11,21066.0,9.955415645396487,0.6151856390902335
Round,2.01,Very Good,H,VS1,EX,EX,1.01,GIA,62.8,57.0,None,None,2008-12-10,21076.0,9.955890231329176,0.6981347220709843
Emerald,2.02,Very Good,G,IF,VG,G,1.1,GIA,64.3,67.0,None,Small,2008-12-10,21079.0,9.956032563199894,0.7030975114131134
Round,2.02,Ideal,F,SI1,VG,VG,1.02,GIA,62.3,55.0,Medium Blue,None,2008-12-10,21088.0,9.956459437302234,0.7030975114131134
Princess,3.01,Good,J,VS1,EX,EX,1.01,GIA,75.4,61.0,None,None,2008-12-10,21088.0,9.956459437302234,1.1019400787607843
Round,2.06,Very Good,H,VS1,EX,VG,1.01,GIA,58.9,58.0,None,None,2008-12-10,21094.0,9.95674391883656,0.7227059828014898
Emerald,2.31,Very Good,G,VS2,VG,VG,1.5,GIA,67.9,62.0,None,None,2008-12-10,21111.0,9.957549510634658,0.8372475245337022
Round,2.19,Very Good,H,VS2,EX,EX,1.0,GIA,63.3,58.0,Medium,None,2008-12-10,21114.0,9.95769160654964,0.7839015438284094
Emerald,2.01,Very Good,G,IF,VG,G,1.37,GIA,64.6,62.0,None,Small,2008-12-10,21132.0,9.958543758284206,0.6981347220709843
Princess,3.03,Very Good,J,VS1,EX,EX,1.03,GIA,71.6,74.0,None,None,2008-12-10,21141.0,9.958969561995133,1.1085626195212777
Round,1.76,Ideal,G,VS1,EX,EX,1.01,GIA,62.1,56.0,None,None,2008-12-11,21198.0,9.9616621165872,0.5653138090500605
Round,2.65,Ideal,J,VS2,ID,ID,1.0,AGSL,60.9,57.0,None,Very Small,2008-12-10,21203.0,9.96189796008255,0.9745596399981308
Princess,2.31,Very Good,G,VS2,VG,G,1.03,GIA,73.6,73.0,Faint,None,2008-12-10,21209.0,9.962180898875346,0.8372475245337022
Round,2.0,Ideal,F,SI1,VG,EX,1.0,GIA,61.9,57.0,None,None,2008-12-11,21225.0,9.962935011179548,0.6931471805599453
Round,3.01,Very Good,J,SI2,VG,VG,1.02,GIA,59.0,61.0,Faint,None,2008-12-10,21227.0,9.963029235244443,1.1019400787607843
Round,2.18,Good,H,VS2,EX,VG,1.01,GIA,59.0,58.0,None,None,2008-12-10,21238.0,9.963547308963792,0.7793248768009977
Round,1.71,Ideal,G,VVS2,EX,EX,1.01,GIA,62.3,56.0,None,None,2008-12-11,21254.0,9.96430039193264,0.5364933705145685
Round,2.13,Ideal,F,SI1,VG,EX,1.01,GIA,62.2,56.0,None,None,2008-12-10,21256.0,9.96439448743965,0.7561219797213337
Round,2.13,Very Good,F,SI1,EX,VG,1.01,GIA,60.3,60.0,Faint,None,2008-12-11,21275.0,9.965287953441575,0.7561219797213337
Round,1.81,Ideal,F,VS2,EX,EX,1.01,GIA,62.0,55.0,None,None,2008-12-10,21283.0,9.965663910962803,0.5933268452777344
Emerald,2.33,Very Good,G,VS2,G,VG,1.22,GIA,65.5,64.0,None,None,2008-12-10,21292.0,9.966086694292647,0.8458682675776092
Round,2.37,Ideal,H,SI1,VG,VG,1.0,GIA,59.6,59.0,Medium Blue,Very Small,2008-12-10,21295.0,9.966227582357314,0.8628899551470398
Round,1.8,Ideal,F,VS2,EX,EX,1.0,GIA,60.7,58.0,None,Very Small,2008-12-10,21314.0,9.967119412780901,0.5877866649021191
Round,2.36,Ideal,F,SI2,EX,EX,1.0,GIA,62.5,57.0,None,None,2008-12-10,21325.0,9.96763537235988,0.8586616190375187
Round,2.02,Very Good,F,SI1,EX,EX,1.01,GIA,62.6,57.0,Faint,None,2008-12-10,21367.0,9.969602954742989,0.7030975114131134
Emerald,2.15,Very Good,F,VS1,VG,VG,1.29,GIA,66.8,68.0,None,Small,2008-12-10,21395.0,9.970912528850917,0.7654678421395714
Emerald,2.18,Very Good,F,VS2,EX,VG,1.3,GIA,66.5,69.0,None,Very Small,2008-12-10,21406.0,9.971426535544321,0.7793248768009977
Round,1.64,Signature-Ideal,F,VS1,EX,EX,1.01,GIA,61.7,56.0,Medium Blue,None,2008-12-10,21442.0,9.973106894416185,0.494696241836107
Princess,2.2,Very Good,F,VS1,VG,VG,1.02,GIA,71.9,74.0,None,None,2008-12-10,21469.0,9.974365313169566,0.7884573603642703
Round,1.9,Signature-Ideal,F,SI1,EX,EX,1.01,GIA,61.8,56.0,Faint,None,2008-12-10,21471.0,9.974458466406707,0.6418538861723947
Round,1.55,Signature-Ideal,F,VS1,EX,EX,1.01,GIA,61.2,57.0,Faint,Very Small,2008-12-10,21476.0,9.97469131154246,0.4382549309311553
Round,1.51,Ideal,F,VVS2,EX,EX,1.01,GIA,62.5,55.0,None,None,2008-12-11,21480.0,9.974877548622802,0.412109650826833
Round,2.24,Ideal,F,SI2,EX,EX,1.0,GIA,61.6,57.0,None,None,2008-12-10,21486.0,9.975156839226488,0.8064758658669485
Round,2.35,Ideal,J,IF,EX,EX,1.0,GIA,62.2,56.0,Medium Blue,None,2008-12-10,21486.0,9.975156839226488,0.8544153281560676
Round,2.0,Ideal,F,SI1,EX,EX,1.01,GIA,61.6,54.0,None,None,2008-12-18,21493.0,9.975482579707275,0.6931471805599453
Princess,2.04,Very Good,D,VS2,VG,VG,1.04,GIA,71.2,72.0,None,None,2008-12-11,21536.0,9.977481232444454,0.712949807856125
Princess,2.03,Very Good,F,VS1,EX,EX,1.02,GIA,69.5,69.0,None,None,2008-12-10,21541.0,9.977713374888099,0.7080357930536959
Emerald,2.01,Good,D,VS1,VG,G,1.23,GIA,74.8,68.0,None,None,2008-12-10,21542.0,9.977759796910716,0.6981347220709843
Round,1.08,Signature-Ideal,D,VVS1,EX,EX,1.0,GIA,61.7,56.0,None,None,2008-12-10,21573.0,9.979197811770604,0.0769610411361284
Round,1.2,Ideal,D,VVS1,EX,EX,1.01,GIA,59.9,58.0,None,None,2008-12-10,21579.0,9.979475898535465,0.1823215567939546
Princess,2.04,Good,D,VS2,VG,G,1.01,GIA,76.9,74.0,Medium Blue,None,2008-12-10,21588.0,9.979892883738533,0.712949807856125
Round,2.03,Very Good,D,SI1,VG,VG,1.01,GIA,59.7,59.0,None,None,2008-12-10,21602.0,9.980541181978419,0.7080357930536959
Round,1.52,Very Good,D,VVS2,EX,G,1.01,GIA,62.4,58.0,Strong,None,2008-12-10,21673.0,9.983822525188403,0.41871033485818504
Round,1.51,Very Good,D,VS1,EX,VG,1.0,GIA,62.6,59.0,None,None,2008-12-10,21722.0,9.986080850839981,0.412109650826833
Round,1.55,Signature-Ideal,D,VS2,EX,EX,1.01,GIA,61.6,56.0,Faint,None,2008-12-10,21747.0,9.987231095968987,0.4382549309311553
Round,1.76,Signature-Ideal,D,VS2,EX,EX,1.01,GIA,61.4,56.0,Faint,None,2008-12-10,21826.0,9.990857198673035,0.5653138090500605
Round,1.25,Ideal,D,VVS1,EX,EX,1.01,GIA,61.6,58.0,Medium,None,2008-12-10,21847.0,9.991818891326092,0.22314355131420976
Round,1.03,Ideal,D,IF,EX,EX,1.01,GIA,62.0,56.0,Medium,None,2008-12-10,21891.0,9.99383087243373,0.02955880224154443
Round,1.29,Ideal,D,VVS1,EX,EX,1.01,GIA,61.4,57.0,Medium Blue,None,2008-12-17,21927.0,9.9954740331485,0.25464221837358075
Round,2.1,Ideal,H,VS2,ID,ID,1.0,AGSL,60.8,59.0,None,Very Small,2008-12-10,21971.0,9.99747868095637,0.7419373447293773
Princess,2.08,Very Good,D,VS2,VG,VG,1.06,GIA,69.2,73.0,None,None,2008-12-10,22006.0,9.999070422429858,0.7323678937132266
Round,2.07,Very Good,D,SI1,EX,EX,1.0,GIA,62.7,59.0,None,None,2008-12-16,22024.0,9.999888046822443,0.7275486072772777
Round,2.02,Ideal,D,SI1,EX,VG,1.01,GIA,60.0,61.0,None,None,2008-12-10,22065.0,10.001747921703648,0.7030975114131134
Emerald,2.23,Good,D,VS2,G,G,1.35,GIA,75.0,71.0,None,None,2008-12-11,22075.0,10.00220102547216,0.8020015854720274
Round,1.72,Very Good,D,VS1,VG,EX,1.01,GIA,59.0,58.0,Strong Blue,Very Small,2008-12-10,22084.0,10.002608643403935,0.5423242908253617
Round,2.0,Ideal,H,VS1,VG,G,1.02,GIA,62.4,57.0,None,None,2008-12-10,22110.0,10.003785273851491,0.6931471805599453
Round,2.04,Ideal,H,VS1,VG,VG,1.01,GIA,60.4,59.0,None,None,2008-12-10,22163.0,10.006179510759674,0.712949807856125
Round,1.3,Ideal,D,VVS1,EX,VG,1.0,GIA,62.6,56.0,None,None,2008-12-10,22179.0,10.00690117422521,0.26236426446749106
Princess,2.07,Very Good,D,VS1,VG,G,1.03,GIA,74.7,74.0,None,None,2008-12-10,22181.0,10.006991345550789,0.7275486072772777
Emerald,2.38,Very Good,H,VVS1,VG,G,1.23,GIA,66.9,63.0,None,Very Small,2008-12-10,22223.0,10.008883067581468,0.8671004876833833
Round,2.15,Ideal,H,VS2,EX,EX,1.0,GIA,61.7,59.0,Faint,None,2008-12-11,22276.0,10.01126514470956,0.7654678421395714
Round,2.01,Very Good,H,VS2,VG,VG,1.01,GIA,62.4,59.0,None,None,2008-12-16,22282.0,10.011534456619263,0.6981347220709843
Round,2.02,Ideal,H,VS1,EX,EX,1.01,GIA,61.5,58.0,None,None,2008-12-11,22284.0,10.011624211140706,0.7030975114131134
Round,2.13,Ideal,H,VS1,EX,EX,1.01,GIA,61.4,56.0,Medium Blue,None,2008-12-10,22304.0,10.012521313560251,0.7561219797213337
Round,2.14,Ideal,H,VS2,EX,EX,1.0,GIA,60.8,60.0,None,None,2008-12-10,22386.0,10.016191042449213,0.7608058290337602
Round,2.12,Ideal,H,VS2,EX,EX,1.01,GIA,62.3,55.0,None,None,2008-12-11,22412.0,10.017351808685175,0.7514160886839212
Round,2.16,Ideal,H,VVS2,ID,ID,1.0,AGSL,61.1,58.0,Negligible,None,2008-12-10,22446.0,10.018867703576202,0.7701082216960737
Emerald,3.01,Very Good,H,SI1,VG,VG,1.41,GIA,59.4,70.0,None,None,2008-12-10,22452.0,10.01913497606209,1.1019400787607843
Round,1.8,Signature-Ideal,H,VVS2,EX,EX,1.0,GIA,61.0,56.0,None,Very Small,2008-12-10,22489.0,10.020781579758486,0.5877866649021191
Round,2.15,Ideal,H,VS2,ID,ID,1.01,AGSL,61.5,56.0,None,Pointed,2008-12-10,22490.0,10.020826044953361,0.7654678421395714
Round,2.56,Ideal,H,SI2,EX,EX,1.01,GIA,61.3,56.0,None,None,2008-12-10,22571.0,10.024421175431756,0.9400072584914712
Round,1.89,Ideal,H,VVS1,EX,EX,1.01,GIA,62.6,56.0,None,None,2008-12-11,22572.0,10.02446547908903,0.636576829071551
Round,2.05,Ideal,H,VS1,EX,EX,1.0,GIA,61.0,57.0,None,None,2008-12-11,22613.0,10.026280241122993,0.7178397931503168
Round,2.13,Ideal,H,VS1,EX,EX,1.01,GIA,61.4,58.0,Faint,None,2008-12-10,22731.0,10.031484910599483,0.7561219797213337
Round,2.02,Very Good,H,VS1,EX,G,1.01,GIA,60.5,57.0,None,None,2008-12-10,22746.0,10.03214458474439,0.7030975114131134
Round,2.39,Very Good,H,SI1,VG,VG,1.01,GIA,62.6,57.0,None,None,2008-12-11,22770.0,10.033199159057785,0.8712933659434193
Round,2.02,Ideal,I,VVS1,EX,EX,1.0,GIA,60.5,56.0,Faint,None,2008-12-11,22775.0,10.03341872212816,0.7030975114131134
Round,2.29,Very Good,I,VVS2,EX,EX,1.01,GIA,61.0,57.0,Strong,None,2008-12-10,22814.0,10.035129661587844,0.8285518175661483
Round,2.11,Signature-Ideal,I,VS1,ID,ID,1.0,AGSL,61.6,56.0,None,Very Small,2008-12-10,22896.0,10.038717501796231,0.7466879474879751
Round,2.6,Very Good,I,SI1,EX,EX,1.01,GIA,62.7,59.0,Medium Blue,None,2008-12-10,22921.0,10.039808799894367,0.9555114450274363
Emerald,3.01,Very Good,I,SI1,EX,VG,1.28,GIA,68.6,62.0,Faint,None,2008-12-10,23032.0,10.044639832292011,1.1019400787607843
Round,2.76,Ideal,I,SI1,ID,ID,1.01,AGSL,61.9,56.0,None,Pointed,2008-12-10,23035.0,10.044770077370018,1.0152306797290584
Round,2.37,Very Good,I,VVS2,VG,EX,1.01,AGSL,59.7,59.7,Strong Blue,None,2008-12-10,23068.0,10.046201654735302,0.8628899551470398
Emerald,2.3,Good,E,VS1,VG,VG,1.32,GIA,70.9,66.0,Medium,None,2008-12-11,23420.0,10.061345637151708,0.8329091229351039
Emerald,2.02,Very Good,E,VS1,EX,VG,1.16,GIA,67.2,61.0,None,Very Small,2008-12-10,23480.0,10.063904273942033,0.7030975114131134
Round,1.85,Ideal,E,VS2,EX,EX,1.0,GIA,62.5,55.0,Faint,None,2008-12-11,23485.0,10.064117198461096,0.6151856390902335
Round,2.51,Ideal,I,VS2,EX,EX,1.01,GIA,60.6,58.0,Medium Blue,None,2008-12-10,23553.0,10.067008479866365,0.9202827531436925
Round,2.05,Ideal,E,SI1,EX,EX,1.0,GIA,61.8,58.0,None,None,2008-12-10,23610.0,10.069425630079559,0.7178397931503168
Round,1.65,Ideal,E,VS1,EX,EX,1.01,GIA,61.5,55.0,Faint,None,2008-12-11,23707.0,10.073525642163233,0.5007752879124892
Round,2.83,Ideal,I,SI2,EX,EX,1.01,GIA,62.0,56.0,None,None,2008-12-10,23725.0,10.074284623478128,1.0402767116551463
Emerald,2.05,Very Good,E,VS1,VG,VG,1.29,GIA,68.0,68.0,None,Small,2008-12-10,23824.0,10.07844875492379,0.7178397931503168
Round,2.01,Ideal,E,SI1,EX,VG,1.01,GIA,61.2,56.0,None,None,2008-12-11,23854.0,10.079707197138614,0.6981347220709843
Round,1.88,Very Good,E,VS2,G,VG,1.01,GIA,62.8,57.0,None,Small,2008-12-10,23943.0,10.083431284544119,0.6312717768418578
Emerald,2.03,Very Good,D,VS1,VG,VG,1.13,GIA,63.2,68.0,None,None,2008-12-10,23954.0,10.083890603507452,0.7080357930536959
Round,1.59,Ideal,E,VS1,EX,EX,1.01,GIA,62.8,57.0,Faint,None,2008-12-10,23969.0,10.08451660774299,0.4637340162321402
Round,2.44,Ideal,I,VS1,ID,ID,1.01,AGSL,61.6,54.0,Negligible,Pointed,2008-12-10,23976.0,10.084808608996498,0.8919980393051105
Round,1.7,Signature-Ideal,E,VS2,EX,EX,1.0,GIA,61.4,57.0,None,None,2008-12-10,23981.0,10.085017129129874,0.5306282510621704
Princess,2.77,Very Good,I,VVS2,VG,VG,1.09,GIA,71.7,71.0,Medium,None,2008-12-10,23987.0,10.08526729590903,1.0188473201992472
Round,1.69,Ideal,E,VVS1,VG,EX,1.01,GIA,62.3,57.0,Medium Blue,None,2008-12-10,23993.0,10.085517400120422,0.5247285289349821
Round,2.01,Good,E,VS2,VG,EX,1.01,GIA,63.8,60.0,Medium,None,2008-12-10,23993.0,10.085517400120422,0.6981347220709843
Round,1.51,Ideal,E,VVS2,EX,EX,1.01,GIA,62.2,60.0,None,None,2008-12-10,23996.0,10.085642428772983,0.412109650826833
Emerald,2.32,Very Good,D,VS1,VG,VG,1.34,GIA,66.1,70.0,None,None,2008-12-10,23997.0,10.085684101516932,0.8415671856782185
Round,1.5,Ideal,E,VS1,EX,EX,1.01,GIA,61.6,56.0,None,None,2008-12-11,24010.0,10.086225689215299,0.4054651081081644
Round,2.08,Ideal,E,SI1,EX,EX,1.01,GIA,61.9,56.0,Medium,None,2008-12-11,24013.0,10.086350629348315,0.7323678937132266
Round,1.32,Ideal,D,VVS2,EX,VG,1.01,GIA,61.5,59.0,None,None,2008-12-10,24066.0,10.088555334998109,0.27763173659827955
Round,1.74,Ideal,D,VS2,VG,EX,1.01,GIA,60.9,56.0,None,None,2008-12-11,24070.0,10.088721530777118,0.5538851132264376
Round,2.33,Very Good,E,SI1,EX,EX,1.0,GIA,61.9,59.0,Medium,None,2008-12-10,24071.0,10.088763075406442,0.8458682675776092
Round,2.41,Ideal,I,VVS2,EX,EX,1.01,GIA,62.2,56.0,None,None,2008-12-10,24076.0,10.088970772667661,0.8796267475025636
Round,1.7,Ideal,D,VS2,EX,EX,1.0,GIA,62.3,57.0,None,None,2008-12-10,24082.0,10.089219952452165,0.5306282510621704
Round,1.8,Ideal,E,VS2,VG,VG,1.01,GIA,61.9,56.0,None,None,2008-12-11,24083.0,10.089261476380335,0.5877866649021191
Emerald,2.05,Very Good,D,VVS2,VG,VG,1.22,GIA,67.7,67.0,Strong Blue,None,2008-12-10,24103.0,10.09009159305939,0.7178397931503168
Round,1.71,Ideal,F,VS1,EX,EX,1.01,GIA,62.7,56.0,None,None,2008-12-11,24115.0,10.090589332503072,0.5364933705145685
Round,2.02,Good,E,VS2,EX,EX,1.0,GIA,58.0,61.0,Medium,Very Small,2008-12-11,24126.0,10.09104537612533,0.7030975114131134
Round,1.4,Ideal,E,IF,EX,VG,1.01,GIA,61.7,56.0,None,None,2008-12-10,24142.0,10.091708341261072,0.3364722366212129
Round,1.7,Very Good,F,VS1,VG,EX,1.0,GIA,62.6,58.0,None,None,2008-12-10,24175.0,10.093074320321495,0.5306282510621704
Round,1.5,Ideal,F,VVS1,EX,EX,1.01,GIA,62.7,58.0,Faint,None,2008-12-10,24239.0,10.095718185206863,0.4054651081081644
Princess,2.03,Very Good,F,VVS1,EX,VG,1.01,GIA,72.5,72.0,None,None,2008-12-11,24263.0,10.09670783519898,0.7080357930536959
Round,3.06,Good,I,SI2,VG,VG,1.0,GIA,58.8,59.0,None,None,2008-12-16,24275.0,10.097202293159526,1.1184149159642893
Round,1.66,Ideal,F,VS1,EX,EX,1.01,GIA,61.7,55.0,None,None,2008-12-10,24335.0,10.099670922267554,0.5068176023684519
Round,1.61,Very Good,F,VVS2,EX,EX,1.01,GIA,59.9,60.0,None,None,2008-12-10,24337.0,10.099753105042092,0.4762341789963717
Round,2.06,Very Good,D,SI1,EX,EX,1.0,GIA,62.0,60.0,None,None,2008-12-16,24359.0,10.100656670078102,0.7227059828014898
Round,2.42,Very Good,F,SI1,G,EX,1.01,GIA,61.9,57.0,None,None,2008-12-10,24362.0,10.100779820259904,0.883767540168595
Princess,2.04,Very Good,D,VS1,EX,VG,1.02,GIA,71.6,72.0,None,None,2008-12-11,24381.0,10.101559419421314,0.712949807856125
Round,1.39,Signature-Ideal,F,IF,EX,EX,1.01,GIA,60.8,57.0,Faint,None,2008-12-10,24424.0,10.103321534414714,0.3293037471426003
Round,3.05,Fair,I,SI2,VG,VG,1.01,GIA,66.7,59.0,Medium,None,2008-12-10,24438.0,10.103894576876467,1.1151415906193203
Emerald,2.02,Good,D,VVS2,VG,VG,1.38,GIA,70.8,72.0,None,None,2008-12-11,24446.0,10.104221882337209,0.7030975114131134
Round,1.09,Very Good,D,IF,VG,G,1.02,GIA,61.7,58.0,None,None,2008-12-10,24477.0,10.10548918009691,0.08617769624105241
Round,2.21,Very Good,F,SI1,VG,VG,1.01,GIA,59.1,59.0,Faint,Very Small,2008-12-10,24478.0,10.105530033942284,0.7929925155296614
Round,2.51,Very Good,I,VS1,EX,VG,1.01,GIA,62.8,57.0,None,None,2008-12-11,24502.0,10.106510025854115,0.9202827531436925
Emerald,2.4,Good,F,VS2,EX,VG,1.33,GIA,70.0,63.0,None,None,2008-12-11,24511.0,10.106877275363477,0.8754687373538999
Round,1.37,Ideal,D,VVS1,EX,VG,1.01,GIA,61.9,58.0,None,None,2008-12-10,24523.0,10.107366731668879,0.3148107398400336
Round,1.81,Ideal,F,VS1,EX,VG,1.0,GIA,61.8,57.0,None,None,2008-12-11,24566.0,10.10911865209904,0.5933268452777344
Round,2.45,Ideal,F,SI1,VG,VG,1.02,GIA,59.5,59.0,Strong Blue,Very Small,2008-12-10,24581.0,10.109729065774982,0.8960880245566357
Round,2.02,Good,F,VS2,EX,VG,1.01,GIA,63.0,58.0,None,None,2008-12-10,24586.0,10.109932454227286,0.7030975114131134
Round,2.03,Good,F,VS1,VG,G,1.01,GIA,64.3,55.0,Strong,None,2008-12-10,24586.0,10.109932454227286,0.7080357930536959
Round,1.02,Ideal,D,IF,EX,EX,1.01,GIA,61.7,56.0,None,None,2008-12-11,24624.0,10.11147685607866,0.01980262729617973
Round,1.68,Ideal,F,VS1,EX,EX,1.0,GIA,61.1,54.0,Faint,None,2008-12-10,24625.0,10.11151746604029,0.5187937934151675
Emerald,2.15,Very Good,D,VS2,VG,G,1.43,GIA,59.3,64.0,None,Very Small,2008-12-10,24642.0,10.112207583184613,0.7654678421395714
Round,2.3,Ideal,I,VS1,EX,EX,1.01,GIA,62.5,56.0,None,None,2008-12-16,24649.0,10.112491610696615,0.8329091229351039
Round,2.3,Ideal,I,VS1,VG,VG,1.01,GIA,59.7,57.0,None,None,2008-12-16,24649.0,10.112491610696615,0.8329091229351039
Round,1.54,Very Good,F,VVS1,EX,VG,1.01,GIA,63.5,61.0,Medium Blue,None,2008-12-10,24665.0,10.113140513667839,0.43178241642553783
Round,3.02,Ideal,J,SI2,EX,EX,1.01,GIA,61.0,58.0,None,None,2008-12-10,24668.0,10.113262136111384,1.1052568313867783
Round,1.7,Very Good,F,VS1,VG,EX,1.0,GIA,63.2,57.0,None,None,2008-12-10,24669.0,10.113302673639005,0.5306282510621704
Round,1.7,Ideal,F,VS1,VG,VG,1.01,GIA,59.9,59.0,Faint,None,2008-12-10,24669.0,10.113302673639005,0.5306282510621704
Round,1.53,Ideal,D,VS1,EX,EX,1.01,GIA,62.4,56.0,None,None,2008-12-11,24680.0,10.113748478019325,0.4252677354043441
Princess,3.06,Good,I,VS2,VG,VG,1.11,GIA,80.2,64.0,None,None,2008-12-10,24687.0,10.114032068273822,1.1184149159642893
Round,1.7,Ideal,F,VS1,EX,EX,1.01,GIA,61.3,55.0,Faint,None,2008-12-11,24688.0,10.114072574602941,0.5306282510621704
Round,2.24,Ideal,D,SI1,EX,VG,1.01,GIA,60.9,59.0,Faint,None,2008-12-12,24704.0,10.114720452824503,0.8064758658669485
Round,2.51,Ideal,I,VS1,ID,ID,1.0,AGSL,62.3,56.8,None,Pointed,2008-12-18,24737.0,10.116055377478153,0.9202827531436925
Round,3.02,Ideal,J,SI1,VG,EX,1.0,GIA,61.1,60.0,None,None,2008-12-10,24804.0,10.118760209469768,1.1052568313867783
Round,2.0,Very Good,D,VS2,VG,G,1.01,GIA,63.2,57.0,Strong,None,2008-12-10,24844.0,10.120371553679194,0.6931471805599453
Round,3.02,Ideal,J,SI1,EX,VG,1.0,AGSL,61.4,56.0,None,Very Small,2008-12-10,24885.0,10.122020491292654,1.1052568313867783
Round,1.57,Ideal,D,VS1,VG,VG,1.01,GIA,61.0,60.0,Faint,None,2008-12-10,24914.0,10.123185173446037,0.45107561936021673
Round,3.02,Very Good,J,SI1,EX,VG,1.01,GIA,63.2,58.0,None,None,2008-12-11,24943.0,10.124348500692786,1.1052568313867783
Round,2.0,Very Good,I,VVS1,VG,VG,1.01,GIA,62.2,59.0,None,Small,2008-12-10,24949.0,10.124589020216114,0.6931471805599453
Round,1.62,Ideal,D,VS1,VG,EX,1.0,GIA,62.2,57.0,None,None,2008-12-10,24961.0,10.125069885783383,0.4824261492442928
Round,2.01,Very Good,D,VS2,VG,VG,1.01,GIA,63.0,60.0,Medium,None,2008-12-10,24967.0,10.125310231882922,0.6981347220709843
Emerald,2.18,Good,D,VS1,VG,G,1.33,GIA,72.2,66.0,None,None,2008-12-10,25032.0,10.127910285348719,0.7793248768009977
Princess,3.08,Very Good,I,VS2,EX,G,1.05,AGSL,71.1,67.0,None,Pointed,2008-12-10,25055.0,10.128828687393826,1.1249295969854831
Princess,3.01,Good,J,VS1,EX,G,1.0,GIA,77.8,72.0,None,None,2008-12-10,25071.0,10.129467078669546,1.1019400787607843
Round,3.01,Ideal,I,SI2,VG,EX,1.0,GIA,61.9,59.0,Medium Blue,None,2008-12-10,25083.0,10.129945604818168,1.1019400787607843
Round,2.52,Ideal,I,VS2,EX,EX,1.01,GIA,61.8,56.0,Faint,Very Small,2008-12-11,25113.0,10.131140919328166,0.9242589015233319
Round,2.55,Ideal,I,VS2,VG,EX,1.0,GIA,60.1,59.0,None,None,2008-12-18,25188.0,10.134122969608633,0.9360933591703348
Round,3.02,Very Good,J,SI1,VG,EX,1.0,GIA,60.2,58.0,Faint,None,2008-12-11,25212.0,10.135075350633,1.1052568313867783
Princess,3.26,Very Good,J,VVS2,VG,VG,1.0,GIA,70.6,69.0,None,None,2008-12-10,25234.0,10.135947570487687,1.1817271953786161
Round,2.54,Ideal,I,VS2,EX,EX,1.01,GIA,61.9,57.0,None,None,2008-12-18,25334.0,10.139902646043577,0.9321640810304452
Round,2.01,Ideal,G,VS1,VG,VG,1.01,GIA,61.5,60.0,None,None,2008-12-10,25405.0,10.142701284027833,0.6981347220709843
Round,2.15,Ideal,G,VS2,EX,EX,1.0,GIA,62.2,57.0,None,None,2008-12-16,25411.0,10.142937430124647,0.7654678421395714
Round,2.71,Very Good,I,VS2,EX,VG,1.01,GIA,60.9,59.0,None,None,2008-12-16,25413.0,10.14301613309966,0.9969486348916096
Round,2.02,Very Good,G,VS1,G,G,1.01,GIA,59.0,59.0,None,None,2008-12-10,25448.0,10.14439243342898,0.7030975114131134
Round,2.02,Good,G,VS1,VG,VG,1.01,GIA,62.6,59.0,None,None,2008-12-10,25474.0,10.145413603149704,0.7030975114131134
Princess,2.29,Very Good,G,VVS2,EX,VG,1.0,GIA,70.7,70.0,None,None,2008-12-10,25486.0,10.145884560772224,0.8285518175661483
Round,3.02,Good,J,SI1,VG,G,1.01,GIA,62.9,60.0,Medium,Very Small,2008-12-10,25490.0,10.146041497370161,1.1052568313867783
Round,2.29,Ideal,G,SI1,EX,EX,1.01,GIA,62.4,55.0,Faint Blue,None,2008-12-11,25517.0,10.147100175689678,0.8285518175661483
Round,2.02,Very Good,G,VS1,EX,VG,1.01,GIA,63.5,59.0,Medium,None,2008-12-10,25530.0,10.14760951023553,0.7030975114131134
Round,2.09,Ideal,G,VS2,G,G,1.01,GIA,60.6,54.0,Faint,Very Small,2008-12-10,25538.0,10.147922817984627,0.7371640659767196
Round,2.5,Ideal,J,VVS2,EX,EX,1.0,GIA,61.7,56.0,None,None,2008-12-10,25551.0,10.14843173380919,0.9162907318741551
Round,2.03,Very Good,G,VS1,EX,G,1.01,GIA,60.1,60.0,None,None,2008-12-10,25573.0,10.149292386393418,0.7080357930536959
Round,2.08,Ideal,G,VS2,EX,EX,1.01,GIA,62.1,55.0,None,None,2008-12-16,25581.0,10.14960516741016,0.7323678937132266
Round,1.76,Signature-Ideal,G,VVS2,EX,EX,1.01,GIA,61.8,57.0,None,Very Small,2008-12-10,25583.0,10.14968334738049,0.5653138090500605
Round,2.07,Very Good,G,VS2,G,G,1.01,GIA,60.9,59.0,None,Very Small,2008-12-10,25601.0,10.150386692204734,0.7275486072772777
Round,2.0,Ideal,G,VS1,EX,EX,1.0,GIA,61.3,55.0,None,None,2008-12-10,25614.0,10.150894355986017,0.6931471805599453
Princess,3.15,Very Good,I,VS2,G,VG,1.13,GIA,69.3,71.0,Faint,None,2008-12-10,25617.0,10.151011472575716,1.1474024528375417
Princess,3.18,Good,I,VS2,G,VG,1.03,GIA,75.5,76.0,None,None,2008-12-11,25651.0,10.152337836193743,1.1568811967920856
Round,2.22,Ideal,G,VS1,EX,EX,1.01,GIA,61.1,58.0,Very Strong,None,2008-12-11,25653.0,10.152415802824065,0.7975071958841882
Round,2.1,Ideal,G,VS2,EX,EX,1.01,AGSL,61.3,54.0,None,Very Small,2008-12-10,25660.0,10.152688638169627,0.7419373447293773
Round,1.81,Ideal,G,IF,EX,EX,1.01,GIA,61.5,56.0,None,None,2008-12-10,25668.0,10.153000358870406,0.5933268452777344
Round,2.03,Ideal,G,VS2,ID,ID,1.01,AGSL,61.2,58.0,None,Pointed,2008-12-10,25703.0,10.154362995588228,0.7080357930536959
Round,2.01,Very Good,G,VS1,EX,EX,1.0,GIA,62.7,58.0,None,None,2008-12-11,25706.0,10.154479706670077,0.6981347220709843
Emerald,2.5,Very Good,G,VS2,VG,VG,1.4,GIA,66.4,65.0,None,None,2008-12-10,25710.0,10.154635300259935,0.9162907318741551
Round,2.07,Very Good,G,VS2,EX,VG,1.0,GIA,60.8,59.0,Faint,None,2008-12-10,25734.0,10.155568353744936,0.7275486072772777
Round,2.57,Very Good,I,VS1,EX,VG,1.01,GIA,62.9,57.0,Faint,None,2008-12-10,25857.0,10.16033663631551,0.9439058989071284
Round,2.34,Very Good,I,IF,VG,VG,1.01,GIA,62.2,58.0,Faint,None,2008-12-10,25904.0,10.162152675917417,0.85015092936961
Round,3.07,Good,J,SI1,VG,G,1.01,GIA,60.3,61.0,None,Very Small,2008-12-10,25908.0,10.162307080302808,1.1216775615991057
Round,2.44,Very Good,I,VVS2,EX,EX,1.01,GIA,60.7,56.0,Medium,None,2008-12-10,26036.0,10.167235474692278,0.8919980393051105
Emerald,3.6,Very Good,J,VS2,VG,G,1.16,GIA,68.4,66.0,None,Small,2008-12-10,26078.0,10.168847325983418,1.2809338454620642
Princess,3.0,Good,I,VS1,EX,VG,1.01,GIA,79.9,74.0,None,None,2008-12-10,26162.0,10.172063255248172,1.0986122886681098
Round,3.11,Ideal,J,SI1,EX,VG,1.01,GIA,60.4,60.0,Faint Blue,Very Small,2008-12-10,26168.0,10.17229256921822,1.1346227261911428
Round,2.61,Very Good,H,SI1,VG,EX,1.01,GIA,60.3,60.0,None,None,2008-12-10,26231.0,10.174697196419377,0.959350221334602
Emerald,3.01,Very Good,J,VS1,G,G,1.09,GIA,64.5,70.0,None,Small,2008-12-10,26242.0,10.175116459665661,1.1019400787607843
Round,2.44,Ideal,I,VVS2,VG,VG,1.01,GIA,60.7,59.0,None,None,2008-12-10,26267.0,10.176068677452669,0.8919980393051105
Round,3.03,Ideal,J,SI1,EX,EX,1.01,GIA,60.9,58.0,Faint Blue,None,2008-12-11,26277.0,10.176449310831199,1.1085626195212777
Round,2.14,Ideal,H,VVS2,VG,VG,1.01,GIA,59.7,59.0,Faint,Very Small,2008-12-10,26290.0,10.176943917723927,0.7608058290337602
Round,2.27,Ideal,H,VS1,VG,EX,1.01,GIA,61.8,58.0,None,None,2008-12-10,26295.0,10.177134086023445,0.8197798314933114
Round,3.02,Good,H,SI1,EX,VG,1.0,GIA,64.4,54.0,Strong,None,2008-12-10,26304.0,10.177476297855906,1.1052568313867783
Round,3.51,Very Good,I,SI1,ID,ID,1.0,AGSL,63.2,57.0,Negligible,None,2008-12-10,26306.0,10.177552329028725,1.2556160374777743
Round,1.61,Ideal,D,VS1,EX,EX,1.0,GIA,62.5,58.0,Faint,None,2008-12-10,26359.0,10.179565051629774,0.4762341789963717
Round,2.45,Ideal,H,VS2,VG,EX,1.0,GIA,62.2,59.0,None,None,2008-12-16,26368.0,10.179906432709199,0.8960880245566357
Round,2.45,Ideal,H,VS2,VG,VG,1.01,GIA,61.2,58.0,None,None,2008-12-10,26368.0,10.179906432709199,0.8960880245566357
Round,3.05,Very Good,I,SI1,EX,EX,1.01,GIA,60.5,60.0,Faint,None,2008-12-10,26387.0,10.18062674361135,1.1151415906193203
Round,2.13,Signature-Ideal,H,VS1,ID,ID,1.0,AGSL,61.2,56.0,None,Pointed,2008-12-10,26398.0,10.1810435286889,0.7561219797213337
Round,2.59,Ideal,I,VS2,EX,VG,1.0,GIA,62.0,54.0,None,None,2008-12-11,26418.0,10.181800874983809,0.9516578757114463
Round,1.79,Ideal,F,VS1,VG,EX,1.01,GIA,60.9,57.0,None,None,2008-12-10,26429.0,10.182217171089883,0.5822156198526637
Round,2.35,Ideal,I,VVS2,EX,EX,1.01,GIA,62.4,56.0,None,None,2008-12-10,26446.0,10.182860197116769,0.8544153281560676
Emerald,3.16,Very Good,J,IF,VG,G,1.09,GIA,66.1,67.0,None,Very Small,2008-12-10,26458.0,10.183313849022326,1.1505720275988207
Round,2.71,Ideal,I,SI1,EX,EX,1.01,GIA,61.1,57.0,None,None,2008-12-10,26480.0,10.184145010050944,0.9969486348916096
Round,1.9,Ideal,F,VS2,EX,VG,1.01,GIA,61.6,57.0,None,None,2008-12-17,26519.0,10.18561673619821,0.6418538861723947
Round,2.46,Ideal,I,VS1,VG,VG,1.02,AGSL,61.3,55.5,Medium Blue,Very Small,2008-12-10,26527.0,10.185918361205209,0.9001613499442714
Round,2.46,Good,I,VS1,VG,G,1.02,GIA,64.8,55.0,Faint Blue,Very Small,2008-12-10,26527.0,10.185918361205209,0.9001613499442714
Round,1.12,Ideal,D,IF,EX,EX,1.01,GIA,61.7,57.0,None,None,2008-12-11,26546.0,10.186634356186147,0.11332868530700327
Princess,2.76,Very Good,F,SI1,VG,VG,1.03,GIA,73.3,63.0,None,None,2008-12-10,26546.0,10.186634356186147,1.0152306797290584
Round,1.72,Signature-Ideal,F,VS1,EX,EX,1.01,GIA,61.6,56.0,None,None,2008-12-10,26571.0,10.187575674477692,0.5423242908253617
Round,2.38,Ideal,H,VS2,EX,VG,1.01,GIA,61.0,54.0,None,None,2008-12-10,26577.0,10.187801459080141,0.8671004876833833
Emerald,2.4,Very Good,F,VS1,EX,G,1.38,GIA,67.9,60.0,Faint,None,2008-12-10,26605.0,10.18885444703047,0.8754687373538999
Round,1.58,Signature-Ideal,F,VVS2,EX,EX,1.01,GIA,61.5,57.0,None,None,2008-12-10,26609.0,10.189004783408398,0.4574248470388755
Round,2.2,Ideal,H,VVS2,EX,VG,1.01,GIA,61.0,56.0,None,Very Small,2008-12-10,26617.0,10.189305388378159,0.7884573603642703
Round,2.01,Very Good,F,VS2,VG,EX,1.01,GIA,61.6,60.0,None,None,2008-12-11,26618.0,10.1893429576465,0.6981347220709843
Emerald,2.14,Very Good,D,VS2,VG,VG,1.32,GIA,67.4,67.0,None,Small,2008-12-10,26619.0,10.189380525503447,0.7608058290337602
Round,1.59,Ideal,F,VVS2,EX,EX,1.01,GIA,61.4,57.0,None,None,2008-12-10,26626.0,10.189643460991862,0.4637340162321402
Round,2.0,Good,F,VS1,EX,VG,1.01,GIA,60.6,61.0,Faint,None,2008-12-11,26626.0,10.189643460991862,0.6931471805599453
Round,2.62,Ideal,H,SI1,EX,EX,1.0,GIA,61.3,59.0,None,None,2008-12-10,26627.0,10.18968101756145,0.9631743177730056
Round,2.14,Signature-Ideal,H,VS2,ID,ID,1.0,AGSL,61.0,55.0,None,Pointed,2008-12-10,26642.0,10.190244196911408,0.7608058290337602
Round,1.75,Ideal,F,VS1,EX,EX,1.01,GIA,61.2,58.0,None,None,2008-12-17,26702.0,10.19249374795004,0.5596157879354227
Round,1.6,Ideal,F,VVS1,EX,EX,1.0,GIA,59.3,58.0,None,None,2008-12-11,26705.0,10.19260609277387,0.47000362924573563
Emerald,3.1,Very Good,J,VS2,EX,EX,1.4,GIA,66.8,67.0,None,None,2008-12-10,26725.0,10.193354735893246,1.1314021114911006
Emerald,2.0,Very Good,F,IF,VG,VG,1.24,GIA,65.2,67.0,None,None,2008-12-10,26745.0,10.19410281896535,0.6931471805599453
Round,1.4,Ideal,D,VVS1,EX,EX,1.01,GIA,61.6,56.0,None,None,2008-12-10,26747.0,10.194177596502213,0.3364722366212129
Round,1.71,Ideal,F,VVS2,EX,EX,1.01,GIA,62.1,54.0,None,None,2008-12-10,26751.0,10.19432713480299,0.5364933705145685
Round,2.02,Very Good,F,VS2,VG,VG,1.01,GIA,63.4,58.0,None,None,2008-12-18,26774.0,10.195186546345843,0.7030975114131134
Round,1.15,Ideal,D,IF,EX,EX,1.01,GIA,59.3,59.0,None,None,2008-12-10,26775.0,10.19522389531595,0.13976194237515863
Round,1.71,Signature-Ideal,F,VS1,EX,EX,1.0,GIA,61.8,56.0,None,None,2008-12-10,26777.0,10.195298589071585,0.5364933705145685
Round,1.03,Ideal,D,IF,VG,VG,1.01,GIA,62.0,58.0,None,None,2008-12-16,26784.0,10.195559973289201,0.02955880224154443
Round,2.05,Ideal,F,VS2,EX,EX,1.01,GIA,61.7,58.0,Faint,None,2008-12-10,26789.0,10.195746634481015,0.7178397931503168
Round,2.4,Ideal,H,VS2,EX,EX,1.01,GIA,61.0,58.0,None,None,2008-12-10,26798.0,10.196082536848554,0.8754687373538999
Emerald,2.02,Very Good,D,VS1,VG,VG,1.29,GIA,69.8,59.0,Faint,None,2008-12-16,26804.0,10.196306409093062,0.7030975114131134
Round,1.38,Signature-Ideal,D,VVS2,EX,EX,1.01,GIA,61.7,56.0,Faint,None,2008-12-10,26876.0,10.198988974040041,0.3220834991691132
Round,1.72,Ideal,F,VVS2,EX,EX,1.01,GIA,61.7,55.0,Medium,None,2008-12-10,26879.0,10.199100591564108,0.5423242908253617
Emerald,2.55,Very Good,D,SI1,VG,G,1.39,GIA,60.3,70.0,None,None,2008-12-16,26911.0,10.200290403937228,0.9360933591703348
Round,1.72,Signature-Ideal,F,VS1,EX,EX,1.0,GIA,60.7,57.0,None,None,2008-12-10,26932.0,10.201070449665172,0.5423242908253617
Emerald,2.09,Very Good,D,VS2,VG,VG,1.29,GIA,66.1,60.0,None,Medium,2008-12-10,26942.0,10.201441686258514,0.7371640659767196
Emerald,2.12,Very Good,D,VVS1,VG,VG,1.19,GIA,65.1,65.0,Strong Blue,Very Small,2008-12-10,26967.0,10.20236917524151,0.7514160886839212
Round,2.2,Ideal,H,VS1,EX,EX,1.01,GIA,61.5,58.0,None,None,2008-12-10,26977.0,10.202739930102645,0.7884573603642703
Round,2.2,Ideal,H,VS1,EX,EX,1.01,GIA,61.6,57.0,None,None,2008-12-10,26977.0,10.202739930102645,0.7884573603642703
Round,3.56,Very Good,J,SI2,VG,VG,1.01,GIA,62.6,57.0,None,None,2008-12-16,26985.0,10.203036435052743,1.269760544863939
Round,1.7,Ideal,F,VVS2,VG,VG,1.01,GIA,61.8,56.0,None,None,2008-12-10,27006.0,10.203814342520987,0.5306282510621704
Round,2.36,Very Good,H,VS1,VG,EX,1.01,GIA,62.6,57.0,None,None,2008-12-10,27009.0,10.203925422776587,0.8586616190375187
Round,2.06,Signature-Ideal,H,VS1,EX,EX,1.01,GIA,61.3,55.0,None,None,2008-12-10,27010.0,10.203962446786662,0.7227059828014898
Round,2.23,Ideal,H,VS1,EX,EX,1.0,GIA,61.9,55.0,None,None,2008-12-11,27040.0,10.205072530156901,0.8020015854720274
Round,3.29,Very Good,J,SI1,EX,EX,1.0,AGSL,62.8,59.0,None,Pointed,2008-12-10,27089.0,10.2068830204074,1.1908875647772805
Round,2.4,Very Good,H,VS2,EX,EX,1.0,GIA,61.0,55.0,None,None,2008-12-10,27130.0,10.208395405652977,0.8754687373538999
Round,3.05,Ideal,J,SI1,EX,EX,1.0,GIA,61.4,58.0,None,None,2008-12-10,27155.0,10.209316470468945,1.1151415906193203
Round,2.41,Ideal,D,SI1,EX,EX,1.01,GIA,62.4,58.0,Strong Blue,Very Small,2008-12-10,27176.0,10.21008950984042,0.8796267475025636
Round,1.78,Ideal,D,VS1,EX,EX,1.0,GIA,61.3,57.0,Strong,None,2008-12-11,27211.0,10.211376582296397,0.5766133643039938
Round,2.22,Ideal,H,VS1,EX,EX,1.01,GIA,62.8,54.0,None,None,2008-12-10,27220.0,10.211707276205457,0.7975071958841882
Round,1.54,Signature-Ideal,D,VS1,ID,ID,1.01,AGSL,61.6,55.0,None,Pointed,2008-12-10,27246.0,10.212662000326006,0.43178241642553783
Round,2.04,Very Good,D,VS2,EX,EX,1.01,GIA,62.9,59.0,Medium,None,2008-12-10,27266.0,10.213395783746074,0.712949807856125
Round,3.2,Ideal,J,SI1,EX,EX,1.01,GIA,61.0,56.0,None,None,2008-12-11,27269.0,10.213505804833561,1.1631508098056809
Emerald,3.2,Good,H,SI1,VG,G,1.06,GIA,72.0,58.0,Strong,Medium,2008-12-10,27334.0,10.215886627524746,1.1631508098056809
Round,1.51,Very Good,D,VVS2,EX,EX,1.0,GIA,58.6,61.0,Medium,None,2008-12-10,27428.0,10.219319668404255,0.412109650826833
Round,3.05,Very Good,J,VS2,EX,EX,1.01,AGSL,61.5,58.0,Medium Blue,Pointed,2008-12-10,27455.0,10.220303579712972,1.1151415906193203
Round,3.22,Very Good,J,SI1,EX,EX,1.01,GIA,63.0,59.0,Strong Blue,None,2008-12-18,27463.0,10.220594923172552,1.169381359556317
Emerald,3.27,Very Good,J,VVS1,VG,VG,1.07,GIA,67.7,67.0,None,Medium,2008-12-10,27486.0,10.221432063114797,1.184789984909162
Round,1.02,Ideal,D,FL,EX,EX,1.01,GIA,59.7,59.0,None,Very Small,2008-12-10,27502.0,10.22201400828289,0.01980262729617973
Round,1.02,Ideal,D,IF,EX,EX,1.0,GIA,61.7,56.0,None,None,2008-12-11,27504.0,10.22208672762263,0.01980262729617973
Round,2.32,Ideal,D,VS2,EX,EX,1.01,GIA,61.9,58.0,Strong,None,2008-12-10,27527.0,10.222922620168259,0.8415671856782185
Round,1.6,Ideal,D,VS1,VG,EX,1.01,GIA,61.7,58.0,None,None,2008-12-10,27548.0,10.223685216664588,0.47000362924573563
Round,3.7,Very Good,J,SI2,EX,EX,1.0,AGSL,62.2,58.0,None,Pointed,2008-12-10,27689.0,10.228790501392256,1.308332819650179
Round,3.02,Ideal,J,SI1,EX,EX,1.01,GIA,62.1,58.0,Faint,None,2008-12-10,27713.0,10.229656896161444,1.1052568313867783
Round,3.03,Ideal,J,SI1,EX,EX,1.0,GIA,60.9,59.0,None,None,2008-12-10,27804.0,10.232935174220376,1.1085626195212777
Emerald,3.17,Very Good,J,IF,VG,VG,1.21,GIA,60.4,67.0,None,Small,2008-12-10,27873.0,10.235413757309422,1.1537315878891892
Round,3.03,Good,J,VS2,EX,G,1.02,GIA,65.8,54.0,None,Very Small,2008-12-10,28014.0,10.240459664198992,1.1085626195212777
Emerald,2.5,Very Good,F,VS1,EX,G,1.32,GIA,68.9,60.0,None,None,2008-12-10,28191.0,10.246758057051174,0.9162907318741551
Round,2.0,Very Good,F,VS1,VG,EX,1.01,GIA,61.6,59.0,Strong,None,2008-12-18,28223.0,10.247892527339829,0.6931471805599453
Round,2.03,Ideal,F,VS2,VG,VG,1.01,GIA,62.8,55.0,None,None,2008-12-11,28240.0,10.248494691607178,0.7080357930536959
Round,1.66,Ideal,F,IF,EX,EX,1.01,GIA,61.9,56.0,None,None,2008-12-10,28254.0,10.24899031947161,0.5068176023684519
Round,1.74,Ideal,F,VVS2,EX,EX,1.0,GIA,59.3,60.0,None,None,2008-12-10,28284.0,10.250051552724132,0.5538851132264376
Princess,2.02,Very Good,F,VVS1,VG,G,1.01,GIA,70.2,68.0,Faint Blue,None,2008-12-10,28300.0,10.25061708363133,0.7030975114131134
Round,1.64,Ideal,F,VVS2,EX,EX,1.01,GIA,61.8,55.0,None,None,2008-12-10,28308.0,10.250899729195675,0.494696241836107
Princess,3.23,Good,J,VVS1,VG,VG,1.06,GIA,78.9,70.0,Faint,None,2008-12-10,28323.0,10.251429474400627,1.172482137234565
Round,1.55,Ideal,F,IF,EX,EX,1.01,GIA,62.6,57.0,None,None,2008-12-10,28326.0,10.251535389774341,0.4382549309311553
Round,2.01,Good,F,VS1,G,G,1.01,GIA,63.7,60.0,Strong Blue,None,2008-12-10,28371.0,10.253122775683622,0.6981347220709843
Round,2.03,Very Good,F,VS2,VG,G,1.01,GIA,62.1,56.0,None,Very Small,2008-12-10,28419.0,10.254813214543644,0.7080357930536959
Round,1.53,Signature-Ideal,F,VVS1,EX,EX,1.0,GIA,60.9,57.0,None,None,2008-12-10,28438.0,10.255481557956319,0.4252677354043441
Round,2.16,Signature-Ideal,F,SI1,ID,ID,1.01,AGSL,61.8,56.0,None,Pointed,2008-12-10,28467.0,10.256500800641868,0.7701082216960737
Round,1.54,Ideal,F,VVS1,EX,EX,1.0,GIA,62.2,55.0,None,None,2008-12-11,28480.0,10.256957365525912,0.43178241642553783
Emerald,2.5,Very Good,F,VS1,VG,G,1.37,GIA,67.5,65.0,None,None,2008-12-16,28558.0,10.25969238599024,0.9162907318741551
Round,3.01,Very Good,F,SI2,VG,VG,1.01,GIA,63.8,54.0,None,Medium,2008-12-10,28562.0,10.259832442012879,1.1019400787607843
Emerald,3.37,Good,J,VVS2,VG,EX,1.44,GIA,73.5,66.0,Medium,None,2008-12-10,28618.0,10.26179116946668,1.2149127443642704
Round,2.06,Ideal,F,VS2,ID,ID,1.01,AGSL,61.3,57.3,None,Pointed,2008-12-10,28633.0,10.262315177792935,0.7227059828014898
Round,2.65,Ideal,I,VS1,VG,VG,1.01,GIA,61.9,56.0,None,None,2008-12-16,28651.0,10.262943625547717,0.9745596399981308
Emerald,2.13,Very Good,F,IF,VG,VG,1.22,GIA,65.0,71.0,None,Very Small,2008-12-10,28652.0,10.262978527734342,0.7561219797213337
Princess,2.19,Very Good,F,VVS2,VG,VG,1.03,GIA,68.9,68.0,None,None,2008-12-10,28658.0,10.263187915276548,0.7839015438284094
Round,1.61,Ideal,F,VVS2,EX,EX,1.0,GIA,61.5,55.0,None,None,2008-12-11,28667.0,10.263501914406909,0.4762341789963717
Round,3.01,Good,I,SI1,VG,G,1.01,GIA,58.5,60.0,Faint,Very Small,2008-12-10,28673.0,10.263711192398603,1.1019400787607843
Princess,3.3,Good,I,VS2,VG,VG,1.08,GIA,75.4,70.0,None,None,2008-12-10,28773.0,10.267192726396061,1.1939224684724346
Round,3.5,Ideal,J,SI1,EX,VG,1.0,GIA,60.2,58.0,Strong Blue,None,2008-12-10,28800.0,10.268130666124037,1.252762968495368
Round,3.01,Good,H,SI1,VG,VG,1.01,GIA,65.1,54.0,None,None,2008-12-10,28801.0,10.268165387743457,1.1019400787607843
Round,3.03,Very Good,I,SI1,VG,EX,1.01,GIA,63.0,56.0,None,Very Small,2008-12-11,28878.0,10.270835338531164,1.1085626195212777
Round,3.51,Good,J,SI1,EX,EX,1.0,AGSL,58.3,61.0,None,Pointed,2008-12-10,28881.0,10.270939218446076,1.2556160374777743
Emerald,4.03,Fair,J,SI1,VG,G,1.42,GIA,78.9,67.0,Strong Blue,None,2008-12-10,28910.0,10.271942835010393,1.3937663759585917
Round,2.71,Very Good,H,SI1,VG,VG,1.01,GIA,62.0,59.0,None,None,2008-12-16,28979.0,10.274326708723063,0.9969486348916096
Round,3.32,Very Good,I,SI2,VG,G,1.02,GIA,59.8,62.0,None,Very Small,2008-12-10,29148.0,10.280141578790174,1.199964782928397
Princess,3.12,Very Good,I,VS1,EX,VG,1.04,GIA,69.3,69.0,None,None,2008-12-10,29152.0,10.280278800059685,1.1378330018213911
Round,3.19,Ideal,J,SI1,EX,EX,1.0,GIA,62.1,55.0,None,None,2008-12-16,29258.0,10.283908319538032,1.1600209167967532
Round,2.99,Very Good,H,SI1,ID,ID,1.01,AGSL,61.8,59.0,Negligible,None,2008-12-10,29346.0,10.286911529767412,1.095273387402595
Round,1.06,Ideal,D,IF,EX,EX,1.0,GIA,60.4,56.0,None,None,2008-12-11,29380.0,10.288069449727868,0.058268908123975824
Round,3.02,Very Good,I,SI1,VG,G,1.01,GIA,58.8,60.0,None,Very Small,2008-12-10,29415.0,10.289260027298557,1.1052568313867783
Round,2.4,Ideal,H,VS1,EX,EX,1.0,GIA,61.6,56.0,None,None,2008-12-11,29444.0,10.290245433178596,0.8754687373538999
Round,1.26,Ideal,D,IF,EX,EX,1.0,GIA,62.5,55.0,Medium,None,2008-12-11,29446.0,10.290313356425354,0.23111172096338664
Round,1.23,Ideal,D,IF,VG,VG,1.01,GIA,59.0,59.0,None,None,2008-12-10,29498.0,10.292077743419448,0.20701416938432612
Round,1.82,Very Good,D,VS1,EX,VG,1.01,GIA,62.3,60.0,None,None,2008-12-10,29523.0,10.292924899567096,0.598836501088704
Emerald,4.16,Good,H,SI2,G,G,1.64,GIA,71.8,70.0,Faint,None,2008-12-10,29588.0,10.295124152707759,1.425515074273172
Round,1.7,Ideal,D,VS1,EX,VG,1.01,GIA,60.6,56.0,None,None,2008-12-10,29613.0,10.295968733085997,0.5306282510621704
Round,3.17,Ideal,I,SI2,EX,EX,1.01,GIA,61.7,57.0,None,None,2008-12-18,29616.0,10.296070034813278,1.1537315878891892
Round,3.01,Very Good,H,SI2,G,VG,1.0,GIA,60.9,57.0,Faint,None,2008-12-10,29640.0,10.296880079410023,1.1019400787607843
Round,2.02,Very Good,D,VS2,EX,EX,1.01,GIA,62.2,60.0,Medium,None,2008-12-10,29673.0,10.29799282040795,0.7030975114131134
Round,2.55,Ideal,H,VS2,ID,ID,1.0,AGSL,61.2,54.2,None,Pointed,2008-12-18,29692.0,10.298632928237437,0.9360933591703348
Round,3.02,Ideal,I,SI1,EX,EX,1.0,GIA,62.1,56.0,Medium,None,2008-12-10,29692.0,10.298632928237437,1.1052568313867783
Round,3.12,Very Good,J,VS2,VG,EX,1.0,GIA,62.5,58.0,Very Strong Blue,None,2008-12-10,29694.0,10.29870028417994,1.1378330018213911
Round,3.61,Ideal,J,SI1,ID,ID,1.01,AGSL,61.0,59.0,None,Pointed,2008-12-10,29695.0,10.29873396044996,1.2837077723447896
Round,3.11,Very Good,J,VS2,EX,EX,1.01,AGSL,60.3,58.0,None,Very Small,2008-12-10,29765.0,10.30108848558749,1.1346227261911428
Round,2.38,Ideal,H,VS1,EX,EX,1.01,GIA,61.2,57.0,None,None,2008-12-11,29802.0,10.302330784335405,0.8671004876833833
Round,2.1,Signature-Ideal,D,SI1,ID,ID,1.01,AGSL,61.9,55.0,None,Pointed,2008-12-10,29842.0,10.303672076200368,0.7419373447293773
Round,1.53,Ideal,D,VVS2,EX,VG,1.01,GIA,62.3,56.0,None,None,2008-12-11,29844.0,10.303739093591405,0.4252677354043441
Round,2.48,Ideal,H,VS2,VG,EX,1.0,GIA,60.6,61.0,None,None,2008-12-10,29848.0,10.303873114900993,0.9082585601768908
Princess,2.07,Very Good,D,VVS1,EX,EX,1.05,GIA,72.5,76.0,None,None,2008-12-10,29947.0,10.307184431581645,0.7275486072772777
Round,3.13,Ideal,J,VS2,VG,VG,1.01,GIA,59.7,59.0,Strong Blue,None,2008-12-10,29954.0,10.30741815055234,1.1410330045520618
Princess,3.0,Very Good,H,VS2,VG,VG,1.01,GIA,72.0,75.0,None,None,2008-12-10,29981.0,10.308319126670684,1.0986122886681098
Princess,3.0,Very Good,H,VS2,VG,G,1.02,GIA,73.9,62.0,None,None,2008-12-10,29981.0,10.308319126670684,1.0986122886681098
Round,2.01,Very Good,D,VS2,VG,VG,1.01,GIA,62.2,59.0,Faint,None,2008-12-10,29987.0,10.308519233394938,0.6981347220709843
Round,3.02,Very Good,J,VS2,EX,VG,1.01,AGSL,64.0,58.0,None,Very Small,2008-12-10,30033.0,10.310052056087594,1.1052568313867783
Princess,3.01,Very Good,H,VS2,VG,G,1.05,GIA,73.2,70.0,None,None,2008-12-10,30080.0,10.311615778063777,1.1019400787607843
Emerald,2.46,Good,D,VS1,VG,G,1.44,GIA,72.0,70.0,Faint,None,2008-12-10,30095.0,10.312114323981872,0.9001613499442714
Round,2.53,Signature-Ideal,I,VS1,ID,ID,1.01,AGSL,61.5,56.0,None,Pointed,2008-12-10,30102.0,10.312346893712308,0.9282193027394288
Round,3.03,Very Good,I,SI1,VG,G,1.02,GIA,59.3,59.0,None,None,2008-12-10,30161.0,10.314304978070902,1.1085626195212777
Round,3.03,Very Good,I,SI1,VG,G,1.01,GIA,62.3,55.0,None,Very Small,2008-12-10,30161.0,10.314304978070902,1.1085626195212777
Round,1.12,Very Good,D,IF,VG,G,1.01,GIA,59.1,58.0,None,None,2008-12-10,30173.0,10.314702763735975,0.11332868530700327
Emerald,3.05,Very Good,I,VS2,EX,EX,1.42,GIA,62.9,62.0,None,Very Small,2008-12-10,30182.0,10.315000999178496,1.1151415906193203
Round,2.33,Ideal,G,VS2,EX,EX,1.01,GIA,60.7,61.0,None,None,2008-12-10,30187.0,10.31516664711076,0.8458682675776092
Round,2.22,Very Good,H,IF,VG,G,1.01,GIA,61.4,58.0,Faint,None,2008-12-10,30232.0,10.316656245029325,0.7975071958841882
Round,2.58,Very Good,D,SI1,VG,EX,1.01,GIA,62.7,59.0,None,None,2008-12-11,30236.0,10.316788546412067,0.9477893989335261
Round,2.5,Ideal,H,VS2,EX,EX,1.0,GIA,61.6,57.0,Faint,None,2008-12-11,30251.0,10.31728452076383,0.9162907318741551
Princess,3.03,Good,H,VS2,VG,G,1.03,GIA,76.0,66.0,None,None,2008-12-10,30276.0,10.318110598429058,1.1085626195212777
Princess,3.02,Very Good,I,VS1,VG,VG,1.03,GIA,70.8,76.0,Faint,None,2008-12-10,30332.0,10.319958539820826,1.1052568313867783
Round,1.73,Ideal,D,VS1,VG,EX,1.01,GIA,61.5,57.0,None,None,2008-12-10,30347.0,10.3204529448145,0.5481214085096876
Princess,3.5,Good,I,SI2,G,G,1.05,GIA,76.2,83.0,None,None,2008-12-16,30358.0,10.320815353186804,1.252762968495368
Round,2.34,Very Good,H,IF,EX,VG,1.01,GIA,60.5,57.0,None,None,2008-12-10,30395.0,10.322033400182823,0.85015092936961
Princess,3.08,Very Good,I,VS1,VG,G,1.11,GIA,74.7,72.0,Medium Blue,None,2008-12-10,30403.0,10.322296566735872,1.1249295969854831
Round,3.0,Ideal,J,VS2,ID,ID,1.01,AGSL,62.0,55.0,None,Very Small,2008-12-10,30434.0,10.32331568348006,1.0986122886681098
Emerald,3.04,Good,G,SI1,VG,G,1.55,GIA,70.1,68.0,None,None,2008-12-10,30446.0,10.3237099016192,1.1118575154181303
Round,2.42,Signature-Ideal,G,SI1,EX,EX,1.01,GIA,61.9,57.0,None,None,2008-12-10,30476.0,10.3246947675929,0.883767540168595
Round,2.7,Ideal,I,VS1,EX,EX,1.0,GIA,62.1,55.0,None,None,2008-12-11,30480.0,10.324826009800583,0.9932517730102834
Round,3.04,Very Good,I,SI1,EX,VG,1.01,GIA,61.6,59.0,Faint,None,2008-12-10,30487.0,10.32505564222569,1.1118575154181303
Princess,2.13,Signature-Ideal,D,VS1,VG,VG,1.05,GIA,69.8,71.0,None,None,2008-12-10,30509.0,10.325777001034595,0.7561219797213337
Round,2.77,Ideal,H,SI1,VG,EX,1.01,GIA,61.0,55.0,None,None,2008-12-10,30539.0,10.326759834294158,1.0188473201992472
Round,2.22,Ideal,G,VS1,EX,EX,1.01,GIA,62.0,57.0,None,None,2008-12-10,30562.0,10.327512686165203,0.7975071958841882
Round,2.06,Ideal,G,IF,EX,EX,1.0,GIA,61.8,58.0,Strong,None,2008-12-10,30590.0,10.328428437144948,0.7227059828014898
Princess,3.08,Very Good,H,VS1,EX,VG,1.04,GIA,69.3,72.0,None,None,2008-12-10,30635.0,10.329898425159755,1.1249295969854831
Round,1.23,Very Good,D,IF,EX,VG,1.01,GIA,60.9,56.0,None,None,2008-12-10,30636.0,10.329931067029484,0.20701416938432612
Emerald,3.05,Very Good,I,VS2,VG,VG,1.12,GIA,63.0,57.0,None,Small,2008-12-16,30671.0,10.331072861728375,1.1151415906193203
Round,2.35,Ideal,G,VS2,EX,EX,1.01,GIA,61.8,57.0,None,None,2008-12-10,30676.0,10.33123586888475,0.8544153281560676
Round,1.21,Ideal,D,IF,EX,EX,1.01,GIA,62.1,55.0,None,None,2008-12-11,30751.0,10.333677793031093,0.1906203596086497
Round,2.01,Good,D,VS1,G,G,1.01,GIA,63.5,62.0,Strong,None,2008-12-10,30793.0,10.335042670404032,0.6981347220709843
Round,2.0,Good,D,VS1,VG,G,1.01,GIA,65.3,52.0,Medium Blue,None,2008-12-10,30796.0,10.33514009039794,0.6931471805599453
Round,2.16,Signature-Ideal,G,VS2,ID,ID,1.0,AGSL,61.0,56.0,None,Pointed,2008-12-10,30796.0,10.33514009039794,0.7701082216960737
Princess,3.09,Very Good,H,VS2,VG,VG,1.01,GIA,73.0,68.0,None,None,2008-12-10,30866.0,10.337410533460776,1.128171090909654
Emerald,3.06,Very Good,I,VS1,VG,VG,1.32,GIA,66.2,70.0,None,None,2008-12-11,30867.0,10.33744293104392,1.1184149159642893
Emerald,3.01,Good,H,VS2,EX,EX,1.5,AGSL,70.0,64.0,None,Small,2008-12-10,30872.0,10.337604903217455,1.1019400787607843
Round,2.16,Ideal,G,VS1,VG,VG,1.01,GIA,61.1,58.0,None,None,2008-12-10,30880.0,10.337864004138712,0.7701082216960737
Round,2.22,Ideal,G,VS1,EX,EX,1.0,GIA,61.9,56.0,None,None,2008-12-10,30905.0,10.338673262093375,0.7975071958841882
Emerald,2.46,Very Good,D,VVS2,VG,VG,1.15,GIA,63.3,67.0,Medium Blue,Small,2008-12-10,30930.0,10.339481865679115,0.9001613499442714
Round,2.0,Good,F,VS1,VG,VG,1.01,GIA,63.9,59.0,None,None,2008-12-10,30949.0,10.34009596741305,0.6931471805599453
Round,1.54,Ideal,F,FL,EX,EX,1.01,GIA,60.4,58.0,None,None,2008-12-11,30958.0,10.340386726133822,0.43178241642553783
Princess,2.05,Very Good,F,IF,VG,VG,1.01,GIA,73.3,70.0,None,None,2008-12-10,31023.0,10.342484143853085,0.7178397931503168
Round,3.01,Very Good,G,SI2,G,VG,1.01,GIA,60.2,61.0,None,None,2008-12-16,31104.0,10.345091707260165,1.1019400787607843
Round,1.58,Signature-Ideal,F,IF,EX,EX,1.01,GIA,61.3,57.0,None,None,2008-12-10,31126.0,10.345798761764955,0.4574248470388755
Round,2.29,Very Good,G,VS2,G,G,1.02,GIA,63.6,57.0,None,Very Small,2008-12-10,31153.0,10.34666582776446,0.8285518175661483
Round,2.82,Very Good,F,VS2,EX,EX,1.01,GIA,63.7,58.0,Strong Blue,None,2008-12-17,31174.0,10.347339693048996,1.0367368849500223
Round,2.24,Ideal,G,VS1,ID,ID,1.01,AGSL,61.0,56.1,None,Pointed,2008-12-10,31181.0,10.347564213938401,0.8064758658669485
Round,2.11,Ideal,G,VS2,EX,EX,1.0,GIA,62.0,57.0,None,None,2008-12-17,31191.0,10.34788487064608,0.7466879474879751
Princess,3.03,Good,F,SI1,EX,G,1.14,GIA,76.2,74.0,None,None,2008-12-10,31276.0,10.350606309244405,1.1085626195212777
Round,2.13,Ideal,F,VS2,EX,EX,1.0,GIA,61.0,57.0,Faint,None,2008-12-11,31288.0,10.350989916435351,0.7561219797213337
Round,2.15,Ideal,E,VS2,VG,VG,1.0,GIA,61.5,58.0,Medium Blue,None,2008-12-10,31352.0,10.353033339879467,0.7654678421395714
Round,2.17,Ideal,G,VS1,EX,EX,1.0,GIA,61.9,57.0,None,None,2008-12-10,31367.0,10.353511663841456,0.7747271675523681
Round,2.82,Ideal,E,SI1,VG,VG,1.01,GIA,61.3,54.0,Strong,None,2008-12-10,31413.0,10.354977098955573,1.0367368849500223
Round,2.14,Ideal,E,VS2,EX,EX,1.0,GIA,60.2,57.0,Medium Blue,None,2008-12-10,31426.0,10.355390854750077,0.7608058290337602
Round,3.01,Very Good,G,SI2,VG,VG,1.01,GIA,61.1,56.0,None,None,2008-12-16,31457.0,10.356376812879024,1.1019400787607843
Round,1.5,Ideal,E,IF,EX,EX,1.01,GIA,61.9,57.0,None,None,2008-12-10,31469.0,10.356758213258692,0.4054651081081644
Round,2.45,Ideal,F,VS2,VG,VG,1.01,GIA,62.1,56.0,Strong Blue,None,2008-12-11,31513.0,10.358155438089856,0.8960880245566357
Round,3.01,Good,G,SI2,G,G,1.01,GIA,57.6,61.0,Medium,None,2008-12-10,31550.0,10.35932886796936,1.1019400787607843
Round,2.0,Very Good,G,VVS1,EX,EX,1.02,GIA,62.3,60.0,None,None,2008-12-10,31578.0,10.360215954581834,0.6931471805599453
Round,1.71,Ideal,F,VVS2,EX,EX,1.01,GIA,61.8,57.0,None,None,2008-12-11,31590.0,10.36059589379613,0.5364933705145685
Round,2.02,Good,F,VS1,VG,G,1.01,GIA,61.7,60.0,Faint,Very Small,2008-12-10,31591.0,10.360627548882315,0.7030975114131134
Round,3.01,Good,G,SI1,VG,EX,1.0,GIA,64.9,58.0,Strong,None,2008-12-10,31593.0,10.360690856048707,1.1019400787607843
Round,2.2,Ideal,G,VS1,EX,EX,1.01,GIA,61.0,56.0,None,None,2008-12-11,31621.0,10.361576735816833,0.7884573603642703
Princess,2.06,Very Good,F,IF,VG,VG,1.0,GIA,71.5,70.0,None,Very Small,2008-12-10,31650.0,10.362493427572323,0.7227059828014898
Round,2.03,Ideal,E,VS2,EX,EX,1.0,GIA,61.4,55.0,Faint,None,2008-12-10,31657.0,10.362714572154392,0.7080357930536959
Round,2.02,Good,E,VS1,EX,VG,1.0,GIA,59.8,56.0,Medium,None,2008-12-18,31794.0,10.367032871720816,0.7030975114131134
Round,2.01,Very Good,F,VS1,EX,VG,1.01,GIA,60.1,59.0,Faint,None,2008-12-11,31797.0,10.367127224695365,0.6981347220709843
Round,1.73,Ideal,F,IF,EX,EX,1.01,GIA,62.0,55.0,None,None,2008-12-10,31802.0,10.367284459872343,0.5481214085096876
Round,1.79,Ideal,F,VVS2,EX,EX,1.0,GIA,62.2,56.0,None,None,2008-12-10,31857.0,10.369012417071955,0.5822156198526637
Round,1.72,Ideal,E,VVS2,EX,EX,1.01,GIA,61.8,57.0,None,None,2008-12-11,31866.0,10.369294889650455,0.5423242908253617
Round,2.15,Ideal,F,VS2,EX,EX,1.01,GIA,60.5,60.0,Faint,None,2008-12-10,31876.0,10.36960865451764,0.7654678421395714
Round,1.71,Ideal,E,VVS1,EX,EX,1.01,GIA,60.6,57.0,Medium,None,2008-12-10,31890.0,10.370047760004104,0.5364933705145685
Round,1.86,Signature-Ideal,E,VS1,ID,ID,1.01,AGSL,61.3,56.0,None,Pointed,2008-12-10,31902.0,10.370423982732394,0.62057648772511
Round,2.03,Ideal,F,VS2,EX,EX,1.01,GIA,62.9,56.0,Faint,None,2008-12-16,31922.0,10.371050706242503,0.7080357930536959
Round,2.16,Ideal,F,VS2,EX,EX,1.0,GIA,59.9,60.0,None,None,2008-12-10,31923.0,10.371082032109841,0.7701082216960737
Emerald,2.56,Signature-Ideal,F,VS1,EX,VG,1.34,GIA,67.4,66.0,Medium Blue,Small,2008-12-10,32162.0,10.37854091041397,0.9400072584914712
Round,2.11,Very Good,F,VS1,VG,VG,1.01,GIA,60.2,59.0,Medium,Very Small,2008-12-10,32166.0,10.378665273055592,0.7466879474879751
Princess,3.01,Good,G,VS1,G,G,1.03,GIA,78.1,72.0,None,None,2008-12-11,32191.0,10.379442189358636,1.1019400787607843
Round,3.07,Very Good,E,SI2,EX,EX,1.01,GIA,63.0,57.0,Medium,None,2008-12-10,32348.0,10.384307474215714,1.1216775615991057
Round,2.01,Very Good,G,VS1,EX,VG,1.01,GIA,62.8,57.0,None,None,2008-12-11,32372.0,10.385049130615592,0.6981347220709843
Round,2.41,Ideal,G,VS2,VG,EX,1.01,GIA,61.3,55.0,None,None,2008-12-11,32475.0,10.3882258415388,0.8796267475025636
Round,2.15,Ideal,G,VVS2,VG,VG,1.01,GIA,60.6,57.0,None,None,2008-12-10,32485.0,10.388533723314632,0.7654678421395714
Round,2.15,Very Good,E,VS2,VG,VG,1.01,GIA,62.5,60.0,None,Small,2008-12-10,32485.0,10.388533723314632,0.7654678421395714
Round,1.52,Ideal,E,VVS1,EX,EX,1.0,GIA,62.0,55.0,None,None,2008-12-11,32489.0,10.388656849488333,0.41871033485818504
Round,2.51,Very Good,G,VS2,EX,VG,1.01,GIA,62.6,60.0,None,None,2008-12-10,32497.0,10.388903056364905,0.9202827531436925
Round,2.13,Very Good,G,VS1,EX,VG,1.01,GIA,61.2,59.0,None,None,2008-12-11,32499.0,10.388964598613677,0.7561219797213337
Round,2.24,Ideal,G,VS1,EX,EX,1.01,GIA,61.0,56.0,None,None,2008-12-11,32540.0,10.390225380773028,0.8064758658669485
Round,2.17,Ideal,G,VVS2,EX,EX,1.01,GIA,61.2,57.0,None,None,2008-12-10,32560.0,10.390839820116476,0.7747271675523681
Round,2.57,Very Good,G,VS2,VG,G,1.01,GIA,60.0,61.0,None,None,2008-12-10,32663.0,10.39399821778671,0.9439058989071284
Round,2.05,Very Good,G,VVS2,VG,VG,1.02,AGSL,63.2,57.5,None,Very Small,2008-12-10,32763.0,10.397055108865839,0.7178397931503168
Round,2.73,Very Good,G,SI1,G,VG,1.01,GIA,62.0,57.0,None,None,2008-12-10,32835.0,10.399250298625073,1.0043016091968684
Emerald,2.51,Very Good,E,VS1,G,VG,1.33,GIA,64.3,66.0,None,None,2008-12-10,32891.0,10.40095434309913,0.9202827531436925
Round,1.56,Very Good,E,VVS1,EX,VG,1.01,GIA,59.9,57.0,None,None,2008-12-18,32951.0,10.402776888483789,0.44468582126144574
Round,2.54,Signature-Ideal,G,SI1,ID,ID,1.01,AGSL,60.8,55.0,None,Very Small,2008-12-10,32983.0,10.403747556197336,0.9321640810304452
Round,2.03,Very Good,E,VS1,VG,VG,1.01,GIA,60.4,61.0,Strong,None,2008-12-10,33106.0,10.40746981382011,0.7080357930536959
Round,2.19,Ideal,G,VS1,EX,EX,1.0,GIA,60.5,58.0,None,None,2008-12-10,33136.0,10.408375583635365,0.7839015438284094
Round,3.01,Fair,G,SI1,EX,G,1.0,AGSL,64.6,58.0,Medium Blue,Pointed,2008-12-10,33234.0,10.411328727261159,1.1019400787607843
Princess,3.13,Good,E,SI1,VG,G,1.12,GIA,75.2,72.0,None,None,2008-12-10,33244.0,10.411629578672917,1.1410330045520618
Emerald,2.14,Very Good,E,IF,EX,EX,1.33,GIA,65.3,68.0,None,Small,2008-12-10,33258.0,10.412050618647859,0.7608058290337602
Round,2.0,Ideal,G,VVS2,EX,VG,1.01,GIA,60.5,59.0,None,Very Small,2008-12-10,33436.0,10.417388442819046,0.6931471805599453
Round,1.75,Ideal,E,VVS2,EX,EX,1.01,GIA,61.2,59.0,None,None,2008-12-11,33443.0,10.417597776093334,0.5596157879354227
Round,2.41,Ideal,G,VS2,EX,EX,1.0,GIA,60.2,59.0,None,None,2008-12-11,33492.0,10.419061883324323,0.8796267475025636
Round,2.58,Signature-Ideal,G,SI1,ID,ID,1.0,AGSL,61.6,56.0,None,Pointed,2008-12-10,33497.0,10.419211161564311,0.9477893989335261
Round,2.1,Ideal,E,VS1,EX,EX,1.01,GIA,62.1,55.0,Strong,None,2008-12-10,33528.0,10.420136189604907,0.7419373447293773
Princess,3.12,Very Good,H,VS1,EX,VG,1.02,GIA,74.6,72.0,None,None,2008-12-10,33566.0,10.421268928868125,1.1378330018213911
Round,2.53,Ideal,H,VS1,VG,EX,1.01,GIA,60.2,59.0,None,None,2008-12-11,33615.0,10.422727674903138,0.9282193027394288
Round,2.43,Ideal,H,VVS2,VG,EX,1.0,GIA,60.4,57.0,None,None,2008-12-16,33697.0,10.425164091606355,0.8878912573524571
Round,2.14,Ideal,G,VVS1,EX,EX,1.01,GIA,61.8,57.0,Medium,None,2008-12-11,33713.0,10.425638798632033,0.7608058290337602
Round,1.7,Ideal,E,VVS2,EX,EX,1.0,GIA,62.4,58.0,None,None,2008-12-10,33714.0,10.425668460340253,0.5306282510621704
Princess,3.27,Very Good,H,VS2,EX,EX,1.0,GIA,73.3,69.0,None,None,2008-12-10,33734.0,10.42626150981796,1.184789984909162
Princess,3.02,Very Good,G,VS2,VG,G,1.11,GIA,74.8,74.0,Faint,None,2008-12-11,33812.0,10.428571048048818,1.1052568313867783
Round,2.26,Very Good,H,IF,VG,VG,1.01,GIA,61.7,59.0,Medium Blue,None,2008-12-10,33944.0,10.432467386882161,0.8153648132841944
Round,2.08,Very Good,D,VS2,VG,EX,1.01,GIA,62.9,59.0,None,None,2008-12-10,34095.0,10.436906024954753,0.7323678937132266
Round,1.51,Ideal,D,VVS1,EX,EX,1.01,GIA,61.6,56.0,Medium,None,2008-12-11,34233.0,10.440945370102789,0.412109650826833
Round,2.65,Ideal,H,VS1,EX,EX,1.0,GIA,62.5,58.0,None,None,2008-12-11,34284.0,10.442434052018774,0.9745596399981308
Round,1.41,Ideal,D,IF,VG,VG,1.01,GIA,62.0,55.0,Faint,None,2008-12-11,34337.0,10.44397876895787,0.34358970439007686
Round,3.21,Ideal,J,VS2,EX,EX,1.0,GIA,61.8,57.0,None,None,2008-12-11,34339.0,10.444037013468341,1.1662709371419244
Round,2.23,Ideal,D,VS2,VG,EX,1.0,GIA,61.9,56.0,Medium Blue,None,2008-12-10,34386.0,10.445404783779793,0.8020015854720274
Princess,3.04,Very Good,H,VS1,EX,EX,1.03,GIA,66.7,72.0,None,None,2008-12-10,34402.0,10.445869981206336,1.1118575154181303
Round,2.28,Very Good,D,VS2,VG,G,1.01,GIA,60.1,60.0,None,Very Small,2008-12-10,34419.0,10.446364016467253,0.8241754429663494
Emerald,3.02,Good,H,VS1,EX,G,1.21,GIA,70.0,60.0,None,None,2008-12-10,34498.0,10.448656630324574,1.1052568313867783
Round,2.03,Ideal,D,VS2,EX,EX,1.0,GIA,61.1,59.0,None,None,2008-12-10,34515.0,10.449149291137577,0.7080357930536959
Round,4.1,Ideal,J,SI2,EX,EX,1.0,GIA,62.1,56.0,Faint,None,2008-12-10,34536.0,10.449757537235314,1.410986973710262
Round,2.46,Ideal,H,VVS2,VG,EX,1.01,GIA,62.4,55.0,None,None,2008-12-10,34592.0,10.451377720438934,0.9001613499442714
Round,3.02,Ideal,J,VS1,VG,EX,1.01,GIA,61.6,56.0,None,None,2008-12-11,34606.0,10.451782356416594,1.1052568313867783
Emerald,2.5,Good,D,VS1,EX,VG,1.42,GIA,70.6,64.0,None,Small,2008-12-10,34619.0,10.452157943275468,0.9162907318741551
Round,3.01,Good,J,VS1,VG,G,1.02,GIA,61.2,61.0,Faint,Small,2008-12-10,34637.0,10.452677753845103,1.1019400787607843
Round,3.01,Very Good,J,VS1,VG,G,1.01,GIA,62.2,59.0,Medium,None,2008-12-10,34637.0,10.452677753845103,1.1019400787607843
Round,1.71,Ideal,D,VVS1,VG,EX,1.01,GIA,61.7,56.0,Very Strong,None,2008-12-10,34689.0,10.454177912797071,0.5364933705145685
Round,1.22,Ideal,D,IF,EX,EX,1.01,GIA,62.1,57.0,None,None,2008-12-10,34714.0,10.454898342780828,0.19885085874516517
Round,1.22,Ideal,D,IF,EX,EX,1.0,GIA,62.3,56.0,None,None,2008-12-10,34714.0,10.454898342780828,0.19885085874516517
Princess,3.25,Very Good,H,VS2,VG,VG,1.01,GIA,71.5,74.0,None,None,2008-12-16,34724.0,10.455186369511699,1.1786549963416462
Round,3.32,Ideal,J,VS2,EX,EX,1.01,GIA,59.3,61.0,None,None,2008-12-10,34814.0,10.457774883712654,1.199964782928397
Round,1.75,Ideal,D,VVS2,EX,EX,1.0,GIA,61.5,58.0,Medium,None,2008-12-11,34844.0,10.458636234938783,0.5596157879354227
Emerald,2.84,Very Good,D,VS2,VG,VG,1.18,GIA,69.7,60.0,Medium Blue,Small,2008-12-10,34953.0,10.461759580888051,1.0438040521731147
Princess,3.09,Very Good,H,VS1,EX,EX,1.04,GIA,73.0,72.0,Faint,None,2008-12-10,34961.0,10.461988433479375,1.128171090909654
Round,2.83,Ideal,H,VS2,EX,EX,1.01,GIA,62.4,56.0,None,None,2008-12-10,35015.0,10.463531820089617,1.0402767116551463
Emerald,3.7,Very Good,J,VS1,EX,VG,1.15,GIA,58.4,68.0,None,Very Small,2008-12-10,35037.0,10.464159924946674,1.308332819650179
Round,2.26,Very Good,H,IF,VG,VG,1.01,GIA,61.2,60.0,None,Very Small,2008-12-10,35051.0,10.464559422726214,0.8153648132841944
Round,2.02,Ideal,D,VS2,EX,EX,1.01,GIA,60.4,60.0,None,Very Small,2008-12-10,35081.0,10.465414952351203,0.7030975114131134
Round,2.73,Very Good,H,VS1,G,G,1.02,GIA,63.5,59.0,Faint Blue,Very Small,2008-12-10,35226.0,10.469539725292242,1.0043016091968684
Round,1.79,Very Good,D,VVS2,VG,VG,1.01,GIA,60.0,55.0,None,None,2008-12-11,35249.0,10.470192439043686,0.5822156198526637
Princess,3.13,Very Good,H,VS1,EX,VG,1.04,GIA,72.8,70.0,Medium,None,2008-12-11,35277.0,10.470986472491525,1.1410330045520618
Round,1.53,Ideal,D,VVS1,VG,VG,1.01,GIA,61.4,58.0,None,None,2008-12-10,35331.0,10.472516044509659,0.4252677354043441
Princess,4.03,Very Good,J,VS2,VG,G,1.04,GIA,72.4,75.0,None,None,2008-12-10,35364.0,10.473449632525694,1.3937663759585917
Round,2.15,Ideal,D,VS2,EX,EX,1.0,GIA,61.7,56.0,Medium Blue,Very Small,2008-12-10,35374.0,10.473732365994739,0.7654678421395714
Princess,3.01,Very Good,H,VS1,VG,G,1.15,GIA,65.9,61.0,None,None,2008-12-10,35392.0,10.474241084882006,1.1019400787607843
Round,2.32,Ideal,G,VS1,EX,EX,1.01,GIA,61.4,59.0,None,None,2008-12-17,35493.0,10.477090772921773,0.8415671856782185
Round,2.2,Signature-Ideal,G,VS1,EX,EX,1.0,GIA,61.7,56.0,None,None,2008-12-10,35534.0,10.478245263595852,0.7884573603642703
Emerald,2.85,Very Good,G,VVS2,VG,G,1.45,GIA,66.7,62.0,None,Small,2008-12-10,35549.0,10.47866730544053,1.0473189942805592
Emerald,2.03,Very Good,D,IF,G,G,1.47,GIA,66.0,59.0,Medium Blue,Very Small,2008-12-10,35573.0,10.479342202122597,0.7080357930536959
Round,2.35,Ideal,G,VS1,EX,EX,1.0,GIA,61.3,57.0,Medium Blue,None,2008-12-10,35587.0,10.47973568161053,0.8544153281560676
Princess,3.03,Good,H,VS1,VG,G,1.16,GIA,79.0,71.0,None,None,2008-12-10,35624.0,10.480774847001538,1.1085626195212777
Emerald,3.01,Very Good,H,VS1,EX,VG,1.29,GIA,68.5,66.0,None,None,2008-12-10,35637.0,10.48113970295765,1.1019400787607843
Round,4.01,Good,J,SI2,EX,G,1.01,GIA,60.6,65.0,Faint,None,2008-12-16,35654.0,10.481616621511806,1.3887912413184778
Round,2.0,Good,D,VS1,G,G,1.01,GIA,60.5,67.0,Medium Blue,Very Small,2008-12-10,35689.0,10.482597797038709,0.6931471805599453
Round,2.51,Ideal,G,VS2,EX,EX,1.01,GIA,61.5,57.0,None,None,2008-12-11,35711.0,10.48321404355681,0.9202827531436925
Princess,3.12,Good,D,SI1,VG,G,1.09,GIA,77.8,74.0,None,None,2008-12-10,35719.0,10.483438039077837,1.1378330018213911
Round,3.09,Ideal,J,VS1,VG,EX,1.01,GIA,62.0,58.0,None,None,2008-12-10,35815.0,10.48612207904855,1.128171090909654
Emerald,2.33,Very Good,D,VVS1,VG,G,1.25,GIA,61.4,70.0,None,Very Small,2008-12-10,35816.0,10.486149999920801,0.8458682675776092
Round,2.14,Ideal,D,VS2,EX,EX,1.01,GIA,62.5,55.0,None,None,2008-12-11,35933.0,10.48941137230805,0.7608058290337602
Princess,4.21,Very Good,J,SI1,EX,VG,1.05,GIA,69.7,64.0,None,None,2008-12-10,35936.0,10.489494857538169,1.43746264769429
Emerald,3.33,Very Good,I,VVS2,VG,VG,1.21,GIA,65.1,68.0,None,None,2008-12-10,36014.0,10.49166303072945,1.2029723039923526
Round,2.0,Ideal,D,VS2,EX,EX,1.0,GIA,61.4,58.0,None,None,2008-12-10,36024.0,10.491940661981408,0.6931471805599453
Round,3.19,Ideal,J,VS2,EX,EX,1.01,GIA,60.0,60.0,None,None,2008-12-10,36043.0,10.492467949101455,1.1600209167967532
Emerald,4.1,Fair,I,SI1,VG,G,1.54,GIA,76.4,70.0,None,None,2008-12-10,36049.0,10.492634403077314,1.410986973710262
Round,2.59,Very Good,G,IF,EX,VG,1.01,GIA,61.5,60.0,None,None,2008-12-10,36052.0,10.4927176196763,0.9516578757114463
Emerald,3.01,Very Good,I,VS1,VG,VG,1.29,GIA,68.5,68.0,None,Very Small,2008-12-10,36077.0,10.493410822160769,1.1019400787607843
Round,3.11,Very Good,I,VS2,EX,EX,1.0,GIA,63.2,56.0,None,None,2008-12-10,36086.0,10.493660257468244,1.1346227261911428
Princess,3.07,Good,H,VS1,VG,G,1.1,GIA,78.8,70.0,Faint,None,2008-12-10,36088.0,10.493715679088233,1.1216775615991057
Princess,3.02,Very Good,H,VS1,EX,VG,1.02,GIA,73.8,66.0,None,None,2008-12-10,36121.0,10.494629692640487,1.1052568313867783
Emerald,4.11,Very Good,I,SI1,EX,VG,1.81,GIA,66.1,57.0,None,Very Small,2008-12-10,36134.0,10.494989529333873,1.4134230285081433
Round,2.03,Ideal,G,VS1,EX,VG,1.01,GIA,62.1,58.0,None,None,2008-12-11,36136.0,10.49504487733444,0.7080357930536959
Round,2.44,Ideal,G,VS1,EX,EX,1.01,GIA,61.3,54.0,None,None,2008-12-10,36147.0,10.495349236591386,0.8919980393051105
Round,2.26,Signature-Ideal,G,VS1,ID,ID,1.0,AGSL,60.7,56.0,Negligible,Pointed,2008-12-10,36171.0,10.49601297178542,0.8153648132841944
Round,1.53,Signature-Ideal,D,VVS2,EX,EX,1.01,GIA,60.9,56.0,None,Very Small,2008-12-10,36197.0,10.496731521451535,0.4252677354043441
Round,3.05,Very Good,I,VS2,EX,EX,1.01,GIA,62.6,58.0,None,None,2008-12-16,36213.0,10.497173449369237,1.1151415906193203
Round,2.57,Very Good,G,VS2,VG,G,1.01,GIA,61.9,55.0,None,None,2008-12-11,36276.0,10.498911644567459,0.9439058989071284
Round,2.16,Signature-Ideal,G,VS1,EX,EX,1.0,GIA,61.2,55.0,None,None,2008-12-10,36292.0,10.49935261028952,0.7701082216960737
Princess,3.02,Very Good,G,VS2,G,VG,1.05,GIA,71.8,74.0,None,None,2008-12-10,36294.0,10.49940771733497,1.1052568313867783
Round,3.13,Ideal,J,VS1,EX,EX,1.01,GIA,61.5,58.0,Faint,None,2008-12-10,36362.0,10.501279552279218,1.1410330045520618
Round,2.32,Ideal,G,VVS2,EX,EX,1.01,GIA,60.9,58.0,None,None,2008-12-10,36373.0,10.501582020144314,0.8415671856782185
Round,2.41,Ideal,G,VVS2,EX,EX,1.01,GIA,62.3,57.0,Medium Blue,None,2008-12-10,36475.0,10.504382373390987,0.8796267475025636
Princess,3.01,Very Good,I,VS1,VG,VG,1.02,GIA,69.5,70.0,None,Very Small,2008-12-10,36485.0,10.50465649619972,1.1019400787607843
Princess,3.13,Very Good,G,SI1,EX,EX,1.01,GIA,72.3,72.0,None,None,2008-12-10,36485.0,10.50465649619972,1.1410330045520618
Round,3.01,Ideal,I,VS2,EX,VG,1.01,GIA,62.1,56.0,None,None,2008-12-11,36551.0,10.506463824584774,1.1019400787607843
Emerald,3.03,Fair,I,IF,VG,VG,1.3,GIA,64.5,78.0,None,None,2008-12-10,36640.0,10.508895818788067,1.1085626195212777
Round,2.45,Ideal,I,IF,EX,EX,1.01,GIA,61.4,59.0,None,None,2008-12-10,36686.0,10.510150489874295,0.8960880245566357
Round,1.74,Signature-Ideal,F,VVS1,EX,EX,1.01,GIA,61.7,57.0,None,Very Small,2008-12-10,36696.0,10.510423036277007,0.5538851132264376
Round,2.0,Ideal,F,VVS1,EX,EX,1.01,GIA,62.2,58.0,Medium,None,2008-12-10,36733.0,10.511430812581505,0.6931471805599453
Round,2.44,Ideal,F,VS1,VG,VG,1.01,GIA,61.8,57.0,Strong,None,2008-12-10,36840.0,10.514339490369244,0.8919980393051105
Emerald,3.14,Very Good,F,SI1,VG,G,1.22,GIA,67.0,66.0,None,Small,2008-12-10,36862.0,10.514936489111568,1.144222799920162
Round,3.03,Good,G,SI1,VG,G,1.01,GIA,62.1,62.0,None,None,2008-12-16,36875.0,10.51528909364212,1.1085626195212777
Round,3.01,Ideal,I,VS2,EX,EX,1.01,GIA,60.7,57.0,Faint,None,2008-12-11,36979.0,10.518105462931352,1.1019400787607843
Round,2.04,Ideal,G,IF,EX,EX,1.01,GIA,61.9,58.0,None,None,2008-12-10,36981.0,10.518159546219628,0.712949807856125
Round,2.18,Ideal,D,VS2,EX,EX,1.01,GIA,62.1,60.0,Faint,None,2008-12-10,37065.0,10.52042840709082,0.7793248768009977
Round,3.01,Ideal,G,SI1,EX,EX,1.01,GIA,62.6,57.0,Faint,None,2008-12-10,37088.0,10.521048746139478,1.1019400787607843
Round,2.13,Very Good,D,VS2,EX,VG,1.02,GIA,59.1,59.0,None,None,2008-12-10,37170.0,10.523257263291297,0.7561219797213337
Round,2.31,Ideal,D,VS2,VG,VG,1.01,GIA,61.2,54.0,None,None,2008-12-16,37176.0,10.523418670764814,0.8372475245337022
Round,2.34,Ideal,G,VS1,EX,EX,1.0,GIA,62.2,55.0,Faint,None,2008-12-10,37176.0,10.523418670764814,0.85015092936961
Round,2.09,Ideal,G,VS1,VG,VG,1.0,GIA,60.7,59.0,None,None,2008-12-11,37204.0,10.524171561362358,0.7371640659767196
Round,1.32,Ideal,D,IF,EX,EX,1.01,GIA,61.6,55.0,None,None,2008-12-11,37221.0,10.52462839711098,0.27763173659827955
Round,3.02,Very Good,J,VS1,VG,EX,1.01,GIA,59.6,59.0,None,None,2008-12-10,37227.0,10.524789583442729,1.1052568313867783
Emerald,4.0,Very Good,F,SI2,G,G,1.28,GIA,63.6,69.0,None,Small,2008-12-10,37264.0,10.525782992124123,1.3862943611198906
Round,2.37,Very Good,F,VS1,EX,VG,1.01,GIA,62.2,55.0,Medium Blue,None,2008-12-10,37272.0,10.525997653496633,0.8628899551470398
Round,3.21,Ideal,J,VS1,EX,EX,1.01,GIA,60.9,58.0,Medium Blue,None,2008-12-10,37291.0,10.526507289654278,1.1662709371419244
Emerald,2.61,Very Good,D,VS1,G,VG,1.13,GIA,68.6,68.0,None,None,2008-12-10,37304.0,10.526855838488157,0.959350221334602
Round,3.14,Very Good,I,VS1,G,VG,1.01,GIA,59.0,62.0,Strong Blue,None,2008-12-10,37322.0,10.527338244093418,1.144222799920162
Princess,3.8,Very Good,J,VS1,EX,EX,1.0,GIA,69.0,74.0,None,None,2008-12-10,37393.0,10.529238800109523,1.33500106673234
Round,1.97,Ideal,F,VVS2,ID,ID,1.01,AGSL,62.6,55.8,None,Pointed,2008-12-10,37462.0,10.531082364855838,0.6780335427498971
Round,1.76,Ideal,D,VVS2,EX,VG,1.01,GIA,59.6,59.0,None,None,2008-12-10,37481.0,10.531589416892908,0.5653138090500605
Princess,3.29,Very Good,F,SI1,VG,VG,1.0,GIA,72.4,70.0,None,None,2008-12-10,37694.0,10.537256209576572,1.1908875647772805
Emerald,3.09,Very Good,I,VVS2,EX,G,1.35,GIA,68.4,63.0,None,Medium,2008-12-10,37849.0,10.541359838437318,1.128171090909654
Round,1.51,Ideal,D,VVS1,EX,EX,1.0,GIA,61.9,56.0,None,None,2008-12-11,37871.0,10.541940926673426,0.412109650826833
Round,2.02,Ideal,F,VVS2,EX,EX,1.0,GIA,62.7,56.0,Medium,None,2008-12-11,37940.0,10.543761243489005,0.7030975114131134
Emerald,3.1,Very Good,I,VVS2,G,G,1.17,GIA,62.1,65.0,Faint,Medium,2008-12-10,37967.0,10.544472640359878,1.1314021114911006
Round,3.01,Fair,I,VS1,VG,G,1.01,GIA,62.9,59.0,None,Very Small,2008-12-10,37973.0,10.544630659849277,1.1019400787607843
Round,3.3,Very Good,J,VS1,VG,VG,1.01,GIA,59.5,58.0,None,Very Small,2008-12-10,37974.0,10.544656994003361,1.1939224684724346
Round,2.01,Good,F,VVS2,VG,VG,1.01,GIA,62.6,56.0,None,Medium,2008-12-10,38014.0,10.545709791910783,0.6981347220709843
Round,3.03,Ideal,D,SI2,ID,ID,1.01,AGSL,60.0,57.5,None,None,2008-12-10,38050.0,10.546656363289832,1.1085626195212777
Round,2.06,Ideal,D,VS1,EX,EX,1.01,GIA,61.9,59.0,Strong Blue,None,2008-12-17,38325.0,10.553857703740015,0.7227059828014898
Emerald,2.92,Very Good,D,VS1,VG,VG,1.19,GIA,65.8,68.0,Strong Blue,Very Small,2008-12-10,38336.0,10.55414468147512,1.0715836162801904
Round,3.59,Very Good,J,VS2,VG,EX,1.0,GIA,60.2,60.0,None,None,2008-12-10,38404.0,10.555916899817515,1.2781522025001875
Round,2.08,Ideal,F,VS1,VG,EX,1.01,GIA,60.6,59.0,None,None,2008-12-17,38612.0,10.561318387968505,0.7323678937132266
Round,2.37,Ideal,F,VS2,EX,EX,1.01,GIA,60.8,58.0,None,None,2008-12-10,38749.0,10.564860227996888,0.8628899551470398
Emerald,4.01,Good,J,VVS2,VG,G,1.07,GIA,63.4,70.0,Faint Blue,Very Small,2008-12-10,38817.0,10.566613573984062,1.3887912413184778
Round,3.03,Ideal,I,VS2,EX,EX,1.01,GIA,61.2,59.0,None,None,2008-12-16,38862.0,10.567772188410972,1.1085626195212777
Round,2.33,Ideal,F,VS2,EX,EX,1.0,GIA,61.8,56.0,None,None,2008-12-11,38872.0,10.568029476085739,0.8458682675776092
Round,1.74,Ideal,D,VVS2,VG,EX,1.01,GIA,62.5,56.0,None,None,2008-12-10,38915.0,10.569135059393489,0.5538851132264376
Round,2.15,Ideal,F,VS1,EX,EX,1.01,GIA,62.1,57.0,Faint,None,2008-12-10,38990.0,10.571060481976643,0.7654678421395714
Round,3.04,Good,D,SI2,VG,G,1.01,GIA,61.3,59.0,Medium,Very Small,2008-12-10,39025.0,10.571957745383633,1.1118575154181303
Emerald,3.01,Good,F,VS2,G,VG,1.07,GIA,70.7,65.0,None,None,2008-12-10,39051.0,10.57262376313457,1.1019400787607843
Round,1.85,Ideal,F,IF,VG,VG,1.01,GIA,62.8,58.0,None,None,2008-12-10,39057.0,10.572777396565506,0.6151856390902335
Round,2.02,Very Good,D,VS1,EX,VG,1.0,GIA,61.0,56.0,Medium,Very Small,2008-12-18,39125.0,10.574516927842454,0.7030975114131134
Round,2.42,Very Good,G,IF,EX,VG,1.01,GIA,59.1,55.0,Very Strong,Very Small,2008-12-10,39221.0,10.576967596620598,0.883767540168595
Round,3.06,Ideal,I,VS2,EX,EX,1.0,GIA,60.1,57.0,None,Very Small,2008-12-10,39222.0,10.576993092840784,1.1184149159642893
Round,2.51,Very Good,G,VS1,VG,VG,1.0,GIA,58.6,60.0,None,None,2008-12-10,39244.0,10.577553845283282,0.9202827531436925
Round,2.06,Very Good,F,VVS2,G,G,1.01,GIA,61.4,58.0,Faint,None,2008-12-18,39353.0,10.580327489821343,0.7227059828014898
Round,2.06,Very Good,D,VS1,EX,EX,1.0,GIA,63.0,57.0,Strong,None,2008-12-10,39375.0,10.580886376127934,0.7227059828014898
Round,2.42,Ideal,F,VS2,EX,VG,1.0,GIA,61.1,57.0,None,None,2008-12-11,39487.0,10.583726782795289,0.883767540168595
Round,3.03,Ideal,J,VS1,EX,EX,1.01,GIA,62.1,56.0,None,None,2008-12-10,39509.0,10.584283773037043,1.1085626195212777
Round,2.12,Ideal,G,IF,VG,EX,1.01,GIA,62.5,56.0,None,None,2008-12-10,39555.0,10.585447387455497,0.7514160886839212
Round,1.62,Ideal,D,IF,EX,EX,1.0,GIA,61.1,57.0,None,None,2008-12-11,39564.0,10.585674892859732,0.4824261492442928
Round,3.03,Very Good,G,SI1,VG,EX,1.01,GIA,62.4,58.0,None,None,2008-12-10,39573.0,10.58590234651703,1.1085626195212777
Princess,3.05,Very Good,G,VS1,VG,VG,1.01,GIA,70.0,75.0,Faint,None,2008-12-10,39645.0,10.5877201157065,1.1151415906193203
Emerald,2.0,Good,D,IF,G,G,1.13,GIA,66.6,74.0,None,None,2008-12-10,39732.0,10.589912187335246,0.6931471805599453
Round,3.01,Very Good,I,VS1,VG,G,1.02,GIA,63.7,59.0,Medium,Very Small,2008-12-10,39825.0,10.592250134778249,1.1019400787607843
Round,3.02,Very Good,G,SI1,VG,VG,1.01,GIA,60.9,59.0,None,None,2008-12-10,39841.0,10.592651811785132,1.1052568313867783
Princess,3.01,Very Good,G,VS1,VG,G,1.01,GIA,74.5,73.0,None,None,2008-12-11,39859.0,10.593103505644756,1.1019400787607843
Round,1.9,Ideal,F,VVS2,EX,EX,1.01,GIA,62.1,56.0,None,None,2008-12-11,39863.0,10.593203854356613,0.6418538861723947
Round,3.11,Ideal,I,VS2,EX,EX,1.0,GIA,59.7,59.0,Faint,None,2008-12-11,39863.0,10.593203854356613,1.1346227261911428
Round,2.04,Very Good,D,VS1,EX,EX,1.01,GIA,63.4,58.0,Medium Blue,None,2008-12-17,39866.0,10.593279109282712,0.712949807856125
Round,2.49,Ideal,G,VS1,EX,EX,1.0,GIA,61.8,56.0,None,None,2008-12-10,40022.0,10.597184581901509,0.9122827104766164
Emerald,3.45,Very Good,I,VVS2,EX,G,1.2,GIA,67.4,65.0,None,Very Small,2008-12-10,40038.0,10.597584282131661,1.2383742310432684
Emerald,3.0,Good,G,VS1,VG,G,1.32,GIA,73.6,73.0,None,None,2008-12-11,40142.0,10.600178446719438,1.0986122886681098
Round,2.5,Ideal,G,VS1,EX,EX,1.0,GIA,62.1,54.0,None,None,2008-12-16,40365.0,10.605718351829116,0.9162907318741551
Princess,3.04,Good,G,VS2,VG,G,1.08,GIA,77.7,73.0,None,None,2008-12-10,40831.0,10.61719687580895,1.1118575154181303
Round,2.43,Ideal,G,VS1,EX,EX,1.01,GIA,61.7,55.0,None,None,2008-12-10,40853.0,10.617735537004092,0.8878912573524571
Princess,4.08,Good,G,SI2,VG,VG,1.18,GIA,81.4,69.0,None,None,2008-12-10,40935.0,10.61974072181055,1.4060969884160703
Princess,3.01,Very Good,G,VS1,EX,VG,1.03,GIA,72.8,73.0,Faint,None,2008-12-16,40970.0,10.620595370540917,1.1019400787607843
Round,3.03,Very Good,G,SI1,VG,G,1.01,GIA,59.8,56.0,Faint,Very Small,2008-12-10,41008.0,10.621522448603852,1.1085626195212777
Emerald,3.08,Very Good,H,VS1,VG,G,1.2,GIA,69.4,62.0,Faint,Small,2008-12-10,41073.0,10.623106250301866,1.1249295969854831
Emerald,3.04,Very Good,G,VS1,VG,VG,1.31,GIA,63.3,68.0,Strong Blue,Very Small,2008-12-10,41181.0,10.625732263919769,1.1118575154181303
Emerald,3.0,Very Good,H,VVS2,EX,EX,1.21,AGSL,65.2,63.0,None,Very Small,2008-12-10,41313.0,10.628932499395235,1.0986122886681098
Round,3.6,Ideal,H,SI1,ID,ID,1.01,AGSL,61.0,58.0,Negligible,None,2008-12-10,41383.0,10.630625447463311,1.2809338454620642
Round,2.8,Ideal,H,VS1,EX,EX,1.01,GIA,62.2,55.0,Faint,None,2008-12-10,41600.0,10.635855446249355,1.0296194171811581
Round,2.41,Ideal,G,IF,EX,EX,1.01,GIA,61.8,55.0,None,None,2008-12-10,41695.0,10.638136496521085,0.8796267475025636
Round,3.52,Ideal,H,SI1,VG,EX,1.01,GIA,62.5,58.0,Medium,None,2008-12-16,41812.0,10.640938658652598,1.2584609896100056
Round,3.01,Very Good,H,VS2,EX,G,1.01,GIA,60.9,56.0,None,None,2008-12-11,42068.0,10.647042635639918,1.1019400787607843
Round,3.29,Signature-Ideal,H,SI1,ID,ID,1.01,AGSL,61.8,56.0,None,Very Small,2008-12-10,42081.0,10.647351611387782,1.1908875647772805
Emerald,3.01,Very Good,G,VS1,VG,VG,1.34,GIA,68.8,59.0,None,None,2008-12-11,42092.0,10.647612977860703,1.1019400787607843
Emerald,3.32,Very Good,G,VS2,EX,EX,1.06,AGSL,66.3,64.0,None,Small,2008-12-10,42100.0,10.647803019670473,1.199964782928397
Round,2.01,Ideal,G,IF,EX,EX,1.0,GIA,61.6,57.0,None,None,2008-12-10,42190.0,10.649938505118385,0.6981347220709843
Round,3.37,Very Good,I,VS1,G,G,1.02,GIA,62.2,60.0,Strong,Small,2008-12-10,42514.0,10.657588712433071,1.2149127443642704
Princess,3.1,Very Good,I,VVS2,EX,VG,1.01,GIA,70.1,70.0,None,None,2008-12-10,42842.0,10.665274208812761,1.1314021114911006
Emerald,3.5,Very Good,H,VS1,VG,G,1.17,GIA,68.8,60.0,Medium Blue,None,2008-12-11,43153.0,10.672507219007922,1.252762968495368
Emerald,4.02,Very Good,J,VS2,G,G,1.08,GIA,69.7,62.0,None,Small,2008-12-10,43582.0,10.682399500056867,1.3912819026309295
Round,3.09,Ideal,I,VS1,EX,EX,1.0,GIA,62.3,59.0,None,None,2008-12-10,43673.0,10.6844853411661,1.128171090909654
Round,2.18,Ideal,D,VS1,EX,EX,1.01,GIA,60.1,60.0,Strong Blue,None,2008-12-10,43735.0,10.685903975853956,0.7793248768009977
Princess,3.3,Very Good,H,VS1,VG,VG,1.07,GIA,75.0,71.0,None,None,2008-12-10,43738.0,10.685972568448268,1.1939224684724346
Round,3.07,Ideal,I,VS1,ID,ID,1.0,AGSL,61.8,57.0,None,Pointed,2008-12-11,43788.0,10.687115086224448,1.1216775615991057
Emerald,3.27,Very Good,H,VS1,VG,VG,1.07,GIA,66.1,64.0,None,Small,2008-12-10,43929.0,10.690329973223367,1.184789984909162
Round,2.03,Very Good,D,VS1,EX,VG,1.01,GIA,58.9,58.0,Faint,None,2008-12-10,43975.0,10.691376569605758,0.7080357930536959
Round,3.52,Ideal,J,VS1,EX,EX,1.01,GIA,62.6,58.0,Faint,None,2008-12-10,44044.0,10.692944413233482,1.2584609896100056
Princess,3.19,Very Good,I,VVS2,VG,VG,1.01,GIA,69.3,71.0,None,None,2008-12-10,44067.0,10.693466481999524,1.1600209167967532
Princess,3.02,Very Good,I,VVS1,VG,VG,1.04,GIA,69.3,69.0,None,Very Small,2008-12-10,44085.0,10.693874867521128,1.1052568313867783
Round,2.03,Very Good,D,VS1,VG,VG,1.0,GIA,59.7,58.0,None,None,2008-12-11,44223.0,10.697000294715387,0.7080357930536959
Round,3.19,Ideal,D,SI2,EX,EX,1.0,GIA,63.0,57.0,None,None,2008-12-10,44296.0,10.698649658502804,1.1600209167967532
Emerald,4.06,Very Good,I,SI1,VG,G,1.08,GIA,66.1,69.0,None,Very Small,2008-12-10,44314.0,10.699055933195222,1.4011829736136412
Emerald,3.23,Good,I,VVS2,EX,EX,1.16,GIA,71.9,65.0,None,None,2008-12-10,44464.0,10.702435151982286,1.172482137234565
Round,3.03,Good,H,VS2,EX,VG,1.01,GIA,63.6,56.0,None,None,2008-12-16,44538.0,10.704098036345602,1.1085626195212777
Round,3.06,Ideal,J,IF,EX,EX,1.0,GIA,59.7,59.0,None,None,2008-12-10,44542.0,10.704187843260796,1.1184149159642893
Round,3.03,Good,D,SI1,VG,VG,1.01,GIA,66.0,59.0,Strong Blue,None,2008-12-10,44570.0,10.704816265940602,1.1085626195212777
Round,3.2,Ideal,I,VS1,VG,EX,1.01,GIA,61.5,59.0,Medium,None,2008-12-10,44628.0,10.70611674371307,1.1631508098056809
Emerald,2.04,Very Good,D,IF,VG,G,1.24,GIA,59.7,62.0,None,Very Small,2008-12-10,44678.0,10.707236489423869,0.712949807856125
Round,3.04,Very Good,H,VS2,VG,EX,1.01,AGSL,60.7,59.0,None,Very Small,2008-12-10,44765.0,10.709181863068256,1.1118575154181303
Round,2.56,Very Good,F,VS2,VG,VG,1.02,GIA,59.0,62.0,None,Very Small,2008-12-16,44819.0,10.71038743563792,0.9400072584914712
Round,3.17,Very Good,D,SI1,G,VG,1.01,GIA,63.0,57.0,Faint,None,2008-12-10,44826.0,10.710543607203856,1.1537315878891892
Round,2.0,Very Good,D,VVS2,VG,G,1.01,GIA,63.5,58.0,Faint,None,2008-12-10,44871.0,10.711546985327436,0.6931471805599453
Emerald,3.11,Good,F,VS1,G,VG,1.24,GIA,70.7,62.0,Strong Blue,None,2008-12-10,44872.0,10.711569271188173,1.1346227261911428
Emerald,5.01,Very Good,J,SI2,VG,G,1.4,GIA,66.2,66.0,Faint,None,2008-12-16,44973.0,10.713817588680424,1.6114359150967734
Round,2.01,Very Good,D,VS1,EX,EX,1.0,GIA,62.9,59.0,None,None,2008-12-10,45078.0,10.716149601597216,0.6981347220709843
Round,3.05,Very Good,F,SI1,EX,EX,1.01,GIA,59.4,60.0,Faint,None,2008-12-10,45139.0,10.717501896825297,1.1151415906193203
Round,4.01,Good,I,SI2,VG,G,1.01,GIA,62.6,60.0,None,None,2008-12-10,45167.0,10.718122010680352,1.3887912413184778
Princess,3.21,Very Good,F,VS2,EX,EX,1.0,GIA,71.3,67.0,Medium Blue,None,2008-12-10,45173.0,10.718254842205894,1.1662709371419244
Round,2.5,Ideal,F,VS1,VG,VG,1.01,GIA,62.9,55.0,None,None,2008-12-11,45190.0,10.718631102405325,0.9162907318741551
Round,3.03,Very Good,I,VS1,EX,VG,1.01,GIA,61.2,55.0,Medium,None,2008-12-10,45215.0,10.71918416917458,1.1085626195212777
Princess,4.02,Very Good,I,VS2,VG,VG,1.08,GIA,74.5,72.0,None,None,2008-12-10,45234.0,10.719604295439757,1.3912819026309295
Princess,3.01,Good,F,VS2,VG,G,1.0,GIA,58.2,72.0,Medium Blue,None,2008-12-10,45257.0,10.720112633296456,1.1019400787607843
Emerald,3.52,Very Good,I,VVS1,EX,VG,1.26,GIA,63.8,67.0,Faint,None,2008-12-10,45261.0,10.720201013508184,1.2584609896100056
Round,2.38,Ideal,F,VS1,EX,EX,1.01,GIA,62.1,56.0,None,None,2008-12-10,45277.0,10.720554456265182,0.8671004876833833
Round,2.02,Ideal,D,VS1,VG,EX,1.01,GIA,62.0,58.0,None,None,2008-12-10,45303.0,10.7211285344439,0.7030975114131134
Round,3.01,Very Good,I,VS1,EX,EX,1.01,GIA,63.0,57.0,Faint,None,2008-12-10,45346.0,10.722077248786588,1.1019400787607843
Princess,3.02,Very Good,F,VS2,VG,G,1.03,GIA,71.0,67.0,None,None,2008-12-10,45405.0,10.723377510123928,1.1052568313867783
Round,3.01,Ideal,H,VS2,EX,VG,1.0,GIA,62.5,55.0,None,None,2008-12-10,45471.0,10.724830039099766,1.1019400787607843
Emerald,3.02,Very Good,D,VS2,G,VG,1.59,GIA,68.4,64.0,None,None,2008-12-10,45476.0,10.724939993248997,1.1052568313867783
Round,2.32,Ideal,F,VS1,VG,VG,1.0,GIA,62.6,56.0,None,None,2008-12-11,45499.0,10.725445626675544,0.8415671856782185
Round,3.01,Very Good,F,SI1,EX,VG,1.0,GIA,60.7,60.0,None,None,2008-12-10,45502.0,10.72551156001696,1.1019400787607843
Round,3.07,Very Good,H,VS2,VG,VG,1.01,GIA,58.5,61.0,Strong,None,2008-12-10,45563.0,10.7268512626277,1.1216775615991057
Round,3.03,Very Good,H,VS2,EX,EX,1.01,AGSL,59.9,57.0,None,Very Small,2008-12-10,45655.0,10.72886840905044,1.1085626195212777
Princess,3.04,Very Good,F,VS2,VG,VG,1.07,GIA,71.4,68.0,None,None,2008-12-10,45701.0,10.729875458480967,1.1118575154181303
Princess,4.02,Very Good,H,SI1,VG,VG,1.08,GIA,71.6,76.0,None,None,2008-12-10,45978.0,10.73591830019846,1.3912819026309295
Princess,3.01,Very Good,F,VS1,EX,VG,1.03,GIA,73.2,72.0,None,None,2008-12-10,46023.0,10.736896550512883,1.1019400787607843
Round,2.05,Ideal,D,VS1,EX,EX,1.01,GIA,61.0,58.0,None,None,2008-12-11,46025.0,10.736940006101278,0.7178397931503168
Round,3.06,Signature-Ideal,G,SI1,ID,ID,1.0,AGSL,61.4,57.0,None,Pointed,2008-12-10,46047.0,10.737417892981517,1.1184149159642893
Round,3.01,Very Good,G,VS2,EX,EX,1.0,GIA,62.1,59.0,None,None,2008-12-10,46081.0,10.73815599652319,1.1019400787607843
Emerald,3.02,Very Good,F,VS1,G,G,1.33,GIA,69.3,61.0,None,None,2008-12-10,46085.0,10.738242796427764,1.1052568313867783
Emerald,3.01,Fair,G,VVS1,G,G,1.18,GIA,61.2,76.0,Strong Blue,Very Small,2008-12-10,46110.0,10.738785125200751,1.1019400787607843
Emerald,3.0,Good,F,VS1,EX,G,1.25,GIA,71.9,65.0,None,None,2008-12-16,46150.0,10.739652239930999,1.0986122886681098
Emerald,3.01,Very Good,G,VS1,VG,G,1.56,GIA,64.3,68.0,None,Very Small,2008-12-10,46157.0,10.739803907735464,1.1019400787607843
Princess,3.03,Very Good,G,VS1,G,G,1.04,GIA,72.8,75.0,None,None,2008-12-10,46166.0,10.739998875403943,1.1085626195212777
Emerald,3.71,Very Good,H,VVS1,VG,G,1.36,GIA,67.1,64.0,Strong Blue,None,2008-12-10,46181.0,10.740323737069875,1.3110318766193438
Princess,3.2,Very Good,F,VS2,G,VG,1.08,GIA,71.7,75.0,Faint,None,2008-12-10,46247.0,10.74175187597189,1.1631508098056809
Round,3.44,Ideal,J,VS1,EX,EX,1.0,GIA,61.8,55.0,Faint,None,2008-12-10,46350.0,10.743976570994,1.235471471385307
Round,2.03,Ideal,D,VS1,VG,VG,1.01,GIA,62.6,56.0,None,Very Small,2008-12-12,46453.0,10.746196327732314,0.7080357930536959
Round,2.08,Ideal,F,VVS2,VG,VG,1.01,GIA,59.7,58.0,None,None,2008-12-16,46485.0,10.746884958889959,0.7323678937132266
Emerald,3.01,Very Good,G,VS1,VG,VG,1.16,GIA,62.7,71.0,None,Very Small,2008-12-10,46510.0,10.747422622218142,1.1019400787607843
Round,4.06,Good,I,SI2,EX,VG,1.0,GIA,58.1,61.0,Faint,None,2008-12-10,46518.0,10.747594613447014,1.4011829736136412
Emerald,3.03,Very Good,D,VS2,VG,VG,1.47,GIA,67.8,61.0,None,None,2008-12-10,46624.0,10.749870708994932,1.1085626195212777
Princess,3.0,Good,G,VVS1,G,G,1.03,GIA,76.4,72.0,None,None,2008-12-11,46658.0,10.750599681390584,1.0986122886681098
Princess,3.03,Very Good,F,VS2,VG,VG,1.01,GIA,67.6,67.0,None,None,2008-12-10,46702.0,10.75154226929242,1.1085626195212777
Princess,2.55,Very Good,D,IF,G,G,1.08,GIA,62.7,73.0,Strong Blue,None,2008-12-10,46785.0,10.753317917710014,0.9360933591703348
Round,3.06,Ideal,G,SI1,EX,EX,1.0,GIA,61.7,57.0,None,None,2008-12-11,46791.0,10.753446155719935,1.1184149159642893
Round,3.04,Very Good,H,VS2,VG,EX,1.0,GIA,59.0,58.0,None,Very Small,2008-12-10,46847.0,10.754642251464746,1.1118575154181303
Round,2.05,Good,F,IF,G,G,1.02,GIA,60.3,64.0,Medium,Very Small,2008-12-10,46879.0,10.755325092965364,0.7178397931503168
Emerald,3.13,Very Good,H,VVS2,G,G,1.21,GIA,65.4,68.0,Faint,Small,2008-12-10,47045.0,10.758859869440865,1.1410330045520618
Round,4.01,Good,J,SI1,VG,VG,1.01,GIA,61.8,60.0,None,None,2008-12-10,47083.0,10.759667280669499,1.3887912413184778
Emerald,3.03,Good,F,VS1,EX,G,1.2,GIA,70.4,66.0,Faint Blue,None,2008-12-11,47106.0,10.76015566042631,1.1085626195212777
Round,3.01,Good,G,VS2,VG,VG,1.01,GIA,64.1,57.0,None,None,2008-12-10,47109.0,10.760219344553063,1.1019400787607843
Round,4.01,Very Good,J,SI1,VG,VG,1.01,GIA,62.6,56.0,None,Small,2008-12-10,47161.0,10.761322558837014,1.3887912413184778
Emerald,3.32,Very Good,G,VS1,VG,G,1.34,GIA,69.4,66.0,Faint,None,2008-12-10,47528.0,10.769074290035578,1.199964782928397
Round,3.34,Very Good,D,SI1,G,VG,1.01,GIA,61.9,59.0,Medium Blue,None,2008-12-10,47568.0,10.769915545237879,1.205970806988609
Princess,3.36,Very Good,G,VS1,VG,G,1.05,GIA,71.1,72.0,Faint,None,2008-12-16,47807.0,10.774927351272387,1.2119409739751128
Emerald,4.01,Very Good,J,VS1,G,G,1.28,GIA,66.0,71.0,None,Small,2008-12-10,47849.0,10.775805498021132,1.3887912413184778
Round,3.1,Ideal,E,SI1,VG,VG,1.01,GIA,61.2,58.0,Medium,Very Small,2008-12-10,47851.0,10.775847295304315,1.1314021114911006
Round,2.39,Ideal,E,VVS2,EX,EX,1.0,GIA,61.9,58.0,Strong Blue,None,2008-12-10,47864.0,10.776118935069867,0.8712933659434193
Round,3.01,Ideal,E,SI1,VG,VG,1.02,GIA,59.0,60.0,None,Very Small,2008-12-10,47931.0,10.777517755695682,1.1019400787607843
Round,4.02,Very Good,I,SI2,VG,VG,1.01,GIA,62.4,57.0,None,Very Small,2008-12-10,47943.0,10.777768084253218,1.3912819026309295
Emerald,4.01,Very Good,J,VS1,VG,VG,1.05,GIA,65.8,62.0,Faint,Small,2008-12-10,47998.0,10.778914622355282,1.3887912413184778
Round,4.04,Very Good,I,SI2,VG,VG,1.01,GIA,60.2,58.0,Faint,None,2008-12-16,48218.0,10.783487674309246,1.3962446919730587
Round,2.07,Ideal,D,VS1,EX,EX,1.01,GIA,61.2,60.0,None,None,2008-12-10,48299.0,10.785166135492588,0.7275486072772777
Round,3.02,Good,I,VVS1,G,G,1.02,GIA,59.3,63.0,None,Small,2008-12-10,48314.0,10.785476652713262,1.1052568313867783
Round,2.04,Very Good,D,VS1,VG,VG,1.01,GIA,61.4,57.0,None,None,2008-12-10,48351.0,10.786242183190828,0.712949807856125
Princess,3.12,Very Good,G,VS2,EX,EX,1.05,GIA,70.1,69.0,None,None,2008-12-10,48383.0,10.7869037913362,1.1378330018213911
Emerald,3.15,Good,G,VS1,EX,EX,1.19,GIA,73.4,54.0,Faint,Very Small,2008-12-10,48567.0,10.790699566909616,1.1474024528375417
Princess,2.03,Very Good,D,IF,EX,EX,1.02,GIA,70.8,70.0,None,None,2008-12-11,48851.0,10.796530128090472,0.7080357930536959
Round,2.01,Very Good,E,IF,VG,G,1.01,GIA,62.6,58.0,None,None,2008-12-11,48913.0,10.797798488802224,0.6981347220709843
Round,2.01,Fair,E,VVS1,VG,G,1.02,GIA,65.9,56.0,Medium,Very Small,2008-12-10,48975.0,10.799065242812741,0.6981347220709843
Emerald,3.18,Very Good,G,VS1,VG,EX,1.36,GIA,67.3,67.0,None,Very Small,2008-12-10,49007.0,10.79971842403251,1.1568811967920856
Emerald,3.01,Very Good,G,VS1,VG,G,1.43,GIA,66.7,66.0,None,None,2008-12-10,49082.0,10.801247647790849,1.1019400787607843
Round,2.56,Very Good,E,VS1,EX,G,1.02,GIA,59.5,61.0,None,Very Small,2008-12-16,49134.0,10.802306538498243,0.9400072584914712
Emerald,3.04,Very Good,G,VS1,VG,G,1.28,GIA,67.1,62.0,None,Very Small,2008-12-10,49336.0,10.80640931667133,1.1118575154181303
Round,2.06,Ideal,D,VS1,EX,EX,1.01,GIA,61.8,56.0,None,None,2008-12-10,49348.0,10.806652517191354,0.7227059828014898
Round,1.8,Very Good,D,IF,EX,VG,1.02,GIA,59.5,58.0,None,None,2008-12-10,49352.0,10.806733570889474,0.5877866649021191
Round,2.06,Very Good,E,VVS2,VG,VG,1.01,GIA,62.2,59.0,None,None,2008-12-16,49368.0,10.807057720000902,0.7227059828014898
Emerald,4.39,Very Good,J,VVS2,VG,VG,1.09,GIA,68.3,63.0,None,Small,2008-12-10,49374.0,10.807179248833767,1.47932922708708
Princess,3.17,Very Good,E,VS2,VG,G,1.09,GIA,73.0,74.0,Faint,None,2008-12-10,49471.0,10.809141918288724,1.1537315878891892
Round,4.25,Very Good,J,SI1,EX,VG,1.01,GIA,59.3,59.0,Medium Blue,None,2008-12-11,49572.0,10.811181437184764,1.4469189829363254
Round,3.02,Good,G,VS2,VG,VG,1.01,GIA,65.1,59.0,Medium Blue,None,2008-12-10,49625.0,10.812250017989491,1.1052568313867783
Round,1.73,Signature-Ideal,D,VVS1,ID,ID,1.01,AGSL,61.5,55.0,None,Pointed,2008-12-10,49746.0,10.814685337344274,0.5481214085096876
Princess,3.02,Very Good,G,VVS1,VG,G,1.05,GIA,68.2,72.0,None,None,2008-12-11,49761.0,10.814986823674152,1.1052568313867783
Princess,3.0,Good,E,VS2,VG,G,1.0,GIA,77.2,69.0,Medium Blue,None,2008-12-10,49804.0,10.815850581072302,1.0986122886681098
Princess,3.38,Very Good,G,VS1,VG,VG,1.01,GIA,68.2,75.0,Faint,None,2008-12-10,49841.0,10.816593217465508,1.2178757094949273
Round,4.01,Ideal,I,SI2,EX,EX,1.0,GIA,60.0,61.0,None,None,2008-12-10,49917.0,10.818116905083617,1.3887912413184778
Emerald,2.54,Very Good,D,IF,VG,VG,1.18,GIA,69.0,67.0,None,Small,2008-12-10,49925.0,10.818277158284015,0.9321640810304452
Round,2.01,Very Good,D,VVS2,G,G,1.01,GIA,62.4,58.0,None,None,2008-12-10,50106.0,10.821896040381285,0.6981347220709843
Round,4.13,Ideal,J,SI1,EX,EX,1.01,GIA,61.6,56.0,None,None,2008-12-10,50266.0,10.825084183200465,1.4182774069729414
Round,2.01,Ideal,E,IF,EX,EX,1.0,GIA,62.2,56.0,Medium,None,2008-12-11,50271.0,10.825183649068833,0.6981347220709843
Round,3.06,Very Good,G,VS2,EX,EX,1.01,AGSL,62.2,58.0,None,Pointed,2008-12-10,50283.0,10.825422326795367,1.1184149159642893
Emerald,3.01,Fair,E,VS1,VG,G,1.78,GIA,75.2,70.0,None,None,2008-12-10,50417.0,10.82808369877337,1.1019400787607843
Emerald,3.07,Good,G,VVS2,VG,G,1.35,GIA,70.7,68.0,Faint,None,2008-12-10,50600.0,10.831706855275558,1.1216775615991057
Emerald,3.61,Good,I,IF,G,G,1.23,GIA,72.0,57.0,None,Very Small,2008-12-10,50696.0,10.833602291003352,1.2837077723447896
Round,2.03,Very Good,E,VVS1,EX,EX,1.01,GIA,61.6,59.0,None,None,2008-12-10,50749.0,10.834647192276401,0.7080357930536959
Emerald,2.01,Fair,D,IF,G,G,1.07,GIA,77.0,52.0,None,Small,2008-12-10,50759.0,10.83484422108265,0.6981347220709843
Round,2.03,Ideal,F,IF,ID,ID,1.01,AGSL,61.0,57.0,None,None,2008-12-11,50811.0,10.835868145559232,0.7080357930536959
Princess,3.02,Good,F,VS1,VG,G,1.02,GIA,75.5,80.0,None,None,2008-12-10,50903.0,10.837677139898041,1.1052568313867783
Round,3.03,Ideal,D,SI1,EX,EX,1.0,GIA,59.9,60.0,None,None,2008-12-12,50982.0,10.839227908231596,1.1085626195212777
Round,1.75,Ideal,D,IF,EX,EX,1.0,GIA,61.5,56.0,Medium,None,2008-12-10,51119.0,10.841911527044745,0.5596157879354227
Round,3.24,Ideal,H,VS2,EX,VG,1.01,GIA,60.3,58.0,None,None,2008-12-10,51126.0,10.84204845305601,1.1755733298042381
Round,2.03,Ideal,D,VVS2,EX,EX,1.01,GIA,61.7,58.0,Strong,None,2008-12-11,51133.0,10.84218536032111,0.7080357930536959
Round,3.39,Ideal,J,VS2,EX,EX,1.01,GIA,61.7,56.0,None,None,2008-12-10,51237.0,10.8442172062873,1.220829921392359
Round,2.29,Ideal,E,VS1,EX,EX,1.0,GIA,62.5,56.0,None,None,2008-12-11,51364.0,10.846692816951165,0.8285518175661483
Round,2.61,Very Good,G,VVS1,EX,EX,1.01,GIA,62.7,59.0,None,None,2008-12-10,51374.0,10.846887486888901,0.959350221334602
Emerald,3.31,Good,F,VS2,VG,G,1.35,GIA,72.4,69.0,None,None,2008-12-10,51385.0,10.847101580059174,1.1969481893889715
Princess,3.08,Good,E,VS1,VG,G,1.12,GIA,80.0,74.0,None,None,2008-12-10,51396.0,10.847315627403372,1.1249295969854831
Princess,3.23,Very Good,G,VS2,EX,EX,1.02,GIA,71.1,74.0,None,None,2008-12-10,51500.0,10.849337086651827,1.172482137234565
Round,3.08,Ideal,H,VS2,EX,EX,1.01,GIA,60.5,57.0,None,None,2008-12-10,51621.0,10.851683845421267,1.1249295969854831
Round,2.47,Ideal,F,VS1,EX,VG,1.01,GIA,60.5,61.0,None,Small,2008-12-11,51646.0,10.852168027211935,0.9042181506398859
Princess,3.04,Very Good,F,VS1,EX,VG,1.05,GIA,73.4,73.0,None,None,2008-12-10,51660.0,10.852439066649831,1.1118575154181303
Round,2.04,Ideal,E,VVS2,EX,EX,1.0,GIA,62.0,55.0,None,None,2008-12-10,51666.0,10.85255520392422,0.712949807856125
Round,3.02,Good,G,VS2,EX,VG,1.01,GIA,64.5,57.0,Faint,None,2008-12-10,51677.0,10.85276808723594,1.1052568313867783
Princess,5.11,Very Good,J,SI1,EX,VG,1.03,GIA,73.2,63.0,Faint,None,2008-12-10,51687.0,10.852961578200516,1.631199404215613
Princess,3.4,Good,G,VS1,VG,G,1.02,GIA,69.9,79.0,None,None,2008-12-10,51701.0,10.853232402669228,1.2237754316221157
Round,2.68,Ideal,F,VS2,EX,EX,1.01,GIA,62.1,55.0,None,None,2008-12-10,51708.0,10.853367787403839,0.9858167945227654
Princess,3.02,Very Good,G,IF,G,G,1.03,GIA,68.2,74.0,None,None,2008-12-11,51783.0,10.854817189054799,1.1052568313867783
Princess,3.05,Very Good,G,VVS2,EX,VG,1.05,GIA,74.3,73.0,None,None,2008-12-10,51802.0,10.855184037540836,1.1151415906193203
Princess,3.28,Good,D,VS2,VG,VG,1.13,GIA,80.3,71.0,None,None,2008-12-10,51810.0,10.855338459808834,1.1878434223960523
Emerald,3.01,Good,G,VVS1,G,G,1.57,GIA,72.1,56.0,Strong,Small,2008-12-10,51928.0,10.857613422713305,1.1019400787607843
Round,3.01,Very Good,D,SI1,EX,VG,1.01,GIA,61.2,60.0,None,Very Small,2008-12-10,51929.0,10.857632679961252,1.1019400787607843
Round,2.02,Very Good,F,IF,VG,G,1.01,GIA,59.7,60.0,None,Very Small,2008-12-10,51967.0,10.85836418072537,0.7030975114131134
Emerald,3.01,Very Good,F,VS1,VG,G,1.26,GIA,68.6,66.0,Faint,None,2008-12-18,51967.0,10.85836418072537,1.1019400787607843
Round,3.06,Very Good,G,VS2,VG,G,1.01,GIA,60.1,62.0,None,None,2008-12-10,51972.0,10.858460391002627,1.1184149159642893
Round,3.02,Very Good,G,VS2,EX,VG,1.01,GIA,62.7,55.0,None,None,2008-12-16,52089.0,10.860709073012247,1.1052568313867783
Round,2.38,Ideal,E,VS1,EX,EX,1.0,GIA,61.5,57.0,None,None,2008-12-10,52112.0,10.861150527516015,0.8671004876833833
Round,3.52,Ideal,D,SI2,EX,EX,1.01,GIA,61.1,59.0,Medium,None,2008-12-10,52133.0,10.861553424542905,1.2584609896100056
Round,3.0,Very Good,G,VS2,G,G,1.0,GIA,61.9,57.0,Faint,None,2008-12-10,52170.0,10.86226289601644,1.0986122886681098
Round,4.03,Very Good,J,SI1,VG,VG,1.0,GIA,60.6,61.0,None,None,2008-12-10,52175.0,10.8623587319454,1.3937663759585917
Round,3.0,Very Good,H,VS1,EX,VG,1.0,GIA,62.5,60.0,None,None,2008-12-10,52240.0,10.863603763950312,1.0986122886681098
Round,3.42,Ideal,F,SI1,ID,ID,1.01,AGSL,59.7,60.0,None,Pointed,2008-12-10,52259.0,10.863967403797764,1.2296405510745139
Princess,3.09,Good,G,VVS2,VG,G,1.18,GIA,76.2,73.0,None,None,2008-12-10,52285.0,10.864464802032689,1.128171090909654
Round,2.7,Ideal,G,VVS2,VG,EX,1.01,GIA,62.7,56.0,Faint,None,2008-12-11,52286.0,10.864483927794135,0.9932517730102834
Round,3.02,Very Good,F,VS2,EX,VG,1.01,GIA,64.5,59.0,None,None,2008-12-10,52291.0,10.864579551114822,1.1052568313867783
Princess,3.11,Very Good,H,VVS1,VG,VG,1.0,GIA,63.9,71.0,None,None,2008-12-10,52313.0,10.865000185131196,1.1346227261911428
Round,2.27,Ideal,E,VVS2,VG,VG,1.02,GIA,62.3,57.0,None,None,2008-12-10,52407.0,10.86679544917334,0.8197798314933114
Round,3.02,Ideal,H,VS1,EX,EX,1.01,GIA,62.4,58.0,None,None,2008-12-10,52454.0,10.867691874024281,1.1052568313867783
Round,3.01,Very Good,G,VS2,VG,EX,1.01,GIA,63.8,58.0,None,None,2008-12-10,52466.0,10.867920619736298,1.1019400787607843
Round,2.13,Ideal,F,IF,EX,VG,1.01,GIA,62.0,57.0,None,None,2008-12-11,52564.0,10.86978675376353,0.7561219797213337
Emerald,3.14,Good,G,VS1,G,G,1.47,GIA,72.6,61.0,None,Small,2008-12-10,52639.0,10.871212568858269,1.144222799920162
Princess,3.34,Very Good,F,VS1,G,VG,1.03,GIA,72.3,76.0,Strong Blue,None,2008-12-10,52723.0,10.872807071958002,1.205970806988609
Round,2.21,Ideal,F,VVS2,EX,EX,1.0,GIA,62.9,56.0,Faint,None,2008-12-10,52806.0,10.874380099601867,0.7929925155296614
Round,3.62,Very Good,F,SI1,G,G,1.01,GIA,60.4,59.0,Medium Blue,Very Small,2008-12-10,52873.0,10.875648090574092,1.2864740258376797
Round,2.06,Ideal,F,IF,EX,VG,1.01,GIA,62.5,57.0,Faint,None,2008-12-10,52909.0,10.87632873570067,0.7227059828014898
Round,3.01,Ideal,H,VS1,VG,EX,1.01,GIA,61.6,56.0,None,None,2008-12-10,52911.0,10.876366535738475,1.1019400787607843
Round,3.12,Ideal,E,SI1,EX,EX,1.01,GIA,62.1,59.0,None,None,2008-12-10,52942.0,10.8769522536848,1.1378330018213911
Princess,3.53,Very Good,G,VS2,EX,VG,1.05,GIA,68.7,66.0,Faint,None,2008-12-10,52972.0,10.877518751046855,1.2612978709452054
Emerald,3.05,Good,D,VS2,G,VG,1.15,GIA,70.2,63.0,Medium Blue,None,2008-12-10,52994.0,10.87793397857863,1.1151415906193203
Round,3.02,Ideal,H,VS1,VG,EX,1.0,GIA,60.7,55.0,None,None,2008-12-10,53087.0,10.879687356164176,1.1052568313867783
Emerald,3.18,Good,E,VS1,VG,G,1.32,GIA,74.7,68.0,Strong Blue,None,2008-12-10,53111.0,10.880139342084975,1.1568811967920856
Round,2.29,Ideal,F,IF,EX,EX,1.0,GIA,61.6,60.0,Strong,None,2008-12-17,53150.0,10.880873383770094,0.8285518175661483
Round,3.01,Ideal,I,VVS2,EX,EX,1.01,GIA,62.1,56.0,None,None,2008-12-11,53182.0,10.881475272213198,1.1019400787607843
Emerald,3.02,Good,F,VS1,VG,VG,1.08,GIA,74.1,62.0,None,None,2008-12-10,53199.0,10.881794878160589,1.1052568313867783
Round,2.5,Ideal,F,VS1,EX,EX,1.0,GIA,62.7,58.0,None,None,2008-12-10,53241.0,10.882584055202674,0.9162907318741551
Emerald,3.17,Very Good,H,IF,VG,VG,1.19,GIA,64.4,68.0,Faint,Small,2008-12-10,53265.0,10.883034734045298,1.1537315878891892
Princess,3.05,Very Good,H,VVS2,VG,VG,1.01,GIA,70.2,71.0,None,Small,2008-12-10,53311.0,10.88389796784759,1.1151415906193203
Emerald,4.02,Good,F,SI1,VG,VG,1.26,GIA,70.9,75.0,None,None,2008-12-10,53423.0,10.885996643829152,1.3912819026309295
Round,4.03,Very Good,G,SI2,VG,VG,1.01,GIA,62.3,58.0,Strong Blue,None,2008-12-10,53461.0,10.886707695092223,1.3937663759585917
Princess,5.02,Good,G,SI2,VG,G,1.03,GIA,76.7,77.0,None,None,2008-12-16,53872.0,10.894366141400855,1.6134299337036377
Emerald,3.22,Very Good,H,IF,EX,VG,1.39,GIA,60.7,67.0,None,Small,2008-12-10,54085.0,10.89831216206439,1.169381359556317
Round,3.32,Very Good,H,VS2,G,VG,1.01,GIA,62.6,56.0,Medium,Very Small,2008-12-10,54096.0,10.898515524947667,1.199964782928397
Round,2.01,Very Good,D,IF,EX,EX,1.01,GIA,63.1,59.0,Strong Blue,None,2008-12-17,54239.0,10.90115548586615,0.6981347220709843
Round,3.09,Ideal,H,VS1,EX,EX,1.01,GIA,59.5,60.0,Faint,None,2008-12-10,54317.0,10.902592532430562,1.128171090909654
Round,4.01,Very Good,J,SI1,EX,EX,1.0,GIA,59.8,60.0,Faint,None,2008-12-10,54331.0,10.90285024541336,1.3887912413184778
Round,3.98,Good,J,VS2,G,G,1.02,GIA,60.2,65.0,None,Very Small,2008-12-10,54402.0,10.90415619687411,1.3812818192963463
Round,3.4,Very Good,G,SI1,EX,EX,1.0,GIA,62.3,55.0,None,None,2008-12-10,54444.0,10.904927929451965,1.2237754316221157
Round,4.02,Very Good,J,SI1,EX,EX,1.0,GIA,60.4,60.0,None,None,2008-12-10,54467.0,10.905350292672244,1.3912819026309295
Round,3.02,Very Good,H,VS1,VG,VG,1.01,GIA,61.0,60.0,Faint,Very Small,2008-12-11,54472.0,10.905442087162802,1.1052568313867783
Princess,3.01,Very Good,H,VVS1,VG,EX,1.02,GIA,69.8,71.0,None,None,2008-12-10,54750.0,10.910532647678748,1.1019400787607843
Round,3.01,Ideal,H,VS1,EX,EX,1.01,GIA,61.4,57.0,Medium Blue,None,2008-12-10,55025.0,10.915542906394663,1.1019400787607843
Round,4.02,Very Good,I,SI2,EX,EX,1.0,GIA,59.8,60.0,None,None,2008-12-10,55143.0,10.917685090061873,1.3912819026309295
Emerald,3.2,Very Good,H,IF,G,VG,1.13,GIA,58.8,70.0,None,Small,2008-12-10,55205.0,10.918808807873237,1.1631508098056809
Round,4.14,Very Good,J,VS2,G,G,1.02,GIA,60.6,62.0,None,Very Small,2008-12-10,55326.0,10.920998239767195,1.4206957878372228
Round,4.11,Very Good,H,SI2,VG,VG,1.0,GIA,62.6,60.0,None,None,2008-12-10,55332.0,10.921106681994706,1.4134230285081433
Princess,3.2,Good,D,VS2,VG,G,1.08,GIA,78.0,72.0,None,None,2008-12-10,55501.0,10.92415631759022,1.1631508098056809
Round,3.33,Very Good,D,SI1,VG,EX,1.01,GIA,62.6,58.0,None,None,2008-12-10,55537.0,10.924804744277687,1.2029723039923526
Round,3.34,Very Good,H,VS2,VG,G,1.01,GIA,62.1,57.0,None,Very Small,2008-12-10,55566.0,10.925326782398324,1.205970806988609
Round,3.53,Very Good,I,VVS2,VG,VG,1.01,GIA,59.7,61.0,None,None,2008-12-10,55613.0,10.926172265858327,1.2612978709452054
Round,2.03,Ideal,D,VVS2,EX,VG,1.01,GIA,62.1,54.0,None,None,2008-12-11,55665.0,10.927106862162807,0.7080357930536959
Round,3.42,Ideal,I,VS1,EX,EX,1.01,GIA,60.5,59.0,Faint,None,2008-12-10,55683.0,10.927430172867208,1.2296405510745139
Princess,2.04,Signature-Ideal,D,IF,VG,VG,1.01,GIA,69.8,70.0,None,Small,2008-12-10,55875.0,10.93087233191587,0.712949807856125
Princess,3.2,Very Good,H,VVS2,VG,EX,1.01,GIA,68.8,69.0,None,None,2008-12-10,55927.0,10.931802547900372,1.1631508098056809
Round,1.71,Ideal,D,IF,VG,EX,1.0,GIA,62.3,56.0,None,None,2008-12-10,56014.0,10.933356938472494,0.5364933705145685
Emerald,3.34,Very Good,H,IF,EX,VG,1.49,GIA,65.7,68.0,None,Small,2008-12-10,56101.0,10.934908916663861,1.205970806988609
Princess,4.05,Very Good,I,VS2,EX,VG,1.02,GIA,71.9,73.0,None,None,2008-12-10,56232.0,10.937241268855741,1.3987168811184478
Round,3.33,Ideal,I,VVS2,EX,EX,1.0,GIA,62.3,56.0,Faint,None,2008-12-10,56658.0,10.944788474491125,1.2029723039923526
Round,4.08,Ideal,I,SI1,EX,EX,1.01,GIA,61.6,57.0,Faint,None,2008-12-10,56741.0,10.946252332458506,1.4060969884160703
Emerald,3.0,Good,D,VS1,VG,VG,1.15,GIA,65.8,74.0,Medium Blue,Very Small,2008-12-10,56942.0,10.94978848490783,1.0986122886681098
Round,4.02,Very Good,I,SI1,VG,G,1.01,GIA,61.1,56.0,None,None,2008-12-10,56950.0,10.949928968875328,1.3912819026309295
Round,1.65,Ideal,D,IF,EX,EX,1.0,GIA,61.6,58.0,None,None,2008-12-11,56997.0,10.95075391385265,0.5007752879124892
Round,4.02,Very Good,J,VS2,VG,VG,1.01,AGSL,60.0,60.0,None,Very Small,2008-12-10,57276.0,10.955636966793897,1.3912819026309295
Princess,5.41,Very Good,I,SI2,EX,VG,1.01,GIA,73.8,74.0,None,None,2008-12-10,57642.0,10.962006747637794,1.6882490928583902
Round,4.03,Ideal,I,SI1,EX,EX,1.0,GIA,60.3,60.0,None,None,2008-12-10,57777.0,10.964346051592322,1.3937663759585917
Round,2.64,Ideal,F,VS1,EX,EX,1.01,GIA,62.1,58.0,None,None,2008-12-10,58282.0,10.973048576810234,0.9707789171582248
Emerald,4.01,Very Good,I,VS1,VG,G,1.19,GIA,67.3,67.0,Faint Blue,None,2008-12-11,58550.0,10.977636369025863,1.3887912413184778
Round,2.41,Ideal,E,VVS1,EX,EX,1.01,GIA,62.9,56.0,Medium Blue,None,2008-12-10,58699.0,10.98017796989595,0.8796267475025636
Round,4.35,Ideal,J,SI1,EX,EX,1.01,GIA,60.9,60.0,None,None,2008-12-10,58937.0,10.984224355776732,1.4701758451005926
Round,2.1,Ideal,E,VVS1,EX,EX,1.0,GIA,61.9,58.0,Medium Blue,None,2008-12-16,58982.0,10.984987591594274,0.7419373447293773
Round,5.35,Ideal,J,SI2,VG,VG,1.01,GIA,60.2,59.0,None,None,2008-12-10,59321.0,10.990718653830616,1.6770965609079151
Round,3.03,Ideal,G,VS2,EX,EX,1.01,GIA,62.4,55.0,None,None,2008-12-10,59337.0,10.990988336449519,1.1085626195212777
Round,3.01,Very Good,E,VS2,VG,VG,1.01,GIA,63.1,57.0,Strong,None,2008-12-11,59415.0,10.992301998724127,1.1019400787607843
Round,3.24,Ideal,E,SI1,EX,EX,1.01,GIA,61.6,58.0,Faint,None,2008-12-11,59458.0,10.99302545992853,1.1755733298042381
Round,4.39,Ideal,J,SI1,EX,EX,1.0,GIA,61.5,58.0,None,None,2008-12-10,59479.0,10.993378588058855,1.47932922708708
Princess,4.04,Very Good,I,VS1,EX,EX,1.01,GIA,70.4,69.0,Faint,None,2008-12-10,59593.0,10.99529339649126,1.3962446919730587
Round,3.15,Ideal,G,VS1,VG,EX,1.01,GIA,61.7,56.0,Medium,None,2008-12-10,59941.0,11.001116024081504,1.1474024528375417
Princess,4.18,Very Good,J,VS1,G,VG,1.01,GIA,68.5,70.0,None,None,2008-12-10,59972.0,11.001633065614794,1.430311246536665
Princess,3.17,Very Good,G,VVS1,VG,VG,1.05,GIA,71.9,74.0,None,None,2008-12-10,60149.0,11.00458009616072,1.1537315878891892
Round,3.25,Ideal,G,VS2,ID,ID,1.01,AGSL,58.9,61.0,None,Very Small,2008-12-10,60250.0,11.0062578513529,1.1786549963416462
Princess,5.09,Good,J,VS1,G,G,1.21,GIA,79.6,75.0,None,None,2008-12-10,60413.0,11.008959592551948,1.6272778305624314
Round,3.1,Very Good,G,VS2,VG,VG,1.02,AGSL,63.2,53.3,Medium Blue,Very Small,2008-12-10,60497.0,11.010349056012608,1.1314021114911006
Princess,3.59,Very Good,F,VS2,VG,VG,1.01,GIA,71.7,75.0,None,None,2008-12-10,60517.0,11.010679596283687,1.2781522025001875
Round,3.02,Very Good,E,VS2,EX,EX,1.0,AGSL,62.9,59.0,Strong Blue,None,2008-12-10,60624.0,11.012446133258383,1.1052568313867783
Round,3.0,Very Good,G,VS1,G,G,1.01,GIA,61.6,62.0,Faint,Very Small,2008-12-18,60637.0,11.012660546796944,1.0986122886681098
Emerald,3.52,Very Good,G,VS1,VG,VG,1.14,GIA,67.5,62.0,None,Very Small,2008-12-10,60688.0,11.01350126392868,1.2584609896100056
Round,2.03,Ideal,E,IF,EX,EX,1.01,GIA,62.1,56.0,Faint,None,2008-12-10,60689.0,11.013517741515043,0.7080357930536959
Emerald,3.49,Very Good,G,VVS2,VG,G,1.41,GIA,68.4,63.0,Strong,Very Small,2008-12-10,60809.0,11.015493083315233,1.2499017362143359
Emerald,4.01,Good,E,SI1,VG,VG,1.33,GIA,71.1,70.0,None,None,2008-12-10,60848.0,11.01613423016804,1.3887912413184778
Round,4.05,Very Good,J,VS2,VG,EX,1.0,GIA,62.3,58.0,None,None,2008-12-10,60888.0,11.016791389947228,1.3987168811184478
Round,2.11,Ideal,E,VVS1,EX,EX,1.01,GIA,59.4,60.0,Faint,Very Small,2008-12-10,60957.0,11.017923976551122,0.7466879474879751
Emerald,4.01,Very Good,I,VS1,VG,G,1.17,GIA,69.9,64.0,None,Very Small,2008-12-10,61075.0,11.019857896125941,1.3887912413184778
Emerald,3.11,Very Good,E,VS1,VG,G,1.64,GIA,59.8,68.0,None,Small,2008-12-10,61170.0,11.02141215223661,1.1346227261911428
Round,2.17,Ideal,F,IF,VG,VG,1.01,GIA,61.9,55.0,None,None,2008-12-11,61215.0,11.022147536508015,0.7747271675523681
Princess,5.11,Very Good,G,SI2,EX,VG,1.02,GIA,70.6,76.0,None,None,2008-12-18,61215.0,11.022147536508015,1.631199404215613
Round,2.16,Signature-Ideal,F,VVS1,ID,ID,1.01,AGSL,61.7,56.0,None,Pointed,2008-12-10,61218.0,11.02219654290336,0.7701082216960737
Princess,5.09,Very Good,J,VS2,EX,EX,1.01,GIA,66.6,67.0,None,None,2008-12-10,61426.0,11.025588477273143,1.6272778305624314
Round,4.04,Good,I,VS2,EX,EX,1.0,GIA,65.3,62.0,Medium,None,2008-12-10,61464.0,11.026206916547471,1.3962446919730587
Princess,3.04,Very Good,E,VS1,VG,G,1.01,GIA,67.4,75.0,Faint,None,2008-12-10,61565.0,11.027848806226972,1.1118575154181303
Princess,5.01,Very Good,J,VS2,VG,G,1.1,GIA,65.7,72.0,Faint,None,2008-12-10,61728.0,11.030492915705455,1.6114359150967734
Round,2.64,Ideal,F,VVS2,EX,EX,1.01,GIA,61.4,58.0,Medium,None,2008-12-10,61779.0,11.031318779873457,0.9707789171582248
Princess,4.34,Very Good,I,VS2,VG,VG,1.0,GIA,73.1,73.0,Faint,None,2008-12-11,61784.0,11.031399710249099,1.4678743481123135
Round,3.02,Very Good,G,VS2,VG,G,1.01,GIA,61.2,58.0,None,None,2008-12-10,61815.0,11.031901332441027,1.1052568313867783
Emerald,4.17,Good,I,VVS2,EX,VG,1.53,GIA,71.7,69.0,Faint,None,2008-12-10,62093.0,11.036388540150964,1.4279160358107101
Round,3.0,Very Good,G,VS1,EX,EX,1.0,GIA,63.4,61.0,Medium,None,2008-12-10,62192.0,11.037981653092004,1.0986122886681098
Princess,4.01,Very Good,I,VS2,VG,G,1.01,GIA,67.0,78.0,None,None,2008-12-10,62327.0,11.040149997728475,1.3887912413184778
Emerald,3.04,Very Good,G,IF,VG,VG,1.39,GIA,59.8,72.0,None,None,2008-12-10,62396.0,11.041256449738759,1.1118575154181303
Round,2.52,Ideal,F,VS1,VG,EX,1.0,GIA,61.9,58.0,Faint,None,2008-12-17,62398.0,11.041288502561814,0.9242589015233319
Round,2.51,Ideal,F,VS1,VG,VG,1.0,GIA,61.8,56.0,None,None,2008-12-17,62478.0,11.04256977375795,0.9202827531436925
Round,2.09,Ideal,E,IF,EX,EX,1.01,GIA,60.5,57.0,Faint,None,2008-12-10,62483.0,11.042649798725783,0.7371640659767196
Emerald,5.01,Very Good,I,SI1,G,G,1.86,GIA,65.1,64.0,Medium,Very Small,2008-12-10,62485.0,11.042681806919884,1.6114359150967734
Round,2.26,Ideal,E,VVS1,VG,VG,1.01,GIA,59.4,58.0,None,None,2008-12-10,62539.0,11.043545641117445,0.8153648132841944
Round,2.57,Very Good,E,VS1,EX,VG,1.01,GIA,61.4,54.0,None,None,2008-12-16,62610.0,11.044680288739356,0.9439058989071284
Emerald,3.1,Very Good,G,VVS2,VG,VG,1.12,GIA,64.2,66.0,None,Very Small,2008-12-10,62653.0,11.045366844253579,1.1314021114911006
Emerald,3.29,Good,G,VVS2,VG,G,1.08,GIA,71.6,59.0,None,Medium,2008-12-10,62674.0,11.045701967574116,1.1908875647772805
Round,3.01,Very Good,G,VS2,EX,EX,1.01,GIA,59.5,59.0,Faint,None,2008-12-10,62753.0,11.046961664616168,1.1019400787607843
Round,4.0,Very Good,J,VS2,EX,EX,1.01,GIA,60.6,59.0,Faint,None,2008-12-10,62762.0,11.047105073770698,1.3862943611198906
Round,3.01,Ideal,F,VS2,EX,EX,1.0,GIA,59.9,58.0,None,None,2008-12-10,62898.0,11.049269645680628,1.1019400787607843
Round,2.27,Ideal,D,VVS2,VG,VG,1.01,GIA,62.5,55.0,None,None,2008-12-10,63023.0,11.051255018113492,0.8197798314933114
Round,3.02,Very Good,F,VS2,VG,G,1.01,GIA,62.7,58.0,None,None,2008-12-11,63080.0,11.052159041076974,1.1052568313867783
Princess,4.11,Very Good,I,VS1,EX,VG,1.05,GIA,72.7,73.0,None,None,2008-12-10,63342.0,11.05630389521775,1.4134230285081433
Emerald,3.21,Very Good,G,VVS2,G,G,1.25,GIA,62.8,63.0,None,Small,2008-12-10,63385.0,11.056982519372827,1.1662709371419244
Round,3.04,Very Good,F,VS2,EX,VG,1.01,GIA,62.8,57.0,None,None,2008-12-11,63498.0,11.058763688321779,1.1118575154181303
Round,2.02,Good,D,IF,EX,VG,1.01,GIA,62.1,61.0,Strong,None,2008-12-10,63592.0,11.06024295525295,0.7030975114131134
Round,4.01,Very Good,F,SI2,VG,VG,1.01,GIA,62.9,57.0,None,Very Small,2008-12-16,63625.0,11.060761753852823,1.3887912413184778
Round,4.09,Ideal,J,VS2,EX,EX,1.01,GIA,59.7,60.0,None,None,2008-12-11,63661.0,11.061327409163853,1.4085449700547104
Round,4.3,Ideal,I,SI1,VG,EX,1.01,GIA,61.0,60.0,None,None,2008-12-11,63810.0,11.063665196862393,1.4586150226995167
Round,2.32,Ideal,D,VVS1,EX,EX,1.01,GIA,60.9,56.0,Strong Blue,Very Small,2008-12-10,63878.0,11.064730293135002,0.8415671856782185
Round,3.03,Ideal,G,VS2,VG,VG,1.01,GIA,62.4,57.0,None,Very Small,2008-12-10,63934.0,11.065606580237674,1.1085626195212777
Round,5.04,Ideal,G,SI2,EX,VG,1.01,AGSL,62.7,55.0,Very Strong Blue,Very Small,2008-12-10,63937.0,11.065653502526553,1.6174060820832772
Emerald,4.03,Very Good,I,VS1,VG,VG,1.3,GIA,68.0,70.0,None,None,2008-12-10,63975.0,11.06624766102799,1.3937663759585917
Round,4.07,Ideal,G,SI2,ID,ID,1.01,AGSL,59.8,61.0,None,Pointed,2008-12-10,64154.0,11.069041721958007,1.4036429994545037
Round,4.53,Very Good,I,SI1,EX,EX,1.0,AGSL,59.7,58.0,None,Very Small,2008-12-10,64283.0,11.071050489577583,1.5107219394949427
Emerald,3.77,Very Good,G,VVS2,G,VG,1.27,GIA,65.5,69.0,Medium Blue,None,2008-12-10,64312.0,11.071501518007796,1.3270750014599193
Round,2.75,Signature-Ideal,F,VS1,ID,ID,1.01,AGSL,61.4,56.0,None,Pointed,2008-12-10,64341.0,11.07195234310307,1.0116009116784799
Round,4.01,Ideal,J,VS1,VG,VG,1.01,GIA,62.7,56.0,Medium Blue,None,2008-12-10,64456.0,11.073738099457032,1.3887912413184778
Round,2.05,Ideal,D,VVS2,EX,EX,1.01,GIA,59.7,60.0,None,None,2008-12-16,64504.0,11.074482516364858,0.7178397931503168
Round,2.1,Ideal,D,VVS2,EX,VG,1.01,GIA,60.3,56.0,None,None,2008-12-10,64569.0,11.075489698432289,0.7419373447293773
Emerald,5.0,Very Good,I,SI1,VG,G,1.06,GIA,65.0,67.0,None,None,2008-12-10,64641.0,11.076604163372343,1.6094379124341003
Emerald,3.01,Good,E,VS1,EX,VG,1.37,GIA,63.5,74.0,None,None,2008-12-10,64800.0,11.079060882340366,1.1019400787607843
Round,1.86,Ideal,D,IF,EX,EX,1.0,GIA,59.7,57.0,None,None,2008-12-11,64844.0,11.079739664261464,0.62057648772511
Emerald,3.04,Very Good,E,VVS2,G,G,1.66,GIA,67.7,70.0,Medium Blue,None,2008-12-10,64861.0,11.080001797565458,1.1118575154181303
Round,5.07,Very Good,J,SI2,VG,VG,1.01,GIA,63.8,56.0,Faint,None,2008-12-10,64984.0,11.08189636473079,1.623340817603092
Round,4.02,Ideal,D,SI2,VG,EX,1.01,AGSL,62.1,54.0,None,Very Small,2008-12-10,64992.0,11.082019464380112,1.3912819026309295
Emerald,2.51,Very Good,D,IF,VG,VG,1.2,GIA,69.1,63.0,None,Very Small,2008-12-10,65107.0,11.083787349297781,0.9202827531436925
Round,1.98,Ideal,E,FL,EX,EX,1.01,GIA,61.6,55.0,None,None,2008-12-11,65311.0,11.086915754370356,0.6830968447064438
Round,4.05,Good,D,SI2,VG,VG,1.01,GIA,63.6,61.0,Medium Blue,None,2008-12-10,65477.0,11.08945421491932,1.3987168811184478
Round,3.51,Very Good,F,VS2,EX,EX,1.0,AGSL,58.9,58.0,None,Very Small,2008-12-10,65634.0,11.091849133347846,1.2556160374777743
Emerald,3.04,Very Good,E,VS1,VG,G,1.41,GIA,58.1,66.0,None,Medium,2008-12-10,65668.0,11.09236702341441,1.1118575154181303
Round,4.02,Ideal,J,VS2,EX,EX,1.0,GIA,60.0,59.0,Faint,None,2008-12-10,65858.0,11.095256188023157,1.3912819026309295
Emerald,5.0,Good,I,SI1,G,G,1.05,GIA,72.0,60.0,None,Small,2008-12-10,65925.0,11.096273011221488,1.6094379124341003
Round,3.16,Very Good,F,VS2,EX,VG,1.01,GIA,62.8,57.0,None,None,2008-12-11,66004.0,11.097470625232695,1.1505720275988207
Emerald,3.29,Very Good,F,VVS2,EX,VG,1.2,GIA,65.7,70.0,None,None,2008-12-10,66114.0,11.099135803715832,1.1908875647772805
Round,2.42,Ideal,F,VVS1,EX,EX,1.01,GIA,61.4,56.0,None,Very Small,2008-12-16,66128.0,11.099347536751514,0.883767540168595
Round,2.27,Very Good,E,VVS2,VG,VG,1.01,GIA,62.2,57.0,None,None,2008-12-10,66175.0,11.100058027095303,0.8197798314933114
Round,2.35,Ideal,E,VVS1,VG,VG,1.01,GIA,62.0,56.0,None,None,2008-12-11,66201.0,11.10045084755119,0.8544153281560676
Round,2.44,Ideal,F,VVS2,EX,EX,1.0,GIA,61.8,55.0,None,None,2008-12-16,66234.0,11.100949205246406,0.8919980393051105
Round,2.11,Ideal,D,VVS2,EX,EX,1.01,GIA,60.6,57.0,None,None,2008-12-16,66391.0,11.10331678410918,0.7466879474879751
Round,2.34,Ideal,D,VVS1,EX,EX,1.01,GIA,61.5,57.0,Medium,None,2008-12-10,66519.0,11.105242900121105,0.85015092936961
Round,4.15,Very Good,D,SI2,EX,EX,1.01,AGSL,60.1,56.0,None,Very Small,2008-12-10,67094.0,11.113849900183732,1.423108334242607
Round,5.48,Ideal,J,SI2,VG,VG,1.0,GIA,60.7,57.0,Faint,None,2008-12-10,68178.0,11.129877211146065,1.7011051009599243
Round,4.01,Good,I,VS2,VG,VG,1.01,GIA,63.9,56.0,Faint,None,2008-12-10,68328.0,11.132074917625983,1.3887912413184778
Round,3.01,Very Good,F,VS2,EX,VG,1.01,GIA,60.5,60.0,None,Very Small,2008-12-10,68544.0,11.135231153807421,1.1019400787607843
Round,3.57,Ideal,I,VVS1,EX,EX,1.01,GIA,59.2,60.0,None,None,2008-12-10,68636.0,11.136572457405512,1.2725655957915476
Round,4.0,Very Good,I,VS2,VG,EX,1.01,GIA,63.0,58.0,None,None,2008-12-10,68808.0,11.139075296231315,1.3862943611198906
Round,3.78,Very Good,F,VS1,EX,EX,1.01,GIA,63.7,59.0,Strong Blue,None,2008-12-17,68849.0,11.139670979723071,1.3297240096314962
Round,4.22,Ideal,J,VS2,EX,EX,1.01,GIA,62.0,56.0,Medium Blue,None,2008-12-10,69134.0,11.143801929264502,1.4398351280479205
Emerald,5.01,Good,J,VS2,G,G,1.27,GIA,74.6,61.0,None,Small,2008-12-10,69205.0,11.144828393330803,1.6114359150967734
Emerald,5.02,Very Good,J,VS2,G,G,1.43,GIA,66.3,61.0,None,Very Small,2008-12-10,69344.0,11.146834904336085,1.6134299337036377
Round,3.0,Good,D,VS2,EX,VG,1.01,GIA,57.8,60.0,None,Very Small,2008-12-10,69763.0,11.152859062245346,1.0986122886681098
Round,4.26,Ideal,J,VS2,EX,EX,1.01,GIA,62.3,54.0,None,None,2008-12-10,69790.0,11.153246012011197,1.449269160281279
Princess,3.47,Very Good,D,VS1,VG,G,1.21,GIA,71.7,67.0,None,None,2008-12-10,70293.0,11.160427499583543,1.244154593958768
Round,4.07,Very Good,J,VS2,VG,VG,1.01,GIA,62.1,57.0,None,None,2008-12-11,70491.0,11.163240321076715,1.4036429994545037
Round,2.2,Ideal,D,VVS2,EX,EX,1.0,GIA,62.6,54.0,None,Very Small,2008-12-16,70539.0,11.163921027335716,0.7884573603642703
Round,4.31,Ideal,J,VS2,EX,EX,1.0,GIA,60.7,58.0,None,None,2008-12-10,70609.0,11.164912894110149,1.4609379041156563
Emerald,4.46,Very Good,D,SI1,VG,VG,1.26,GIA,67.7,66.0,Medium Blue,None,2008-12-16,70842.0,11.168207324135166,1.4951487660319727
Emerald,3.3,Very Good,D,VS1,EX,VG,1.63,GIA,69.3,70.0,None,None,2008-12-10,71214.0,11.17344470728456,1.1939224684724346
Round,5.48,Ideal,I,SI1,ID,ID,1.0,AGSL,60.5,60.0,None,Pointed,2008-12-10,71536.0,11.177956098473762,1.7011051009599243
Emerald,3.21,Very Good,D,VVS2,G,G,1.6,GIA,69.0,69.0,None,None,2008-12-10,71537.0,11.177970077351677,1.1662709371419244
Princess,3.5,Very Good,D,VS1,EX,VG,1.01,GIA,69.8,71.0,Very Strong Blue,None,2008-12-10,71894.0,11.182948090992008,1.252762968495368
Princess,4.39,Very Good,I,VS1,VG,VG,1.01,GIA,70.4,68.0,None,None,2008-12-10,72120.0,11.186086677317254,1.47932922708708
Round,2.36,Ideal,D,VVS2,EX,EX,1.01,GIA,61.5,54.0,None,Very Small,2008-12-10,73438.0,11.204196791808076,0.8586616190375187
Emerald,5.01,Very Good,J,VS1,G,G,1.12,GIA,68.1,67.0,None,Small,2008-12-10,74530.0,11.218957007875739,1.6114359150967734
Emerald,5.01,Very Good,J,VS1,G,G,1.15,GIA,69.4,62.0,Faint,Small,2008-12-10,74530.0,11.218957007875739,1.6114359150967734
Emerald,5.01,Very Good,J,VS1,G,G,1.23,GIA,68.9,64.0,None,Small,2008-12-10,74530.0,11.218957007875739,1.6114359150967734
Round,5.25,Very Good,J,SI1,VG,VG,1.01,AGSL,59.5,58.0,None,Very Small,2008-12-10,74607.0,11.219989615569899,1.6582280766035324
Round,4.01,Ideal,I,VS2,EX,EX,1.0,GIA,60.1,60.0,None,None,2008-12-10,74790.0,11.222439465185714,1.3887912413184778
Emerald,5.04,Very Good,J,VS1,VG,G,1.28,GIA,68.6,64.0,Faint,Small,2008-12-10,74976.0,11.224923341307521,1.6174060820832772
Round,3.18,Ideal,H,IF,EX,EX,1.0,GIA,61.6,56.0,Faint Blue,None,2008-12-10,75004.0,11.22529672442961,1.1568811967920856
Round,3.04,Ideal,F,VS2,EX,EX,1.0,GIA,62.7,58.0,None,None,2008-12-10,75062.0,11.226069717684418,1.1118575154181303
Round,3.04,Ideal,F,VS2,EX,EX,1.01,GIA,61.7,57.0,Faint,Very Small,2008-12-10,75062.0,11.226069717684418,1.1118575154181303
Emerald,5.05,Very Good,J,VS1,G,G,1.2,GIA,69.8,63.0,None,Small,2008-12-10,75125.0,11.226908671837508,1.6193882432872684
Round,3.04,Very Good,H,VVS1,VG,VG,1.01,GIA,59.7,62.0,None,Very Small,2008-12-16,75264.0,11.228757211818245,1.1118575154181303
Round,5.35,Ideal,J,SI2,VG,VG,1.0,GIA,61.0,59.0,Medium,None,2008-12-10,75331.0,11.2296470156553,1.6770965609079151
Round,4.02,Very Good,H,VS2,EX,EX,1.0,AGSL,62.3,57.0,Medium Blue,None,2008-12-10,75447.0,11.231185701974077,1.3912819026309295
Princess,5.01,Very Good,J,VS2,EX,EX,1.03,GIA,68.1,74.0,None,None,2008-12-10,75449.0,11.231212210297691,1.6114359150967734
Round,3.06,Ideal,F,VS2,EX,EX,1.01,GIA,60.3,58.0,Faint,None,2008-12-10,75556.0,11.23262938215171,1.1184149159642893
Emerald,5.08,Very Good,J,VS1,VG,G,1.28,GIA,68.5,63.0,None,Small,2008-12-10,75571.0,11.232827890691539,1.6253112615903906
Round,3.03,Very Good,G,IF,VG,EX,1.01,GIA,62.4,59.0,Very Strong Blue,None,2008-12-10,75742.0,11.235088107233372,1.1085626195212777
Round,4.46,Ideal,J,VS1,EX,EX,1.01,GIA,60.8,57.0,None,Very Small,2008-12-10,75761.0,11.23533892735046,1.4951487660319727
Round,2.41,Ideal,F,IF,EX,EX,1.0,GIA,62.3,57.0,None,None,2008-12-11,75855.0,11.236578902182194,0.8796267475025636
Round,4.16,Ideal,I,VS2,ID,ID,1.01,AGSL,59.1,59.0,None,Very Small,2008-12-10,75888.0,11.237013848117362,1.425515074273172
Round,5.01,Good,J,SI1,VG,VG,1.01,GIA,62.9,59.0,None,None,2008-12-10,76123.0,11.240105732089072,1.6114359150967734
Princess,3.38,Very Good,G,VVS1,VG,VG,1.07,GIA,66.4,65.0,None,None,2008-12-10,76188.0,11.24095924895845,1.2178757094949273
Emerald,5.16,Very Good,J,VVS2,VG,VG,1.36,GIA,67.1,64.0,None,None,2008-12-16,76369.0,11.243332133649785,1.6409365794934714
Emerald,5.58,Very Good,J,VS1,EX,EX,1.12,GIA,60.4,71.0,None,None,2008-12-10,76457.0,11.244483770278709,1.7191887763932197
Round,4.17,Ideal,H,SI1,EX,EX,1.01,GIA,62.3,56.0,None,None,2008-12-11,76667.0,11.247226647053857,1.4279160358107101
Round,4.24,Very Good,G,SI1,VG,VG,1.01,GIA,59.3,60.0,Faint Blue,None,2008-12-11,76676.0,11.24734403095805,1.4445632692438664
Round,4.21,Ideal,I,VS2,VG,EX,1.0,GIA,61.7,57.0,Medium,None,2008-12-10,76680.0,11.247396197159581,1.43746264769429
Round,5.31,Very Good,I,SI2,EX,VG,1.01,GIA,60.4,57.0,Medium Blue,None,2008-12-10,76758.0,11.24841289454509,1.6695918352538475
Round,4.02,Very Good,G,SI1,G,G,1.01,GIA,61.4,60.0,None,None,2008-12-10,76883.0,11.250040064735078,1.3912819026309295
Round,3.01,Very Good,G,VS1,VG,VG,1.01,GIA,61.9,60.0,None,Very Small,2008-12-11,77079.0,11.252586148910154,1.1019400787607843
Round,4.02,Very Good,I,VS2,EX,VG,1.01,GIA,62.0,56.0,None,Very Small,2008-12-18,77287.0,11.25528104449445,1.3912819026309295
Round,4.06,Ideal,I,VS2,VG,EX,1.01,GIA,60.5,59.0,None,None,2008-12-11,77462.0,11.257542772513368,1.4011829736136412
Round,3.51,Ideal,H,VS1,EX,EX,1.01,GIA,62.5,57.0,Faint,None,2008-12-11,77774.0,11.261562464081122,1.2556160374777743
Round,4.22,Ideal,J,VVS2,EX,EX,1.02,GIA,60.6,58.0,None,None,2008-12-10,77813.0,11.26206379132333,1.4398351280479205
Round,3.3,Ideal,F,VS1,EX,EX,1.01,GIA,62.4,55.0,Medium Blue,None,2008-12-10,77850.0,11.262539177262145,1.1939224684724346
Round,3.01,Very Good,G,VS1,EX,EX,1.0,GIA,60.0,60.0,Faint,None,2008-12-10,78046.0,11.265053675431062,1.1019400787607843
Round,3.01,Signature-Ideal,F,VS1,ID,ID,1.0,AGSL,61.9,57.0,Medium Blue,Very Small,2008-12-10,78147.0,11.266346947396865,1.1019400787607843
Round,5.51,Very Good,J,SI1,EX,EX,1.0,AGSL,60.9,60.0,None,Pointed,2008-12-10,78302.0,11.268328424436847,1.706564623164823
Emerald,4.05,Very Good,H,VS1,VG,EX,1.12,GIA,68.6,61.0,None,None,2008-12-10,78323.0,11.268596580863035,1.3987168811184478
Round,3.04,Very Good,F,VS1,VG,G,1.02,GIA,62.3,55.0,Faint,None,2008-12-11,78393.0,11.269489916638006,1.1118575154181303
Round,4.04,Ideal,J,VVS2,VG,VG,1.01,GIA,60.8,61.0,None,None,2008-12-10,78493.0,11.270764727819921,1.3962446919730587
Princess,4.02,Very Good,G,VS2,G,VG,1.05,GIA,70.9,74.0,None,None,2008-12-10,78499.0,11.270841164835856,1.3912819026309295
Round,4.24,Ideal,G,SI1,EX,EX,1.0,GIA,62.3,56.0,None,None,2008-12-11,78617.0,11.27234324001835,1.4445632692438664
Round,3.53,Very Good,F,VS2,EX,EX,1.01,AGSL,60.0,55.0,None,Very Small,2008-12-10,78699.0,11.273385727844461,1.2612978709452054
Emerald,5.51,Very Good,J,VS2,G,G,1.08,GIA,65.2,69.0,None,Very Small,2008-12-10,78799.0,11.274655585410118,1.706564623164823
Round,4.33,Ideal,I,VS2,EX,EX,1.01,GIA,61.2,55.0,None,None,2008-12-10,78865.0,11.275492808921575,1.4655675420143985
Emerald,5.52,Very Good,J,VS2,G,G,1.12,GIA,68.0,62.0,None,Small,2008-12-10,78942.0,11.276468684593894,1.7083778602890038
Round,5.02,Good,H,SI2,EX,EX,1.0,AGSL,61.2,61.0,None,Pointed,2008-12-10,79308.0,11.281094285258453,1.6134299337036377
Emerald,4.35,Very Good,H,VS2,VG,G,1.41,GIA,62.1,61.0,None,None,2008-12-16,79436.0,11.282706944984055,1.4701758451005926
Round,5.59,Ideal,J,SI1,ID,ID,1.01,AGSL,60.2,59.0,None,Very Small,2008-12-10,79438.0,11.282732122168492,1.7209792871670078
Round,6.0,Very Good,J,SI2,EX,VG,1.01,GIA,61.8,56.0,Medium Blue,None,2008-12-10,79551.0,11.284153604397167,1.791759469228055
Emerald,4.21,Good,G,VS2,VG,VG,1.15,GIA,70.1,60.0,Medium Blue,Small,2008-12-10,79576.0,11.28446781883225,1.43746264769429
Round,5.0,Good,I,SI1,VG,EX,1.0,AGSL,58.3,60.0,None,Very Small,2008-12-10,79667.0,11.285610726337204,1.6094379124341003
Round,3.02,Ideal,F,VS2,EX,EX,1.01,GIA,62.1,57.0,None,None,2008-12-10,79788.0,11.287128396190456,1.1052568313867783
Round,3.3,Ideal,H,VVS1,EX,EX,1.01,GIA,62.8,57.0,None,None,2008-12-11,80143.0,11.291567817979125,1.1939224684724346
Round,4.05,Ideal,I,VS2,EX,EX,1.0,GIA,62.7,55.0,Medium Blue,None,2008-12-10,80386.0,11.294595310651548,1.3987168811184478
Round,5.05,Good,I,SI1,EX,VG,1.01,AGSL,63.2,61.0,None,Pointed,2008-12-10,80463.0,11.295552730416444,1.6193882432872684
Emerald,5.11,Very Good,H,SI1,G,G,1.34,GIA,67.7,58.0,Faint,Small,2008-12-10,80541.0,11.296521650519077,1.631199404215613
Round,3.1,Ideal,F,VS2,EX,EX,1.0,GIA,62.2,56.0,None,None,2008-12-10,80562.0,11.296782353300763,1.1314021114911006
Round,3.05,Ideal,F,VS2,EX,EX,1.01,GIA,62.6,56.0,Faint,None,2008-12-10,80581.0,11.297018168695637,1.1151415906193203
Round,3.4,Ideal,F,VS2,VG,EX,1.01,GIA,62.0,58.0,None,None,2008-12-10,80733.0,11.298902692605338,1.2237754316221157
Princess,3.4,Very Good,F,VVS2,VG,VG,1.03,GIA,71.0,67.0,None,None,2008-12-10,80860.0,11.300474543194762,1.2237754316221157
Round,4.1,Ideal,F,SI1,EX,EX,1.0,GIA,60.5,58.0,Medium,None,2008-12-10,81186.0,11.304498097491699,1.410986973710262
Princess,4.04,Very Good,G,VS1,VG,VG,1.02,GIA,73.6,69.0,None,None,2008-12-10,81460.0,11.307867381202403,1.3962446919730587
Emerald,4.01,Very Good,G,VS2,EX,VG,1.38,GIA,69.0,60.0,None,None,2008-12-10,81519.0,11.308591400893006,1.3887912413184778
Emerald,4.02,Very Good,H,VS1,G,G,1.2,GIA,68.4,66.0,None,Very Small,2008-12-10,81612.0,11.30973158896364,1.3912819026309295
Emerald,3.18,Very Good,F,IF,VG,G,1.16,GIA,67.4,63.0,None,Small,2008-12-10,81655.0,11.310258333510843,1.1568811967920856
Round,3.01,Ideal,G,VS1,EX,EX,1.01,GIA,59.9,60.0,None,None,2008-12-10,81947.0,11.313827975814284,1.1019400787607843
Round,3.02,Very Good,G,VS1,EX,EX,1.0,GIA,60.8,56.0,None,None,2008-12-10,82168.0,11.31652121084564,1.1052568313867783
Round,3.27,Ideal,F,VS2,VG,EX,1.01,GIA,61.7,57.0,None,None,2008-12-16,82279.0,11.317871190071259,1.184789984909162
Round,3.05,Ideal,G,VVS2,EX,EX,1.01,GIA,60.3,59.0,Faint Blue,Very Small,2008-12-10,82316.0,11.31832077846244,1.1151415906193203
Round,4.12,Very Good,G,SI1,VG,VG,1.0,GIA,62.7,57.0,None,None,2008-12-10,82936.0,11.325824505002949,1.415853163361435
Round,3.01,Very Good,F,VVS1,EX,EX,1.0,GIA,61.3,56.0,Faint,None,2008-12-17,83136.0,11.328233100030271,1.1019400787607843
Princess,4.01,Very Good,H,VS1,VG,G,1.05,GIA,71.2,73.0,None,None,2008-12-16,83256.0,11.329675477317695,1.3887912413184778
Round,5.22,Ideal,H,SI2,ID,ID,1.0,AGSL,61.7,57.0,Medium,None,2008-12-10,83355.0,11.330863874382132,1.6524974018945473
Round,5.22,Ideal,H,SI2,EX,EX,1.0,AGSL,62.3,57.0,None,None,2008-12-10,83355.0,11.330863874382132,1.6524974018945473
Round,4.37,Ideal,H,SI1,EX,EX,1.0,GIA,61.7,55.0,Faint,None,2008-12-16,83757.0,11.335675028284077,1.4747630091074988
Round,5.02,Good,G,SI2,EX,EX,1.0,AGSL,60.8,61.0,None,Pointed,2008-12-10,83891.0,11.337273616141209,1.6134299337036377
Round,3.0,Ideal,F,VVS2,EX,EX,1.0,AGSL,62.0,56.0,None,Very Small,2008-12-10,83972.0,11.338238688924212,1.0986122886681098
Round,5.32,Good,H,SI2,EX,EX,1.0,AGSL,62.4,61.0,Medium Blue,Pointed,2008-12-10,84047.0,11.339131445159893,1.6714733033535532
Round,4.02,Very Good,H,VS2,EX,VG,1.01,GIA,61.7,57.0,None,None,2008-12-16,84173.0,11.34062948372324,1.3912819026309295
Emerald,4.07,Very Good,G,VS2,G,G,1.22,GIA,65.0,66.0,None,Very Small,2008-12-16,84629.0,11.346032276453492,1.4036429994545037
Princess,5.34,Very Good,F,SI2,EX,EX,1.0,AGSL,71.4,73.0,None,None,2008-12-10,84718.0,11.347083372820052,1.6752256529721035
Round,4.02,Good,H,VS2,EX,VG,1.01,GIA,60.7,62.0,Strong,None,2008-12-10,84908.0,11.349323596364334,1.3912819026309295
Round,4.03,Ideal,H,VS2,EX,EX,1.01,GIA,62.7,58.0,Strong,None,2008-12-10,84921.0,11.349476691536836,1.3937663759585917
Emerald,4.19,Very Good,G,VS2,VG,G,1.23,GIA,62.1,72.0,None,Small,2008-12-11,85601.0,11.357452244304588,1.4327007339340465
Round,5.01,Very Good,J,SI1,VG,G,1.02,GIA,60.8,59.0,None,Very Small,2008-12-10,85921.0,11.361183548408668,1.6114359150967734
Emerald,4.03,Very Good,G,VS2,VG,G,1.38,GIA,65.6,64.0,None,Very Small,2008-12-10,86155.0,11.3639032785772,1.3937663759585917
Round,3.02,Ideal,G,VS1,EX,EX,1.01,GIA,61.3,57.0,Faint Blue,None,2008-12-10,86768.0,11.370993169080842,1.1052568313867783
Princess,4.11,Very Good,H,VVS1,G,G,1.03,GIA,73.3,71.0,None,None,2008-12-10,86902.0,11.372536325948367,1.4134230285081433
Round,5.07,Good,J,SI1,VG,G,1.01,GIA,62.7,60.0,Faint,Very Small,2008-12-10,86950.0,11.37308851978243,1.623340817603092
Emerald,5.48,Very Good,J,VS2,EX,EX,1.15,GIA,65.2,69.0,None,None,2008-12-10,87206.0,11.376028414869404,1.7011051009599243
Round,4.65,Ideal,J,VS1,VG,EX,1.0,GIA,62.6,56.0,None,None,2008-12-16,87330.0,11.37744932540778,1.536867219599265
Emerald,5.03,Very Good,I,VS1,EX,EX,1.34,AGSL,68.1,61.0,None,Pointed,2008-12-10,87725.0,11.381962200451415,1.6154199841116479
Emerald,5.54,Very Good,J,VS2,EX,EX,1.17,GIA,66.2,69.0,None,None,2008-12-10,88161.0,11.386919967335114,1.7119945007591924
Emerald,5.26,Very Good,I,VS2,EX,EX,1.1,GIA,65.6,67.0,Medium,None,2008-12-16,90447.0,11.412519322777534,1.6601310267496185
Round,4.03,Ideal,I,VS1,EX,EX,1.0,GIA,59.7,58.0,Faint,None,2008-12-10,91971.0,11.429228588948428,1.3937663759585917
Round,5.01,Good,J,VS2,VG,G,1.01,GIA,60.1,58.0,None,Very Small,2008-12-10,92267.0,11.432441826767779,1.6114359150967734
Round,4.02,Very Good,F,SI1,VG,VG,1.0,GIA,61.5,60.0,Faint,None,2008-12-11,93334.0,11.44393973631491,1.3912819026309295
Princess,4.01,Very Good,F,VS2,EX,EX,1.05,GIA,72.8,76.0,None,None,2008-12-10,93718.0,11.448045552231843,1.3887912413184778
Round,5.01,Good,F,SI2,VG,G,1.0,GIA,61.3,58.0,Strong,None,2008-12-10,93930.0,11.450305102988562,1.6114359150967734
Round,4.25,Very Good,F,SI1,EX,EX,1.01,GIA,62.6,58.0,Faint,None,2008-12-10,94197.0,11.453143612923565,1.4469189829363254
Round,5.07,Ideal,J,SI1,EX,EX,1.01,GIA,62.4,56.0,Faint,None,2008-12-10,94270.0,11.453918284390197,1.623340817603092
Princess,5.02,Very Good,I,VS1,EX,VG,1.04,GIA,67.2,73.0,None,None,2008-12-10,94405.0,11.455349316832633,1.6134299337036377
Round,5.05,Good,F,SI2,EX,EX,1.01,AGSL,63.1,62.0,None,None,2008-12-10,95002.0,11.461653222992654,1.6193882432872684
Emerald,5.01,Very Good,I,VS1,G,G,1.18,GIA,63.8,65.0,None,Small,2008-12-10,95375.0,11.465571768586758,1.6114359150967734
Round,3.06,Ideal,F,VVS2,ID,ID,1.0,AGSL,61.6,56.0,None,Pointed,2008-12-10,95969.0,11.471780501634493,1.1184149159642893
Round,3.02,Ideal,F,VS1,EX,EX,1.01,GIA,62.4,56.0,None,None,2008-12-10,96098.0,11.473123783087292,1.1052568313867783
Round,3.02,Ideal,F,VS1,EX,EX,1.01,GIA,62.3,55.0,Faint,None,2008-12-10,96098.0,11.473123783087292,1.1052568313867783
Round,3.01,Ideal,F,VS1,EX,EX,1.01,GIA,62.1,54.0,None,Very Small,2008-12-10,96485.0,11.477142834830456,1.1019400787607843
Round,3.1,Ideal,F,VS1,VG,EX,1.01,GIA,62.2,55.0,None,None,2008-12-10,96610.0,11.478437534511555,1.1314021114911006
Round,5.22,Ideal,J,VS2,EX,EX,1.01,AGSL,62.2,56.0,None,Very Small,2008-12-10,96656.0,11.478913562378523,1.6524974018945473
Emerald,5.44,Good,I,VS2,G,G,1.27,GIA,71.5,63.0,Faint,Small,2008-12-10,96819.0,11.48059853499581,1.6937790608678513
Round,5.15,Ideal,I,SI1,EX,EX,1.0,GIA,60.2,58.0,None,None,2008-12-10,96883.0,11.481259343891216,1.6389967146756448
Round,5.26,Ideal,J,SI1,EX,EX,1.01,GIA,61.1,57.0,Faint,None,2008-12-10,97574.0,11.488366343469526,1.6601310267496185
Round,3.5,Very Good,F,VS2,EX,VG,1.01,GIA,58.4,60.0,None,None,2008-12-10,98631.0,11.49914089279961,1.252762968495368
Emerald,5.77,Very Good,J,VS1,EX,EX,1.18,GIA,64.6,65.0,Faint,None,2008-12-10,98882.0,11.50168249902418,1.7526720805200082
Round,3.01,Very Good,F,VVS2,VG,VG,1.0,GIA,62.9,56.0,None,None,2008-12-10,99476.0,11.50767168802168,1.1019400787607843
Princess,5.1,Very Good,F,SI1,VG,G,1.13,GIA,72.9,71.0,None,None,2008-12-10,99572.0,11.508636279551798,1.62924053973028
Emerald,5.27,Very Good,I,VS2,VG,G,1.28,GIA,68.6,64.0,None,None,2008-12-10,99813.0,11.511053714337432,1.6620303625532709
Princess,3.15,Signature-Ideal,F,VVS1,EX,VG,1.02,GIA,70.0,70.0,None,Very Small,2008-12-10,99907.0,11.511995032251923,1.1474024528375417
Round,3.4,Ideal,F,VS1,EX,EX,1.01,GIA,62.5,56.0,None,None,2008-12-10,99990.0,11.512825459969894,1.2237754316221157
Emerald,5.41,Good,I,VVS1,EX,EX,1.08,AGSL,71.5,61.0,None,Pointed,2008-12-10,100229.0,11.515212846916363,1.6882490928583902
Round,3.03,Ideal,F,VVS1,ID,ID,1.01,AGSL,61.2,56.0,Medium Blue,Pointed,2008-12-10,100467.0,11.517584594350952,1.1085626195212777
Round,3.27,Ideal,F,VS1,EX,EX,1.01,GIA,62.1,56.0,None,None,2008-12-10,100975.0,11.522628240431613,1.184789984909162
Round,3.55,Ideal,F,VS2,EX,EX,1.0,GIA,62.5,55.0,Faint,None,2008-12-10,101039.0,11.52326185990493,1.2669476034873244
Princess,5.21,Very Good,F,SI1,VG,G,1.11,GIA,73.0,75.0,None,None,2008-12-10,101719.0,11.529969388579357,1.6505798557652755
Round,6.12,Ideal,J,SI1,VG,EX,1.01,GIA,60.8,55.0,Faint,None,2008-12-10,106909.0,11.579733284301842,1.8115620965242347
Round,4.59,Ideal,I,VS1,EX,EX,1.0,GIA,62.0,58.0,Strong Blue,None,2008-12-17,106950.0,11.580116714510552,1.5238800240724537
Emerald,6.03,Good,J,VS2,G,G,1.09,GIA,70.0,67.0,None,Small,2008-12-10,107785.0,11.587893781207534,1.7967470107390942
Round,6.62,Very Good,J,SI2,VG,EX,1.01,GIA,60.2,59.0,Medium,None,2008-12-10,108411.0,11.5936848388541,1.890095369948917
Princess,5.06,Very Good,G,VS2,VG,VG,1.01,GIA,64.0,72.0,Faint,None,2008-12-10,109275.0,11.601622919731515,1.6213664832993742
Round,2.53,Ideal,D,VVS1,EX,EX,1.0,GIA,61.5,57.0,None,None,2008-12-11,109370.0,11.602491908329272,0.9282193027394288
Emerald,4.52,Very Good,H,VS1,G,G,1.45,GIA,63.3,63.0,None,Very Small,2008-12-10,111029.0,11.617546707432952,1.5085119938441398
Round,4.08,Ideal,I,VS1,EX,EX,1.0,GIA,60.2,59.0,None,None,2008-12-10,111163.0,11.618752871617492,1.4060969884160703
Round,5.0,Very Good,I,VS2,EX,EX,1.01,AGSL,59.4,60.0,None,Very Small,2008-12-10,111542.0,11.622156480569952,1.6094379124341003
Round,5.08,Very Good,G,SI1,EX,EX,1.0,GIA,62.3,59.0,Strong Blue,None,2008-12-10,111561.0,11.622326805487553,1.6253112615903906
Round,5.02,Very Good,I,VS2,EX,EX,1.01,AGSL,60.5,59.0,None,Pointed,2008-12-10,111988.0,11.626147001679882,1.6134299337036377
Round,5.04,Good,I,VS2,EX,EX,1.01,AGSL,58.0,59.0,None,Pointed,2008-12-10,112434.0,11.63012166180372,1.6174060820832772
Round,2.27,Ideal,D,FL,EX,EX,1.0,GIA,59.4,60.0,None,Very Small,2008-12-10,112824.0,11.633584361372076,0.8197798314933114
Emerald,6.22,Fair,J,VS1,G,G,1.13,GIA,70.8,52.0,None,Small,2008-12-10,113203.0,11.636937946166839,1.827769906751088
Round,6.1,Ideal,J,SI1,EX,EX,1.0,GIA,60.5,59.0,Faint,None,2008-12-10,113225.0,11.637132268424415,1.8082887711792655
Round,4.01,Ideal,H,VS1,VG,VG,1.01,GIA,60.8,56.0,None,None,2008-12-10,113332.0,11.638076843149147,1.3887912413184778
Round,4.02,Very Good,H,VS1,EX,EX,1.0,GIA,63.2,60.0,None,None,2008-12-10,113501.0,11.63956692643747,1.3912819026309295
Round,4.05,Ideal,G,VS2,EX,EX,1.01,AGSL,62.0,54.0,None,Very Small,2008-12-10,115394.0,11.65610763863686,1.3987168811184478
Round,4.05,Ideal,G,VS2,VG,EX,1.01,AGSL,61.4,55.0,None,Very Small,2008-12-10,115394.0,11.65610763863686,1.3987168811184478
Round,5.02,Ideal,J,VS2,EX,EX,1.0,GIA,61.6,60.0,None,None,2008-12-10,115633.0,11.658176661610455,1.6134299337036377
Emerald,5.09,Very Good,D,SI1,VG,VG,1.52,GIA,69.4,63.0,None,None,2008-12-10,115793.0,11.659559393243828,1.6272778305624314
Round,5.04,Very Good,J,VS2,EX,EX,1.01,GIA,59.9,60.0,None,None,2008-12-10,116093.0,11.662146873017305,1.6174060820832772
Emerald,4.39,Very Good,G,VS1,VG,G,1.2,GIA,58.3,65.0,None,Small,2008-12-10,116592.0,11.666435939910063,1.47932922708708
Round,5.03,Very Good,G,SI1,VG,EX,1.0,GIA,61.2,61.0,Strong,None,2008-12-10,116732.0,11.667635988056,1.6154199841116479
Round,3.31,Ideal,G,IF,EX,EX,1.01,GIA,59.8,59.0,None,Very Small,2008-12-10,116736.0,11.667670253993949,1.1969481893889715
Emerald,5.04,Good,H,VS2,VG,G,1.06,GIA,70.5,64.0,Faint,Medium,2008-12-10,117177.0,11.671440891132548,1.6174060820832772
Round,4.02,Very Good,H,VS1,VG,EX,1.01,GIA,63.5,57.0,None,None,2008-12-10,117284.0,11.672353622950874,1.3912819026309295
Round,3.16,Ideal,G,IF,EX,EX,1.0,GIA,61.7,56.0,None,None,2008-12-10,117308.0,11.672558233509491,1.1505720275988207
Round,4.01,Very Good,G,VS2,EX,EX,1.01,GIA,62.8,56.0,None,None,2008-12-10,118284.0,11.680843791453439,1.3887912413184778
Princess,5.07,Very Good,H,VS1,VG,VG,1.13,GIA,74.4,74.0,Faint,None,2008-12-10,118311.0,11.681072029582877,1.623340817603092
Round,4.02,Ideal,H,VS1,EX,EX,1.01,GIA,62.5,57.0,None,None,2008-12-11,119805.0,11.693620700019599,1.3912819026309295
Emerald,6.0,Good,J,VVS1,G,G,1.21,GIA,72.3,62.0,None,Small,2008-12-10,120090.0,11.69599674065473,1.791759469228055
Round,4.01,Ideal,I,VVS2,EX,EX,1.01,GIA,60.3,60.0,Faint Blue,None,2008-12-10,120348.0,11.698142824876209,1.3887912413184778
Round,3.25,Ideal,F,VVS2,VG,VG,1.0,GIA,61.4,55.0,None,None,2008-12-10,120797.0,11.701866729737386,1.1786549963416462
Princess,7.01,Good,I,VS2,VG,VG,1.04,GIA,75.2,68.0,None,None,2008-12-10,120822.0,11.702073667106461,1.9473377010464987
Princess,5.03,Good,G,VS2,VG,G,1.13,GIA,76.2,74.0,None,None,2008-12-10,121060.0,11.704041569445678,1.6154199841116479
Emerald,5.45,Fair,I,VVS1,VG,G,1.06,GIA,71.0,53.0,None,Medium,2008-12-10,121291.0,11.705947895971716,1.6956156086751528
Round,4.01,Very Good,G,VS2,EX,VG,1.01,GIA,60.7,55.0,None,None,2008-12-10,122005.0,11.711817306482146,1.3887912413184778
Round,4.03,Ideal,H,VS1,EX,EX,1.0,GIA,61.4,56.0,Medium,None,2008-12-10,122015.0,11.711899266977234,1.3937663759585917
Round,4.07,Ideal,I,VVS2,EX,EX,1.01,GIA,61.1,59.0,None,None,2008-12-10,122148.0,11.71298870324034,1.4036429994545037
Emerald,4.63,Very Good,G,VS1,EX,VG,1.3,GIA,63.6,70.0,Faint,None,2008-12-16,122305.0,11.714273203913981,1.5325568680981427
Emerald,4.01,Very Good,F,VS1,VG,VG,1.49,GIA,69.4,66.0,None,None,2008-12-10,122763.0,11.718010946362735,1.3887912413184778
Emerald,5.04,Very Good,H,VS2,G,G,1.35,GIA,69.9,69.0,Faint,None,2008-12-10,122868.0,11.718865887362817,1.6174060820832772
Princess,5.11,Very Good,G,VS2,VG,G,1.02,GIA,64.7,69.0,Faint,None,2008-12-10,122985.0,11.719817675698387,1.631199404215613
Round,4.03,Very Good,H,VS1,VG,VG,1.01,GIA,61.0,59.0,None,None,2008-12-11,123162.0,11.721255840945235,1.3937663759585917
Emerald,6.46,Very Good,J,VVS2,G,G,1.24,GIA,66.0,63.0,None,Small,2008-12-10,123398.0,11.723170182866653,1.8656293177945105
Round,5.57,Ideal,I,VS2,ID,ID,1.0,AGSL,59.9,60.0,None,Pointed,2008-12-10,124255.0,11.730091184597901,1.7173950539391927
Round,4.03,Ideal,H,VS1,EX,EX,1.0,GIA,61.7,57.0,None,None,2008-12-11,124512.0,11.732157375784281,1.3937663759585917
Emerald,5.01,Very Good,H,VS1,G,G,1.25,GIA,68.1,67.0,Strong Blue,Very Small,2008-12-10,124742.0,11.734002883300947,1.6114359150967734
Round,4.07,Ideal,F,VS2,ID,ID,1.0,AGSL,59.7,60.0,Medium Blue,Very Small,2008-12-10,124788.0,11.734371576448233,1.4036429994545037
Round,5.0,Very Good,F,SI1,EX,G,1.0,AGSL,59.6,56.0,None,Very Small,2008-12-10,126480.0,11.747839471883353,1.6094379124341003
Round,2.61,Ideal,D,FL,EX,EX,1.01,GIA,62.1,57.0,None,Very Small,2008-12-10,126503.0,11.748021302283526,0.959350221334602
Round,4.02,Ideal,G,VS2,VG,VG,1.01,GIA,61.7,58.0,Faint,None,2008-12-11,126605.0,11.7488272823831,1.3912819026309295
Emerald,5.11,Good,H,VS1,VG,G,1.31,GIA,70.2,63.0,None,Medium,2008-12-10,127027.0,11.752154941270083,1.631199404215613
Round,4.02,Very Good,G,VS2,EX,VG,1.01,GIA,62.7,60.0,Faint,None,2008-12-10,127550.0,11.756263723569958,1.3912819026309295
Emerald,5.0,Fair,G,VS2,VG,G,1.22,GIA,67.4,51.0,None,Very Small,2008-12-10,128192.0,11.76128441902549,1.6094379124341003
Round,3.8,Very Good,F,VS1,EX,EX,1.01,GIA,62.6,56.0,None,None,2008-12-10,128511.0,11.763769782766515,1.33500106673234
Emerald,4.1,Very Good,F,VS1,VG,VG,1.49,GIA,64.5,66.0,None,Very Small,2008-12-10,128609.0,11.764532072784759,1.410986973710262
Emerald,4.22,Very Good,F,VVS2,VG,G,1.42,GIA,62.5,64.0,Medium,Very Small,2008-12-10,129054.0,11.767986200404488,1.4398351280479205
Emerald,5.41,Very Good,G,VS2,VG,EX,1.5,GIA,64.7,64.0,Medium Blue,Very Small,2008-12-10,129310.0,11.769967901289897,1.6882490928583902
Round,4.01,Very Good,F,VS2,EX,VG,1.0,GIA,61.5,58.0,Strong,None,2008-12-10,129916.0,11.774643366744199,1.3887912413184778
Round,2.61,Ideal,D,IF,EX,EX,1.01,GIA,60.8,57.0,None,None,2008-12-10,130204.0,11.776857730250901,0.959350221334602
Round,3.07,Ideal,F,IF,EX,EX,1.0,GIA,62.2,56.0,None,None,2008-12-10,130487.0,11.779028883924559,1.1216775615991057
Emerald,5.06,Very Good,H,VVS1,VG,VG,1.12,GIA,60.7,71.0,Strong Blue,None,2008-12-10,130755.0,11.781080622113786,1.6213664832993742
Round,5.01,Very Good,I,VS1,VG,EX,1.0,AGSL,61.6,59.0,None,Pointed,2008-12-10,130839.0,11.781722838700459,1.6114359150967734
Round,4.29,Ideal,G,VS2,ID,ID,1.01,AGSL,60.7,59.0,None,Pointed,2008-12-10,131932.0,11.790041917317227,1.4562867329399256
Round,3.69,Ideal,G,IF,EX,EX,1.01,GIA,62.7,57.0,None,None,2008-12-10,132627.0,11.795295955915682,1.3056264580524357
Round,4.04,Ideal,G,VS2,EX,EX,1.01,GIA,61.9,57.0,None,None,2008-12-11,132887.0,11.79725442200865,1.3962446919730587
Round,5.41,Very Good,H,SI1,EX,EX,1.0,GIA,62.5,59.0,Faint,None,2008-12-10,133192.0,11.799546975224688,1.6882490928583902
Round,5.76,Ideal,F,SI2,VG,VG,1.01,GIA,62.2,59.0,None,None,2008-12-10,133391.0,11.801039943920843,1.7509374747078
Round,5.01,Ideal,J,IF,EX,EX,1.01,GIA,62.1,58.0,None,None,2008-12-10,133415.0,11.801219849920443,1.6114359150967734
Round,4.55,Ideal,H,VS2,VG,VG,1.01,GIA,59.6,58.0,None,None,2008-12-10,134100.0,11.80634106926977,1.5151272329628591
Emerald,5.1,Good,H,VS1,VG,G,1.11,GIA,71.7,58.0,None,None,2008-12-10,134634.0,11.810315264591857,1.62924053973028
Round,4.01,Very Good,F,VS2,VG,G,1.01,GIA,61.1,60.0,None,None,2008-12-10,134669.0,11.810575194857744,1.3887912413184778
Emerald,3.03,Very Good,D,IF,VG,G,1.33,GIA,66.6,64.0,None,Small,2008-12-10,134761.0,11.81125811809254,1.1085626195212777
Emerald,4.03,Good,F,VVS1,VG,VG,1.43,GIA,72.9,63.0,None,Small,2008-12-10,134772.0,11.811339740751036,1.3937663759585917
Princess,5.01,Good,F,VS2,G,G,1.06,GIA,64.7,82.0,None,None,2008-12-10,135030.0,11.813252254955088,1.6114359150967734
Princess,5.06,Very Good,D,SI1,VG,VG,1.01,GIA,64.1,65.0,Faint,None,2008-12-10,135458.0,11.816416908153771,1.6213664832993742
Round,4.0,Very Good,D,VS2,VG,G,1.01,GIA,60.1,53.0,Medium Blue,None,2008-12-10,135918.0,11.81980704169959,1.3862943611198906
Round,5.3,Ideal,H,SI1,EX,EX,1.0,GIA,59.6,60.0,None,None,2008-12-10,136697.0,11.825522076604365,1.667706820558076
Emerald,4.02,Very Good,F,VVS2,G,G,1.35,GIA,65.5,64.0,None,Medium,2008-12-16,136882.0,11.826874519797729,1.3912819026309295
Round,5.81,Ideal,I,VS2,ID,ID,1.0,AGSL,61.7,56.0,None,Very Small,2008-12-10,137413.0,11.83074626855966,1.7595805708638197
Round,4.0,Ideal,H,VVS1,EX,VG,1.01,GIA,61.6,55.0,None,None,2008-12-12,138669.0,11.839845077356797,1.3862943611198906
Round,5.01,Ideal,I,VS2,EX,EX,1.0,GIA,59.2,60.0,Medium Blue,None,2008-12-10,139014.0,11.842329926465428,1.6114359150967734
Round,2.71,Ideal,D,IF,EX,EX,1.0,GIA,62.0,57.0,None,None,2008-12-11,139269.0,11.844162593724095,0.9969486348916096
Round,6.76,Very Good,J,VS2,EX,EX,1.01,GIA,62.8,59.0,Very Strong Blue,None,2008-12-10,140046.0,11.849726219052242,1.9110228900548727
Princess,5.12,Good,H,VVS2,VG,VG,1.08,GIA,76.7,69.0,None,None,2008-12-10,140926.0,11.855990208897635,1.6331544390514163
Round,3.0,Very Good,D,VVS2,EX,VG,1.0,GIA,62.5,58.0,None,None,2008-12-10,141065.0,11.856976056043521,1.0986122886681098
Emerald,6.06,Very Good,I,IF,G,EX,1.52,GIA,68.1,61.0,None,None,2008-12-10,143152.0,11.871662281787378,1.801709800081223
Round,3.03,Very Good,D,VVS1,EX,EX,1.0,GIA,62.7,59.0,None,None,2008-12-10,143204.0,11.872025466079458,1.1085626195212777
Round,4.03,Very Good,F,VS2,EX,EX,1.0,GIA,62.7,56.0,Medium Blue,None,2008-12-10,146014.0,11.89145778650424,1.3937663759585917
Round,5.03,Very Good,I,VVS2,VG,VG,1.01,GIA,64.6,56.0,None,None,2008-12-10,146021.0,11.891505725963562,1.6154199841116479
Emerald,5.02,Very Good,F,VS2,EX,EX,1.5,AGSL,69.9,61.0,None,Small,2008-12-10,146187.0,11.892641903055615,1.6134299337036377
Emerald,4.05,Very Good,F,VVS2,G,G,1.68,GIA,68.1,64.0,Faint,Small,2008-12-10,147073.0,11.89868434113603,1.3987168811184478
Emerald,5.06,Good,F,VS2,VG,VG,1.33,GIA,72.8,71.0,None,None,2008-12-10,147351.0,11.900572774705418,1.6213664832993742
Round,4.44,Very Good,F,VS2,VG,EX,1.0,GIA,62.4,56.0,Medium Blue,None,2008-12-16,148051.0,11.905312087981766,1.4906543764441336
Emerald,6.25,Very Good,I,VS2,EX,EX,1.36,GIA,68.9,71.0,Faint,None,2008-12-11,150291.0,11.920328693708651,1.8325814637483102
Emerald,4.27,Fair,D,VS1,VG,VG,1.08,GIA,68.8,53.0,None,Small,2008-12-10,150653.0,11.92273445806744,1.451613827240533
Emerald,7.01,Very Good,J,VS1,G,G,1.12,GIA,67.7,68.0,None,Small,2008-12-10,153326.0,11.940321652566508,1.9473377010464987
Emerald,11.21,Good,J,SI2,G,G,1.44,GIA,70.0,61.0,None,Small,2008-12-10,155168.0,11.952263679905078,2.4168062370840686
Round,3.07,Ideal,D,VVS2,VG,VG,1.01,GIA,61.5,56.0,None,None,2008-12-11,155868.0,11.956764774195284,1.1216775615991057
Round,5.01,Good,I,VS1,VG,G,1.01,GIA,61.8,61.0,None,Very Small,2008-12-10,156360.0,11.959916319906892,1.6114359150967734
Round,5.01,Very Good,I,VS1,VG,VG,1.01,GIA,62.8,59.0,Faint,Small,2008-12-10,156360.0,11.959916319906892,1.6114359150967734
Round,5.0,Very Good,I,VVS2,G,G,1.01,GIA,60.6,60.0,None,Very Small,2008-12-10,157474.0,11.967015644255648,1.6094379124341003
Round,5.48,Ideal,I,VS2,EX,EX,1.01,GIA,61.6,53.0,None,None,2008-12-11,157585.0,11.96772027421126,1.7011051009599243
Round,4.01,Ideal,D,VS2,EX,VG,1.02,GIA,59.3,59.0,None,None,2008-12-10,158802.0,11.9754134221743,1.3887912413184778
Round,6.11,Ideal,J,VS2,EX,EX,1.01,GIA,60.1,58.0,Faint,None,2008-12-10,159294.0,11.978506830405376,1.809926773183504
Round,3.0,Ideal,D,VVS2,EX,EX,1.01,GIA,61.1,58.0,Faint Blue,None,2008-12-10,160892.0,11.988488611421197,1.0986122886681098
Round,3.1,Ideal,D,VVS1,EX,EX,1.0,GIA,60.6,57.0,None,None,2008-12-10,160998.0,11.989147221529194,1.1314021114911006
Round,4.01,Very Good,D,VS2,VG,G,1.01,GIA,61.9,53.0,None,None,2008-12-11,163210.0,12.002792994144741,1.3887912413184778
Round,5.1,Good,D,SI1,G,G,1.01,GIA,58.7,62.0,Strong Blue,Very Small,2008-12-10,165153.0,12.014627595958217,1.62924053973028
Emerald,4.04,Very Good,D,VS1,VG,VG,1.5,GIA,63.0,70.0,None,None,2008-12-10,165642.0,12.017584111964778,1.3962446919730587
Round,6.02,Ideal,I,VS2,EX,EX,1.0,GIA,62.4,55.0,Faint,None,2008-12-16,166183.0,12.020844869769949,1.7950872593207297
Round,5.27,Ideal,I,VVS2,EX,EX,1.0,GIA,61.5,57.0,None,None,2008-12-10,167561.0,12.02910274305462,1.6620303625532709
Emerald,6.01,Very Good,I,VVS1,G,G,1.26,GIA,68.6,68.0,None,Very Small,2008-12-10,168011.0,12.0317847324324,1.7934247485471162
Emerald,5.0,Good,G,VS1,G,G,1.14,GIA,73.5,62.0,Faint,Medium,2008-12-10,168646.0,12.035557122449854,1.6094379124341003
Emerald,5.02,Very Good,G,IF,EX,EX,1.39,GIA,64.0,59.0,Faint,None,2008-12-10,169421.0,12.040142020458973,1.6134299337036377
Round,4.02,Very Good,G,VS1,VG,VG,1.01,GIA,61.1,59.0,None,None,2008-12-10,170363.0,12.045686733649651,1.3912819026309295
Round,5.02,Very Good,G,VS2,EX,VG,1.0,GIA,63.6,57.0,Strong Blue,None,2008-12-10,171194.0,12.050552695346656,1.6134299337036377
Round,4.04,Ideal,G,VS1,EX,EX,1.01,GIA,60.1,57.0,Faint,None,2008-12-10,171320.0,12.051288431729308,1.3962446919730587
Emerald,5.04,Very Good,G,VS1,EX,EX,1.25,GIA,69.9,61.0,Medium Blue,None,2008-12-10,171420.0,12.051871964452873,1.6174060820832772
Round,5.62,Ideal,I,VS1,VG,VG,1.01,GIA,60.6,57.0,Medium,Very Small,2008-12-10,172049.0,12.055534598944858,1.7263316639055997
Princess,5.8,Good,G,VS2,VG,VG,1.05,GIA,75.4,69.0,None,None,2008-12-10,172785.0,12.059803326028716,1.7578579175523736
Round,5.01,Ideal,I,IF,EX,EX,1.01,GIA,61.2,57.0,None,None,2008-12-10,173122.0,12.061751827253744,1.6114359150967734
Round,4.01,Very Good,D,VS2,EX,EX,1.01,GIA,62.0,56.0,None,None,2008-12-11,173774.0,12.06551088338444,1.3887912413184778
Round,4.03,Very Good,G,VVS1,VG,G,1.01,GIA,60.4,60.0,Faint,None,2008-12-10,175014.0,12.072621249705822,1.3937663759585917
Emerald,5.13,Very Good,G,VVS2,VG,VG,1.15,GIA,66.0,60.0,None,Very Small,2008-12-10,175694.0,12.07649912447428,1.6351056591826783
Round,4.21,Ideal,G,VS1,EX,EX,1.0,GIA,62.5,55.0,None,None,2008-12-10,178526.0,12.092489527858001,1.43746264769429
Round,7.78,Very Good,J,VS2,G,VG,1.01,GIA,62.5,60.0,Strong Blue,None,2008-12-10,179187.0,12.09618523224862,2.0515563381903004
Round,3.08,Ideal,D,IF,ID,ID,1.01,AGSL,60.0,57.0,None,Very Small,2008-12-10,179407.0,12.097412246797676,1.1249295969854831
Princess,5.14,Very Good,G,VVS1,VG,G,1.04,GIA,74.5,73.0,Medium Blue,None,2008-12-10,180309.0,12.10242732475093,1.6370530794670737
Round,5.36,Ideal,I,VS1,EX,EX,1.0,GIA,62.3,54.0,None,None,2008-12-10,180524.0,12.103619011905066,1.6789639750827108
Round,5.45,Ideal,H,VS2,VG,VG,1.0,GIA,62.1,56.0,Medium,None,2008-12-10,181256.0,12.107665675617291,1.6956156086751528
Round,4.28,Ideal,G,VS1,EX,EX,1.01,GIA,61.5,57.0,None,None,2008-12-10,181494.0,12.10897787428938,1.4539530095937054
Emerald,5.15,Very Good,D,VS2,VG,EX,1.2,GIA,69.8,58.0,Medium Blue,Very Small,2008-12-10,182572.0,12.11489989474986,1.6389967146756448
Round,5.08,Ideal,H,VS2,EX,EX,1.0,GIA,61.0,56.0,None,None,2008-12-11,182742.0,12.115830601004049,1.6253112615903906
Round,5.67,Ideal,H,VS2,ID,ID,1.0,AGSL,61.8,54.0,None,Very Small,2008-12-10,182768.0,12.115972867973728,1.7351891177396608
Round,6.53,Ideal,J,VS1,EX,EX,1.0,GIA,60.2,58.0,None,None,2008-12-10,182960.0,12.117022828696662,1.8764069432883397
Round,3.0,Ideal,D,VVS1,EX,VG,1.01,GIA,62.0,59.0,None,None,2008-12-10,184143.0,12.123467908660901,1.0986122886681098
Round,5.15,Ideal,H,VS1,VG,VG,1.01,GIA,61.6,57.0,None,None,2008-12-10,184418.0,12.124960199223569,1.6389967146756448
Round,4.22,Ideal,G,VS1,EX,EX,1.01,GIA,61.1,54.0,None,None,2008-12-10,185476.0,12.130680772605398,1.4398351280479205
Emerald,4.85,Very Good,D,VS2,EX,EX,1.05,GIA,61.3,60.0,Faint,Small,2008-12-10,186358.0,12.135424833956426,1.5789787049493917
Emerald,5.94,Very Good,H,VS1,VG,G,1.33,GIA,67.5,67.0,None,Very Small,2008-12-10,187081.0,12.139296957132357,1.7817091333745536
Round,3.03,Ideal,D,VVS1,EX,EX,1.01,GIA,62.3,58.0,None,None,2008-12-16,187843.0,12.143361786533514,1.1085626195212777
Emerald,5.29,Very Good,G,VVS2,EX,VG,1.46,GIA,60.8,72.0,Faint,None,2008-12-10,187963.0,12.144000413932112,1.665818245870208
Emerald,7.03,Good,I,VS1,G,G,1.11,GIA,71.9,63.0,None,Medium,2008-12-10,188897.0,12.14895717194475,1.9501867058225735
Round,3.02,Very Good,D,IF,VG,VG,1.01,GIA,62.5,59.0,Strong,None,2008-12-10,190217.0,12.15592080469973,1.1052568313867783
Round,4.45,Ideal,F,VVS2,EX,VG,1.01,GIA,59.2,60.0,None,None,2008-12-16,192179.0,12.166182508362626,1.4929040961781488
Round,4.05,Very Good,F,VS1,EX,VG,1.0,GIA,58.1,61.0,None,Very Small,2008-12-10,193179.0,12.17137249920058,1.3987168811184478
Round,4.06,Ideal,F,VS1,EX,VG,1.01,GIA,61.2,58.0,None,None,2008-12-11,193199.0,12.171476024763722,1.4011829736136412
Round,5.39,Ideal,H,VS2,EX,EX,1.01,GIA,62.1,56.0,None,None,2008-12-11,193745.0,12.174298140430988,1.6845453849209058
Emerald,5.08,Very Good,G,VVS2,G,G,1.23,GIA,69.0,63.0,Faint,Very Small,2008-12-10,194210.0,12.176695326819496,1.6253112615903906
Round,5.15,Ideal,H,VS1,EX,EX,1.0,GIA,60.9,58.0,None,None,2008-12-10,194437.0,12.177863482116274,1.6389967146756448
Emerald,5.76,Good,H,IF,G,G,1.45,GIA,57.3,65.0,Faint,Very Small,2008-12-10,194784.0,12.17964653129365,1.7509374747078
Round,5.01,Good,G,VS2,VG,G,1.01,GIA,63.7,59.0,Faint,None,2008-12-10,195864.0,12.18517581981719,1.6114359150967734
Round,4.38,Ideal,G,VVS2,VG,VG,1.01,GIA,61.6,59.0,Faint,Very Small,2008-12-10,196934.0,12.190623926205875,1.4770487243883548
Round,4.04,Ideal,F,VS1,EX,EX,1.0,GIA,62.1,56.0,None,None,2008-12-11,198357.0,12.197823716471762,1.3962446919730587
Round,5.16,Very Good,H,VS1,VG,G,1.01,GIA,60.7,57.0,Faint,Very Small,2008-12-10,198936.0,12.200738443939471,1.6409365794934714
Round,3.02,Good,D,IF,VG,G,1.02,GIA,61.2,62.0,Medium,Very Small,2008-12-10,200225.0,12.207197013191884,1.1052568313867783
Round,5.01,Very Good,G,VS2,EX,EX,1.0,GIA,63.4,59.0,None,None,2008-12-10,201716.0,12.214616046527468,1.6114359150967734
Emerald,5.06,Good,F,VS1,G,G,1.55,GIA,71.0,65.0,Strong Blue,Small,2008-12-10,202078.0,12.216409040464875,1.6213664832993742
Round,5.03,Very Good,G,VS2,EX,VG,1.01,GIA,60.7,61.0,Faint,Very Small,2008-12-10,202572.0,12.218850657889389,1.6154199841116479
Round,5.03,Very Good,G,VS2,VG,VG,1.01,GIA,61.5,60.0,None,None,2008-12-10,202572.0,12.218850657889389,1.6154199841116479
Round,4.3,Ideal,G,VS1,EX,VG,1.01,GIA,60.7,58.0,None,None,2008-12-10,202731.0,12.21963525611914,1.4586150226995167
Emerald,5.48,Good,F,VS1,VG,G,1.34,GIA,72.3,59.0,None,Small,2008-12-10,203721.0,12.224506689684706,1.7011051009599243
Emerald,5.01,Very Good,G,IF,VG,G,1.32,GIA,64.7,67.0,None,Small,2008-12-10,204506.0,12.22835259388789,1.6114359150967734
Round,4.02,Ideal,F,VS1,EX,EX,1.01,GIA,60.9,60.0,None,None,2008-12-10,205105.0,12.231277322115348,1.3912819026309295
Round,4.07,Ideal,F,VS1,EX,EX,1.01,GIA,60.3,56.0,None,None,2008-12-10,207522.0,12.242992637129118,1.4036429994545037
Round,4.76,Ideal,F,VS2,EX,VG,1.01,GIA,62.4,57.0,None,None,2008-12-11,209027.0,12.250218709205948,1.5602476682433286
Round,6.47,Very Good,I,VVS2,VG,G,1.02,GIA,60.3,62.0,Medium,Very Small,2008-12-10,209897.0,12.254372213186338,1.8671761085128091
Round,4.65,Ideal,G,VS1,VG,VG,1.01,GIA,59.6,59.0,None,None,2008-12-10,210000.0,12.254862809699606,1.536867219599265
Round,4.06,Ideal,G,IF,EX,EX,1.0,GIA,61.9,55.0,None,None,2008-12-11,210997.0,12.259599194347649,1.4011829736136412
Emerald,5.0,Very Good,F,VVS2,EX,VG,1.34,GIA,68.5,65.0,Faint,Very Small,2008-12-10,211685.0,12.262854599629156,1.6094379124341003
Round,5.03,Ideal,I,IF,EX,EX,1.01,GIA,60.4,60.0,None,None,2008-12-10,212181.0,12.265194962981703,1.6154199841116479
Round,5.6,Ideal,I,VVS2,EX,EX,1.01,GIA,62.8,55.0,None,None,2008-12-10,212198.0,12.265275080046916,1.7227665977411035
Round,5.3,Ideal,G,VS2,ID,ID,1.0,AGSL,61.0,57.0,None,Very Small,2008-12-10,213388.0,12.270867383841322,1.667706820558076
Princess,5.02,Good,F,VVS1,G,G,1.06,GIA,61.8,80.0,Medium Blue,None,2008-12-10,213521.0,12.271490467469462,1.6134299337036377
Emerald,10.05,Very Good,I,SI1,G,G,1.29,GIA,69.3,69.0,None,Very Small,2008-12-10,213940.0,12.273450880860121,2.307572634505085
Round,3.37,Ideal,D,VVS1,EX,EX,1.0,GIA,60.3,58.0,None,None,2008-12-11,214289.0,12.275080850232904,1.2149127443642704
Round,7.45,Ideal,J,VS2,EX,EX,1.01,GIA,59.3,59.0,Faint,None,2008-12-10,214470.0,12.275925147429007,2.0082140323914683
Emerald,5.38,Very Good,F,VS1,EX,VG,1.28,GIA,63.1,69.0,None,Very Small,2008-12-10,214515.0,12.276134944975146,1.682688374173693
Round,3.24,Very Good,D,IF,VG,G,1.01,GIA,59.3,56.0,Strong,Very Small,2008-12-10,214805.0,12.277485918813342,1.1755733298042381
Round,5.12,Ideal,G,VS2,ID,ID,1.01,AGSL,61.4,57.0,None,Very Small,2008-12-10,216657.0,12.286070736823799,1.6331544390514163
Round,4.61,Ideal,F,VS2,EX,EX,1.0,GIA,61.5,56.0,None,None,2008-12-16,217089.0,12.288062686687743,1.5282278570085572
Round,5.36,Very Good,H,VVS1,EX,VG,1.01,GIA,59.2,59.0,Very Strong Blue,Small,2008-12-10,217308.0,12.289070981029342,1.6789639750827108
Round,5.03,Ideal,F,VS2,VG,VG,1.01,GIA,60.4,57.0,None,None,2008-12-10,217590.0,12.290367837025567,1.6154199841116479
Round,4.4,Ideal,G,VVS2,VG,EX,1.01,GIA,59.7,60.0,None,Very Small,2008-12-10,218230.0,12.293304831473046,1.4816045409242156
Round,5.85,Ideal,H,VS2,EX,VG,1.01,GIA,59.5,60.0,None,None,2008-12-10,218368.0,12.293936991971242,1.766441661243765
Round,8.07,Very Good,H,SI1,EX,VG,1.0,GIA,60.6,61.0,Faint Blue,Very Small,2008-12-11,220426.0,12.303317316635422,2.0881534822818573
Round,7.01,Good,H,VS2,VG,VG,1.01,GIA,62.3,61.0,Medium Blue,None,2008-12-11,221219.0,12.306908440059082,1.9473377010464987
Round,4.02,Very Good,D,VS1,EX,EX,1.0,GIA,63.1,57.0,None,None,2008-12-11,222085.0,12.310815470456353,1.3912819026309295
Round,5.09,Ideal,H,VS1,EX,EX,1.0,GIA,60.4,60.0,Faint,None,2008-12-10,222505.0,12.312704852246055,1.6272778305624314
Emerald,6.04,Very Good,H,IF,VG,G,1.18,GIA,64.5,62.0,None,Small,2008-12-10,222781.0,12.313944505122386,1.7984040119467235
Round,5.04,Ideal,G,VS2,EX,EX,1.02,GIA,59.5,58.0,None,None,2008-12-11,224315.0,12.320806592993641,1.6174060820832772
Princess,5.07,Good,D,VS2,EX,VG,1.09,GIA,78.0,78.0,None,None,2008-12-16,226280.0,12.329528449457092,1.623340817603092
Emerald,5.04,Very Good,F,VS1,EX,VG,1.34,GIA,67.9,69.0,None,None,2008-12-11,226713.0,12.331440179359648,1.6174060820832772
Emerald,6.67,Very Good,H,VS1,EX,EX,1.23,GIA,65.6,68.0,None,None,2008-12-10,226835.0,12.33197815991713,1.8976198599275322
Emerald,5.03,Very Good,F,VVS2,VG,VG,1.09,GIA,61.7,63.0,None,Very Small,2008-12-10,227464.0,12.334747263093352,1.6154199841116479
Emerald,5.03,Very Good,F,VVS2,VG,VG,1.09,GIA,61.7,63.0,None,Very Small,2008-12-10,227464.0,12.334747263093352,1.6154199841116479
Round,5.02,Very Good,F,VS2,EX,VG,1.01,GIA,58.6,60.0,Faint,Very Small,2008-12-10,228962.0,12.341311329902371,1.6134299337036377
Emerald,5.01,Very Good,F,VS1,G,G,1.35,GIA,69.2,64.0,Faint,Very Small,2008-12-10,228995.0,12.341455448236875,1.6114359150967734
Emerald,6.76,Good,H,VS1,EX,EX,1.3,GIA,61.6,73.0,Faint,None,2008-12-10,229895.0,12.345377961928428,1.9110228900548727
Emerald,7.44,Good,I,VVS2,VG,VG,1.25,GIA,70.3,61.0,Faint,Very Small,2008-12-10,230786.0,12.34924615319742,2.0068708488450007
Round,4.05,Very Good,D,VS1,VG,VG,1.01,GIA,58.9,60.0,None,None,2008-12-10,231101.0,12.350610123384222,1.3987168811184478
Round,5.06,Very Good,G,VS1,VG,VG,1.01,GIA,61.7,58.0,None,None,2008-12-11,231980.0,12.354406440035866,1.6213664832993742
Round,3.05,Ideal,D,IF,EX,EX,1.0,GIA,61.4,55.0,Faint,None,2008-12-11,232246.0,12.355552433707533,1.1151415906193203
Round,5.02,Ideal,G,VS1,EX,VG,1.01,GIA,61.6,56.0,None,None,2008-12-10,232963.0,12.358634921654794,1.6134299337036377
Emerald,5.1,Good,G,IF,EX,EX,1.25,GIA,70.2,62.0,Medium Blue,None,2008-12-10,233060.0,12.359051210127255,1.62924053973028
Round,5.01,Ideal,G,VS2,EX,EX,1.01,GIA,62.6,54.0,None,None,2008-12-11,233612.0,12.361416898479836,1.6114359150967734
Emerald,7.75,Very Good,I,VS2,EX,VG,1.21,GIA,66.2,64.0,Faint,None,2008-12-10,233965.0,12.362926810503161,2.0476928433652555
Emerald,7.25,Very Good,I,VS1,EX,EX,1.27,GIA,69.6,67.0,None,None,2008-12-10,234115.0,12.363567726607823,1.9810014688665833
Round,5.23,Ideal,G,VS2,EX,EX,1.0,GIA,59.9,58.0,Faint,None,2008-12-11,234826.0,12.366600093344013,1.6544112780768316
Round,7.71,Very Good,I,VS1,EX,EX,1.01,GIA,62.3,58.0,Medium,None,2008-12-11,234898.0,12.36690665634937,2.0425181875752383
Round,5.04,Ideal,H,VVS1,EX,EX,1.01,GIA,61.8,57.0,Faint Blue,None,2008-12-10,235401.0,12.36904572188765,1.6174060820832772
Round,5.0,Ideal,H,VVS2,EX,EX,1.01,GIA,62.1,56.0,None,None,2008-12-10,236186.0,12.3723749091852,1.6094379124341003
Round,5.23,Ideal,G,VS2,EX,EX,1.01,GIA,60.8,58.0,Faint,None,2008-12-10,236332.0,12.372992875081298,1.6544112780768316
Emerald,7.64,Very Good,H,VS2,VG,VG,1.26,GIA,69.2,59.0,Faint Blue,None,2008-12-11,236827.0,12.375085195762441,2.033397603178429
Round,6.52,Ideal,I,VS1,EX,EX,1.01,GIA,59.2,60.0,None,None,2008-12-16,237995.0,12.38000494402957,1.8748743759385615
Emerald,5.02,Very Good,D,VS2,VG,G,1.57,GIA,61.3,69.0,None,Very Small,2008-12-10,239215.0,12.385118008122586,1.6134299337036377
Round,6.34,Ideal,I,VVS2,EX,EX,1.0,GIA,62.7,56.0,Faint,Very Small,2008-12-11,241380.0,12.394127734171889,1.8468787684491346
Round,4.5,Ideal,D,VS2,EX,EX,1.01,GIA,60.7,59.0,None,None,2008-12-16,241682.0,12.395378091431807,1.5040773967762742
Emerald,6.02,Very Good,G,VS1,VG,G,1.19,GIA,69.0,60.0,Faint,Small,2008-12-10,242739.0,12.399742071017691,1.7950872593207297
Emerald,11.13,Very Good,J,VS2,G,G,1.33,GIA,69.7,67.0,None,Very Small,2008-12-10,244095.0,12.405312772762825,2.4096441652874536
Round,5.07,Ideal,G,VS1,ID,ID,1.0,AGSL,61.5,57.0,None,Pointed,2008-12-10,247926.0,12.420885593524059,1.623340817603092
Round,5.49,Ideal,G,VS2,EX,EX,1.0,GIA,61.6,56.0,Faint,Very Small,2008-12-10,248076.0,12.421490429813318,1.7029282555214393
Round,5.94,Very Good,G,VS2,EX,EX,1.0,GIA,59.8,59.0,Faint,None,2008-12-11,250573.0,12.43150557421899,1.7817091333745536
Round,5.49,Ideal,G,VS2,EX,EX,1.01,GIA,61.3,57.0,Faint,None,2008-12-11,250818.0,12.432482855500464,1.7029282555214393
Round,5.06,Ideal,H,VVS2,EX,EX,1.01,GIA,61.9,57.0,None,None,2008-12-10,253484.0,12.443055983650645,1.6213664832993742
Round,5.01,Very Good,G,VVS2,VG,G,1.01,GIA,60.9,58.0,Faint,Very Small,2008-12-10,253980.0,12.445010802743024,1.6114359150967734
Round,6.02,Very Good,G,VS2,EX,VG,1.01,GIA,59.8,57.0,Faint Blue,None,2008-12-11,256395.0,12.454474503058478,1.7950872593207297
Round,7.75,Ideal,I,VS2,EX,VG,1.01,GIA,59.1,60.0,Medium Blue,None,2008-12-10,257830.0,12.460055731995356,2.0476928433652555
Round,5.4,Ideal,F,VS2,EX,VG,1.01,GIA,62.0,56.0,None,None,2008-12-10,258739.0,12.463575110580758,1.6863989535702288
Round,3.24,Ideal,D,IF,EX,EX,1.0,GIA,60.9,56.0,None,None,2008-12-11,261093.0,12.47263194467636,1.1755733298042381
Emerald,5.04,Very Good,F,VS1,EX,EX,1.31,GIA,64.4,70.0,Faint,None,2008-12-10,262441.0,12.477781573846311,1.6174060820832772
Round,5.41,Ideal,G,VS2,EX,EX,1.01,GIA,60.0,60.0,None,None,2008-12-10,263885.0,12.483268681163965,1.6882490928583902
Round,6.45,Ideal,I,VVS2,EX,EX,1.0,GIA,61.7,56.0,Faint,None,2008-12-10,264457.0,12.485433946175943,1.864080130807681
Round,5.43,Ideal,G,VS2,EX,EX,1.01,GIA,59.7,60.0,None,None,2008-12-10,264860.0,12.486956663480955,1.691939133945844
Princess,5.56,Very Good,F,VVS2,EX,VG,1.05,GIA,70.7,76.0,None,None,2008-12-10,265249.0,12.488424286440848,1.715598108262491
Round,6.36,Ideal,G,VS2,VG,VG,1.01,GIA,62.7,57.0,None,None,2008-12-10,266020.0,12.491326772907287,1.8500283773520307
Emerald,6.23,Very Good,G,VVS2,G,G,1.36,GIA,65.7,62.0,None,Small,2008-12-10,266660.0,12.49372971766945,1.8293763327993617
Emerald,5.25,Good,F,VVS1,VG,VG,1.12,GIA,69.9,56.0,None,Medium,2008-12-10,269453.0,12.504149257090718,1.6582280766035324
Round,5.17,Signature-Ideal,F,VS2,ID,ID,1.01,AGSL,60.5,56.0,None,Very Small,2008-12-10,270150.0,12.506732639272212,1.6428726885203377
Round,6.7,Very Good,H,VS1,EX,EX,1.01,GIA,62.2,58.0,Faint,None,2008-12-16,270667.0,12.50864456200204,1.9021075263969205
Emerald,5.01,Very Good,F,VVS2,VG,G,1.39,GIA,67.0,67.0,None,Small,2008-12-10,272324.0,12.514747812860914,1.6114359150967734
Round,5.43,Very Good,G,VVS2,VG,VG,1.01,GIA,60.9,59.0,Strong,Very Small,2008-12-10,272682.0,12.516061560054489,1.691939133945844
Round,4.02,Ideal,F,IF,EX,EX,1.01,GIA,59.5,60.0,None,Very Small,2008-12-10,274096.0,12.52123368897024,1.3912819026309295
Round,5.72,Ideal,H,IF,ID,ID,1.0,AGSL,60.2,57.8,None,Pointed,2008-12-10,274964.0,12.524395458988456,1.7439688053917064
Emerald,5.21,Very Good,D,VVS2,EX,VG,1.07,GIA,66.8,62.0,None,Very Small,2008-12-10,275143.0,12.52504624149556,1.6505798557652755
Round,8.04,Ideal,G,SI1,EX,EX,1.0,GIA,59.9,58.0,None,None,2008-12-11,275855.0,12.52763064432931,2.0844290831908747
Round,4.52,Ideal,F,VVS1,EX,EX,1.01,GIA,62.5,56.0,None,None,2008-12-10,276809.0,12.531083016647935,1.5085119938441398
Round,6.04,Ideal,I,VVS2,ID,ID,1.01,AGSL,61.9,57.6,None,Pointed,2008-12-10,278108.0,12.535764806439014,1.7984040119467235
Round,5.74,Very Good,G,IF,EX,EX,1.01,GIA,58.4,61.0,Very Strong Blue,Small,2008-12-10,279929.0,12.542291278568145,1.747459210331475
Round,7.55,Very Good,I,VS2,EX,VG,1.01,GIA,60.9,54.0,None,None,2008-12-10,281060.0,12.546323448654736,2.0215475632609334
Emerald,6.02,Very Good,G,VVS2,EX,EX,1.21,GIA,63.0,66.0,None,None,2008-12-10,283605.0,12.555337703950139,1.7950872593207297
Round,4.01,Ideal,F,VVS1,EX,EX,1.01,GIA,60.0,56.0,None,None,2008-12-10,286554.0,12.565682279051885,1.3887912413184778
Round,3.73,Ideal,D,FL,EX,EX,1.01,GIA,59.5,60.0,None,Very Small,2008-12-10,291278.0,12.582033416580206,1.3164082336557241
Emerald,5.01,Very Good,F,VVS1,VG,G,1.57,GIA,66.5,69.0,None,Small,2008-12-10,292659.0,12.586763387706252,1.6114359150967734
Round,5.01,Good,G,VVS2,VG,G,1.01,GIA,61.6,61.0,Faint,Very Small,2008-12-10,293512.0,12.58967380327479,1.6114359150967734
Round,6.93,Ideal,H,VS2,EX,EX,1.0,GIA,61.8,55.0,Faint,None,2008-12-10,294106.0,12.591695525558057,1.9358598132018119
Round,4.5,Ideal,F,VVS1,EX,EX,1.01,GIA,59.7,59.0,None,None,2008-12-10,294208.0,12.5920422791659,1.5040773967762742
Round,6.49,Ideal,H,VS1,EX,EX,1.0,GIA,62.3,55.0,Faint,None,2008-12-10,296372.0,12.599370701005215,1.8702625307159986
Emerald,5.02,Very Good,D,VVS2,VG,VG,1.13,GIA,67.4,69.0,None,None,2008-12-10,297034.0,12.601601889347195,1.6134299337036377
Round,5.08,Ideal,G,VS1,EX,EX,1.01,GIA,61.7,55.0,None,None,2008-12-10,300956.0,12.61471935364377,1.6253112615903906
Round,5.74,Good,G,VVS1,VG,G,1.01,GIA,60.1,58.0,None,None,2008-12-11,301708.0,12.617214941202626,1.747459210331475
Round,4.04,Ideal,F,IF,EX,VG,1.01,GIA,60.5,59.0,None,Very Small,2008-12-10,303185.0,12.622098459231045,1.3962446919730587
Round,4.5,Ideal,D,VVS1,VG,VG,1.01,GIA,62.7,54.0,Medium,Very Small,2008-12-11,304164.0,12.625322308608954,1.5040773967762742
Round,4.1,Ideal,D,VVS1,EX,EX,1.01,GIA,60.6,56.0,None,None,2008-12-10,304479.0,12.626357398236618,1.410986973710262
Emerald,5.22,Good,D,VVS2,VG,VG,1.27,GIA,70.9,63.0,Faint,Small,2008-12-10,308861.0,12.64064661648463,1.6524974018945473
Round,5.01,Very Good,G,IF,EX,VG,1.01,GIA,60.0,60.0,Medium Blue,None,2008-12-10,310996.0,12.647535329342324,1.6114359150967734
Round,5.1,Very Good,D,VS1,VG,EX,1.0,GIA,61.7,57.0,Strong,None,2008-12-10,313975.0,12.657068643886328,1.62924053973028
Round,4.05,Ideal,F,IF,EX,EX,1.0,GIA,59.9,59.0,None,None,2008-12-10,317742.0,12.66899501170879,1.3987168811184478
Round,5.07,Ideal,F,VVS2,EX,EX,1.0,GIA,62.9,56.0,Very Strong,None,2008-12-11,321445.0,12.680581734930273,1.623340817603092
Round,5.96,Ideal,G,VVS1,EX,EX,1.01,GIA,61.9,55.0,None,None,2008-12-10,322369.0,12.68345213114538,1.7850704810772584
Round,10.64,Very Good,J,SI1,EX,EX,1.0,GIA,62.3,59.0,Faint,None,2008-12-10,324439.0,12.689852815945528,2.3646204839134985
Emerald,8.05,Very Good,H,VS1,G,G,1.12,GIA,65.8,59.0,Faint,None,2008-12-10,325883.0,12.694293700224845,2.0856720914304723
Round,4.3,Ideal,D,VVS2,EX,EX,1.01,GIA,60.4,60.0,Faint,None,2008-12-10,327588.0,12.699512000253526,1.4586150226995167
Round,5.85,Ideal,G,VS1,EX,EX,1.01,GIA,60.8,56.0,Faint,None,2008-12-11,335775.0,12.724196571777275,1.766441661243765
Round,8.39,Ideal,I,VVS2,VG,VG,1.01,GIA,61.6,58.0,None,None,2008-12-10,336859.0,12.727419724155677,2.127040520479115
Round,5.16,Ideal,G,VVS2,EX,EX,1.0,GIA,60.1,60.0,Faint,None,2008-12-10,341261.0,12.740402859394022,1.6409365794934714
Emerald,10.91,Very Good,G,SI1,VG,G,1.15,GIA,66.1,66.0,Medium,Small,2008-12-10,344237.0,12.749085652624402,2.3896797998449792
Round,6.38,Ideal,F,VS2,VG,VG,1.01,GIA,62.2,55.0,None,None,2008-12-11,346263.0,12.754953880905239,1.8531680973566984
Round,6.69,Very Good,G,VS2,EX,EX,1.01,GIA,62.9,57.0,None,Very Small,2008-12-10,350869.0,12.7681682134111,1.900613874140137
Round,5.03,Ideal,F,VS1,EX,EX,1.01,GIA,62.1,57.0,None,None,2008-12-10,357068.0,12.785681518813966,1.6154199841116479
Round,5.74,Very Good,F,IF,EX,G,1.01,GIA,59.8,60.0,Strong,None,2008-12-16,359832.0,12.793392534842848,1.747459210331475
Round,4.68,Very Good,D,VVS1,VG,VG,1.01,GIA,59.2,59.0,None,None,2008-12-10,360854.0,12.796228723377322,1.5432981099295553
Round,5.17,Very Good,G,VVS1,VG,G,1.01,GIA,60.8,59.0,None,Very Small,2008-12-10,361957.0,12.79928069922208,1.6428726885203377
Round,7.01,Ideal,G,VS2,EX,VG,1.01,GIA,59.1,61.0,None,None,2008-12-10,371351.0,12.824902985971157,1.9473377010464987
Round,7.01,Very Good,G,VS1,EX,EX,1.0,GIA,59.0,60.0,None,None,2008-12-10,374847.0,12.834273221697902,1.9473377010464987
Emerald,7.02,Very Good,G,VVS2,G,G,1.26,GIA,68.8,66.0,Faint,Small,2008-12-10,375511.0,12.836043044031559,1.9487632180377197
Round,5.47,Ideal,F,VS1,EX,EX,1.01,GIA,60.8,57.0,None,Very Small,2008-12-10,376288.0,12.838110086623143,1.6992786164338898
Round,5.25,Ideal,F,VS1,EX,EX,1.01,GIA,61.4,57.0,None,None,2008-12-11,377739.0,12.841958759922777,1.6582280766035324
Emerald,10.95,Very Good,I,VVS2,VG,VG,1.26,GIA,66.0,61.0,None,Small,2008-12-10,382231.0,12.853780416865947,2.3933394562625097
Round,9.61,Ideal,H,VS1,EX,EX,1.01,GIA,61.5,57.0,Very Strong,None,2008-12-10,385830.0,12.863152136928242,2.262804222982201
Round,7.02,Ideal,G,VS2,EX,EX,1.0,GIA,61.2,57.0,Faint,None,2008-12-11,386978.0,12.866123122850816,1.9487632180377197
Round,5.03,Ideal,G,FL,EX,EX,1.01,GIA,60.4,60.0,None,None,2008-12-12,390829.0,12.876025403152953,1.6154199841116479
Emerald,9.03,Very Good,H,VVS2,VG,G,1.11,GIA,69.4,70.0,None,Small,2008-12-10,407377.0,12.917494325609248,2.200552367428894
Emerald,7.3,Very Good,G,VVS1,EX,VG,1.24,GIA,64.8,62.0,None,None,2008-12-10,408935.0,12.92131149818977,1.9878743481543455
Round,7.46,Ideal,G,VS1,EX,EX,1.0,GIA,61.8,57.0,Medium,None,2008-12-10,422376.0,12.953651191578157,2.0095554142156695
Round,6.27,Ideal,G,IF,EX,EX,1.01,GIA,62.0,55.0,None,None,2008-12-10,430769.0,12.973327262529411,1.8357763546448294
Emerald,12.58,Very Good,I,IF,VG,VG,1.55,GIA,60.7,68.0,None,Very Small,2008-12-16,444292.0,13.00423728290999,2.5321082512722946
Round,4.01,Very Good,D,IF,VG,G,1.02,GIA,61.6,58.0,None,Very Small,2008-12-10,444855.0,13.005503665353482,1.3887912413184778
Emerald,5.05,Very Good,D,FL,EX,EX,1.72,GIA,64.3,63.0,Faint,Medium,2008-12-10,448497.0,13.013657271495406,1.6193882432872684
Emerald,8.9,Very Good,F,VS2,VG,VG,1.2,GIA,67.1,57.0,None,Very Small,2008-12-11,454130.0,13.026138779647312,2.186051276738094
Round,4.23,Ideal,D,IF,EX,EX,1.0,GIA,62.0,56.0,None,None,2008-12-10,469774.0,13.060007006976464,1.4422019930581866
Round,5.46,Ideal,D,VS1,EX,EX,1.01,GIA,61.0,57.0,None,None,2008-12-16,470056.0,13.060607115524741,1.6974487897568136
Round,4.16,Very Good,D,IF,EX,EX,1.0,GIA,60.6,58.0,None,None,2008-12-10,470635.0,13.061838125650526,1.425515074273172
Round,4.27,Ideal,D,IF,VG,EX,1.01,GIA,61.4,57.0,None,Very Small,2008-12-10,475025.0,13.071122713210732,1.451613827240533
Round,5.13,Ideal,F,VVS2,EX,EX,1.01,GIA,60.8,58.0,None,None,2008-12-10,475490.0,13.072101130252221,1.6351056591826783
Emerald,5.27,Very Good,D,FL,EX,EX,1.18,GIA,64.5,57.0,None,Small,2008-12-16,476214.0,13.073622612014757,1.6620303625532709
Round,7.37,Ideal,G,VVS1,EX,EX,1.01,GIA,59.5,61.0,Faint,None,2008-12-10,489486.0,13.101111139930827,1.9974177062012453
Round,8.52,Ideal,G,VS2,EX,EX,1.0,GIA,61.8,56.0,None,None,2008-12-10,505711.0,13.133720638858396,2.1424163408412245
Round,5.04,Ideal,F,IF,EX,EX,1.01,GIA,60.7,59.0,None,None,2008-12-11,516452.0,13.154737630019014,1.6174060820832772
Emerald,5.13,Very Good,D,FL,EX,EX,1.11,GIA,61.5,64.0,None,Very Small,2008-12-10,525254.0,13.171637234099478,1.6351056591826783
Round,5.3,Ideal,D,VS1,EX,EX,1.01,GIA,61.4,56.0,None,None,2008-12-10,538159.0,13.19590933451432,1.667706820558076
Princess,11.91,Good,G,VS1,EX,VG,1.01,GIA,77.5,68.0,Strong Blue,None,2008-12-10,538806.0,13.197110859313804,2.477378383367209
Emerald,5.0,Very Good,D,IF,VG,G,1.47,GIA,67.3,60.0,None,Small,2008-12-10,544525.0,13.207669133983428,1.6094379124341003
Round,5.31,Ideal,D,VVS1,EX,EX,1.0,GIA,61.3,56.0,None,None,2008-12-16,556410.0,13.229260711551442,1.6695918352538475
Round,5.85,Ideal,D,VVS1,VG,VG,1.01,GIA,61.6,59.0,None,None,2008-12-12,576165.0,13.264149356990007,1.766441661243765
Round,5.33,Ideal,F,IF,EX,EX,1.0,GIA,61.9,56.0,None,None,2008-12-10,588137.0,13.284715192939343,1.673351238177753
Round,6.25,Ideal,D,VS1,EX,EX,1.0,GIA,60.3,57.0,None,None,2008-12-10,611291.0,13.323328393186369,1.8325814637483102
Round,10.08,Ideal,H,VS1,EX,EX,1.0,GIA,60.3,59.0,None,None,2008-12-10,623337.0,13.3428425824983,2.3105532626432224
Round,6.02,Very Good,D,VVS1,VG,G,1.01,GIA,61.0,60.0,Strong,Very Small,2008-12-10,630770.0,13.354696574284397,1.7950872593207297
Emerald,8.01,Very Good,F,VVS2,G,G,1.49,GIA,68.7,61.0,None,Small,2008-12-10,630884.0,13.354877289441342,2.080690761080268
Round,20.56,Very Good,I,SI1,EX,EX,1.01,GIA,62.2,59.0,Faint,None,2008-12-10,661857.0,13.402804799500583,3.0233474405869645
Round,5.01,Ideal,D,IF,VG,VG,1.01,GIA,60.8,56.0,None,None,2008-12-10,678161.0,13.42714000185947,1.6114359150967734
Round,7.16,Ideal,F,VVS2,EX,EX,1.01,GIA,62.5,54.0,None,None,2008-12-10,716900.0,13.482691639840963,1.9685099809725544
Round,7.53,Ideal,F,VVS2,EX,EX,1.01,GIA,62.7,54.0,None,None,2008-12-10,753897.0,13.533011032884275,2.018895041811802
Round,5.24,Ideal,D,IF,VG,VG,1.01,GIA,62.6,54.0,None,None,2008-12-10,779380.0,13.566254010792813,1.6563214983329508
Round,5.34,Ideal,D,IF,EX,EX,1.0,GIA,61.6,57.0,None,None,2008-12-11,858530.0,13.662976903380054,1.6752256529721035
Round,7.09,Ideal,F,IF,EX,EX,1.0,GIA,62.3,54.0,None,None,2008-12-10,879685.0,13.687319167827914,1.958685340544036
Emerald,10.02,Very Good,F,VVS2,VG,G,1.39,GIA,69.2,62.0,Faint,Very Small,2008-12-10,925357.0,13.73793488798253,2.3045830956567186
Round,15.02,Ideal,G,VS2,EX,VG,1.01,GIA,61.7,55.0,None,None,2008-12-10,1046732.0,13.861183487650422,2.7093826463359885
Round,12.35,Ideal,G,IF,EX,EX,1.01,GIA,59.8,60.0,Faint,None,2008-12-16,1317701.0,14.091399109431135,2.513656063073986
Round,8.62,Ideal,D,VVS1,EX,EX,1.0,GIA,59.9,55.0,None,None,2008-12-11,1327509.0,14.098814811736267,2.1540850846756014
Round,14.2,Ideal,G,VS2,EX,EX,1.01,GIA,60.1,61.0,Faint,None,2008-12-16,1375052.0,14.134002106549538,2.653241964607215
