Time,T-Bills,VWD Index ,CPI,Risk-free Rate,VW Return,Inflation,Excess TBill,Excess VWD,Date
1925.9166666666667,38.680161,,42.187649,,,,-3.507488000000002,,251231.0
1926.0,38.81105,1.471,42.187649,0.0033838794000884166,,0.0,-3.376598999999999,-40.716649000000004,260130.0
1926.0833333333333,38.9151,1.424,42.03054,0.002680937516506275,-0.03195105370496271,-0.00372405203238508,-3.1154399999999995,-40.60654,260227.0
1926.1666666666667,39.031601,1.332,41.79488,0.0029937222312161477,-0.06460674157303362,-0.005606875381567852,-2.763278999999997,-40.46288,260331.0
1926.25,39.165359,1.381,42.187649,0.003426915539539366,0.036786786786786735,0.009397538645882013,-3.022289999999998,-40.806649,260430.0
1926.3333333333333,39.170391,1.401,41.951962,0.00012848088536606864,0.014482259232440273,-0.005586635083647317,-2.7815709999999996,-40.550962,260528.0
1926.4166666666667,39.305882,1.479,41.637699,0.0034590157652496932,0.05567451820128484,-0.007491020324627581,-2.331817000000001,-40.158699,260630.0
1926.5,39.394039,1.521,41.244888,0.002242844976739168,0.028397565922920767,-0.009434022759038502,-1.8508490000000037,-39.723888,260731.0
1926.5833333333333,39.49395,1.563,41.00922,0.0025361958950185014,0.02761341222879687,-0.005713871740905296,-1.515270000000001,-39.44622,260831.0
1926.6666666666667,39.583721,1.567,41.2449,0.0022730316921958666,0.0025591810620601433,0.005747000308711117,-1.6611790000000042,-39.6779,260930.0
1926.75,39.710171,1.524,41.402039,0.003194495029914078,-0.027440970006381574,0.0038099013453784785,-1.6918679999999995,-39.878039,261030.0
1926.8333333333333,39.832981,1.566,41.559158,0.003092658553396662,0.02755905511811026,0.0037949580212702674,-1.7261769999999999,-39.993157999999994,261130.0
1926.9166666666667,39.943642,1.611,41.559158,0.002778124991448678,0.028735632183908,0.0,-1.6155159999999995,-39.948158,261231.0
1927.0,40.042011,1.614,41.24493,0.002462694813858117,0.0018621973929237206,-0.007560980903414838,-1.2029189999999943,-39.63093,270131.0
1927.0833333333333,40.144901,1.687,40.930691,0.0025695512645455055,0.04522924411400245,-0.007618851577636173,-0.7857900000000058,-39.243691000000005,270228.0
1927.1666666666667,40.26376,1.698,40.695011,0.0029607496105171736,0.006520450503852933,-0.005758026415923496,-0.43125100000000316,-38.997011,270331.0
1927.25,40.366261,1.71,40.695011,0.0025457384009840048,0.007067137809187286,0.0,-0.32874999999999943,-38.985011,270430.0
1927.3333333333333,40.487679,1.808,41.009258,0.003007908015062343,0.05730994152046789,0.007722003073054869,-0.5215790000000027,-39.201258,270531.0
1927.4166666666667,40.59227,1.771,41.402081,0.0025832797182569842,-0.020464601769911585,0.00957888582134307,-0.8098110000000034,-39.631081,270630.0
1927.5,40.71365,1.905,40.616482,0.0029902244934811983,0.07566346696781487,-0.018974867471033757,0.09716800000000347,-38.711482,270730.0
1927.5833333333333,40.825901,1.953,40.380779,0.0027570851544875133,0.025196850393700808,-0.005803136766005507,0.4451220000000049,-38.427778999999994,270831.0
1927.6666666666667,40.911499,2.044,40.616482,0.002096659177221769,0.04659498207885303,0.005837009731783552,0.2950170000000014,-38.572482,270930.0
1927.75,41.01458,1.963,40.85218,0.002519609462366634,-0.03962818003913892,0.005803013663270968,0.1624000000000052,-38.889179999999996,271031.0
1927.8333333333333,41.10014,2.1,40.773621,0.0020860874352486595,0.06979113601630159,-0.001923006312025417,0.32651900000000467,-38.673621,271130.0
1927.9166666666667,41.191769,2.148,40.695049,0.0022294084643020074,0.022857142857142878,-0.0019270302237812335,0.4967200000000034,-38.547048999999994,271231.0
1928.0,41.296249,2.142,40.616508,0.0025364290618352017,-0.0027932960893855803,-0.0019299890755751197,0.6797409999999999,-38.474508,280131.0
1928.0833333333333,41.432289,2.113,40.223709,0.003294245925338017,-0.01353874883286644,-0.009670920011144326,1.2085799999999978,-38.110709,280229.0
1928.1666666666667,41.554211,2.303,40.223709,0.002942680767649718,0.08991954566966397,0.0,1.3305020000000027,-37.920709,280331.0
1928.25,41.646881,2.402,40.302269,0.002230098894189045,0.04298740772904915,0.0019530769775607485,1.344611999999998,-37.900269,280430.0
1928.3333333333333,41.781719,2.449,40.537949,0.0032376494172517267,0.019567027477102292,0.005847809710167807,1.243770000000005,-38.088949,280531.0
1928.4166666666667,41.912189,2.336,40.223701,0.0031226575431229963,-0.04614128215598203,-0.007751946207243963,1.6884879999999995,-37.887701,280630.0
1928.5,42.047379,2.36,40.223701,0.0032255533109950777,0.010273972602739736,0.0,1.823678000000001,-37.863701,280731.0
1928.5833333333333,42.18261,2.52,40.302261,0.003216157658721069,0.0677966101694916,0.0019530773660037667,1.8803489999999954,-37.782261,280831.0
1928.6666666666667,42.295712,2.599,40.616501,0.0026812470826249237,0.03134920634920642,0.007797081161277727,1.6792110000000022,-38.017500999999996,280929.0
1928.75,42.4683,2.653,40.537941,0.00408050820849162,0.020777222008464727,-0.0019341892596805193,1.9303590000000028,-37.884941,281031.0
1928.8333333333333,42.63184,2.973,40.459381,0.00385087229769022,0.12061816811157175,-0.001937937597767878,2.1724589999999964,-37.486381,281130.0
1928.9166666666667,42.657398,2.984,40.302238,0.0005995049709326116,0.0036999663639421866,-0.003883969455686873,2.355159999999998,-37.318238,281231.0
1929.0,42.804081,3.143,40.22369,0.0034386298010956012,0.053284182305629965,-0.0019489736525302873,2.5803909999999988,-37.08069,290131.0
1929.0833333333333,42.95702,3.142,40.14513,0.0035730004342343783,-0.00031816735602923637,-0.0019530779001129923,2.8118899999999982,-37.00313,290228.0
1929.1666666666667,43.104431,3.117,39.987999,0.003431592787395359,-0.007956715467854841,-0.003914073761873475,3.116431999999996,-36.870999000000005,290328.0
1929.25,43.258179,3.173,39.830849,0.003566872278165561,0.01796599294193136,-0.003929929076971354,3.4273299999999978,-36.657849,290430.0
1929.3333333333333,43.44799,2.997,40.066528,0.004387863853446046,-0.055468011345729644,0.005916996647497961,3.381461999999999,-37.069528,290531.0
1929.4166666666667,43.673611,3.295,40.223671,0.0051928984516891085,0.09943276609943279,0.003922051843374223,3.449939999999998,-36.928671,290629.0
1929.5,43.819698,3.446,40.616489,0.003344971864130983,0.04582701062215486,0.009765841611025465,3.203209000000001,-37.170489,290731.0
1929.5833333333333,43.996281,3.735,40.773602,0.004029763053136533,0.08386535113174687,0.0038682073184611154,3.2226790000000065,-37.038602,290830.0
1929.6666666666667,44.151119,3.552,40.69503,0.003519342919007132,-0.04899598393574293,-0.001927031121753582,3.4560889999999986,-37.14303,290930.0
1929.75,44.353569,2.854,40.69503,0.00458538774521205,-0.196509009009009,0.0,3.6585389999999975,-37.84103,291031.0
1929.8333333333333,44.519779,2.505,40.616489,0.0037473872733894205,-0.12228451296426075,-0.0019299899766630298,3.9032899999999984,-38.111489,291127.0
1929.9166666666667,44.68277,2.55,40.380791,0.0036610918486364927,0.017964071856287397,-0.005803012663157549,4.301978999999996,-37.830791000000005,291231.0
1930.0,44.74501,2.692,40.223671,0.001392930653135487,0.05568627450980406,-0.003890958946296991,4.5213389999999976,-37.531671,300131.0
1930.0833333333333,44.87764,2.764,40.066559,0.0029641294079495997,0.026745913818721996,-0.0039059587574690785,4.8110810000000015,-37.302558999999995,300228.0
1930.1666666666667,45.0336,2.976,39.830879,0.0034752273069617815,0.07670043415340094,-0.0058822121460441615,5.202720999999997,-36.854879000000004,300331.0
1930.25,45.12833,2.915,40.066559,0.002103540467561963,-0.02049731182795697,0.005917017297057265,5.061771,-37.151559,300430.0
1930.3333333333333,45.244839,2.878,39.830891,0.002581726378973045,-0.012692967409948516,-0.0058819126444074445,5.413947999999998,-36.952891,300529.0
1930.4166666666667,45.36668,2.424,39.595211,0.002692925926866563,-0.15774843641417657,-0.005917015514415736,5.771469000000003,-37.171211,300630.0
1930.5,45.456692,2.524,39.040878,0.001984099343394633,0.04125412541254129,-0.014000001161756651,6.4158139999999975,-36.516878,300731.0
1930.5833333333333,45.497028,2.533,38.805229,0.0008873500957791536,0.003565768621236092,-0.006035955441371022,6.691799000000003,-36.272228999999996,300829.0
1930.6666666666667,45.59679,2.218,39.04089,0.0021927146538010867,-0.12435846821950255,0.006072918678047238,6.555900000000001,-36.82289,300930.0
1930.75,45.636238,2.032,38.805241,0.0008651486212077681,-0.08385933273219114,-0.006035953586098963,6.830996999999996,-36.773241,301031.0
1930.8333333333333,45.695889,1.979,38.491032,0.001307097223921094,-0.026082677165354298,-0.00809707637172013,7.204857000000004,-36.512032,301129.0
1930.9166666666667,45.759781,1.826,37.941151,0.001398200175074734,-0.07731177362304195,-0.014285951075564803,7.818629999999999,-36.115151,301231.0
1931.0,45.826199,1.94,37.39127,0.001451449254095116,0.06243154435925513,-0.014492997326306711,8.434929000000004,-35.45127,310131.0
1931.0833333333333,45.844841,2.151,36.841389,0.00040679786687086624,0.10876288659793808,-0.014706133276564268,9.003452000000003,-34.690388999999996,310228.0
1931.1666666666667,45.904221,2.013,36.605721,0.0012952384326078766,-0.0641562064156206,-0.0063968272206022655,9.298499999999997,-34.592721000000004,310331.0
1931.25,45.938869,1.815,36.370049,0.0007547889768132025,-0.0983606557377049,-0.006438119331128623,9.568819999999995,-34.555049000000004,310430.0
1931.3333333333333,45.979061,1.574,35.977291,0.0008749018178920484,-0.13278236914600544,-0.010798940633816595,10.00177,-34.403291,310529.0
1931.4166666666667,46.01403,1.79,35.58453,0.0007605418475161268,0.13722998729351968,-0.010916914227922278,10.429499999999997,-33.79453,310630.0
1931.5,46.041069,1.677,35.505959,0.0005876251221638712,-0.06312849162011172,-0.002208010053807194,10.535110000000003,-33.828959,310731.0
1931.5833333333333,46.056999,1.678,35.427422,0.0003459954415914482,0.0005963029218842515,-0.002211938565016571,10.629576999999998,-33.749422,310831.0
1931.6666666666667,46.06876,1.192,35.270302,0.00025535749734801244,-0.2896305125148987,-0.0044349825962498495,10.798457999999997,-34.078302,310930.0
1931.75,46.115952,1.288,35.034618,0.0010243818153560583,0.08053691275167793,-0.006682222341050528,11.081333999999998,-33.746618000000005,311031.0
1931.8333333333333,46.193119,1.173,34.64185,0.0016733255338630519,-0.08928571428571427,-0.011210854361249314,11.551269000000005,-33.468849999999996,311130.0
1931.9166666666667,46.250832,1.015,34.327648,0.0012493852168761256,-0.13469735720375117,-0.009070012138497065,11.923184,-33.312648,311231.0
1932.0,46.357738,1.004,33.62067,0.0023114395001585064,-0.010837438423645221,-0.02059500260548018,12.737068,-32.61667,320130.0
1932.0833333333333,46.464378,1.062,33.149342,0.0023003710836798346,0.0577689243027889,-0.014018994862386733,13.315036000000006,-32.087342,320229.0
1932.1666666666667,46.540039,0.946,32.99221,0.0016283657127616482,-0.10922787193973643,-0.004740124253446634,13.547829,-32.04621,320331.0
1932.25,46.593342,0.776,32.75655,0.0011453148975659358,-0.17970401691331916,-0.007142898278108768,13.836792000000003,-31.980549999999997,320430.0
1932.3333333333333,46.621849,0.615,32.285252,0.0006118256123374369,-0.20747422680412375,-0.014387901045744968,14.336596999999998,-31.670252,320531.0
1932.4166666666667,46.632099,0.61,32.049561,0.00021985400021348799,-0.008130081300813016,-0.007300268246318869,14.582538,-31.439560999999998,320630.0
1932.5,46.64378,0.811,32.049561,0.00025049269174014536,0.3295081967213116,0.0,14.594219000000002,-31.238560999999997,320730.0
1932.5833333333333,46.65921,1.107,31.656799,0.0003308050934122846,0.36498150431565957,-0.012254832445286775,15.002411000000002,-30.549799,320831.0
1932.6666666666667,46.673679,1.073,31.499689,0.00031009954947797634,-0.030713640469738058,-0.004962914917582142,15.17399,-30.426689,320930.0
1932.75,46.682072,0.933,31.26403,0.0001798229790284605,-0.1304753028890959,-0.007481311958349756,15.418041999999996,-30.331030000000002,321031.0
1932.8333333333333,46.690701,0.882,31.106939,0.00018484612251142387,-0.05466237942122191,-0.005024656130383741,15.583761999999997,-30.224939,321130.0
1932.9166666666667,46.695728,0.921,30.792721,0.00010766597828560004,0.044217687074829974,-0.01010121889524393,15.903007000000002,-29.871721,321231.0
1933.0,46.700802,0.93,30.321409,0.00010866090362699703,0.009771986970684047,-0.01530595493655793,16.379393000000004,-29.391409,330131.0
1933.0833333333333,46.688419,0.806,29.85009,-0.0002651560459282864,-0.13333333333333333,-0.01554409955025499,16.838329,-29.04409,330228.0
1933.1666666666667,46.708031,0.82,29.614429,0.0004200613432636277,0.017369727047146278,-0.007894817067553241,17.093601999999997,-28.794429,330331.0
1933.25,46.75375,1.134,29.53586,0.0009788252474183356,0.38292682926829263,-0.0026530648286347733,17.217889999999997,-28.40186,330429.0
1933.3333333333333,46.773861,1.373,29.614429,0.00043014731438654634,0.2107583774250442,0.0026601223055635306,17.159431999999995,-28.241429,330531.0
1933.4166666666667,46.784889,1.556,29.92864,0.00023577271074549838,0.1332847778587036,0.010610064438520838,16.856249,-28.37264,330630.0
1933.5,46.793819,1.407,30.792709,0.0001908735959595723,-0.09575835475578408,0.02887097442449764,16.00111,-29.385709,330731.0
1933.5833333333333,46.805698,1.579,31.10692,0.00025385831406494986,0.12224591329068936,0.010204071359879387,15.698778,-29.527919999999998,330831.0
1933.6666666666667,46.812771,1.413,31.10692,0.0001511140801702889,-0.10512982900569977,0.0,15.705851,-29.69392,330930.0
1933.75,46.816761,1.296,31.10692,8.523315144069798e-05,-0.08280254777070063,0.0,15.709841,-29.81092,331031.0
1933.8333333333333,46.82523,1.426,31.10692,0.0001808967519132317,0.10030864197530856,0.0,15.718309999999999,-29.68092,331129.0
1933.9166666666667,46.834629,1.454,30.949789,0.0002007251219054756,0.01963534361851334,-0.0050513197706490934,15.88484,-29.495789,331230.0
1934.0,46.85672,1.643,31.10689,0.00047168090089927243,0.12998624484181573,0.005075995833121861,15.749830000000003,-29.46389,340131.0
1934.0833333333333,46.86832,1.604,31.34256,0.0002475632097166486,-0.023737066342057165,0.007576135062039276,15.525759999999998,-29.73856,340228.0
1934.1666666666667,46.878181,1.612,31.34256,0.00021039798311526392,0.00498753117206983,0.0,15.535620999999999,-29.730559999999997,340331.0
1934.25,46.881119,1.583,31.264009,6.267308025455019e-05,-0.017990074441687428,-0.0025062088100013965,15.617109999999997,-29.681009000000003,340430.0
1934.3333333333333,46.884178,1.471,31.342581,6.525014899922434e-05,-0.07075173720783315,0.0025131773727418527,15.541597,-29.871581,340531.0
1934.4166666666667,46.887119,1.508,31.42112,6.272905115239219e-05,0.02515295717199179,0.0025058242650788476,15.465999,-29.91312,340630.0
1934.5,46.890171,1.345,31.42112,6.50925044041164e-05,-0.1080901856763926,0.0,15.469051000000004,-30.07612,340731.0
1934.5833333333333,46.89323,1.425,31.49968,6.523755266323015e-05,0.05947955390334578,0.0025002291452374415,15.393550000000001,-30.07468,340831.0
1934.6666666666667,46.895939,1.421,31.97101,5.776953304338075e-05,-0.0028070175438596515,0.014963009148029383,14.924928999999999,-30.55001,340929.0
1934.75,46.90139,1.393,31.73535,0.00011623607749917879,-0.019704433497536963,-0.007371052713067223,15.166039999999999,-30.34235,341031.0
1934.8333333333333,46.905258,1.511,31.656811,8.247090331446896e-05,0.08470926058865749,-0.0024748112121025685,15.248447000000002,-30.145811000000002,341130.0
1934.9166666666667,46.910912,1.517,31.57827,0.00012054085706126646,0.003970880211780282,-0.0024810142752534773,15.332642000000003,-30.06127,341231.0
1935.0,46.916981,1.469,32.049568,0.00012937288450065837,-0.031641397495055915,0.014924756802700112,14.867412999999999,-30.580568,350131.0
1935.0833333333333,46.92506,1.44,32.285229,0.00017219778058614145,-0.01974132062627647,0.00735301642755373,14.639831000000001,-30.845229,350228.0
1935.1666666666667,46.930939,1.387,32.20668,0.0001252848691083227,-0.036805555555555515,-0.0024329701982291163,14.724259000000004,-30.819679999999998,350330.0
1935.25,46.937019,1.511,32.520889,0.0001295520637248958,0.08940158615717367,0.009756019558675348,14.416130000000003,-31.009888999999998,350430.0
1935.3333333333333,46.94313,1.563,32.363781,0.00013019574165962886,0.03441429516876244,-0.004830987246381666,14.579348999999993,-30.800781000000004,350531.0
1935.4166666666667,46.948811,1.649,32.285229,0.00012101877314109033,0.055022392834293075,-0.002427157692112734,14.663581999999998,-30.636229,350629.0
1935.5,46.955078,1.77,32.128132,0.00013348580861826583,0.07337780473013948,-0.0048659094225411955,14.826946,-30.358132,350731.0
1935.5833333333333,46.961151,1.819,32.128132,0.00012933638402220653,0.027683615819209,0.0,14.833019,-30.309132,350831.0
1935.6666666666667,46.96703,1.862,32.288769,0.00012518858407027097,0.023639362286970944,0.004999886081145373,14.678261,-30.426769,350930.0
1935.75,46.972912,1.992,32.288769,0.00012523678844499474,0.06981740064446826,0.0,14.684142999999999,-30.296769,351031.0
1935.8333333333333,46.984131,2.096,32.445889,0.0002388397806803415,0.05220883534136551,0.004866088267409607,14.538241999999997,-30.349889,351130.0
1935.9166666666667,46.990238,2.191,32.524441,0.00012998005645778753,0.04532442748091591,0.0024210154944437475,14.465796999999995,-30.333441000000004,351231.0
1936.0,46.996349,2.335,32.524441,0.00013004828790192969,0.06572341396622552,0.0,14.471907999999999,-30.189441000000002,360131.0
1936.0833333333333,47.002041,2.396,32.367321,0.00012111579135639356,0.026124197002141303,-0.004830828606708602,14.634720000000002,-29.971320999999996,360229.0
1936.1666666666667,47.01012,2.416,32.210209,0.00017188615277370973,0.008347245409015033,-0.004854031632707505,14.799911000000002,-29.794209,360331.0
1936.25,47.017971,2.227,32.210209,0.00016700659347396418,-0.07822847682119208,0.0,14.807762000000004,-29.983209,360430.0
1936.3333333333333,47.025551,2.34,32.210209,0.00016121495332066234,0.05074090704984283,0.0,14.815342000000001,-29.870209,360529.0
1936.4166666666667,47.03994,2.401,32.524448,0.00030598259231457635,0.026068376068376045,0.009755882055903475,14.515492000000002,-30.123448,360630.0
1936.5,47.046051,2.553,32.681568,0.00012991087998830549,0.06330695543523537,0.004830827567004336,14.364483,-30.128567999999998,360731.0
1936.5833333333333,47.0541,2.581,32.917278,0.00017108768597814408,0.010967489228358803,0.007212322248430814,14.136821999999995,-30.336278000000004,360831.0
1936.6666666666667,47.059212,2.619,32.99585,0.00010864090483090746,0.014722975590856356,0.002386953137498006,14.063362000000005,-30.376849999999997,360930.0
1936.75,47.068489,2.801,32.917278,0.00019713462265363293,0.06949217258495606,-0.0023812691596062563,14.151210999999996,-30.116278,361031.0
1936.8333333333333,47.072399,2.897,32.917278,8.307043805883885e-05,0.03427347375937152,0.0,14.155120999999994,-30.020278000000005,361130.0
1936.9166666666667,47.073711,2.901,32.917278,2.7871959532076388e-05,0.0013807386952019343,0.0,14.156433,-30.016278000000003,361231.0
1937.0,47.079048,2.995,33.152969,0.00011337538270558827,0.0324026197862807,0.007160099932928708,13.926079000000001,-30.157968999999998,370130.0
1937.0833333333333,47.08709,3.035,33.231541,0.00017081908708101347,0.013355592654424051,0.002369983816532426,13.855549000000003,-30.196541,370227.0
1937.1666666666667,47.093712,3.021,33.46722,0.00014063302701426277,-0.0046128500823724,0.007092027420576058,13.626491999999999,-30.446219999999997,370331.0
1937.25,47.109951,2.795,33.624352,0.00034482310504650574,-0.074809665673618,0.004695101654693885,13.485599,-30.829352,370430.0
1937.3333333333333,47.139851,2.772,33.781479,0.0006346854404496794,-0.008228980322003625,0.00467301198845395,13.358372000000003,-31.009479,370528.0
1937.4166666666667,47.15517,2.659,33.860062,0.00032496920705154717,-0.04076479076479076,0.002326215498143283,13.295107999999999,-31.201062,370630.0
1937.5,47.170219,2.884,34.01717,0.00031913785911501865,0.0846182775479504,0.004639920623890202,13.153049000000003,-31.13317,370731.0
1937.5833333333333,47.181862,2.753,34.095749,0.00024682946670227254,-0.04542302357836331,0.0023099805186615387,13.086113000000005,-31.342748999999998,370831.0
1937.6666666666667,47.19915,2.382,34.410011,0.0003664119911164302,-0.13476207773338175,0.009217043450196662,12.789139000000006,-32.028011,370930.0
1937.75,47.207039,2.156,34.252892,0.00016714284049604075,-0.09487825356842988,-0.004566083980618154,12.954146999999999,-32.096892000000004,371030.0
1937.8333333333333,47.216831,1.977,34.0172,0.00020742669329456054,-0.08302411873840447,-0.006880937235898219,13.199630999999997,-32.040200000000006,371130.0
1937.9166666666667,47.218719,1.897,33.93861,3.998574152511421e-05,-0.040465351542741564,-0.0023103018473009385,13.280109000000003,-32.04161,371231.0
1938.0,47.22031,1.912,33.463482,3.369426434456381e-05,0.007907221929362098,-0.01399963050932251,13.756827999999999,-31.551482,380131.0
1938.0833333333333,47.222591,2.022,33.14925,4.8305485499852295e-05,0.05753138075313801,-0.009390295965016341,14.073341,-31.127250000000004,380228.0
1938.1666666666667,47.219231,1.544,33.14925,-7.115238551820877e-05,-0.2363996043521265,0.0,14.069980999999999,-31.60525,380331.0
1938.25,47.225029,1.769,33.306381,0.0001227889543563011,0.14572538860103618,0.00474010724224529,13.918647999999997,-31.537381000000003,380430.0
1938.3333333333333,47.225842,1.7,33.149269,1.7215447342569993e-05,-0.039005087620124335,-0.004717174165515161,14.076573000000003,-31.449268999999997,380531.0
1938.4166666666667,47.22646,2.101,33.149269,1.3086055723535728e-05,0.2358823529411765,0.0,14.077191000000006,-31.048268999999998,380630.0
1938.5,47.223911,2.251,33.22784,-5.39739798410025e-05,0.07139457401237502,0.0023702181788685514,13.996071,-30.97684,380730.0
1938.5833333333333,47.225922,2.191,33.149288,4.25843594359643e-05,-0.026654820079964486,-0.0023640417192330875,14.076633999999999,-30.958288,380831.0
1938.6666666666667,47.234539,2.21,33.149288,0.00018246335137725813,0.008671839342765919,0.0,14.085251,-30.939287999999998,380930.0
1938.75,47.239491,2.381,32.992161,0.00010483853774889079,0.07737556561085965,-0.004739981142279605,14.247329999999998,-30.611161000000003,381031.0
1938.8333333333333,47.210209,2.337,32.913609,-0.0006198627330680177,-0.018479630407391683,-0.0023809292152763787,14.296599999999998,-30.576609,381130.0
1938.9166666666667,47.21106,2.432,32.992168,1.802576218216649e-05,0.04065040650406493,0.002386824246468945,14.218892000000004,-30.560168,381231.0
1939.0,47.208511,2.287,32.83506,-5.3991585869961627e-05,-0.0596217105263158,-0.004761978661117418,14.373451000000003,-30.54806,390131.0
1939.0833333333333,47.212769,2.366,32.677952,9.01956005348293e-05,0.03454306952339317,-0.004784763603294799,14.534817000000004,-30.311951999999998,390228.0
1939.1666666666667,47.208359,2.084,32.599388,-9.340693404362758e-05,-0.11918850380388843,-0.002404189834173209,14.608971000000004,-30.515387999999998,390331.0
1939.25,47.206581,2.079,32.520821,-3.766282153551687e-05,-0.0023992322456813306,-0.002410075919216631,14.685760000000002,-30.441820999999997,390429.0
1939.3333333333333,47.20956,2.222,32.520821,6.310560809314692e-05,0.06878306878306868,0.0,14.688739000000005,-30.298820999999997,390531.0
1939.4166666666667,47.215199,2.104,32.520821,0.00011944614607708829,-0.05310531053105305,0.0,14.694378,-30.416821,390630.0
1939.5,47.215778,2.317,32.520821,1.226300031059667e-05,0.10123574144486695,0.0,14.694957000000002,-30.203820999999998,390731.0
1939.5833333333333,47.213081,2.164,32.520821,-5.712073620808978e-05,-0.06603366422097541,0.0,14.692260000000005,-30.356820999999997,390831.0
1939.6666666666667,47.217789,2.509,33.149261,9.97181268471088e-05,0.15942698706099803,0.01932423538753849,14.068528,-30.640261000000002,390930.0
1939.75,47.218842,2.498,32.99213,2.2300917139488686e-05,-0.0043842168194498515,-0.0047401056693239605,14.226712,-30.494130000000002,391031.0
1939.8333333333333,47.219841,2.407,32.99213,2.115680854689732e-05,-0.036429143314651795,0.0,14.227711,-30.585130000000003,391130.0
1939.9166666666667,47.22081,2.48,32.835018,2.0521034791239072e-05,0.030328209389281244,-0.004762105386951525,14.385792000000002,-30.355017999999998,391230.0
1940.0,47.221661,2.419,32.756481,1.802171542583176e-05,-0.024596774193548363,-0.00239186712186353,14.465179999999997,-30.337481,400131.0
1940.0833333333333,47.222439,2.454,32.99213,1.6475489924082556e-05,0.014468788755684225,0.007193965676593961,14.230308999999998,-30.538130000000002,400229.0
1940.1666666666667,47.222439,2.5,32.91357,0.0,0.018744906275468546,-0.0023811739345111415,14.308869000000001,-30.41357,400330.0
1940.25,47.222858,2.503,32.91357,8.872900444655884e-06,0.0012000000000000454,0.0,14.309288000000002,-30.41057,400430.0
1940.3333333333333,47.21563,1.952,32.992142,-0.00015306146866428323,-0.22013583699560532,0.002387222048535033,14.223487999999996,-31.040142000000003,400531.0
1940.4166666666667,47.21756,2.082,33.07069,4.087629456604819e-05,0.06659836065573765,0.002380809345449527,14.14687,-30.98869,400629.0
1940.5,47.223129,2.149,32.992149,0.00011794340918931998,0.03218059558117203,-0.0023749428874934664,14.230980000000002,-30.843148999999997,400731.0
1940.5833333333333,47.220268,2.2,32.913601,-6.0584718983845586e-05,0.023731968357375597,-0.0023808088403091854,14.306666999999997,-30.713601,400831.0
1940.6666666666667,47.221039,2.251,32.992161,1.63277345228176e-05,0.02318181818181805,0.002386855209188538,14.228877999999995,-30.741161,400930.0
1940.75,47.221859,2.317,32.992161,1.7365140991592408e-05,0.029320302087961034,0.0,14.229697999999999,-30.675161000000003,401031.0
1940.8333333333333,47.222672,2.279,32.992161,1.721660301431252e-05,-0.01640051791109204,0.0,14.230511,-30.713161000000003,401130.0
1940.9166666666667,47.223091,2.295,33.149269,8.87285666498774e-06,0.007020623080298383,0.004761979671473893,14.073822,-30.854268999999995,401231.0
1941.0,47.219841,2.202,33.149269,-6.882226324393297e-05,-0.04052287581699345,0.0,14.070572000000006,-30.947269,410131.0
1941.0833333333333,47.21629,2.169,33.149269,-7.520143915778192e-05,-0.014986376021798328,0.0,14.067021000000004,-30.980268999999996,410228.0
1941.1666666666667,47.221661,2.19,33.3064,0.00011375311359695317,0.009681881051175614,0.004740104525381833,13.915261000000001,-31.116399999999995,410331.0
1941.25,47.218491,2.074,33.620609,-6.7130209587444e-05,-0.052968036529680414,0.009433892585209009,13.597881999999998,-31.546609000000004,410430.0
1941.3333333333333,47.220539,2.104,33.856251,4.337283883133936e-05,0.014464802314368492,0.0070088557884242534,13.364288000000002,-31.752251,410531.0
1941.4166666666667,47.222511,2.226,34.484661,4.176148857587114e-05,0.057984790874524655,0.01856112184423498,12.737849999999995,-32.258661000000004,410630.0
1941.5,47.23613,2.357,34.641781,0.00028840058928686785,0.058849955076370274,0.004556228637422274,12.594349000000001,-32.284781,410731.0
1941.5833333333333,47.2393,2.359,34.955971,6.710964678937988e-05,0.0008485362749256596,0.009069683801765168,12.283329000000002,-32.596970999999996,410830.0
1941.6666666666667,47.243359,2.341,35.584412,8.592421987620554e-05,-0.007630351844001609,0.0179780730450887,11.658946999999998,-33.243412,410930.0
1941.75,47.245258,2.221,35.977188,4.0196125766621495e-05,-0.05126014523707821,0.011037866805274112,11.268070000000002,-33.756187999999995,411031.0
1941.8333333333333,47.24762,2.178,36.29142,4.999443542033312e-05,-0.019360648356596195,0.0087342012388518,10.956199999999995,-34.113420000000005,411129.0
1941.9166666666667,47.251369,2.077,36.369991,7.934791212761858e-05,-0.04637281910009182,0.002165002085892385,10.881377999999998,-34.292991,411231.0
1942.0,47.2598,2.089,36.841339,0.00017842869272214381,0.005777563793933563,0.012959805241634485,10.418461,-34.752339,420131.0
1942.0833333333333,47.265018,2.041,37.155602,0.00011041096238239008,-0.022977501196744875,0.008530173129700959,10.109415999999996,-35.114602000000005,420228.0
1942.1666666666667,47.27013,1.907,37.626919,0.0001081560997184853,-0.06565409113179808,0.012684951249074072,9.643211,-35.719919000000004,420331.0
1942.25,47.273338,1.825,37.862579,6.786526713594326e-05,-0.04299947561615106,0.006263069266978669,9.410759000000006,-36.037578999999994,420430.0
1942.3333333333333,47.285412,1.937,38.255329,0.00025540823878352663,0.061369863013698685,0.010373038772662756,9.030082999999998,-36.318329000000006,420529.0
1942.4166666666667,47.297169,1.986,38.33387,0.0002486390517226708,0.02529685080020647,0.002053073442395285,8.963299,-36.34787,420630.0
1942.5,47.30912,2.055,38.490959,0.00025267897112411477,0.034743202416918514,0.004097916542211865,8.818161000000003,-36.435959,420731.0
1942.5833333333333,47.322731,2.093,38.726601,0.0002877035125573542,0.01849148418491475,0.006122009067116403,8.596129999999995,-36.633601,420831.0
1942.6666666666667,47.33604,2.148,38.805141,0.00028123905190508914,0.026278069756330704,0.002028063345915556,8.530898999999998,-36.657140999999996,420930.0
1942.75,47.351051,2.294,39.19788,0.00031711566916035265,0.06797020484171318,0.010120798169500244,8.153171,-36.90388,421031.0
1942.8333333333333,47.365238,2.298,39.43354,0.00029961320182734125,0.0017436791630340033,0.0060120598358891575,7.931697999999997,-37.13554,421130.0
1942.9166666666667,47.378551,2.411,39.747749,0.000281071109576261,0.04917319408181026,0.007968064748942098,7.630802000000003,-37.336749,421231.0
1943.0,47.392509,2.592,39.747749,0.00029460588611068437,0.07507258399004564,0.0,7.644759999999998,-37.155749,430130.0
1943.0833333333333,47.40501,2.747,39.82629,0.00026377586381848484,0.05979938271604931,0.0019759861118173335,7.578719999999997,-37.07929,430227.0
1943.1666666666667,47.420052,2.916,40.45475,0.0003173082338765694,0.061521659992719344,0.0157800287197225,6.965302000000001,-37.53875,430331.0
1943.25,47.433899,2.936,40.926041,0.00029200727152299175,0.006858710562414273,0.011649830984000664,6.507857999999999,-37.990041,430430.0
1943.3333333333333,47.445782,3.103,41.240269,0.0002505170405663791,0.056880108991825704,0.007677947642187036,6.205513000000003,-38.137268999999996,430529.0
1943.4166666666667,47.460129,3.155,41.161709,0.0003023872596303877,0.01675797615211073,-0.001904934228241721,6.29842,-38.006709,430630.0
1943.5,47.473969,3.01,40.847481,0.00029161319810139464,-0.045958795562599054,-0.007633988180617086,6.626487999999995,-37.837481000000004,430731.0
1943.5833333333333,47.48798,3.049,40.69038,0.0002951301585928817,0.012956810631229285,-0.0038460388781380267,6.797600000000003,-37.64138,430831.0
1943.6666666666667,47.501438,3.122,40.847488,0.0002833980304068518,0.023942276156116746,0.003861060034337377,6.653950000000002,-37.725488,430930.0
1943.75,47.5149,3.084,41.004589,0.0002834019466946869,-0.012171684817424668,0.0038460382190455477,6.510310999999994,-37.920589,431030.0
1943.8333333333333,47.5289,2.904,40.926022,0.000294644416804053,-0.05836575875486386,-0.0019160538348524747,6.602877999999997,-38.02202200000001,431130.0
1943.9166666666667,47.543018,3.088,41.004601,0.00029704032704304747,0.06336088154269978,0.0019200253569720928,6.5384169999999955,-37.916601,431231.0
1944.0,47.556938,3.144,40.926041,0.0002927874709175158,0.01813471502590675,-0.0019158825615692022,6.6308970000000045,-37.782041,440131.0
1944.0833333333333,47.570358,3.157,40.847462,0.0002821880584489362,0.004134860050890554,-0.0019200244655963115,6.722895999999999,-37.690462,440229.0
1944.1666666666667,47.582008,3.233,40.847462,0.0002449004062572547,0.024073487488121655,0.0,6.734546000000002,-37.614462,440331.0
1944.25,47.5952,3.177,41.083149,0.0002772476520956522,-0.017321373337457483,0.005769930087700398,6.512051,-37.906149,440429.0
1944.3333333333333,47.607231,3.342,41.24025,0.0002527775910175889,0.05193578847969784,0.0038239765895258996,6.366980999999996,-37.898250000000004,440531.0
1944.4166666666667,47.62096,3.531,41.318821,0.00028838056134787343,0.05655296229802515,0.0019052018355852987,6.302138999999997,-37.787821,440630.0
1944.5,47.634918,3.478,41.554451,0.00029310622885389873,-0.01500991220617387,0.005702728061867991,6.080466999999999,-38.076451,440731.0
1944.5833333333333,47.64912,3.531,41.711571,0.00029814263561878053,0.015238642898217348,0.003781063068310036,5.937549000000004,-38.180571,440831.0
1944.6666666666667,47.66037,3.532,41.711571,0.00023610089756110654,0.000283205890682495,0.0,5.948799000000001,-38.179570999999996,440930.0
1944.75,47.674839,3.542,41.711571,0.00030358555756067963,0.002831257078142635,0.0,5.963267999999999,-38.169571,441031.0
1944.8333333333333,47.688728,3.597,41.711571,0.0002913276749607677,0.015527950310559053,0.0,5.977156999999998,-38.114571,441130.0
1944.9166666666667,47.700142,3.748,41.86866,0.0002393437711318707,0.04197942730052829,0.003766077283447299,5.831482000000001,-38.12066,441230.0
1945.0,47.71236,3.817,41.86866,0.00025614179513338084,0.018409818569903934,0.0,5.843699999999998,-38.05166,450131.0
1945.0833333333333,47.72303,4.066,41.790112,0.00022363178010906652,0.06523447733822364,-0.0018760571749847701,5.932918000000001,-37.724112,450228.0
1945.1666666666667,47.734871,3.907,41.790112,0.00024811919947239063,-0.039104771273979294,0.0,5.944758999999998,-37.883112,450331.0
1945.25,47.74852,4.211,41.868679,0.00028593352645701946,0.07780906066035329,0.0018800380338774782,5.879840999999999,-37.657679,450430.0
1945.3333333333333,47.762878,4.289,42.182899,0.00030070041961512996,0.018522916171930515,0.007504894052186333,5.579979000000002,-37.893899,450531.0
1945.4166666666667,47.774319,4.305,42.575649,0.00023953749185712416,0.0037304733038004234,0.009310645055476142,5.19867,-38.270649,450630.0
1945.5,47.788792,4.21,42.654202,0.00030294518693196654,-0.02206736353077811,0.001845021786984373,5.134590000000003,-38.444202,450731.0
1945.5833333333333,47.803101,4.465,42.654202,0.00029942167192669865,0.060570071258907336,0.0,5.148899,-38.189201999999995,450831.0
1945.6666666666667,47.81649,4.679,42.497139,0.00028008643204974605,0.04792833146696538,-0.0036822397943349367,5.319351000000005,-37.818138999999995,450929.0
1945.75,47.831341,4.862,42.497139,0.00031058323185160954,0.03911092113699505,0.0,5.334202000000005,-37.635138999999995,451031.0
1945.8333333333333,47.842831,5.127,42.65424,0.00024021906473403897,0.0545043192102015,0.0036967429736859316,5.188590999999995,-37.52724,451130.0
1945.9166666666667,47.85741,5.186,42.811352,0.00030472695062724826,0.011507704310513003,0.003683385285964488,5.046058000000002,-37.625352,451231.0
1946.0,47.871761,5.506,42.811352,0.0002998699678899836,0.061704589278827666,0.0,5.060409,-37.305352,460131.0
1946.0833333333333,47.8848,5.189,42.654202,0.00027237351891022215,-0.05757355612059574,-0.0036707553641380317,5.2305980000000005,-37.465202,460228.0
1946.1666666666667,47.898602,5.498,42.968418,0.0002882334268911704,0.059549046058970934,0.007366589580084087,4.930183999999997,-37.470418,460330.0
1946.25,47.9128,5.721,43.204029,0.0002964178369965866,0.04056020371044013,0.005483352912830039,4.708770999999999,-37.483029,460430.0
1946.3333333333333,47.927151,5.959,43.439739,0.0002995233006629729,0.041601118685544405,0.005455741176361226,4.487411999999999,-37.480739,460531.0
1946.4166666666667,47.940189,5.727,43.91106,0.0002720378684723937,-0.03893270683000492,0.010849996129120298,4.0291289999999975,-38.18406,460628.0
1946.5,47.955582,5.579,46.503281,0.00032108759521167304,-0.025842500436528824,0.05903344168872266,1.4523009999999985,-40.924281,460731.0
1946.5833333333333,47.969971,5.221,47.524509,0.00030004849070544733,-0.0641692059508872,0.021960342970208935,0.44546199999999914,-42.303509000000005,460830.0
1946.6666666666667,47.984089,4.694,48.074341,0.00029430912101231625,-0.1009385175253783,0.011569440938358669,-0.09025199999999955,-43.380340999999994,460930.0
1946.75,47.998508,4.628,49.016991,0.00030049544131188435,-0.014060502769492935,0.01960817310007433,-1.0184829999999963,-44.388991,461031.0
1946.8333333333333,48.012321,4.64,50.19529,0.0002877797784880931,0.002592912705272162,0.024038582866092346,-2.182969,-45.55529,461130.0
1946.9166666666667,48.026871,4.875,50.588051,0.0003030472115688771,0.050646551724138004,0.007824658449029782,-2.5611800000000002,-45.713051,461231.0
1947.0,48.041222,4.948,50.588051,0.000298811888036549,0.014974358974359055,0.0,-2.5468290000000025,-45.640051,470131.0
1947.0833333333333,48.054249,4.89,50.509499,0.0002711629608422744,-0.011721907841552286,-0.0015527777498287481,-2.4552499999999995,-45.619499,470228.0
1947.1666666666667,48.068409,4.808,51.609249,0.000294666971072713,-0.016768916155419193,0.021773132218159602,-3.5408399999999958,-46.801249,470331.0
1947.25,48.082451,4.578,51.609249,0.0002921253332931476,-0.04783693843594001,0.0,-3.5267979999999994,-47.031248999999995,470430.0
1947.3333333333333,48.096031,4.532,51.452141,0.00028243152579731403,-0.01004805591961561,-0.0030441830300611604,-3.356109999999994,-46.920141,470529.0
1947.4166666666667,48.110649,4.775,51.84491,0.00030393360316984756,0.05361871138570175,0.007633676507261404,-3.7342609999999965,-47.06991,470630.0
1947.5,48.12508,4.972,52.316231,0.0002999543822407125,0.041256544502617815,0.009090979230169428,-4.191151000000005,-47.344231,470731.0
1947.5833333333333,48.13834,4.885,52.866138,0.00027553200950528273,-0.017497988736926914,0.01051121209400573,-4.727798,-47.981138,470829.0
1947.6666666666667,48.169559,4.863,54.122959,0.0006485267252672217,-0.0045035823950868685,0.023773648833588,-5.953400000000002,-49.259959,470930.0
1947.75,48.200619,4.983,54.122959,0.0006448055710869938,0.024676125848241665,0.0,-5.922339999999998,-49.139959000000005,471031.0
1947.8333333333333,48.230789,4.893,54.43721,0.0006259255716196975,-0.018061408789885585,0.005806242042309599,-6.206420999999999,-49.54421,471129.0
1947.9166666666667,48.268661,5.039,55.144192,0.0007852245585283733,0.02983854486000407,0.012987109368757077,-6.875530999999995,-50.105191999999995,471231.0
1948.0,48.303699,4.853,55.772621,0.000725895421047626,-0.03691208573129588,0.011396104960609527,-7.468921999999999,-50.919621,480131.0
1948.0833333333333,48.338631,4.641,55.301262,0.0007231744301817908,-0.04368431897795173,-0.008451440716763152,-6.962631000000002,-50.660262,480228.0
1948.1666666666667,48.381451,5.025,55.14415,0.000885833940973607,0.08274078862314163,-0.0028410201561041757,-6.762699000000005,-50.119150000000005,480331.0
1948.25,48.420979,5.214,55.929691,0.0008170073278704318,0.03761194029850747,0.014245228188302747,-7.508711999999996,-50.715691,480430.0
1948.3333333333333,48.45784,5.603,56.322449,0.0007612609402216899,0.0746068277713846,0.007022352403127001,-7.8646090000000015,-50.719449,480528.0
1948.4166666666667,48.50174,5.603,56.715221,0.0009059421550775007,0.0,0.0069736314200400055,-8.213481000000002,-51.112221,480630.0
1948.5,48.541351,5.32,57.422199,0.0008166923495940709,-0.05050865607710146,0.012465401483668722,-8.880848,-52.102199,480730.0
1948.5833333333333,48.583092,5.341,57.65786,0.0008599060211571327,0.003947368421052614,0.004104005142680105,-9.074767999999999,-52.31686,480831.0
1948.6666666666667,48.600571,5.184,57.65786,0.0003597753720574552,-0.02939524433626662,0.0,-9.057288999999997,-52.47386,480930.0
1948.75,48.619678,5.493,57.422199,0.00039314352911611284,0.05960648148148151,-0.0040872311251232765,-8.802520999999999,-51.929199,481030.0
1948.8333333333333,48.63871,4.996,57.02943,0.0003914464427346233,-0.0904787911887857,-0.0068400201810453354,-8.390719999999995,-52.033429999999996,481130.0
1948.9166666666667,48.660252,5.156,56.636669,0.00044289825943156423,0.03202562049639696,-0.006886987999003324,-7.976416999999998,-51.480669,481231.0
1949.0,48.706711,5.172,56.558109,0.000954762831889952,0.0031031807602792893,-0.0013870872243562907,-7.851398000000003,-51.386109000000005,490131.0
1949.0833333333333,48.74976,5.023,55.929691,0.0008838412431503217,-0.02880897138437742,-0.011111015044721588,-7.179930999999996,-50.906690999999995,490228.0
1949.1666666666667,48.797218,5.228,56.08683,0.0009735022285237689,0.04081226358749753,0.0028095810506087154,-7.289611999999998,-50.85883,490331.0
1949.25,48.842281,5.134,56.165428,0.0009234747767792615,-0.017980107115531642,0.0014013628511363452,-7.323146999999999,-51.031428,490430.0
1949.3333333333333,48.89183,4.993,56.086788,0.0010144694102226502,-0.027463965718737826,-0.0014001495724380493,-7.194958,-51.093787999999996,490531.0
1949.4166666666667,48.938599,5.011,56.16539,0.000956581089315019,0.0036050470658922076,0.0014014352185759615,-7.226790999999999,-51.15439,490630.0
1949.5,48.980949,5.289,55.772621,0.0008653700936555007,0.05547794851327072,-0.006993078833780042,-6.791671999999998,-50.483621,490729.0
1949.5833333333333,49.025551,5.429,55.929729,0.0009105989351083742,0.026470032142181996,0.002816937722901725,-6.904178000000002,-50.500729,490831.0
1949.6666666666667,49.067902,5.603,56.165352,0.000863855665793465,0.032050101307791394,0.004212840008575704,-7.097450000000002,-50.562352,490930.0
1949.75,49.111691,5.78,55.85117,0.0008924163906580692,0.03159021952525442,-0.005593875740331785,-6.739479000000003,-50.07117,491031.0
1949.8333333333333,49.152809,5.891,55.929691,0.0008372344580844778,0.019204152249134906,0.0014058971369802092,-6.7768820000000005,-50.038691,491130.0
1949.9166666666667,49.196789,6.201,55.615471,0.0008947606636276839,0.05262264471227289,-0.005618125084939211,-6.418681999999997,-49.414471,491231.0
1950.0,49.24258,6.302,55.379848,0.0009307721282377624,0.016287695532978548,-0.0042366448717119885,-6.137268000000006,-49.077848,500131.0
1950.0833333333333,49.284512,6.393,55.222752,0.0008515394603613934,0.014439860361789939,-0.0028366997323647906,-5.93824,-48.829752,500228.0
1950.1666666666667,49.331429,6.471,55.458359,0.0009519623527975796,0.012200844673862083,0.004266484220127271,-6.1269300000000015,-48.987359,500331.0
1950.25,49.373749,6.731,55.53688,0.0008578709528158324,0.040179261319734164,0.0014158550922863577,-6.163131,-48.805879999999995,500429.0
1950.3333333333333,49.424919,7.02,55.772541,0.001036380688855654,0.04293567077700189,0.004243324435942393,-6.347621999999994,-48.752540999999994,500531.0
1950.4166666666667,49.472889,6.623,56.08675,0.0009705630473567271,-0.056552706552706465,0.005633758017229398,-6.613861,-49.463750000000005,500630.0
1950.5,49.52158,6.729,56.63662,0.0009841956066078542,0.01600483164728973,0.009803919820634973,-7.1150400000000005,-49.90762,500731.0
1950.5833333333333,49.569351,7.067,57.107941,0.0009646501585772777,0.050230346262446136,0.008321841946076516,-7.538589999999999,-50.040941,500831.0
1950.6666666666667,49.619911,7.412,57.500751,0.0010199851113645683,0.04881845195981318,0.006878377912451866,-7.880839999999999,-50.088751,500929.0
1950.75,49.67762,7.402,57.814919,0.0011630210300053857,-0.0013491635186184277,0.005463719943414343,-8.137299000000006,-50.412919,501031.0
1950.8333333333333,49.730148,7.617,58.050579,0.0010573775474751479,0.029046203728721947,0.004076110527803312,-8.320431,-50.433579,501130.0
1950.9166666666667,49.785069,8.052,58.836121,0.0011043803851136782,0.05710909807010629,0.013532026958766416,-9.051051999999999,-50.784121,501230.0
1951.0,49.84766,8.519,59.778759,0.0012572243296478634,0.05799801291604577,0.01602141650364752,-9.931099000000003,-51.259759,510131.0
1951.0833333333333,49.89999,8.648,60.485741,0.00104979852614957,0.015142622373517966,0.01182664230282861,-10.585750999999995,-51.837740999999994,510228.0
1951.1666666666667,49.953411,8.466,60.721401,0.0010705613367858423,-0.02104532839963002,0.0038961248734640263,-10.767989999999998,-52.255401,510331.0
1951.25,50.017578,8.887,60.79995,0.0012845369057980372,0.049728325064965884,0.0012935966348998176,-10.782372000000002,-51.91295,510430.0
1951.3333333333333,50.079891,8.687,61.03561,0.0012458220188111301,-0.022504782266231694,0.003875990029596994,-10.955718999999995,-52.34861,510531.0
1951.4166666666667,50.138069,8.468,60.957062,0.0011617038064239808,-0.02521008403361338,-0.0012869208647213954,-10.818992999999999,-52.489062000000004,510629.0
1951.5,50.205639,9.068,61.03566,0.0013476785474126726,0.07085498346717048,0.001289399413639711,-10.830021000000002,-51.96766,510731.0
1951.5833333333333,50.272598,9.477,61.03566,0.0013336948066730954,0.04510366122629033,0.0,-10.763061999999998,-51.55866,510831.0
1951.6666666666667,50.333561,9.562,61.428421,0.001212648687859756,0.008969083043157019,0.006434943113583111,-11.094859999999997,-51.866421,510928.0
1951.75,50.412079,9.348,61.742641,0.001559953208953275,-0.022380255176741127,0.0051152218286711106,-11.330562,-52.394641,511031.0
1951.8333333333333,50.466309,9.404,62.057529,0.0010757342501189844,0.0059905862216516,0.005100008598595635,-11.59122,-52.653529000000006,511130.0
1951.9166666666667,50.528431,9.733,62.29314,0.0012309598468949873,0.03498511271799241,0.003796654552584565,-11.764709000000003,-52.560140000000004,511231.0
1952.0,50.606602,9.899,62.29314,0.0015470696091870468,0.017055378608856323,0.0,-11.686537999999999,-52.39414,520131.0
1952.0833333333333,50.66489,9.653,61.900379,0.001151786480348897,-0.024850995050004918,-0.006305044183035245,-11.235489000000001,-52.247379,520229.0
1952.1666666666667,50.719471,10.091,61.900379,0.0010772943551244044,0.045374494975655114,0.0,-11.180908000000002,-51.809379,520331.0
1952.25,50.77861,9.6,62.13604,0.00116600190881332,-0.04865721930433056,0.0038071010841468408,-11.35743,-52.53604,520430.0
1952.3333333333333,50.84491,9.912,62.214588,0.0013056678786598974,0.032500000000000126,0.0012641294810547606,-11.369678,-52.302588,520529.0
1952.4166666666667,50.92049,10.303,62.371651,0.0014864811443269779,0.03944713478611783,0.0025245365283139195,-11.451160999999999,-52.068651,520630.0
1952.5,50.997349,10.425,62.843021,0.0015093923880150977,0.011841211297680275,0.007557439837531321,-11.845672,-52.418020999999996,520731.0
1952.5833333333333,51.072189,10.353,62.92157,0.0014675272630348254,-0.006906474820143975,0.0012499239971293298,-11.849381000000001,-52.56857,520829.0
1952.6666666666667,51.15567,10.154,62.84306,0.0016345686690656441,-0.01922148169612671,-0.0012477438182168913,-11.68739,-52.68906,520930.0
1952.75,51.226952,10.1,62.921612,0.0013934330251171867,-0.005318101240890316,0.001249970959402708,-11.694660000000006,-52.821612,521031.0
1952.8333333333333,51.28072,10.696,62.921612,0.0010496037320355336,0.05900990099009902,0.0,-11.640892000000001,-52.225612000000005,521128.0
1952.9166666666667,51.365238,11.03,62.84306,0.0016481437858125948,0.031226626776364962,-0.0012484104825541016,-11.477822000000003,-51.81306,521231.0
1953.0,51.448441,11.012,62.685951,0.001619830905874603,-0.0016319129646417867,-0.002500021482085665,-11.23751,-51.673951,530130.0
1953.0833333333333,51.520569,10.994,62.3717,0.001401947242677369,-0.00163458045768259,-0.005013100941868231,-10.851130999999995,-51.3777,530227.0
1953.1666666666667,51.615421,10.847,62.528851,0.0018410510955342114,-0.013370929597962548,0.0025195882106789783,-10.913430000000005,-51.681851,530331.0
1953.25,51.699051,10.55,62.607361,0.0016202522110591606,-0.027380842629298317,0.0012555804039961378,-10.90831,-52.057361,530430.0
1953.3333333333333,51.78801,10.621,62.764462,0.0017207085677453282,0.006729857819905187,0.002509305575106486,-10.976452000000002,-52.143462,530529.0
1953.4166666666667,51.88316,10.448,63.000118,0.0018372978610299321,-0.016288485076734773,0.0037546087784517098,-11.116958000000004,-52.552118,530630.0
1953.5,51.958778,10.711,63.15723,0.001457467124207657,0.02517228177641653,0.0024938365988457023,-11.198451999999996,-52.44623,530731.0
1953.5833333333333,52.045349,10.24,63.314381,0.0016661477296482856,-0.04397348520212866,0.0024882503555016416,-11.269031999999996,-53.074380999999995,530831.0
1953.6666666666667,52.129749,10.271,63.392979,0.0016216626772931264,0.003027343750000057,0.001241392536081171,-11.26323,-53.121978999999996,530930.0
1953.75,52.195,10.755,63.550041,0.0012517037056902674,0.04712296757861941,0.002477592983917089,-11.355041,-52.795041,531030.0
1953.8333333333333,52.235191,11.059,63.314419,0.0007700162850847799,0.02826592282659214,-0.0037076608652384557,-11.079228,-52.255419,531130.0
1953.9166666666667,52.302029,11.066,63.235828,0.0012795588322821881,0.000632968622841256,-0.0012412812316891506,-10.933799,-52.169827999999995,531231.0
1954.0,52.359119,11.626,63.392891,0.0010915446511645334,0.05060545816013001,0.002483766006827662,-11.033771999999999,-51.766891,540129.0
1954.0833333333333,52.396179,11.849,63.314381,0.0007078041171776928,0.019181145707896162,-0.0012384669441878177,-10.918202,-51.465380999999994,540226.0
1954.1666666666667,52.437061,12.296,63.235779,0.0007802477352404537,0.037724702506540565,-0.0012414557128813516,-10.798718000000001,-50.939779,540331.0
1954.25,52.483589,12.821,63.07872,0.0008873113617104155,0.04269681197137284,-0.002483704676113879,-10.595130999999995,-50.25772,540430.0
1954.3333333333333,52.510361,13.223,63.314381,0.0005101023102669508,0.03135480851727642,0.003735982594447071,-10.804019999999994,-50.091381,540528.0
1954.4166666666667,52.54134,13.373,63.392929,0.0005899597605126916,0.011343870528624258,0.0012406028260784064,-10.851589000000004,-50.019929000000005,540630.0
1954.5,52.567989,14.047,63.392929,0.0005072006157436988,0.05040005982202956,0.0,-10.824940000000005,-49.345929,540730.0
1954.5833333333333,52.594219,13.731,63.314419,0.0004989728635045428,-0.022495906599273918,-0.0012384662018062205,-10.720199999999998,-49.583419,540831.0
1954.6666666666667,52.63998,14.614,63.157318,0.0008700766143138057,0.06430704245867022,-0.0024812831339414863,-10.517337999999995,-48.543318,540930.0
1954.75,52.676609,14.377,63.000172,0.0006958399300303268,-0.016217325851922818,-0.002488167721118198,-10.323563,-48.623172,541029.0
1954.8333333333333,52.71022,15.756,63.078758,0.0006380630917225614,0.09591708979620223,0.0012473934198148123,-10.368538000000001,-47.322758,541130.0
1954.9166666666667,52.753929,16.627,62.921612,0.0008292319781628643,0.05528052805280519,-0.002491266552838554,-10.167683000000004,-46.294612,541231.0
1955.0,52.796558,16.745,62.921612,0.00080807251342356,0.007096890599627239,0.0,-10.125054000000006,-46.176612000000006,550131.0
1955.0833333333333,52.841541,17.27,62.921612,0.0008520062993500826,0.0313526425798745,0.0,-10.080071000000004,-45.651612,550228.0
1955.1666666666667,52.893909,17.25,62.921612,0.0009910384710393155,-0.0011580775911985857,0.0,-10.027703000000002,-45.671612,550331.0
1955.25,52.949032,17.806,62.921612,0.0010421426784698747,0.03223188405797107,0.0,-9.97258,-45.115612,550429.0
1955.3333333333333,53.022449,18.018,62.921612,0.0013865598147289864,0.011906099067729964,0.0,-9.899163000000001,-44.903612,550531.0
1955.4166666666667,53.076599,19.205,62.921612,0.0010212655398093725,0.06587856587856575,0.0,-9.845013000000002,-43.716612000000005,550630.0
1955.5,53.129669,19.59,63.157269,0.0009998756702553262,0.02004686279614692,0.0037452473404526922,-10.0276,-43.567268999999996,550729.0
1955.5833333333333,53.21376,19.676,63.000118,0.0015827503084952553,0.004389994895354698,-0.0024882488189918238,-9.786358,-43.324118,550831.0
1955.6666666666667,53.29982,19.632,63.235828,0.0016172508764649642,-0.0022362268753810194,0.003741421563686554,-9.936008000000001,-43.60382799999999,550930.0
1955.75,53.396721,19.127,63.235828,0.0018180361584711276,-0.02572330888345571,0.0,-9.839106999999998,-44.108828,551031.0
1955.8333333333333,53.487381,20.496,63.314339,0.0016978570650433712,0.0715742144612328,0.0012415588201043068,-9.826957999999998,-42.818338999999995,551130.0
1955.9166666666667,53.58408,20.835,63.157269,0.001807884368090503,0.016539812646370132,-0.0024807966486074724,-9.573189,-42.322269,551230.0
1956.0,53.70229,20.251,63.078678,0.0022060656821951165,-0.02802975761939043,-0.0012443698285941238,-9.376387999999999,-42.82767799999999,560131.0
1956.0833333333333,53.804722,21.052,63.078678,0.0019074046935428695,0.03955360229124479,0.0,-9.273955999999998,-42.026678,560229.0
1956.1666666666667,53.886292,22.487,63.15723,0.0015160379417999642,0.06816454493634803,0.0012453019386360945,-9.270938000000001,-40.670230000000004,560329.0
1956.25,53.986012,22.6,63.235779,0.0018505634048823572,0.0050251256281408415,0.0012437055900013732,-9.249766999999999,-40.635779,560430.0
1956.3333333333333,54.110291,21.479,63.550079,0.0023020592815782403,-0.04960176991150452,0.0049702874696933175,-9.439788,-42.071079,560531.0
1956.4166666666667,54.217659,22.281,63.94281,0.00198424362567189,0.03733879603333487,0.006179866432581537,-9.725151000000004,-41.66181,560629.0
1956.5,54.334671,23.418,64.414131,0.002158189825200726,0.05103002558233475,0.007370977284232521,-10.079459999999997,-40.996131,560731.0
1956.5833333333333,54.424911,22.74,64.335571,0.0016608180069775601,-0.028952088137330294,-0.0012196081633080787,-9.91066,-41.59557100000001,560831.0
1956.6666666666667,54.52494,21.604,64.414131,0.0018379267537984446,-0.049956024626209294,0.0012210974236942106,-9.889190999999997,-42.810131,560928.0
1956.75,54.660011,21.759,64.806892,0.002477233354131089,0.0071745972967969425,0.006097435359331437,-10.146881000000008,-43.047892000000004,561031.0
1956.8333333333333,54.771759,21.92,64.806892,0.0020444196397985674,0.007399237097293137,0.0,-10.035133000000002,-42.886892,561130.0
1956.9166666666667,54.90184,22.586,64.963997,0.0023749648062242625,0.03038321167883197,0.002424202043202463,-10.062157000000006,-42.37799700000001,561231.0
1957.0,55.048241,21.88,65.042549,0.002666595509367215,-0.03125830160276275,0.001209162053252169,-9.994307999999997,-43.162549,570131.0
1957.0833333333333,55.17976,21.477,65.278168,0.002389158992382779,-0.018418647166361917,0.003622536379993346,-10.098407999999992,-43.80116799999999,570228.0
1957.1666666666667,55.307251,21.986,65.435318,0.0023104667363540387,0.02369977184895471,0.0024073898642498893,-10.128066999999994,-43.44931799999999,570329.0
1957.25,55.446529,22.975,65.670937,0.002518259314678239,0.044983171108887506,0.0036007924650110178,-10.224407999999997,-42.695936999999994,570430.0
1957.3333333333333,55.588261,23.799,65.828049,0.0025561924714891464,0.03586507072905323,0.0023924129482117474,-10.23978799999999,-42.02904899999999,570531.0
1957.4166666666667,55.72221,23.66,66.22081,0.002409663435954474,-0.0058405815370393445,0.00596646879204953,-10.498600000000003,-42.560810000000004,570628.0
1957.5,55.886871,23.888,66.535027,0.002955033549459047,0.009636517328825086,0.004744988773166612,-10.648156,-42.647026999999994,570731.0
1957.5833333333333,56.027699,22.702,66.613617,0.0025198762693298586,-0.049648359008707295,0.0011811823567758602,-10.585918000000007,-43.91161700000001,570830.0
1957.6666666666667,56.171589,21.391,66.692177,0.002568193992760598,-0.05774821601621018,0.0011793384526769648,-10.520588000000004,-45.301177,570930.0
1957.75,56.33432,20.505,66.692177,0.0028970339436187368,-0.04141928848581176,0.0,-10.357857000000003,-46.187177000000005,571031.0
1957.8333333333333,56.4902,21.003,66.927841,0.002767052127371083,0.024286759326993472,0.0035336078472891935,-10.437641,-45.924841,571129.0
1957.9166666666667,56.625271,20.205,66.927841,0.0023910518992674196,-0.03799457220397095,0.0,-10.302570000000003,-46.722841,571231.0
1958.0,56.781929,21.217,67.320648,0.0027665739559992603,0.05008661222469688,0.005869112078484719,-10.538719000000007,-46.10364800000001,580131.0
1958.0833333333333,56.850471,20.92,67.3992,0.001207109395667075,-0.01399820898336226,0.0011668336882316957,-10.548728999999994,-46.47919999999999,580228.0
1958.1666666666667,56.90416,21.62,67.870522,0.0009443897131476456,0.03346080305927339,0.006992991014730156,-10.966361999999997,-46.25052199999999,580331.0
1958.25,56.95034,22.278,68.027672,0.0008115399647407091,0.030434782608695546,0.0023154382104207403,-11.077331999999998,-45.749672,580430.0
1958.3333333333333,57.012581,22.827,68.027672,0.0010928995331722377,0.02464314570428239,0.0,-11.015090999999998,-45.200672,580529.0
1958.4166666666667,57.029518,23.5,68.106216,0.0002970747807401625,0.029482630218600703,0.0011545889737342172,-11.076698,-44.606216,580630.0
1958.5,57.06773,24.558,68.184776,0.0006700389787617415,0.045021276595744675,0.0011534923625766548,-11.117046000000002,-43.626776,580731.0
1958.5833333333333,57.0933,25.018,68.106216,0.00044806408104898986,0.018731167033146055,-0.0011521633509508921,-11.012916000000004,-43.088216,580829.0
1958.6666666666667,57.201988,26.251,68.106216,0.0019036909759989487,0.04928451514909268,0.0,-10.904228000000003,-41.855216,580930.0
1958.75,57.30724,26.96,68.106216,0.0018400059802117388,0.027008494914479434,0.0,-10.798976000000003,-41.146216,581031.0
1958.8333333333333,57.369671,27.779,68.184731,0.0010894085982852528,0.030378338278931716,0.0011528316299351574,-10.815060000000003,-40.405731,581128.0
1958.9166666666667,57.498131,29.258,68.106178,0.002239162222143544,0.05324165736707582,-0.0011520614490654723,-10.608047,-38.848178000000004,581231.0
1959.0,57.616058,29.538,68.184692,0.0020509710133013136,0.00957003212796504,0.0011528175902044953,-10.568633999999996,-38.646692,590130.0
1959.0833333333333,57.724491,29.869,68.106178,0.0018819926903016863,0.011205904258920697,-0.0011514901321252346,-10.381687,-38.237178,590227.0
1959.1666666666667,57.850159,30.016,68.106178,0.0021770308897136477,0.004921490508553968,0.0,-10.256019000000002,-38.090178,590331.0
1959.25,57.965351,31.191,68.184692,0.00199121319614697,0.039145788912579985,0.0011528175902044953,-10.219341,-36.993691999999996,590430.0
1959.3333333333333,58.092838,31.816,68.263237,0.002199365617573887,0.020037831425731782,0.0011519447796289146,-10.170399000000003,-36.447237,590529.0
1959.4166666666667,58.23518,31.855,68.577461,0.002450250407804131,0.0012257983404576778,0.004603121882426933,-10.342281,-36.722460999999996,590630.0
1959.5,58.38213,32.946,68.734558,0.002523388783206248,0.03424894051169353,0.0022907963886269773,-10.35242800000001,-35.78855800000001,590731.0
1959.5833333333333,58.490742,32.564,68.656013,0.0018603637791221532,-0.01159473077156553,-0.0011427293967614573,-10.165271000000004,-36.092013,590831.0
1959.6666666666667,58.671181,31.107,68.891632,0.0030849155580895144,-0.04474266060680508,0.0034318771175949263,-10.220451000000004,-37.784632,590930.0
1959.75,58.848099,31.581,69.127289,0.003015415694461657,0.01523772784260778,0.0034206912096378167,-10.279190000000007,-37.546289,591030.0
1959.8333333333333,58.998379,32.157,69.127289,0.0025536933656939743,0.018238814477058895,0.0,-10.128910000000005,-36.97028900000001,591130.0
1959.9166666666667,59.19611,33.09,69.127289,0.003351464961435592,0.029013900550424698,0.0,-9.931179000000007,-36.037289,591231.0
1960.0,59.39249,30.864,69.048782,0.0033174477174261092,-0.06727107887579337,-0.0011356875285533311,-9.656292,-38.184782,600129.0
1960.0833333333333,59.562569,31.249,69.127373,0.0028636448817013936,0.012474079834110873,0.0011381953124097535,-9.564804000000002,-37.87837300000001,600229.0
1960.1666666666667,59.769161,30.87,69.127373,0.003468487062738906,-0.012128388108419399,0.0,-9.358212000000009,-38.257373,600331.0
1960.25,59.885349,30.393,69.520142,0.0019439456411309015,-0.015451895043731788,0.00568181579820777,-9.634793000000009,-39.127142000000006,600429.0
1960.3333333333333,60.049278,31.405,69.520142,0.002737380723956424,0.03329714078899748,0.0,-9.470864000000006,-38.115142000000006,600531.0
1960.4166666666667,60.192589,32.131,69.677254,0.002386556587741106,0.0231173380035026,0.002259949353958424,-9.484665000000007,-37.546254000000005,600630.0
1960.5,60.272659,31.464,69.677254,0.0013302302049177383,-0.020758768790264902,0.0,-9.404595000000008,-38.213254000000006,600729.0
1960.5833333333333,60.372532,32.409,69.677254,0.001657019976503813,0.030034324942791773,0.0,-9.304722000000005,-37.268254000000006,600831.0
1960.6666666666667,60.4678,30.526,69.75576,0.0015780023935387908,-0.058101144743744,0.0011267091553290862,-9.287959999999998,-39.22976,600930.0
1960.75,60.59819,30.386,70.069969,0.002156354291044251,-0.004586254340562162,0.0045044165528410176,-9.471778999999998,-39.683969000000005,601031.0
1960.8333333333333,60.678101,31.843,70.148529,0.0013187027533329892,0.047949713683933415,0.0011211650457558496,-9.470427999999998,-38.30552899999999,601130.0
1960.9166666666667,60.772331,33.374,70.148529,0.0015529490614744708,0.048079640737367785,0.0,-9.376197999999995,-36.774528999999994,601230.0
1961.0,60.8862,35.525,70.148529,0.0018736980814509337,0.06445136932941799,0.0,-9.262328999999994,-34.623529,610131.0
1961.0833333333333,60.973461,36.843,70.148529,0.0014331819032883976,0.03710063335679113,0.0,-9.175067999999996,-33.30552899999999,610228.0
1961.1666666666667,61.09774,37.983,70.148529,0.0020382474270240515,0.030942105691718735,0.0,-9.050788999999995,-32.165529,610330.0
1961.25,61.204418,38.206,70.148529,0.0017460220296200016,0.005871047573914806,0.0,-8.944111,-31.942528999999993,610428.0
1961.3333333333333,61.313351,39.195,70.148529,0.0017798224958204879,0.02588598649426784,0.0,-8.835177999999999,-30.953528999999996,610531.0
1961.4166666666667,61.436459,38.079,70.227081,0.0020078498074587703,-0.028473019517795628,0.0011197953987032566,-8.790621999999999,-32.148081,610630.0
1961.5,61.548519,39.249,70.541252,0.0018239983525092096,0.03072559678562992,0.004473644575943599,-8.992733000000001,-31.292251999999998,610731.0
1961.5833333333333,61.635551,40.314,70.4627,0.0014140388983202125,0.02713444928533205,-0.0011135611826113031,-8.827148999999999,-30.148699999999998,610831.0
1961.6666666666667,61.738911,39.558,70.619797,0.001676954262970767,-0.018752790593838376,0.002229505823648645,-8.880886000000004,-31.061797000000006,610929.0
1961.75,61.85363,40.63,70.619797,0.0018581312521045424,0.02709944891046066,0.0,-8.766167000000003,-29.989797000000003,611031.0
1961.8333333333333,61.949211,42.502,70.619797,0.0015452771324818882,0.04607432931331528,0.0,-8.670586000000007,-28.117797000000003,611130.0
1961.9166666666667,62.064671,42.53,70.619797,0.001863784834967451,0.000658792527410444,0.0,-8.555126000000008,-28.089797000000004,611229.0
1962.0,62.214321,40.985,70.619797,0.0024111946069931022,-0.03632729837761584,0.0,-8.405476000000007,-29.634797000000006,620131.0
1962.0833333333333,62.339722,41.765,70.776947,0.0020156291667959157,0.01903135293400027,0.00222529668274183,-8.437225000000005,-29.011947000000006,620228.0
1962.1666666666667,62.466789,41.53,70.934059,0.002038299112081326,-0.005626720938584926,0.0022198188345139824,-8.467270000000006,-29.404059000000004,620330.0
1962.25,62.607201,38.924,71.091209,0.0022477864197566625,-0.06274981940765716,0.0022154378618034734,-8.484008000000003,-32.16720900000001,620430.0
1962.3333333333333,62.757511,35.634,71.091209,0.002400842037324069,-0.08452368718528412,0.0,-8.333698000000005,-35.457209000000006,620531.0
1962.4166666666667,62.880402,32.686,71.091209,0.0019581879211238258,-0.08272997698826964,0.0,-8.21080700000001,-38.405209000000006,620629.0
1962.5,63.047798,34.846,71.248322,0.002662133107864095,0.06608333843235625,0.0022100200884190247,-8.200524000000001,-36.402322000000005,620731.0
1962.5833333333333,63.19556,35.661,71.248322,0.002343650447554095,0.02338862423233671,0.0,-8.052762000000001,-35.587322,620831.0
1962.6666666666667,63.326031,33.873,71.641083,0.0020645595988072582,-0.0501388071001936,0.005512564913458496,-8.315051999999994,-37.768083,620928.0
1962.75,63.48748,33.945,71.562569,0.002549488692888356,0.0021255867505093357,-0.0010959354146000057,-8.075088999999998,-37.617568999999996,621031.0
1962.8333333333333,63.614269,37.683,71.562569,0.0019970709185496457,0.1101193106495802,0.0,-7.948299999999996,-33.879569,621130.0
1962.9166666666667,63.761299,38.129,71.484016,0.0023112739061734856,0.01183557572380113,-0.0010976827844176391,-7.722716999999996,-33.355016,621231.0
1963.0,63.921009,40.106,71.562607,0.002504810951232297,0.0518502976736868,0.0010994206033416332,-7.641598000000002,-31.456606999999998,630131.0
1963.0833333333333,64.066254,39.227,71.641212,0.0022722576234677824,-0.021916920161571957,0.0010984088380122322,-7.574957999999995,-32.414212,630228.0
1963.1666666666667,64.212997,40.518,71.719719,0.0022904882186494113,0.03291100517500711,0.0010958357320923308,-7.506721999999996,-31.201718999999997,630329.0
1963.25,64.375847,42.44,71.719719,0.002536090941215401,0.047435707586751495,0.0,-7.343872000000005,-29.279719,630430.0
1963.3333333333333,64.531921,43.29,71.719719,0.0024244185866790047,0.020028275212064125,0.0,-7.187798000000001,-28.429719,630531.0
1963.4166666666667,64.677856,42.51,72.033928,0.002261438955149167,-0.018018018018018046,0.004381068475742429,-7.3560719999999975,-29.523928000000005,630628.0
1963.5,64.851227,42.438,72.348152,0.0026805310305893382,-0.0016937191249116826,0.004362166672349116,-7.4969250000000045,-29.910151999999997,630731.0
1963.5833333333333,65.011871,44.674,72.348152,0.002477115814632234,0.05268862811631078,0.0,-7.336281,-27.674152,630830.0
1963.6666666666667,65.189598,44.141,72.348152,0.00273376226935546,-0.011930877020190743,0.0,-7.158553999999995,-28.207152,630930.0
1963.75,65.379829,45.365,72.426697,0.0029181189305692167,0.027729321945583557,0.001085653162225974,-7.0468680000000035,-27.061697000000002,631031.0
1963.8333333333333,65.556793,45.113,72.505302,0.0027067063757538756,-0.005554943238179267,0.001085304221452982,-6.948509000000001,-27.392302,631129.0
1963.9166666666667,65.748413,46.094,72.662399,0.002922961774533424,0.021745394897258033,0.002166696719641181,-6.913985999999994,-26.568398999999992,631231.0
1964.0,65.942863,47.283,72.740959,0.0029574858331562065,0.025795114331583286,0.0010811644135230133,-6.798096000000001,-25.457959000000002,640131.0
1964.0833333333333,66.116074,48.095,72.662399,0.002626683042257278,0.01717319121037154,-0.001079996759459965,-6.546324999999996,-24.567398999999995,640228.0
1964.1666666666667,66.322739,48.944,72.740959,0.0031257905604014087,0.017652562636448772,0.0010811644135230133,-6.418220000000005,-23.796959,640331.0
1964.25,66.517059,49.17,72.819511,0.002929915183388381,0.004617522066034633,0.0010798867801564446,-6.302452000000002,-23.649511000000004,640430.0
1964.3333333333333,66.687027,50.026,72.819511,0.0025552542844685484,0.01740898922106979,0.0,-6.132484000000005,-22.793511000000002,640528.0
1964.4166666666667,66.890289,50.78,72.976662,0.0030479991258269045,0.015072162475512688,0.0021580891967263953,-6.086373000000009,-22.196662000000003,640630.0
1964.5,67.089027,51.803,73.133774,0.002971103922125465,0.020145726664040884,0.002152907459647824,-6.044747000000001,-21.330774000000005,640731.0
1964.5833333333333,67.279373,51.219,73.055206,0.002837215093311835,-0.011273478369978497,-0.0010743052860912687,-5.775832999999992,-21.836205999999997,640831.0
1964.6666666666667,67.467857,52.779,73.212357,0.002801512433833001,0.030457447431617216,0.0021511266425010005,-5.744500000000002,-20.433356999999994,640930.0
1964.75,67.665558,53.247,73.290916,0.0029302990904247817,0.00886716307622343,0.0010730292428639948,-5.625357999999991,-20.043915999999996,641030.0
1964.8333333333333,67.861656,53.411,73.448059,0.0028980474822950858,0.0030799857268954396,0.0021440992769145486,-5.586403000000004,-20.037059,641130.0
1964.9166666666667,68.073174,53.609,73.526657,0.003116900065038173,0.0037071015333920054,0.0010701167746311648,-5.453483000000006,-19.917657,641231.0
1965.0,68.265678,55.681,73.526657,0.0028278981085853227,0.038650226641048994,0.0,-5.260979000000006,-17.845657000000003,650129.0
1965.0833333333333,68.46917,56.068,73.526657,0.002980883014155537,0.0069503062085810325,0.0,-5.057486999999995,-17.458657000000002,650226.0
1965.1666666666667,68.714912,55.522,73.605171,0.003589089804944222,-0.00973817507312548,0.0010678304060525751,-4.890259,-18.083171,650331.0
1965.25,68.924713,57.39,73.840874,0.003053209178234832,0.03364432116998671,0.003202261428072776,-4.9161610000000024,-16.450874,650430.0
1965.3333333333333,69.139267,57.14,73.997978,0.003112874768154737,-0.004356159609688099,0.0021276021191190654,-4.858711,-16.857978000000003,650528.0
1965.4166666666667,69.383537,54.177,74.390793,0.0035330140251559248,-0.05185509275463775,0.005308455860780396,-5.007255999999998,-20.213793000000003,650630.0
1965.5,69.59864,55.083,74.469337,0.003100202285738174,0.016722963619247997,0.0010558295836420742,-4.870696999999993,-19.386336999999997,650730.0
1965.5833333333333,69.828323,56.784,74.312187,0.003300107588309115,0.030880670987418996,-0.0021102645240416397,-4.483863999999997,-17.528186999999996,650831.0
1965.6666666666667,70.046707,58.597,74.469299,0.0031274415683733427,0.031928007889546396,0.0021142158015079295,-4.422592000000009,-15.872299000000005,650930.0
1965.75,70.267143,60.313,74.547852,0.0031469859104155534,0.02928477567110946,0.0010548373766751775,-4.280709000000002,-14.234852000000004,651029.0
1965.8333333333333,70.512962,60.497,74.704918,0.003498349150185277,0.003050751910864946,0.0021069151663819954,-4.191956000000005,-14.207918000000006,651130.0
1965.9166666666667,70.74659,61.316,74.94062,0.003313263169968607,0.013537861381556153,0.003155106869938458,-4.194029999999998,-13.624619999999993,651231.0
1966.0,71.014557,62.059,74.94062,0.0037877019938345967,0.0121175549611846,0.0,-3.926062999999999,-12.881619999999998,660131.0
1966.0833333333333,71.261261,61.522,75.411942,0.0034739919591416767,-0.008653055962874023,0.006289272760220035,-4.150680999999992,-13.889941999999998,660228.0
1966.1666666666667,71.535309,60.236,75.647598,0.0038456799129613127,-0.02090309157699687,0.0031249162102204697,-4.112289000000004,-15.411598000000005,660331.0
1966.25,71.779961,61.73,75.961823,0.0034200173791099735,0.024802443721362637,0.00415380009818677,-4.181861999999995,-14.231822999999999,660429.0
1966.3333333333333,72.076141,58.49,76.040367,0.004126221244394474,-0.05248663534748089,0.0010339930888705494,-3.9642259999999965,-17.550367,660531.0
1966.4166666666667,72.346939,57.886,76.276031,0.0037571101371811676,-0.010326551547273024,0.0030991959836280097,-3.929091999999997,-18.390031,660630.0
1966.5,72.603271,57.141,76.511726,0.0035430939241258078,-0.012870124036900191,0.003090027062367635,-3.9084549999999894,-19.370725999999998,660729.0
1966.5833333333333,72.90107,52.835,76.904457,0.004101729796719457,-0.07535744911709626,0.005132951777875168,-4.003386999999989,-24.069456999999993,660831.0
1966.6666666666667,73.192909,52.468,77.061562,0.004003219705828679,-0.006946153118198114,0.0020428594925259195,-3.868652999999995,-24.59356199999999,660930.0
1966.75,73.524673,54.689,77.375732,0.004532734175109871,0.04233056339101922,0.004076870385783308,-3.8510589999999922,-22.686732,661031.0
1966.8333333333333,73.81694,55.646,77.375732,0.003975087383251543,0.01749894860026698,0.0,-3.558791999999997,-21.729732,661130.0
1966.9166666666667,74.113617,55.992,77.454292,0.004019091010816793,0.006217877295762436,0.0010153054190168561,-3.3406749999999903,-21.462291999999998,661230.0
1967.0,74.433273,60.78,77.454292,0.004313053564771975,0.08551221603086162,0.0,-3.0210189999999955,-16.674291999999994,670131.0
1967.0833333333333,74.698997,61.444,77.532837,0.003569962589177099,0.010924646265218847,0.0010140819568785861,-2.833839999999995,-16.088836999999998,670228.0
1967.1666666666667,74.990181,64.111,77.689911,0.0038980978553166006,0.04340537725408505,0.002025902908724911,-2.699729999999988,-13.57891099999999,670331.0
1967.25,75.233749,66.778,77.847008,0.003247998561304929,0.041599725476127364,0.0020221029729330926,-2.6132589999999993,-11.069007999999997,670428.0
1967.3333333333333,75.484558,64.151,78.082626,0.0033337299195339027,-0.03933930336338329,0.0030266802289948295,-2.598067999999998,-13.931626000000009,670531.0
1967.4166666666667,75.685341,65.875,78.318291,0.0026599215166628787,0.026874093934623058,0.003018149005388181,-2.632950000000008,-12.443291000000002,670630.0
1967.5,75.923767,69.114,78.71106,0.003150226937604787,0.049168880455408036,0.005015035376601888,-2.7872930000000053,-9.597059999999999,670731.0
1967.5833333333333,76.160027,68.683,78.946716,0.003111805556223277,-0.00623607373325227,0.0029939375737030047,-2.7866889999999955,-10.263715999999988,670831.0
1967.6666666666667,76.40406,71.038,79.103821,0.0032042136749767924,0.034287960630723605,0.001990013112135043,-2.699760999999995,-8.065821,670929.0
1967.75,76.705109,69.09,79.339478,0.003940222548382794,-0.027421943185337333,0.0029790849167703713,-2.6343690000000066,-10.249477999999996,671031.0
1967.8333333333333,76.977463,69.637,79.575104,0.0035506630985949984,0.007917209436966232,0.002969845604479479,-2.597640999999996,-9.938103999999996,671130.0
1967.9166666666667,77.234016,71.983,79.810806,0.0033328326240109614,0.033688987176357446,0.0029620068105723546,-2.5767900000000026,-7.827805999999995,671229.0
1968.0,77.546211,69.366,80.125023,0.004042195604589598,-0.03635580623202707,0.003937023264744367,-2.578811999999999,-10.759023,680131.0
1968.0833333333333,77.846642,67.035,80.36068,0.003874218947976752,-0.033604359484473705,0.002941116160428476,-2.5140379999999993,-13.325680000000006,680229.0
1968.1666666666667,78.142693,67.376,80.753487,0.003803002832158019,0.005086894905646427,0.004888049727802263,-2.6107940000000127,-13.377487000000002,680329.0
1968.25,78.47805,73.715,80.989113,0.00429159768015676,0.0940839468059843,0.0029178430400162944,-2.511063000000007,-7.274113,680430.0
1968.3333333333333,78.828072,75.708,81.224808,0.004460126111696326,0.027036559723258427,0.0029102059680539117,-2.39673599999999,-5.5168079999999975,680531.0
1968.4166666666667,79.163193,76.581,81.696129,0.004251290073414467,0.011531145981930637,0.005802672996161508,-2.5329359999999923,-5.115128999999996,680628.0
1968.5,79.540871,74.892,82.088943,0.004770878809802288,-0.02205507893602861,0.004808232713204824,-2.5480720000000048,-7.1969430000000045,680730.0
1968.5833333333333,79.87661,76.244,82.3246,0.004220962076213672,0.01805266250066768,0.0028707520329504465,-2.4479900000000043,-6.080600000000004,680830.0
1968.6666666666667,80.216652,79.632,82.560303,0.004257091030778558,0.04443628351083371,0.002863093170206729,-2.3436510000000084,-2.9283029999999997,680930.0
1968.75,80.566704,80.353,83.031754,0.004363832088130594,0.009054149085794522,0.005710383596823789,-2.465050000000005,-2.678754000000012,681031.0
1968.8333333333333,80.908707,85.054,83.345917,0.004244967002746015,0.05850434955757729,0.0037836488435495836,-2.437209999999993,1.708083000000002,681129.0
1968.9166666666667,81.254669,82.172,83.581619,0.0042759551206275,-0.03388435582100789,0.00282799696114692,-2.3269499999999965,-1.4096190000000064,681231.0
1969.0,81.682663,81.62,83.817322,0.005267315777263189,-0.006717616706420588,0.002820033912001643,-2.134658999999999,-2.1973219999999998,690131.0
1969.0833333333333,82.059219,77.243,84.131622,0.00460998682180567,-0.05362656211712827,0.0037498215464339063,-2.072402999999994,-6.888621999999998,690228.0
1969.1666666666667,82.440063,79.599,84.8386,0.004641087310372723,0.030501145734888713,0.008403237488990842,-2.3985370000000046,-5.239599999999996,690328.0
1969.25,82.879539,81.235,85.388428,0.005330854732607362,0.02055302202288968,0.006480870735726486,-2.5088890000000106,-4.153428000000005,690430.0
1969.3333333333333,83.280083,81.646,85.624092,0.004832845414355052,0.005059395580722612,0.002759905592828104,-2.344009,-3.9780920000000037,690529.0
1969.4166666666667,83.706413,76.152,86.173973,0.005119231209219532,-0.06729049800357641,0.0064220359849188145,-2.467560000000006,-10.021973000000003,690630.0
1969.5,84.151314,71.195,86.56678,0.0053150169031852025,-0.06509349721609423,0.0045583020757322,-2.415465999999995,-15.371780000000001,690731.0
1969.5833333333333,84.576172,74.862,86.959541,0.005048738751720507,0.05150642601306274,0.004537086859416594,-2.383369000000002,-12.097541000000007,690829.0
1969.6666666666667,85.101723,73.172,87.35231,0.006213936946685258,-0.02257487109615022,0.004516686673863668,-2.250586999999996,-14.180310000000006,690930.0
1969.75,85.609283,77.242,87.666527,0.005964156565901703,0.05562236921226709,0.003597122961029872,-2.057243999999997,-10.424526999999998,691031.0
1969.8333333333333,86.050697,74.758,88.137802,0.005156146442670179,-0.032158670153543525,0.005375769020711765,-2.087104999999994,-13.379801999999998,691128.0
1969.9166666666667,86.604401,73.287,88.687798,0.006434625392981955,-0.019676823885069018,0.006240182844587017,-2.083397000000005,-15.400797999999995,691231.0
1970.0,87.127861,67.919,89.002022,0.00604426557952869,-0.07324627833039977,0.003543035311351352,-1.8741610000000009,-21.083022,700130.0
1970.0833333333333,87.66629,71.771,89.473381,0.006179756897739149,0.05671461593957514,0.005296048217870901,-1.8070909999999998,-17.702381000000003,700227.0
1970.1666666666667,88.166428,71.432,89.94474,0.005705020709784714,-0.004723356230232247,0.005268147852823316,-1.7783119999999997,-18.512739999999994,700331.0
1970.25,88.611053,63.909,90.494659,0.005043019322502235,-0.10531694478665028,0.006113965085673745,-1.8836060000000003,-26.585659,700430.0
1970.3333333333333,89.078041,59.797,90.887383,0.00527008746865925,-0.0643414855497661,0.004339747829758673,-1.809342000000001,-31.090383000000003,700529.0
1970.4166666666667,89.595703,56.74,91.358749,0.005811331212369179,-0.051122966035085295,0.005186264412520309,-1.7630460000000028,-34.618749,700630.0
1970.5,90.064461,60.95,91.67292,0.005231925017653961,0.07419809658089532,0.0034388715195739134,-1.6084590000000105,-30.722920000000002,700731.0
1970.5833333333333,90.545372,64.001,91.830017,0.005339631133749927,0.05005742411812964,0.0017136685511925786,-1.2846449999999976,-27.829016999999993,700831.0
1970.6666666666667,91.031433,67.039,92.301392,0.005368148468151487,0.047468008312370066,0.005133125479003331,-1.269959,-25.262392000000006,700930.0
1970.75,91.45018,65.821,92.772713,0.004600026454598338,-0.018168528766837267,0.00510632602377209,-1.3225329999999929,-26.951712999999998,701030.0
1970.8333333333333,91.866653,69.142,93.086922,0.004554097105112273,0.05045502195347986,0.0033868687229186164,-1.2202690000000018,-23.944922000000005,701130.0
1970.9166666666667,92.255501,73.339,93.558197,0.004232743735640351,0.06070116571693042,0.005062741251665896,-1.3026960000000116,-20.21919700000001,701231.0
1971.0,92.608223,77.155,93.636787,0.0038233167255793234,0.052032342955317126,0.0008400119125851823,-1.028564000000003,-16.481786999999997,710129.0
1971.0833333333333,92.915382,78.457,93.793938,0.003316757303506392,0.01687512150865132,0.001678304062269874,-0.8785560000000032,-15.336938000000004,710226.0
1971.1666666666667,93.192177,81.971,94.108162,0.0029790008289478595,0.04478886523828352,0.0033501525439735332,-0.9159849999999921,-12.13716199999999,710331.0
1971.25,93.44928,84.704,94.422371,0.002758847451326314,0.03334105964304437,0.0033388071058066708,-0.9730909999999966,-9.718371000000005,710430.0
1971.3333333333333,93.723373,81.621,94.89373,0.002933067007043751,-0.03639733660748015,0.0049920267306145785,-1.1703570000000099,-13.27273000000001,710528.0
1971.4166666666667,94.073433,81.876,95.443649,0.003735034162716265,0.0031241959789761174,0.005795103638564829,-1.3702159999999992,-13.567648999999989,710630.0
1971.5,94.45153,78.578,95.67939,0.004019168727477087,-0.04028042405588941,0.002469949572024477,-1.2278599999999926,-17.101389999999995,710730.0
1971.5833333333333,94.893372,81.918,95.915047,0.004677976100545899,0.04250553590063381,0.002462986020291343,-1.0216750000000019,-13.997046999999995,710831.0
1971.6666666666667,95.241989,81.508,95.993607,0.003673776077848771,-0.005005005005005137,0.0008190581400642588,-0.7516179999999935,-14.485607000000002,710930.0
1971.75,95.592133,78.193,96.150711,0.0036763616937903324,-0.04067085439466062,0.0016366089879298307,-0.5585779999999971,-17.957711000000003,711029.0
1971.8333333333333,95.948097,78.093,96.307861,0.0037237792361009474,-0.0012788868568796993,0.001634413291026017,-0.3597639999999984,-18.214861,711130.0
1971.9166666666667,96.301949,85.22,96.700592,0.0036879522477656764,0.09126298131714744,0.00407787065273932,-0.39864300000000696,-11.480592000000001,711231.0
1972.0,96.579323,87.639,96.779099,0.0028802532335042244,0.02838535555034026,0.0008118564568870673,-0.19977599999999995,-9.140099000000006,720131.0
1972.0833333333333,96.818832,90.385,97.25042,0.0024799200549376205,0.03133308230354077,0.004870070137768107,-0.43158800000000497,-6.86542,720229.0
1972.1666666666667,97.082863,91.174,97.40757,0.002727062437605143,0.008729324556065735,0.0016159313245125465,-0.32470700000000363,-6.23357,720330.0
1972.25,97.362358,91.675,97.643188,0.002878932402312828,0.005494987606115675,0.0024188879775975123,-0.2808299999999946,-5.968187999999998,720428.0
1972.3333333333333,97.655792,93.176,97.957443,0.00301383415549575,0.016373056994818707,0.003218401676930119,-0.30165099999999256,-4.781442999999996,720531.0
1972.4166666666667,97.942413,91.229,98.1931,0.00293501280497522,-0.020895938868378153,0.0024057079562601826,-0.2506869999999992,-6.964100000000002,720630.0
1972.5,98.248291,90.841,98.585869,0.0031230392496046913,-0.0042530335748501595,0.003999965374349127,-0.3375780000000077,-7.744869000000008,720731.0
1972.5833333333333,98.529297,94.109,98.743019,0.0028601617100902548,0.03597494523398026,0.0015940418398097344,-0.2137220000000042,-4.634019000000009,720831.0
1972.6666666666667,98.865547,93.389,99.135834,0.0034126905421846946,-0.0076507029083296915,0.003978154648076932,-0.27028699999999617,-5.746834000000007,720929.0
1972.75,99.258659,94.2,99.450081,0.00397622844285672,0.008684106265191907,0.003169862877231603,-0.19142200000000287,-5.2500809999999944,721031.0
1972.8333333333333,99.626808,98.888,99.685791,0.0037089862356492497,0.04976645435244164,0.002370133816180576,-0.05898299999999779,-0.7977909999999895,721130.0
1972.9166666666667,100.0,100.0,100.0,0.003745899396877225,0.01124504489927994,0.0031519938483510184,0.0,0.0,721229.0
1973.0,100.436996,97.392,100.314201,0.004369959999999935,-0.02608000000000004,0.0031420099999999707,0.12279499999999643,-2.922201000000001,730131.0
1973.0833333333333,100.853798,93.245,101.021202,0.0041498851678121096,-0.04258049942500402,0.007047865536007263,-0.16740400000000477,-7.776201999999998,730228.0
1973.1666666666667,101.313499,92.692,101.963799,0.004558093092339423,-0.0059306129014961816,0.009330684859599989,-0.6503000000000014,-9.271799000000001,730330.0
1973.25,101.8414,88.242,102.670898,0.00521056922533097,-0.04800845811936293,0.006934804380915618,-0.829498000000001,-14.42889799999999,730430.0
1973.3333333333333,102.358498,86.311,103.299301,0.005077483223914874,-0.0218830035583962,0.0061205561872070685,-0.9408030000000025,-16.988300999999993,730531.0
1973.4166666666667,102.885002,85.637,104.006302,0.005143725340713799,-0.007808969887963371,0.006844199265201275,-1.121300000000005,-18.369302000000005,730629.0
1973.5,103.542801,90.307,104.241997,0.00639353634847572,0.05453250347396571,0.0022661607562971774,-0.6991960000000006,-13.934996999999996,730731.0
1973.5833333333333,104.267303,87.663,106.127296,0.006997125758651257,-0.029277907581915084,0.01808579127661957,-1.859993000000003,-18.464296000000004,730831.0
1973.6666666666667,104.9785,92.275,106.441498,0.006820901467068718,0.05261056546091292,0.0029606143927382693,-1.462997999999999,-14.16649799999999,730928.0
1973.75,105.6632,92.309,107.305603,0.006522287897045648,0.0003684638309400359,0.008118121374052902,-1.6424030000000016,-14.996603000000007,731031.0
1973.8333333333333,106.252403,81.445,108.091202,0.005576236570537308,-0.11769166603473122,0.0073211368096034145,-1.8387989999999945,-26.646202000000002,731130.0
1973.9166666666667,106.930298,82.506,108.798203,0.006380043941217897,0.013027196267419818,0.006540782107317165,-1.8679050000000075,-26.292203,731231.0
1974.0,107.600098,82.7,109.740799,0.006263893513137028,0.002351344144668298,0.008663709271006936,-2.140700999999993,-27.040798999999993,740131.0
1974.0833333333333,108.225502,82.953,111.1549,0.0058122995389837204,0.003059250302297462,0.012885827448732193,-2.929397999999992,-28.201899999999995,740228.0
1974.1666666666667,108.828903,81.006,112.411697,0.005575404954000499,-0.02347112220172872,0.01130671702282136,-3.582794000000007,-31.405697000000004,740329.0
1974.25,109.649803,77.407,113.040199,0.007543032938593609,-0.0444288077426364,0.005591072964586572,-3.3903959999999955,-35.633199000000005,740430.0
1974.3333333333333,110.475998,74.436,114.297203,0.007534851658602601,-0.03838154172103285,0.011119973346826777,-3.821204999999992,-39.86120299999999,740531.0
1974.4166666666667,111.141502,72.971,115.397003,0.006023969115897903,-0.01968133698747922,0.009622282708002942,-4.255500999999995,-42.426002999999994,740628.0
1974.5,111.924797,67.864,116.261101,0.007047727319718923,-0.06998670704800536,0.007488045421768869,-4.336303999999998,-48.39710099999999,740731.0
1974.5833333333333,112.591103,62.019,117.753601,0.005953157994112832,-0.08612813863020166,0.012837483794343275,-5.162497999999999,-55.734601000000005,740830.0
1974.6666666666667,113.499603,55.191,119.167603,0.008069021226304084,-0.11009529337783576,0.012008142324241926,-5.668000000000006,-63.976603,740930.0
1974.75,114.073097,64.313,120.188904,0.005052828246456606,0.1652805711076081,0.008570290702247272,-6.11580699999999,-55.87590399999999,741031.0
1974.8333333333333,114.687897,61.604,121.210098,0.005389526682176451,-0.04212212149954135,0.008496574692119735,-6.5222009999999955,-59.606098,741129.0
1974.9166666666667,115.487999,60.058,122.074203,0.0069763420633651985,-0.025095773001753124,0.00712898524345715,-6.586203999999995,-62.016203,741231.0
1975.0,116.160599,68.41,122.6241,0.0058239817628150505,0.1390655699490492,0.004504612657598112,-6.463500999999994,-54.2141,750131.0
1975.0833333333333,116.665703,72.487,123.488197,0.004348324684517068,0.05959655021195729,0.007046714308198804,-6.822494000000006,-51.001197000000005,750228.0
1975.1666666666667,117.148102,74.602,123.959503,0.004134882725559893,0.02917764564680576,0.0038166076714197914,-6.811401000000004,-49.357502999999994,750331.0
1975.25,117.660896,78.124,124.587997,0.004377313769880792,0.04721053054877874,0.005070155855658791,-6.9271010000000075,-46.463997000000006,750430.0
1975.3333333333333,118.173401,82.405,125.137901,0.004355780190557146,0.054797501408018104,0.0044137799245620585,-6.964500000000001,-42.732901,750530.0
1975.4166666666667,118.656601,86.654,126.159203,0.004088906605979771,0.05156240519385954,0.008161412264698333,-7.50260200000001,-39.50520300000001,750630.0
1975.5,119.231598,81.247,127.494598,0.004845891380286634,-0.062397581184942374,0.01058499870199712,-8.262999999999991,-46.247597999999996,750731.0
1975.5833333333333,119.804497,79.515,127.887398,0.004804925955953324,-0.021317710192376327,0.003080914847858952,-8.082901000000007,-48.372398000000004,750829.0
1975.6666666666667,120.435501,76.638,128.515793,0.005266947533697373,-0.03618185248066397,0.004913658498236062,-8.080292,-51.877793,750930.0
1975.75,121.104599,81.072,129.3013,0.005555654225243694,0.05785641587724102,0.0061121437425203885,-8.196701000000004,-48.229299999999995,751031.0
1975.8333333333333,121.6008,83.632,130.086807,0.004097292787369813,0.03157686994276695,0.0060750123935335186,-8.486006999999987,-46.45480699999999,751128.0
1975.9166666666667,122.190598,82.714,130.636703,0.0048502805902591725,-0.010976659651807996,0.004227146569905573,-8.446105000000017,-47.92270300000001,751231.0
1976.0,122.762604,93.176,130.950897,0.004681260337231526,0.12648402930580074,0.0024050974403417567,-8.188293000000002,-37.774896999999996,760130.0
1976.0833333333333,123.176598,93.53,131.265106,0.003372313607814986,0.0037992616124323773,0.002399441372287853,-8.088508000000004,-37.735106,760227.0
1976.1666666666667,123.671402,96.229,131.579407,0.004017029273693709,0.02885705121351436,0.0023943987063858416,-7.908005000000003,-35.350407000000004,760331.0
1976.25,124.190102,95.158,132.129395,0.00419417902289161,-0.011129701025678309,0.0041798941987934695,-7.939292999999992,-36.97139499999999,760430.0
1976.3333333333333,124.655098,94.356,132.914902,0.003744227539164106,-0.008428088022026594,0.005944982946452029,-8.259804000000017,-38.55890200000002,760528.0
1976.4166666666667,125.197098,98.709,133.621902,0.004347997063064373,0.046133791173852315,0.005319192877259117,-8.424804000000009,-34.912902,760630.0
1976.5,125.779999,97.944,134.407593,0.004655866703875251,-0.007750053186639521,0.005879956715479066,-8.627593999999988,-36.46359299999999,760730.0
1976.5833333333333,126.309303,97.937,135.036102,0.0042081730339336085,-7.146941109210367e-05,0.0046761420688488054,-8.726799,-37.099102,760831.0
1976.6666666666667,126.861,100.393,135.585999,0.004367825543301465,0.025077345640564883,0.004072222108425398,-8.724998999999983,-35.192998999999986,760930.0
1976.75,127.379097,98.225,136.135895,0.004083973798093956,-0.021595131134640923,0.004055698995882445,-8.756798000000003,-37.91089500000001,761029.0
1976.8333333333333,127.883904,98.715,136.528595,0.003963028565039989,0.00498854670399602,0.0028846176094849247,-8.644690999999995,-37.81359499999999,761130.0
1976.9166666666667,128.400894,104.644,136.921402,0.004042651059510919,0.060061794053588635,0.0028771042432539852,-8.520508000000007,-32.277401999999995,761231.0
1977.0,128.862396,100.712,137.706894,0.0035942273112210253,-0.037575016245556384,0.005736809501848403,-8.844498000000016,-36.994894,770131.0
1977.0833333333333,129.315308,99.039,139.120895,0.0035146948532603552,-0.016611724521407596,0.010268193253999212,-9.805587000000003,-40.08189499999999,770228.0
1977.1666666666667,129.802002,98.045,139.985001,0.003763622478477181,-0.010036450287260572,0.0062111877586757975,-10.182999000000024,-41.94000100000001,770331.0
1977.25,130.289398,98.429,141.084702,0.003754918972667449,0.00391656892243358,0.007855848784827896,-10.795303999999987,-42.65570199999999,770429.0
1977.3333333333333,130.7733,97.239,141.8703,0.0037140550760699693,-0.012089932844994846,0.005568272029946898,-11.09699999999998,-44.63129999999998,770531.0
1977.4166666666667,131.294601,102.292,142.813004,0.003986295367632338,0.05196474665514862,0.0066448298199131214,-11.518403000000006,-40.521004000000005,770630.0
1977.5,131.841995,100.765,143.441406,0.004169204185326684,-0.014927853595589107,0.004400173530415999,-11.599411000000003,-42.676406,770729.0
1977.5833333333333,132.424103,99.3,143.991302,0.004415194111709287,-0.014538778345655767,0.0038335932094808785,-11.567198999999988,-44.69130199999999,770831.0
1977.6666666666667,132.997894,99.374,144.541397,0.00433298007689733,0.0007452165156092454,0.003820334925508201,-11.543502999999987,-45.167396999999994,770930.0
1977.75,133.653198,95.409,144.934097,0.004927175764151581,-0.03989977257632771,0.0027168687182400706,-11.280899000000005,-49.525097,771031.0
1977.8333333333333,134.321594,99.608,145.641098,0.005000972741407963,0.04401052311626783,0.004878086072458099,-11.319503999999995,-46.033097999999995,771130.0
1977.9166666666667,134.975403,100.298,146.190994,0.0048674898840166785,0.006927154445426047,0.00377569249031609,-11.21559099999999,-45.89299399999999,771230.0
1978.0,135.635895,94.59,146.976501,0.0048934249153529475,-0.05691040698717819,0.005373155886743776,-11.340606000000008,-52.38650100000001,780131.0
1978.0833333333333,136.259598,93.527,147.997696,0.004598362402518936,-0.011237974415900225,0.006948015451803261,-11.73809799999998,-54.47069599999999,780228.0
1978.1666666666667,136.980103,96.571,149.033707,0.005287737602161447,0.0325467512055342,0.007000183300150849,-12.053603999999979,-52.462706999999995,780331.0
1978.25,137.713898,104.55,150.3694,0.005356945891623299,0.08262314773586273,0.008962355073138055,-12.655502000000013,-45.819400000000016,780428.0
1978.3333333333333,138.414597,106.723,151.862,0.005088077602741199,0.020784313725490215,0.009926221691381236,-13.447403000000008,-45.138999999999996,780531.0
1978.4166666666667,139.157806,105.404,153.433395,0.0053694409123627865,-0.01235909785144723,0.010347519458455674,-14.275588999999997,-48.029394999999994,780630.0
1978.5,139.935806,111.455,154.533203,0.0055907751233159,0.057407688512769936,0.007167983215127293,-14.597396999999972,-43.07820299999999,780731.0
1978.5833333333333,140.712402,115.835,155.318893,0.005549658962910348,0.0392983715400834,0.0050842795253523395,-14.606491000000005,-39.48389300000001,780831.0
1978.6666666666667,141.584793,115.108,156.418594,0.006199815990633102,-0.006276168688220224,0.00708027837926974,-14.833801000000022,-41.31059400000001,780929.0
1978.75,142.548492,102.911,157.675598,0.00680651487762545,-0.1059613580289815,0.008036154576354234,-15.127105999999998,-54.76459800000001,781031.0
1978.8333333333333,143.546295,106.373,158.539795,0.00699974433963129,0.033640718679247145,0.005480854431260759,-14.993500000000012,-52.16679499999999,781130.0
1978.9166666666667,144.669403,108.125,159.404007,0.007824012455354575,0.016470344918353298,0.005451073025545474,-14.734604000000019,-51.27900700000001,781229.0
1979.0,145.785706,113.28,160.8181,0.007716234233717107,0.047676300578034694,0.008871125805513658,-15.032393999999982,-47.538099999999986,790131.0
1979.0833333333333,146.855499,110.183,162.703506,0.0073381199663018004,-0.027339336158192038,0.011723842030219344,-15.848006999999996,-52.520506,790228.0
1979.1666666666667,148.049698,117.281,164.274796,0.008131796276828541,0.06442010110452609,0.009657382552039196,-16.225098000000003,-46.993796,790330.0
1979.25,149.227905,118.179,166.160294,0.00795818577083478,0.007656824208524792,0.011477707146262315,-16.932389,-47.98129399999999,790430.0
1979.3333333333333,150.445602,116.568,168.202896,0.008159981874703766,-0.01363186352905342,0.012292960916402907,-17.757294,-51.63489600000001,790531.0
1979.4166666666667,151.664795,121.937,169.774094,0.008103879301170864,0.04605895271429552,0.009341087682580573,-18.109298999999993,-47.83709399999999,790629.0
1979.5,152.826202,123.647,171.973907,0.007657723072780318,0.014023635155859238,0.012957294886226907,-19.147705000000002,-48.32690699999999,790731.0
1979.5833333333333,153.998596,131.615,173.702194,0.007671420114202649,0.06444151495790439,0.010049704807834566,-19.703598,-42.08719399999998,790831.0
1979.6666666666667,155.275406,131.808,175.509201,0.008291049614504355,0.0014663982068911874,0.010402902567828238,-20.233794999999986,-43.701201,790928.0
1979.75,156.630096,122.501,177.080597,0.008724433797326571,-0.07061028162175277,0.00895335396119786,-20.450501000000003,-54.57959700000001,791031.0
1979.8333333333333,158.176102,130.247,178.730392,0.009870427456036144,0.06323213688051534,0.009316633374575663,-20.55429000000001,-48.48339199999998,791130.0
1979.9166666666667,159.680695,133.618,180.615906,0.00951213856566019,0.02588159420178569,0.010549487297045712,-20.93521100000001,-46.997906,791231.0
1980.0,160.953003,142.311,183.208405,0.00796782604183937,0.06505859988923657,0.014353658309584337,-22.255402000000004,-40.89740499999999,800131.0
1980.0833333333333,162.378693,142.72,185.722397,0.008857803044532217,0.0028739872532691905,0.013722034204708031,-23.343704000000002,-43.002397,800229.0
1980.1666666666667,164.335999,126.179,188.393494,0.012053958335531056,-0.11589826233183854,0.014382201840739774,-24.057495000000017,-62.214494,800331.0
1980.25,166.399399,132.567,190.514801,0.012555982940779772,0.05062649093747775,0.011259980134982802,-24.115402000000017,-57.947801,800430.0
1980.3333333333333,167.746399,140.344,192.400299,0.00809498116035869,0.05866467522083163,0.009896858354852881,-24.653899999999993,-52.056298999999996,800530.0
1980.4166666666667,168.771698,145.447,194.5215,0.006112196781046786,0.036360656672177,0.011024936089106667,-25.749802000000017,-49.0745,800630.0
1980.5,169.662994,155.378,194.678696,0.005281075029534936,0.06827916698178706,0.000808116326472904,-25.015702000000005,-39.300696000000016,800731.0
1980.5833333333333,170.746796,158.528,195.935699,0.006387969317575472,0.020273140341618544,0.006456808196414041,-25.18890300000001,-37.40769900000001,800829.0
1980.6666666666667,172.033203,162.996,197.742706,0.007534003742008705,0.02818429551877282,0.00922244904436735,-25.709503000000012,-34.74670599999999,800930.0
1980.75,173.668396,166.066,199.4711,0.0095051011751494,0.018834818032344307,0.008740620753920545,-25.802704000000006,-33.405100000000004,801031.0
1980.8333333333333,175.330399,183.794,201.278305,0.009569979560357076,0.10675273686365667,0.009059984128026475,-25.94790599999999,-17.484304999999978,801128.0
1980.9166666666667,177.621597,177.368,203.006699,0.013067887902314125,-0.034963056465390684,0.008587085428804703,-25.38510199999999,-25.638699000000003,801231.0
1981.0,179.463501,169.953,204.656494,0.010369820061915103,-0.041805737224301975,0.008126800781091523,-25.192993,-34.703494000000006,810130.0
1981.0833333333333,181.382202,172.806,206.777802,0.010691316001909484,0.016786994051296585,0.010365212256592253,-25.3956,-33.971802,810227.0
1981.1666666666667,183.572693,180.453,208.270706,0.012076658987743351,0.044251935696677146,0.007219846548131803,-24.698013000000003,-27.817705999999987,810331.0
1981.25,185.547195,177.564,209.6064,0.010755967936908794,-0.016009708899270225,0.0064132590975133005,-24.05920500000002,-32.042400000000015,810430.0
1981.3333333333333,187.689194,179.558,211.334793,0.011544227332566243,0.01122975377891915,0.00824589802601439,-23.645599000000004,-31.776792999999998,810529.0
1981.4166666666667,190.218307,178.19,213.141693,0.013475005918561427,-0.007618708161151244,0.008549940946070405,-22.923385999999994,-34.951693000000006,810630.0
1981.5,192.576599,177.973,215.577103,0.012397818260468364,-0.0012178012234131238,0.011426248734920156,-23.000504000000006,-37.60410299999998,810731.0
1981.5833333333333,195.042404,168.264,217.226898,0.012804281583558433,-0.054553218746663835,0.007652923139986772,-22.184494,-48.962897999999996,810831.0
1981.6666666666667,197.468903,157.805,219.426697,0.012440879266438937,-0.06215827509152286,0.010126733936973055,-21.95779399999998,-61.62169699999998,810930.0
1981.75,199.849197,166.881,219.898102,0.012054019462497303,0.05751402046829944,0.002148348429999857,-20.04890499999999,-53.017101999999994,811030.0
1981.8333333333333,201.982803,174.759,220.526505,0.01067607992440413,0.047207291423229644,0.0028577008818384056,-18.543701999999996,-45.767505,811130.0
1981.9166666666667,203.747696,169.788,221.154999,0.008737837943559982,-0.028444886958611432,0.0028499703471018944,-17.407303000000013,-51.36699899999999,811231.0
1982.0,205.369202,165.529,221.940598,0.007958401649852329,-0.025084222677692267,0.003552255221687259,-16.571395999999993,-56.411598,820129.0
1982.0833333333333,207.266296,156.947,222.647705,0.009237480505962183,-0.051845900114179354,0.003186019170769323,-15.38140899999999,-65.700705,820226.0
1982.1666666666667,209.298004,155.501,222.411896,0.00980240414968375,-0.009213301305536251,-0.0010591126461419805,-13.113892000000021,-66.91089600000001,820331.0
1982.25,211.661407,162.019,223.354904,0.011292047486511173,0.041916129156725684,0.004239917095081963,-11.693497000000008,-61.335904,820430.0
1982.3333333333333,213.901993,157.529,225.554993,0.010585708711650052,-0.027712799116153097,0.00985019339445527,-11.652999999999992,-68.025993,820528.0
1982.4166666666667,215.949707,153.981,228.304703,0.009573141284382445,-0.02252283706492139,0.01219086291740832,-12.354996,-74.323703,820630.0
1982.5,218.218704,150.837,229.561707,0.010507062183696379,-0.020418103532254015,0.005505817372496367,-11.34300300000001,-78.72470700000002,820730.0
1982.5833333333333,219.882095,169.673,230.033005,0.007622586742151993,0.12487652233868357,0.002053034045438555,-10.15091000000001,-60.360005,820831.0
1982.6666666666667,221.007507,171.788,230.425903,0.005118252125076448,0.012465153560083273,0.0017080070748978062,-9.418396000000001,-58.637902999999994,820930.0
1982.75,222.311707,191.789,231.054504,0.005901157013639399,0.11642838847882259,0.0027279962530948757,-8.742796999999996,-39.26550400000002,821029.0
1982.8333333333333,223.721603,200.845,230.661697,0.006341978202704254,0.04721855789435271,-0.0017000620771279351,-6.940094000000016,-29.816697000000005,821130.0
1982.9166666666667,225.229004,204.067,229.716003,0.006737842835857098,0.016042221613682236,-0.004099917811668589,-4.486998999999997,-25.649002999999993,821231.0
1983.0,226.774994,211.853,230.266006,0.006864080436105774,0.03815413565152622,0.002394273767683498,-3.491012000000012,-18.413005999999996,830131.0
1983.0833333333333,228.177795,217.757,230.344498,0.0061858716221595885,0.027868380433602527,0.0003408753265993718,-2.166702999999984,-12.587497999999982,830228.0
1983.1666666666667,229.621307,225.122,230.501602,0.006326259748456235,0.03382210445588435,0.0006820392992412778,-0.8802949999999896,-5.379601999999977,830331.0
1983.25,231.260803,241.61,232.151306,0.007139999425227591,0.07324028748856175,0.0071570175030714715,-0.8905029999999954,9.458694000000008,830429.0
1983.3333333333333,232.858093,243.348,233.408401,0.006906877340558169,0.00719341086875543,0.005414981382874462,-0.5503080000000011,9.939599000000015,830531.0
1983.4166666666667,234.409103,252.797,234.194,0.006660751962784437,0.03882916646119953,0.0033657700264181608,0.21510299999999916,18.60300000000001,830630.0
1983.5,236.144196,245.237,235.136902,0.0074019864322419525,-0.029905418181386655,0.004026157800797645,1.0072940000000017,10.100098000000003,830729.0
1983.5833333333333,237.942703,247.698,235.922501,0.007616138912006123,0.010035190448423414,0.0033410281130607862,2.0202019999999834,11.775498999999996,830831.0
1983.6666666666667,239.752808,251.827,237.100906,0.007607314606323494,0.016669492688677304,0.004994881772637693,2.6519019999999784,14.72609399999999,830930.0
1983.75,241.577499,246.469,237.729507,0.007610717952467116,-0.021276511255743046,0.002651196111414282,3.8479919999999765,8.739492999999982,831031.0
1983.8333333333333,243.276993,253.249,238.122192,0.00703498466138196,0.027508530484563986,0.0016518143033880945,5.154800999999992,15.126807999999983,831130.0
1983.9166666666667,245.045395,251.117,238.436493,0.0072690885323463735,-0.008418591978645543,0.001319914777199768,6.6089020000000005,12.680506999999977,831230.0
1984.0,246.9077,248.673,239.772003,0.007599836756777217,-0.009732515122432924,0.005601114087850635,7.135696999999993,8.90099699999999,840131.0
1984.0833333333333,248.669907,239.577,240.871902,0.007137108320234603,-0.036578156856594816,0.00458727034949111,7.798004999999989,-1.2949020000000075,840229.0
1984.1666666666667,250.480194,243.428,241.421799,0.00727987966794879,0.01607416404746699,0.002282943736625566,9.058395000000019,2.0062010000000043,840330.0
1984.25,252.518906,244.608,242.600204,0.008139214392336247,0.004847429219317445,0.00488110437781966,9.918701999999996,2.0077960000000132,840430.0
1984.3333333333333,254.497894,231.983,243.307297,0.007836989441099573,-0.05161319335426478,0.0029146430561122474,11.190596999999997,-11.324297000000001,840531.0
1984.4166666666667,256.415192,237.189,244.093201,0.007533649767647932,0.022441299577986268,0.0032300880807532373,12.321990999999997,-6.9042010000000005,840629.0
1984.5,258.514008,233.015,244.878906,0.008185224844244016,-0.01759778067279683,0.003218872941897334,13.63510199999999,-11.863906000000014,840731.0
1984.5833333333333,260.661194,259.332,245.900299,0.008305878728242972,0.11294122695963783,0.004171012590198313,14.760895000000033,13.431701000000004,840831.0
1984.6666666666667,262.899994,259.833,247.078705,0.008588927126605462,0.0019318865392625407,0.004792210521061725,15.821288999999979,12.754295000000013,840928.0
1984.75,265.517792,260.247,247.707306,0.009957390870081167,0.0015933311011302922,0.002544132647934895,17.810485999999997,12.539694000000026,841031.0
1984.8333333333333,267.464996,257.706,247.707306,0.007333610246352151,-0.009763801311830671,0.0,19.757689999999997,9.998694000000029,841130.0
1984.9166666666667,269.183807,263.912,247.864304,0.006426302602976939,0.02408170550937875,0.0006338044789038872,21.319502999999997,16.047695999999974,841231.0
1985.0,270.926514,285.086,248.335693,0.006474040988654253,0.08023128921761813,0.0019018026895877183,22.590821000000005,36.75030700000002,850131.0
1985.0833333333333,272.492706,289.761,249.357101,0.005780873849799732,0.016398560434395273,0.004113013267086049,23.135604999999998,40.403899000000024,850228.0
1985.1666666666667,274.171204,289.766,250.457108,0.006159790567017932,1.725560030506332e-05,0.004411372267277061,23.714095999999984,39.308892000000014,850329.0
1985.25,276.134888,288.866,251.478394,0.0071622547202294835,-0.0031059544598056156,0.004077688224364563,24.65649399999998,37.38760599999998,850430.0
1985.3333333333333,277.966705,305.798,252.421402,0.006633776026157191,0.05861541337505977,0.0037498569360196877,25.54530299999999,53.376598,850531.0
1985.4166666666667,279.508392,310.849,253.203995,0.0055463009499645815,0.016517439617002035,0.003100343290225412,26.304397000000023,57.645005,850628.0
1985.5,281.254211,309.964,253.596695,0.006246034287228067,-0.0028470414895978144,0.0015509233967655968,27.657515999999987,56.36730499999999,850731.0
1985.5833333333333,282.801605,308.664,254.147003,0.00550176295849308,-0.004194035436373293,0.0021700125074579583,28.654601999999983,54.516996999999975,850830.0
1985.6666666666667,284.512299,297.164,254.932602,0.006049095796326861,-0.03725734131612368,0.0030911204567696223,29.57969699999998,42.231397999999984,850930.0
1985.75,286.358185,310.24,255.718307,0.006487895273729475,0.04400263827381521,0.00308201067198148,30.63987799999998,54.521693,851031.0
1985.8333333333333,288.099915,331.494,256.582611,0.006082347532688889,0.06850825167612178,0.0033799066251442677,31.517304000000024,74.91138900000004,851129.0
1985.9166666666667,289.973602,346.149,257.211212,0.0065036013634367715,0.0442089449582797,0.002449897121048485,32.76239000000004,88.93778800000001,851231.0
1986.0,291.594604,348.465,257.996796,0.00559017092873156,0.006690760337311314,0.003054236998035795,33.597807999999986,90.46820399999996,860131.0
1986.0833333333333,293.138885,373.802,257.289612,0.005295986204189198,0.07271031523969422,-0.002741057295920995,35.84927300000004,116.51238800000004,860228.0
1986.1666666666667,294.884186,394.499,256.111206,0.005953836523598647,0.05536888513170075,-0.004580076089508019,38.77298000000002,138.38779400000004,860331.0
1986.25,296.420013,389.392,255.561295,0.005208237921581808,-0.012945533448754059,-0.002147157122051037,40.85871799999998,133.830705,860430.0
1986.3333333333333,297.882507,409.438,256.346893,0.0049338571481676325,0.05148025639972057,0.003074010092177775,41.53561399999995,153.09110699999997,860530.0
1986.4166666666667,299.44519,415.43,257.60379,0.005245971023065311,0.014634694385963244,0.004903109943290714,41.84140000000002,157.82621,860630.0
1986.5,301.002289,392.286,257.681091,0.005199946607925122,-0.0557109500998965,0.0003000771067847146,43.32119800000004,134.60490900000002,860731.0
1986.5833333333333,302.386993,420.627,258.144897,0.004600310531193333,0.07224575947140609,0.0017999225251651614,44.242096000000004,162.482103,860829.0
1986.6666666666667,303.747711,387.655,259.40979,0.004499922389188092,-0.07838774020688172,0.004899934163718806,44.337920999999994,128.24521,860930.0
1986.75,305.1586,408.026,259.645905,0.004644937060941334,0.05254930285950146,0.0009102008062226207,45.51269499999995,148.38009499999998,861031.0
1986.8333333333333,306.349915,415.349,259.881592,0.003903920780866184,0.017947385705812814,0.0009077246952921688,46.468323,155.46740799999998,861128.0
1986.9166666666667,307.843109,404.579,260.117615,0.004874145305377404,-0.025930001035273906,0.0009081943749212863,47.725494000000026,144.461385,861231.0
1987.0,309.120911,456.834,261.68869,0.004150822164416068,0.12915895288682802,0.006039863928477152,47.43222099999997,195.14531,870130.0
1987.0833333333333,310.454498,476.045,262.710114,0.0043141274256920875,0.04205247420288335,0.003903202694774343,47.744384000000025,213.33488600000004,870227.0
1987.1666666666667,311.915497,488.054,263.888611,0.004706000426510217,0.025226606728355423,0.004485921695424524,48.02688599999999,224.16538899999995,870331.0
1987.25,313.30069,480.604,265.302795,0.004440923946782799,-0.015264704315506049,0.005359018695960233,47.99789499999997,215.30120499999998,870430.0
1987.3333333333333,314.478699,483.673,266.088287,0.0037599949109592815,0.006385714642408338,0.0029607377487296223,48.390412000000026,217.58471300000002,870529.0
1987.4166666666667,315.994202,506.675,267.18811,0.004819095871418519,0.04755692378941973,0.0041333010648454994,48.80609199999998,239.48689000000002,870630.0
1987.5,317.439209,530.488,267.738007,0.004572890865890104,0.04699856910248196,0.002058089336385467,49.70120200000002,262.7499930000001,870731.0
1987.5833333333333,318.934692,549.432,269.230591,0.004711084697794779,0.03571051560072981,0.005574793122292952,49.70410099999998,280.201409,870831.0
1987.6666666666667,320.376587,538.094,270.566193,0.00452097258833162,-0.020635856666521,0.004960810712628099,49.810393999999974,267.52780700000005,870930.0
1987.75,322.290192,420.712,271.273193,0.005972986409272218,-0.21814404174735277,0.0026130389468132613,51.016999,149.438807,871030.0
1987.8333333333333,323.40271,389.172,271.665985,0.0034519139198627017,-0.0749681492327292,0.0014479572996362593,51.736725000000035,117.50601500000005,871130.0
1987.9166666666667,324.668488,415.942,271.584595,0.003913937517715951,0.06878706587318713,-0.00029959584377116247,53.083893000000046,144.35740500000003,871231.0
1988.0,325.623688,434.745,272.290588,0.002942077951217707,0.0452058219655625,0.0025995325692167296,53.3331,162.454412,880129.0
1988.0833333333333,327.107208,456.297,272.996704,0.004555933903678404,0.049573888141324275,0.0025932442439031665,54.11050399999999,183.300296,880229.0
1988.1666666666667,328.548798,446.09,274.173309,0.004407087232391291,-0.022369202515028698,0.004309960460181948,54.37548899999996,171.91669099999996,880331.0
1988.25,330.065399,450.845,275.585297,0.004616060108063573,0.010659284000986466,0.005149983436206797,54.48010199999999,175.259703,880429.0
1988.3333333333333,331.733185,452.528,276.526703,0.00505289559297301,0.0037329902738191456,0.003416024041369566,55.206481999999994,176.00129700000002,880531.0
1988.4166666666667,333.343109,474.66,277.703308,0.004853068890289149,0.048907470918926575,0.0042549417008743455,55.639801000000034,196.95669200000003,880630.0
1988.5,335.033905,471.806,278.880005,0.005072239246439552,-0.0060127248978216865,0.004237245168141786,56.15390000000002,192.925995,880729.0
1988.5833333333333,337.023285,458.357,280.056488,0.005937846797923281,-0.02850536025400261,0.00421859932195576,56.966796999999985,178.30051200000003,880831.0
1988.6666666666667,339.101715,475.772,281.939392,0.006167021961108788,0.037994401743618976,0.006723300764951378,57.162323000000015,193.832608,880930.0
1988.75,341.170502,486.404,282.880798,0.00610078601342369,0.022346838401587327,0.0033390367813520326,58.28970399999997,203.52320199999997,881031.0
1988.8333333333333,343.102295,479.225,283.116089,0.005662250952750972,-0.014759335860724775,0.0008317673085748331,59.98620600000004,196.10891100000003,881130.0
1988.9166666666667,345.277893,488.717,283.586914,0.006340960208383273,0.019806980019823592,0.0016630103985365195,61.69097900000003,205.130086,881230.0
1989.0,347.181702,521.642,284.999207,0.005513845625789795,0.06737027768626848,0.004980106381072414,62.18249499999996,236.64279300000004,890131.0
1989.0833333333333,349.310303,512.064,286.175995,0.006131086366988325,-0.018361251586337158,0.0041290921907722634,63.134307999999976,225.88800499999996,890228.0
1989.1666666666667,351.652802,523.052,287.823486,0.006706069016235208,0.021458255218097848,0.0057569154254185516,63.829316000000006,235.22851400000002,890331.0
1989.25,354.025696,547.939,289.706085,0.006747831914047919,0.0475803552992818,0.006540810919092164,64.31961100000001,258.232915,890428.0
1989.3333333333333,356.812988,569.053,291.353394,0.007873134722966652,0.03853348639173345,0.005686138763706006,65.45959400000004,277.699606,890531.0
1989.4166666666667,359.343811,567.749,292.059387,0.0070928555997518735,-0.0022915264483272624,0.0024231500800709223,67.284424,275.689613,890630.0
1989.5,361.843109,614.315,292.765289,0.0069551719648234325,0.08201863851807759,0.0024169810368053005,69.07782000000003,321.54971100000006,890731.0
1989.5833333333333,364.517792,626.664,293.236115,0.007391830695330331,0.02010206490155691,0.001608202945124373,71.281677,333.427885,890831.0
1989.6666666666667,366.903595,624.803,294.177307,0.006545093414809256,-0.00296969348805738,0.0032096728603842025,72.72628800000001,330.625693,890929.0
1989.75,369.385712,607.089,295.589386,0.0067650386472774045,-0.02835133634121466,0.0048000949305039555,73.79632600000002,311.49961400000007,891031.0
1989.8333333333333,371.921906,619.145,296.295502,0.0068659775340741015,0.019858702760221194,0.002388840849650835,75.62640399999998,322.849498,891130.0
1989.9166666666667,374.179504,632.246,296.769592,0.0060700861217893145,0.021159825242875255,0.001600058039355554,77.40991200000002,335.476408,891229.0
1990.0,376.301086,589.306,299.829315,0.005669957807202581,-0.06791660208210086,0.010310096055932912,76.47177099999999,289.47668500000003,900131.0
1990.0833333333333,378.43811,597.214,301.241486,0.005679026926858236,0.013419174418723066,0.004709916373587421,77.19662399999999,295.97251400000005,900228.0
1990.1666666666667,380.87561,611.275,302.889313,0.006440947503939283,0.02354432414511368,0.005470119743068876,77.98629699999998,308.38568699999996,900330.0
1990.25,383.493408,594.454,303.359985,0.006873104843862261,-0.027517892928714618,0.001553940597435272,80.133423,291.09401499999996,900430.0
1990.3333333333333,386.089996,646.981,304.065887,0.006770880400635197,0.08836175717549222,0.002326944999024774,82.02410900000001,342.915113,900531.0
1990.4166666666667,388.50351,643.268,305.713287,0.006251169481221214,-0.005738962968000552,0.005417904705633765,82.79022300000003,337.55471300000005,900629.0
1990.5,391.134094,640.622,306.890289,0.006771068812222569,-0.004113371098826728,0.0038500191193849417,84.24380500000001,333.73171099999996,900731.0
1990.5833333333333,393.704407,584.612,309.714294,0.006571436853571754,-0.08743065333379121,0.00920200182678312,83.99011300000001,274.89770599999997,900831.0
1990.6666666666667,396.060394,555.97,312.303192,0.0059841519630232905,-0.04899317838155895,0.00835898778375411,83.75720199999995,243.666808,900928.0
1990.75,398.760712,550.733,314.186096,0.006817945042997757,-0.00941957299854323,0.006029089833958522,84.57461599999999,236.54690399999993,901031.0
1990.8333333333333,401.014191,585.321,314.89209,0.005651206180010959,0.06280357269312005,0.0022470567889165136,86.12210099999999,270.42891000000003,901130.0
1990.9166666666667,403.415802,601.79,314.89209,0.0059888429235163965,0.02813669764112331,0.0,88.52371199999999,286.89790999999997,901231.0
1991.0,405.504211,627.118,316.774811,0.005176815061894905,0.04208777148174627,0.0059789402776043174,88.7294,310.34318900000005,910131.0
1991.0833333333333,407.437408,672.967,317.245605,0.0047673906893164345,0.07311064265417343,0.0014862103413898404,90.191803,355.721395,910228.0
1991.1666666666667,409.22641,689.366,317.716309,0.004390863393672439,0.024368208247952723,0.001483721106238846,91.51010099999996,371.64969099999996,910328.0
1991.25,411.409485,691.375,318.18689,0.005334638592851402,0.00291427195423043,0.0014811358015618312,93.22259500000001,373.18811,910430.0
1991.3333333333333,413.35199,719.004,319.128693,0.004721585356740093,0.03996239378050988,0.002959905104826893,94.223297,399.875307,910531.0
1991.4166666666667,415.075989,688.747,320.070099,0.0041707770658125825,-0.042081824301394795,0.002949925909670645,95.00588999999997,368.67690099999993,910628.0
1991.5,417.10321,719.934,320.540985,0.004883975594165235,0.045280777992499445,0.0014711964706204885,96.56222500000001,399.393015,910731.0
1991.5833333333333,419.026001,737.243,321.482391,0.004609868622205084,0.024042481671931154,0.002936928642682087,97.54361,415.76060900000004,910830.0
1991.6666666666667,420.936005,727.662,322.894409,0.004558199241674301,-0.012995715116996725,0.004392209463192617,98.04159600000003,404.76759100000004,910930.0
1991.75,422.723389,739.071,323.365112,0.00424621315061888,0.015678982824443206,0.0014577613822976245,99.35827699999999,415.705888,911031.0
1991.8333333333333,424.378204,711.047,324.306488,0.00391465209416171,-0.03791787257245921,0.0029111860403789975,100.07171599999998,386.740512,911129.0
1991.9166666666667,425.98761,785.787,324.541901,0.0037923860953048274,0.10511260155798421,0.0007258966709293651,101.44570900000002,461.24509900000004,911231.0
1992.0,427.432007,777.804,325.012512,0.0033907019032783153,-0.01015924162654773,0.001450077782098218,102.41949499999998,452.79148799999996,920131.0
1992.0833333333333,428.640686,787.042,326.189301,0.0028277690491250876,0.011877028145908297,0.003620749837470827,102.45138500000002,460.85269900000003,920228.0
1992.1666666666667,430.087708,771.246,327.836914,0.0033758391288129003,-0.020070085205109826,0.005051094548315606,102.25079400000004,443.409086,920331.0
1992.25,431.485291,788.483,328.307709,0.003249530209777577,0.022349548652440293,0.0014360646403595956,103.17758200000003,460.17529099999996,920430.0
1992.3333333333333,432.675415,792.875,328.778503,0.002758202944164715,0.005570189845564271,0.001434002270108169,103.89691199999999,464.096497,920529.0
1992.4166666666667,434.060211,779.888,329.9552,0.0032005423742414263,-0.016379631089389834,0.003578996160828648,104.10501099999999,449.93280000000004,920630.0
1992.5,435.395813,811.57,330.661285,0.003076997075873408,0.040623781876372014,0.0021399420284936564,104.73452799999995,480.90871500000003,920731.0
1992.5833333333333,436.529907,795.847,331.602692,0.0026047425495109313,-0.019373559890089664,0.0028470433120102636,104.92721499999999,464.244308,920831.0
1992.6666666666667,437.653198,803.044,332.544098,0.002573228046893004,0.009043195488580095,0.002838957652370413,105.10909999999996,470.49990199999996,920930.0
1992.75,438.6539,808.545,333.721008,0.0022865181942530823,0.00685018504590032,0.0035391095709657247,104.93289200000004,474.823992,921030.0
1992.8333333333333,439.682709,836.337,334.191498,0.0023453775288444193,0.03437285494313864,0.0014098303334863496,105.49121099999996,502.14550199999996,921130.0
1992.9166666666667,440.924011,848.649,333.956207,0.002823176746757214,0.014721338407842786,-0.0007040604007227553,106.967804,514.6927929999999,921231.0
1993.0,441.953705,856.956,335.603699,0.0023353094281817334,0.00978849913215006,0.004933257611229246,106.35000600000001,521.352301,930129.0
1993.0833333333333,442.929901,867.446,336.780304,0.002208819586657745,0.012241001871741384,0.0035059357316559107,106.14959699999997,530.665696,930226.0
1993.1666666666667,444.053986,888.693,337.957001,0.002537839503411707,0.02449374370277799,0.003493960264374576,106.09698500000002,550.735999,930331.0
1993.25,445.1073,868.365,338.898499,0.00237204041222141,-0.022874040866755985,0.0027858514462318364,106.208801,529.466501,930430.0
1993.3333333333333,446.072296,889.971,339.372986,0.002168007579296015,0.024881242334732507,0.001400085870548546,106.69930999999997,550.5980139999999,930528.0
1993.4166666666667,447.204498,894.619,339.843689,0.002538158074717123,0.005222642086090473,0.001386978396683458,107.36080900000002,554.7753110000001,930630.0
1993.5,448.278595,893.692,339.843689,0.0024018027654095614,-0.0010361952965452566,0.0,108.43490600000001,553.848311,930730.0
1993.5833333333333,449.401093,927.076,340.785095,0.002504018734153495,0.037355151439198306,0.0027701147041163067,108.61599799999999,586.2909050000001,930831.0
1993.6666666666667,450.552612,923.204,341.491211,0.0025623413425921674,-0.004176572362999442,0.0020720272405106467,109.06140099999999,581.7127889999999,930930.0
1993.75,451.548309,939.156,342.90329,0.0022099461272238876,0.017278954597250443,0.004135037607161157,108.64501899999999,596.25271,931029.0
1993.8333333333333,452.673096,924.942,343.138489,0.0024909560673384546,-0.015134865773098338,0.0006859047634100155,109.534607,581.8035110000001,931130.0
1993.9166666666667,453.697296,941.729,343.138489,0.0022625599114465766,0.018149246114891566,0.0,110.558807,598.5905110000001,931231.0
1994.0,454.833008,971.424,344.080109,0.0025032373126596995,0.03153242599516415,0.002744139844947561,110.75289900000001,627.343891,940131.0
1994.0833333333333,455.797302,945.534,345.256805,0.0021201055838937603,-0.02665159600751061,0.003419831513712967,110.54049700000002,600.277195,940228.0
1994.1666666666667,457.025787,904.935,346.433502,0.002695244124108435,-0.04293764158665902,0.0034081790219891253,110.592285,558.501498,940331.0
1994.25,458.264709,917.414,346.904297,0.002710836095557125,0.01378994071397398,0.0013589765345500841,111.360412,570.509703,940429.0
1994.3333333333333,459.708191,927.298,347.139496,0.0031498868921194132,0.010773761900298027,0.0006779939079279344,112.56869499999999,580.158504,940531.0
1994.4166666666667,461.141693,903.406,348.316193,0.003118286835137066,-0.02576518012548291,0.0033896949599765223,112.82549999999998,555.089807,940630.0
1994.5,462.410004,932.453,349.257813,0.002750371565296829,0.032152764094991654,0.0027033483338513645,113.15219100000002,583.195187,940729.0
1994.5833333333333,464.115112,969.116,350.6698,0.003687437523518621,0.039318871835899515,0.004042821513058064,113.445312,618.4462,940831.0
1994.6666666666667,465.81311,948.316,351.611389,0.003658570807321577,-0.0214628589353596,0.002685115741361146,114.20172100000002,596.7046110000001,940930.0
1994.75,467.602112,961.551,351.846588,0.0038406003643821495,0.013956318358015696,0.0006689174678583088,115.75552399999998,609.704412,941031.0
1994.8333333333333,469.328003,925.201,352.317413,0.003690939274457441,-0.03780350704226819,0.0013381542298770018,117.01059000000004,572.883587,941130.0
1994.9166666666667,471.407013,938.736,352.317413,0.004429759116674703,0.014629253535177727,0.0,119.08960000000002,586.418587,941230.0
1995.0,473.366211,,353.729401,0.00415606460228884,,0.004007715622049053,119.63681000000003,,950131.0
1995.0833333333333,475.251495,,355.14151,0.003982717727184706,,0.003992060021044128,120.109985,,950228.0
1995.1666666666667,477.446991,,356.318115,0.004619650907147695,,0.0033130596307933565,121.12887600000005,,950331.0
1995.25,479.571686,,357.494995,0.004450117060220355,,0.003302891294202204,122.07669099999998,,950428.0
1995.3333333333333,482.139587,,358.201111,0.005354571745922477,,0.001975177302831914,123.93847599999998,,950531.0
1995.4166666666667,484.412903,,358.907104,0.004715057757744264,,0.0019709402855536593,125.50579899999997,,950630.0
1995.5,486.603302,,358.907104,0.004521760230651853,,0.0,127.69619799999998,,950731.0
1995.5833333333333,488.873108,,359.848511,0.0046645922678100055,,0.0026229823525587546,129.02459700000003,,950831.0
1995.6666666666667,490.979614,,360.554504,0.004308901360146045,,0.001961917246894027,130.42511000000002,,950929.0
1995.75,493.293793,,361.731415,0.004713391216279638,,0.0032641694582742427,131.56237799999997,,951031.0
1995.8333333333333,495.366302,,361.495911,0.0042013684936028075,,-0.0006510465783018833,133.87039100000004,,951130.0
1995.9166666666667,497.784607,,361.968414,0.00488185205621834,,0.0013070770252779358,135.816193,,951229.0
