Company,CEO,CityofBirth,StateofBirth,Age,Undergrad,UGDegree,UGDate,AgeOfUnder,Graduate,GradDegree,MBA?,MasterPhd?,G_Date,AgeOfGradu,YearsFirm,YearsCEO,Salary,Bonus,Other,StGains,TotalComp,Compfor5Yrs,StockOwned,Sales,Profits,ReturnOver5Yrs,Industry,Industry Code,WideIndustry,Log10TotalComp
Raychem,Mr. Robert J Saldich,New York,NY,60.0,Rice U,BS,56.0,22.0,Harvard,MBA,1.0,1.0,61.0,27.0,30.0,4.0,497289.0,110000,,,607289.0,2858160.0,0.045,1394.0,9.0,4.0,Computerscommunications-major systems,16.0,ComputersComm,5.783395414693176
International Busine,Mr. Louis V Gerstner Jr,Mineola,NY,52.0,Dartmouth,BA,63.0,21.0,Harvard,MBA,1.0,1.0,65.0,23.0,1.0,1.0,1500000.0,1.125e+006,5084730.0,,7709730.0,,0.005,62716.0,-7987.0,-9.0,Computerscommunications-major systems,16.0,ComputersComm,6.887039169028474
Compaq Computer,Mr. EckhardPfeiffer,Germany,,52.0,Nuremberg Busin,BA,63.0,21.0,SMU,MBA,1.0,1.0,83.0,41.0,11.0,3.0,1000000.0,1.5e+006,,,2500000.0,9649150.0,0.001,7191.0,462.2,22.0,Computerscommunications-major systems,16.0,ComputersComm,6.3979400086720375
Sun Microsystems,Mr. Scott G McNealy,Columbus,IN,39.0,Harvard,BA,76.0,21.0,Stanford U,MBA,1.0,1.0,80.0,25.0,12.0,10.0,400000.0,251304,1200.0,1.46125e+006,2113750.0,6905570.0,1.836,4493.0,188.2,11.0,Computerscommunications-major systems,16.0,ComputersComm,6.325053620605798
Silicon Graphics,Mr. Edward R McCracken,Fairfield,IA,50.0,Iowa State,BSE,66.0,22.0,Stanford U,MBA,1.0,1.0,68.0,24.0,10.0,10.0,636043.0,310000,,3.01488e+006,3960920.0,10512200.0,0.389,1262.0,114.7,44.0,Computerscommunications-major systems,16.0,ComputersComm,6.59779607090482
Tandem Computers,Mr. James G Treybig,Clarendon,TX,53.0,Rice U,BS,63.0,22.0,Stanford U,MBA,1.0,1.0,68.0,27.0,19.0,19.0,661810.0,136785,9197.0,,807792.0,3788060.0,0.628,2023.0,-510.3,-4.0,Computerscommunications-major systems,16.0,ComputersComm,5.9072995478027
Digital Equipment,Mr. Robert B Palmer,Gorman,TX,53.0,Texas Tech U,BS,62.0,21.0,Texas Tech U,MS,0.0,1.0,65.0,24.0,9.0,2.0,738469.0,,9000.0,,747469.0,,0.009,13637.0,-92.3,-21.0,Computerscommunications-major systems,16.0,ComputersComm,5.873593185748153
Unisys,Mr. James A Unruh,Goodrich,ND,53.0,Jamestown C,BSB,63.0,22.0,U of Denver,MBA,1.0,1.0,64.0,23.0,14.0,4.0,772500.0,800000,42160.0,234375,1849040.0,5693460.0,0.032,7743.0,361.6,-9.0,Computerscommunications-major systems,16.0,ComputersComm,6.266946306287012
Hewlett-Packard,Mr. Lewis E Platt,JohnsonCity,NY,53.0,Cornell,BSM,64.0,23.0,U of Pennsylvan,MBA,1.0,1.0,66.0,25.0,28.0,2.0,818750.0,53988,1365970.0,462527,2701230.0,,0.015,21426.0,1284.0,11.0,Computerscommunications-major systems,16.0,ComputersComm,6.431561564371893
Harris Corp,Mr. John T Hartley,Jacksonville,FL,64.0,Auburn U,BS,55.0,25.0,,none,0.0,0.0,,,38.0,8.0,567500.0,560780,423795.0,706768,2258840.0,7321290.0,0.315,3179.0,119.6,15.0,Computerscommunications-major systems,16.0,ComputersComm,6.353885469708309
Itel,Mr. Rod F Dammeyer,Cleveland,OH,53.0,Kent State U,BA,60.0,19.0,,none,0.0,0.0,,,9.0,1.0,685750.0,675000,99324.0,4.34531e+006,5805380.0,,0.147,1909.0,14.8,4.0,Computerscommunications-major systems,16.0,ComputersComm,6.763830652412542
AST Research,Mr. Safi U Qureshey,Pakistan,,42.0,U of Texas Aust,BSE,75.0,23.0,,none,0.0,0.0,,,14.0,6.0,543700.0,514298,981665.0,,2039660.0,9899090.0,8.452,1971.0,-49.8,44.0,Computerscommunications-major systems,16.0,ComputersComm,6.30955777897971
Apple Computer,Mr. Michael H Spindler,Germany,,52.0,,,,,,none,0.0,0.0,,,14.0,1.0,696847.0,302240,,1.15827e+006,2157360.0,,1e-05,8446.0,-34.7,,Computerscommunications-major systems,16.0,ComputersComm,6.333922622139162
Dell Computer,Mr. Michael S Dell,Houston,TX,29.0,,,,,,none,0.0,0.0,,,10.0,10.0,337019.0,202364,11600.0,,550983.0,2424350.0,32.568,2873.0,-35.8,40.0,Computerscommunications-major systems,16.0,ComputersComm,5.741138199359791
Gateway 2000,Mr. TheodoreWaitt,Sioux City,IA,31.0,,,,,,none,0.0,0.0,,,9.0,9.0,537601.0,,7502.0,,545103.0,1711200.0,46.096,1732.0,100.1,16.0,Computerscommunications-major systems,16.0,ComputersComm,5.7364785721943825
General Instrument,Mr. Daniel F Akerson,Oakland,CA,45.0,US Naval Acad,BS,70.0,21.0,London Sch Econ,MS,0.0,1.0,78.0,29.0,1.0,1.0,800000.0,560000,72454.0,,1432450.0,,1e-05,1393.0,90.4,98.0,Computerscommunications-peripherals,16.0,ComputersComm,6.156079471754213
EMC,Mr. Michael C Ruettgers,Muskogee,OK,51.0,Idaho State,BBA,64.0,21.0,Harvard,MBA,1.0,1.0,67.0,24.0,6.0,2.0,225000.0,525000,2000.0,7.32392e+006,8075920.0,,0.127,783.0,127.1,102.0,Computerscommunications-peripherals,16.0,ComputersComm,6.907192008175188
Texas Instruments,Mr. Jerry R Junkins,Fort Madison,IA,56.0,Iowa State,BS,59.0,21.0,SMU,MS,0.0,1.0,68.0,30.0,35.0,9.0,691850.0,740000,412048.0,921800,2765700.0,6003780.0,0.051,8523.0,476.0,16.0,Computerscommunications-peripherals,16.0,ComputersComm,6.441805069695703
Arrow Electronics,Mr. Stephen P Kaufman,Cambridge,MA,52.0,MIT,BS,63.0,21.0,Harvard,MBA,1.0,1.0,65.0,23.0,12.0,8.0,504000.0,635644,220447.0,1.51797e+006,2878060.0,8435810.0,3.4,2536.0,81.6,45.0,Computerscommunications-peripherals,16.0,ComputersComm,6.459099843595477
Cisco Systems,Mr. John P Morgridge,Elmhurst,IL,60.0,U of Wisc Madis,BBA,55.0,21.0,Stanford U,MBA,1.0,1.0,57.0,23.0,6.0,6.0,187212.0,172092,1000.0,,360304.0,1168990.0,2.367,928.0,241.0,117.0,Computerscommunications-peripherals,16.0,ComputersComm,5.556669083572151
3Com,Mr. EricBenhamou,France,,38.0,,,,,Stanford U,MS,0.0,1.0,77.0,21.0,7.0,4.0,375000.0,22966,526528.0,523125,1447620.0,2198710.0,0.343,753.0,-42.6,17.0,Computerscommunications-peripherals,16.0,ComputersComm,6.160654574594794
Micron Technology,Mr. Joseph L Parkinson,San Antonio,TX,48.0,Columbia,BA,67.0,21.0,Tulane U,JD,0.0,1.0,71.0,25.0,14.0,8.0,331731.0,499178,5192.0,1.14764e+006,1983740.0,6387330.0,0.084,1231.0,246.6,34.0,Computerscommunications-peripherals,16.0,ComputersComm,6.297484750497238
Intel,Dr. Andrew S Grove,Hungary,,57.0,CUNY City,BS,60.0,23.0,U of Cal Berkel,PhD,0.0,1.0,63.0,26.0,26.0,7.0,360000.0,1.8237e+006,172500.0,,2356200.0,11387600.0,0.11,8782.0,2295.3,39.0,Computerscommunications-peripherals,16.0,ComputersComm,6.372212151654061
Quantum,Mr. William J Miller,Fargo,ND,48.0,U of Minnesota,BS,67.0,21.0,U of Minnesota,JD,0.0,1.0,70.0,24.0,2.0,2.0,400058.0,536610,,,936668.0,,0.33,2003.0,-9.6,35.0,Computerscommunications-peripherals,16.0,ComputersComm,5.9715856833977625
American Power Conve,Mr. Rodger B Dowdell Jr.,Providence,RI,45.0,Brown,BSE,71.0,22.0,U of Rhode Isla,MSEE,0.0,1.0,75.0,26.0,9.0,9.0,370000.0,400000,30144.0,,800144.0,2810550.0,10.841,250.0,48.6,120.0,Computerscommunications-peripherals,16.0,ComputersComm,5.90316815296396
Applied Materials,Mr. James C Morgan,Danville,IL,55.0,Cornell,BS,62.0,23.0,Cornell,MBA,1.0,1.0,63.0,24.0,18.0,17.0,485000.0,388000,641069.0,1.13238e+007,12837900.0,22301000.0,0.556,1205.0,122.4,50.0,Computerscommunications-peripherals,16.0,ComputersComm,7.108493988452377
Motorola,Mr. Gary L Tooker,Shelby,OH,54.0,Arizona State,BSE,62.0,22.0,,none,0.0,0.0,,,32.0,1.0,770000.0,847000,14100.0,4.7676e+006,6398700.0,,0.028,16963.0,1022.0,39.0,Computerscommunications-peripherals,16.0,ComputersComm,6.806091748956593
National Semiconduct,Dr. Gilbert F Amelio,New York,NY,51.0,Georgia Tech,BS,65.0,22.0,Georgia Tech,PhD,0.0,1.0,68.0,25.0,3.0,3.0,569039.0,792000,562064.0,,1923100.0,4006840.0,0.008,2244.0,222.9,23.0,Computerscommunications-peripherals,16.0,ComputersComm,6.284001867867715
AMP,Mr. William J Hudson Jr,Chicago,IL,60.0,Cornell,BS,57.0,23.0,,none,0.0,0.0,,,32.0,1.0,533333.0,196747,113546.0,16644,860270.0,,0.012,3451.0,296.7,10.0,Computerscommunications-peripherals,16.0,ComputersComm,5.934634778112113
Molex,Mr. Frederick A Krehbiel,Hinsdale,IL,52.0,Lake Forest C,BA,63.0,21.0,,none,0.0,0.0,,,29.0,6.0,350444.0,50000,94537.0,77760,572741.0,2686170.0,11.875,900.0,82.6,22.0,Computerscommunications-peripherals,16.0,ComputersComm,5.757958273451052
Wellfleet Communicat,Mr. Paul J Severino,Paterson,NJ,47.0,Rensselaer,BSE,69.0,22.0,,none,0.0,0.0,,,8.0,8.0,134808.0,156095,,,290903.0,698584.0,3.691,267.0,42.2,99.0,Computerscommunications-peripherals,16.0,ComputersComm,5.463748200025772
Conner Peripherals,Mr. Finis F Conner,Gadsden,AL,50.0,San Jose State,BS,69.0,25.0,,none,0.0,0.0,,,9.0,9.0,615632.0,,4826.0,,620458.0,5422750.0,2.662,2152.0,-445.3,17.0,Computerscommunications-peripherals,16.0,ComputersComm,5.7927123885977
Advanced Micro Devic,Mr. Walter J Sanders III,Chicago,IL,57.0,U of Illinois,BSE,58.0,21.0,,none,0.0,0.0,,,25.0,25.0,929000.0,2.08142e+006,1415880.0,8.27642e+006,12702700.0,41334500.0,0.385,1648.0,228.8,30.0,Computerscommunications-peripherals,16.0,ComputersComm,7.103896041465632
Cabletron Systems,Mr. S RobertLevine,Worcester,MA,36.0,U of Miami,BS,80.0,22.0,,none,0.0,0.0,,,11.0,11.0,52000.0,,,,52000.0,208000.0,20.238,553.0,110.1,48.0,Computerscommunications-peripherals,16.0,ComputersComm,4.7160033436347994
Seagate Technology,Mr. Alan F Shugart,Los Angeles,CA,63.0,U of Redlands,BS,53.0,22.0,,none,0.0,0.0,,,15.0,15.0,550000.0,411000,1679690.0,991250,3631940.0,9677880.0,0.482,3114.0,151.3,15.0,Computerscommunications-peripherals,16.0,ComputersComm,6.560138665321474
Merisel,Mr. Michael D Pickett,Long Beach,CA,46.0,USC,BBA,69.0,21.0,,none,0.0,0.0,,,11.0,6.0,487629.0,282125,45000.0,,814754.0,4921880.0,0.101,3086.0,30.4,24.0,Computerscommunications-peripherals,16.0,ComputersComm,5.911026501292645
Avnet,Mr. LeonMachiz,Brooklyn,NY,69.0,,,,,,none,0.0,0.0,,,42.0,5.0,1000000.0,,107839.0,,1107840.0,5719580.0,0.153,2906.0,70.4,13.0,Computerscommunications-peripherals,16.0,ComputersComm,6.044477041859281
International Game T,Mr. John J Russell,Oklahoma City,OK,64.0,,,,,,none,0.0,0.0,,,8.0,1.0,275000.0,323750,74294.0,8.24736e+006,8920400.0,,0.161,532.0,113.9,80.0,Computerscommunications-peripherals,16.0,ComputersComm,6.95038432902835
Lotus Development,Mr. Jim P Manzi,New York,NY,42.0,Colgate U,BA,73.0,21.0,Tufts U,MA,0.0,1.0,79.0,27.0,11.0,8.0,650000.0,650000,35046.0,1.42016e+006,2755200.0,29016600.0,2.683,981.0,55.5,29.0,Computerscommunications-software,16.0,ComputersComm,6.44015312977356
Sybase,Mr. Mark B Hoffman,Windom,MN,47.0,US Military Aca,BS,69.0,22.0,U of Arizona,MBA,1.0,1.0,79.0,32.0,10.0,10.0,303372.0,425000,1087.0,2.02675e+006,2756210.0,3857120.0,2.08,427.0,44.1,86.0,Computerscommunications-software,16.0,ComputersComm,6.4403123040798205
Computer Associates,Mr. Charles B Wang,China,,49.0,CUNY Queens,BS,67.0,22.0,,none,0.0,0.0,,,18.0,18.0,1000000.0,2.7e+006,19271.0,,3719270.0,12402200.0,4.141,2055.0,341.6,13.0,Computerscommunications-software,16.0,ComputersComm,6.5704577070639445
BMC Software,Mr. Max P Watson Jr,New Orleans,LA,48.0,Louisiana Tech,BBA,68.0,22.0,,none,0.0,0.0,,,9.0,4.0,240000.0,621075,982500.0,3.89563e+006,5739200.0,11823600.0,0.698,274.0,81.2,41.0,Computerscommunications-software,16.0,ComputersComm,6.758851359331891
Novell,Mr. Robert J Frankenberg,Chippewa Falls,WI,47.0,San Jose State,BS,74.0,27.0,,none,0.0,0.0,,,1.0,1.0,,,,,,,1e-05,1174.0,-33.2,37.0,Computerscommunications-software,16.0,ComputersComm,
Parametric Technolog,Mr. Steven C Walske,Los Alamos,NM,41.0,Princeton,BA,74.0,21.0,Harvard,MBA,1.0,1.0,78.0,25.0,7.0,7.0,250000.0,400000,4497.0,1.03128e+007,10967200.0,26817900.0,1.979,184.0,49.3,62.0,Computerscommunications-software,16.0,ComputersComm,7.040095763421043
Microsoft,Mr. William H Gates,Seattle,WA,38.0,,,,,,none,0.0,0.0,,,19.0,13.0,266660.0,151580,,,418240.0,1447190.0,27.616,4109.0,1036.0,50.0,Computerscommunications-software,16.0,ComputersComm,5.62142556590045
Oracle Systems,Mr. Lawrence J Ellison,New York,NY,49.0,,,,,,none,0.0,0.0,,,17.0,17.0,1000000.0,1.15e+006,432.0,,2150430.0,7484560.0,22.518,1693.0,197.8,40.0,Computerscommunications-software,16.0,ComputersComm,6.332525310127254
MFS Communications,Mr. James Q Crowe,Camp Pendleton,CA,44.0,Rensselaer,BSM,72.0,22.0,Pepperdine U,MBA,1.0,1.0,82.0,32.0,8.0,3.0,270250.0,175000,,227500,672750.0,,1e-05,141.0,-15.8,8.0,Computerscommunications-telecommun,16.0,ComputersComm,5.827853706435792
Citizens Utilities,Dr. LeonardTow,Brooklyn,NY,66.0,CUNY Brooklyn,BA,50.0,22.0,Columbia,PhD,0.0,1.0,60.0,32.0,4.0,4.0,1003000.0,485000,3921690.0,,5409690.0,21969500.0,1.94,619.0,125.6,6.0,Computerscommunications-telecommun,16.0,ComputersComm,6.733172378757806
GTE,Mr. Charles R Lee,Pittsburgh,PA,54.0,Cornell,BA,62.0,22.0,Harvard,MBA,1.0,1.0,64.0,24.0,11.0,2.0,728846.0,1.0168e+006,214167.0,335488,2295300.0,6362590.0,0.006,19748.0,990.0,12.0,Computerscommunications-telecommun,16.0,ComputersComm,6.360839456683622
DSC Communications,Mr. James L Donald,Carthage,TX,62.0,SMU,BSI,57.0,25.0,SMU,MSIE,0.0,1.0,65.0,33.0,13.0,13.0,687682.0,1.46e+006,3158260.0,,5305940.0,11804700.0,0.263,731.0,81.7,38.0,Computerscommunications-telecommun,16.0,ComputersComm,6.724762334636841
Sprint,Mr. William T Esrey,Philadelphia,PA,54.0,Denison U,BA,61.0,21.0,Harvard,MBA,1.0,1.0,64.0,24.0,14.0,9.0,802084.0,817825,448104.0,528981,2596990.0,12392800.0,0.063,11368.0,468.3,8.0,Computerscommunications-telecommun,16.0,ComputersComm,6.414470277333122
Bell Atlantic,Mr. Raymond W Smith,Pittsburgh,PA,56.0,Carnegie-Mellon,BS,59.0,21.0,U of Pittsburgh,MBA,1.0,1.0,67.0,29.0,35.0,5.0,808900.0,880700,773200.0,,2462800.0,12752200.0,0.027,12990.0,1481.6,12.0,Computerscommunications-telecommun,16.0,ComputersComm,6.391429144919444
Ameritech,Mr. Richard C Notebaert,Canada,,46.0,U of Wisc Madis,BA,69.0,21.0,U of Wisc Milwa,MBA,1.0,1.0,83.0,35.0,25.0,1.0,447204.0,351000,330212.0,,1128420.0,,0.007,11710.0,1512.8,14.0,Computerscommunications-telecommun,16.0,ComputersComm,6.0524707749422655
Nynex,Mr. William C Ferguson,Detroit,MI,63.0,Albion C,AB,52.0,21.0,,none,0.0,0.0,,,42.0,5.0,773000.0,562000,255722.0,308176,1898900.0,8049240.0,0.017,13408.0,-272.4,6.0,Computerscommunications-telecommun,16.0,ComputersComm,6.2785020944938825
Pacific Telesis Grou,Mr. SamGinn,St Clair,AL,57.0,Auburn U,BS,59.0,22.0,,none,0.0,0.0,,,34.0,6.0,743542.0,793200,802765.0,,2339510.0,10510000.0,0.005,9244.0,191.0,14.0,Computerscommunications-telecommun,16.0,ComputersComm,6.369124905880213
US West,Mr. Richard D McCormick,Fort Dodge,IA,53.0,Iowa State,BSE,61.0,20.0,,none,0.0,0.0,,,9.0,3.0,700000.0,575000,1098460.0,344860,2718320.0,9265650.0,0.034,10294.0,394.4,11.0,Computerscommunications-telecommun,16.0,ComputersComm,6.43430058045162
MCI Communications,Mr. Bert C Roberts Jr,Kansas City,MO,51.0,Johns Hopkins U,BS,65.0,22.0,,none,0.0,0.0,,,22.0,2.0,800000.0,900000,496906.0,,2196910.0,6587730.0,0.075,11921.0,627.0,11.0,Computerscommunications-telecommun,16.0,ComputersComm,6.341812265703405
LDDS Communications,Mr. BernardEbbers,Canada,,52.0,Mississippi C,BA,67.0,25.0,,none,0.0,0.0,,,9.0,9.0,300000.0,500000,12478.0,,812478.0,2324150.0,7.292,1145.0,104.2,100.0,Computerscommunications-telecommun,16.0,ComputersComm,5.909811610133427
BellSouth,Mr. John L Clendenin,El Paso,TX,60.0,Northwestern U,BA,55.0,21.0,,none,0.0,0.0,,,39.0,10.0,785000.0,705500,463900.0,,1954400.0,10421200.0,0.009,15880.0,1034.1,12.0,Computerscommunications-telecommun,16.0,ComputersComm,6.29101345396538
Corning,Mr. James R Houghton,Corning,NY,58.0,Harvard,AB,58.0,22.0,Harvard,MBA,1.0,1.0,62.0,26.0,32.0,11.0,672500.0,481618,221458.0,,1375580.0,10103000.0,0.639,4005.0,-15.2,16.0,Computerscommunications-telecommun,16.0,ComputersComm,6.138485852848739
McCaw Cellular Commu,Mr. Craig O McCaw,Centralia,WA,44.0,Stanford U,BA,73.0,23.0,,none,0.0,0.0,,,28.0,21.0,100000.0,,2308.0,,102308.0,52833100.0,6.705,2195.0,-227.3,5.0,Computerscommunications-telecommun,16.0,ComputersComm,5.009909594807103
Southwestern Bell,Mr. Edward E Whitacre Jr,Ennis,TX,52.0,Texas Tech U,BSI,64.0,22.0,,none,0.0,0.0,,,31.0,4.0,762000.0,1.124e+006,2550690.0,,4436690.0,13644700.0,0.035,10690.0,1435.2,18.0,Computerscommunications-telecommun,16.0,ComputersComm,6.647059084792112
Alltel,Mr. Joe T Ford,Conway,AR,56.0,U of Arkansas,BS,59.0,21.0,,none,0.0,0.0,,,35.0,7.0,575000.0,429813,554935.0,231290,1791040.0,6587030.0,0.264,2342.0,262.0,17.0,Computerscommunications-telecommun,16.0,ComputersComm,6.253105285226636
TelephoneData Syst,Mr. LeRoy T Carlson Jr,Chicago,IL,47.0,Harvard,BA,68.0,21.0,Harvard,MBA,1.0,1.0,71.0,24.0,20.0,8.0,316000.0,56250,15461.0,310703,698414.0,1941930.0,2.032,591.0,33.9,2.0,Computerscommunications-telecommun,16.0,ComputersComm,5.844112936398841
Southern New England,Mr. Daniel J Miglio,Philadelphia,PA,53.0,U of Penn-Whart,BS,62.0,21.0,,none,0.0,0.0,,,32.0,1.0,400934.0,180000,23840.0,,604774.0,,0.008,1654.0,-53.9,3.0,Computerscommunications-telecommun,16.0,ComputersComm,5.781593112024819
ATT,Mr. Robert E Allen,Joplin,MO,59.0,Wabash C,BA,57.0,22.0,,none,0.0,0.0,,,37.0,6.0,1032000.0,1.3567e+006,1594710.0,,3983410.0,16639100.0,0.01,67156.0,3974.0,14.0,Computerscommunications-telecommun,16.0,ComputersComm,6.600255009289983
Nextel Communication,Mr. Brian D McAuley,,,53.0,,,,,,none,0.0,0.0,,,7.0,7.0,320000.0,200000,439000.0,,959000.0,2241000.0,1.042,62.0,-36.1,57.0,Computerscommunications-telecommun,16.0,ComputersComm,5.981818607170663
Sunbeam-Oster,Mr. RogerSchipke,St. Louis,MO,57.0,Washington U,BS,58.0,21.0,NYU,MBA,1.0,1.0,61.0,24.0,1.0,1.0,1000000.0,209589,1121530.0,,2331120.0,,0.225,1066.0,88.8,29.0,Consumer durables-appliances,18.0,Consumer,6.3675646304474
Maytag,Mr. Leonard A Hadley,Earlham,IA,59.0,U of Iowa,BS,58.0,23.0,,none,0.0,0.0,,,35.0,2.0,527675.0,350000,6811.0,,884486.0,2060730.0,0.099,2987.0,51.3,3.0,Consumer durables-appliances,18.0,Consumer,5.946690963112485
Whirlpool,Mr. David R Whitwam,Stanley,WI,52.0,U of Wisc Madis,BS,67.0,25.0,,none,0.0,0.0,,,26.0,7.0,800000.0,1.3e+006,3497530.0,6.25571e+006,11853200.0,18494700.0,0.233,7533.0,231.0,20.0,Consumer durables-appliances,18.0,Consumer,7.073835612348767
BlackDecker,Mr. Nolan D Archibald,Ogden,UT,50.0,Weber State,BS,68.0,24.0,Harvard,MBA,1.0,1.0,70.0,26.0,9.0,8.0,825000.0,650000,177996.0,,1653000.0,8449250.0,0.032,4882.0,95.2,4.0,Consumer durables-appliances,18.0,Consumer,6.218272853571447
General Motors,Mr. John F Smith Jr,Worcester,MA,56.0,U of Massachuse,BBA,60.0,22.0,Boston U,MBA,1.0,1.0,65.0,27.0,33.0,2.0,1375000.0,,20624.0,45305,1440930.0,,0.007,138220.0,2465.8,10.0,Consumer durables-automobilestrucks,18.0,Consumer,6.158642883414858
Ford Motor,Mr. Alexander J Trotman,England,,60.0,Michigan State,MBA,72.0,38.0,,none,0.0,0.0,,,39.0,1.0,716667.0,1e+006,136042.0,1.84875e+006,3701460.0,,0.008,108521.0,2529.0,10.0,Consumer durables-automobilestrucks,18.0,Consumer,6.5683730605200195
Navistar Internation,Mr. James C Cotting,Winchester,MA,60.0,Ohio State U,BA,55.0,21.0,,none,0.0,0.0,,,15.0,7.0,450000.0,,6102.0,,456102.0,2405690.0,0.074,4797.0,-258.9,-18.0,Consumer durables-automobilestrucks,18.0,Consumer,5.659061976619495
Paccar,Mr. Charles M Pigott,Seattle,WA,65.0,Stanford U,BS,51.0,22.0,,none,0.0,0.0,,,38.0,26.0,750000.0,,424551.0,,1174550.0,7317460.0,4.3,3542.0,142.2,7.0,Consumer durables-automobilestrucks,18.0,Consumer,6.069871509203788
Chrysler,Mr. Robert J Eaton,Buena Vista,CO,54.0,U of Kansas,BSM,63.0,23.0,,none,0.0,0.0,,,2.0,1.0,928750.0,1.9e+006,1952760.0,4.47827e+006,9259790.0,,0.029,43600.0,2415.0,21.0,Consumer durables-automobilestrucks,18.0,Consumer,6.9666011375593255
Johnson Controls,Mr. James H Keyes,La Crosse,WI,53.0,Marquette U,BS,62.0,21.0,Northwestern U,MBA,1.0,1.0,63.0,22.0,28.0,6.0,606246.0,523438,208850.0,195000,1533530.0,5965710.0,0.155,6255.0,143.3,13.0,Consumer durables-automotive parts,18.0,Consumer,6.185692276377857
Cummins Engine,Mr. Henry B Schacht,Erie,PA,59.0,Yale,BS,56.0,21.0,Harvard,MBA,1.0,1.0,62.0,27.0,30.0,25.0,600000.0,450000,1630090.0,571359,3251450.0,10467000.0,0.219,4248.0,182.6,11.0,Consumer durables-automotive parts,18.0,Consumer,6.512077079921326
Snap-on,Mr. Robert A Cornog,Philadelphia,PA,54.0,Illinois Tech,BS,61.0,21.0,U of Chicago,MBA,1.0,1.0,66.0,26.0,3.0,3.0,416583.0,386880,2335.0,52391,858189.0,1808220.0,0.04,1132.0,85.8,5.0,Consumer durables-automotive parts,18.0,Consumer,5.933582943580576
Dana,Mr. Southwood J Morcott,Covington,GA,56.0,Davidson C,BA,60.0,22.0,U of Michigan,MBA,1.0,1.0,63.0,25.0,31.0,5.0,761898.0,412500,85668.0,83375,1343440.0,5408340.0,0.112,5588.0,128.5,13.0,Consumer durables-automotive parts,18.0,Consumer,6.1282182749740315
TRW,Mr. Joseph T Gorman,Rising Sun,IN,56.0,Kent State U,BA,60.0,22.0,Yale,LLB,0.0,1.0,62.0,24.0,26.0,5.0,896667.0,661000,2326700.0,,3884360.0,10651900.0,0.09,7948.0,220.0,13.0,Consumer durables-automotive parts,18.0,Consumer,6.589319473236029
Goodyear TireRubbe,Mr. Stanley C Gault,Wooster,OH,68.0,Col of Wooster,BA,48.0,22.0,,none,0.0,0.0,,,3.0,3.0,935000.0,1.01897e+006,36057.0,9.29219e+006,11282200.0,13938800.0,0.068,11643.0,488.7,14.0,Consumer durables-automotive parts,18.0,Consumer,7.052393794212855
Bandag,Mr. Martin G Carver,Davenport,IA,46.0,U of Iowa,BA,70.0,22.0,Indiana U,MBA,1.0,1.0,72.0,24.0,15.0,12.0,299036.0,,102088.0,,401124.0,1750570.0,3.784,591.0,78.1,9.0,Consumer durables-automotive parts,18.0,Consumer,5.603278647411075
Eaton,Mr. William E Butler,Waterloo,IL,63.0,U of Illinois,BS,56.0,25.0,,none,0.0,0.0,,,37.0,3.0,633925.0,634623,401317.0,,1669870.0,3768400.0,0.047,4401.0,180.0,19.0,Consumer durables-automotive parts,18.0,Consumer,6.222682662476781
Cooper TireRubber,Mr. Ivan W Gorr,Toledo,OH,64.0,U of Toledo,BS,51.0,21.0,,none,0.0,0.0,,,22.0,5.0,389780.0,427086,49024.0,238578,1104470.0,3781580.0,0.642,1194.0,102.2,33.0,Consumer durables-automotive parts,18.0,Consumer,6.043153923909218
Echlin,Mr. Frederick J Mancheski,Stevens Point,WI,67.0,U of Wisc Madis,BS,48.0,21.0,,none,0.0,0.0,,,31.0,25.0,550000.0,435000,546819.0,294999,1826820.0,4859830.0,0.916,2037.0,104.0,18.0,Consumer durables-automotive parts,18.0,Consumer,6.2616957576109495
Arvin Industries,Mr. Byron O Pond,Royal Oak,MI,58.0,Wayne State U,BSB,61.0,25.0,,none,0.0,0.0,,,26.0,1.0,438269.0,112347,13301.0,95808,659725.0,,0.036,1939.0,40.3,9.0,Consumer durables-automotive parts,18.0,Consumer,5.819362941798094
Genuine Parts,Mr. Larry L Prince,Dyersburg,TN,55.0,,,,,,none,0.0,0.0,,,36.0,4.0,405000.0,461700,1799.0,66951,935450.0,3771220.0,0.05,4384.0,258.9,11.0,Consumer durables-automotive parts,18.0,Consumer,5.97102057932463
Varity,Mr. Victor A Rice,England,,53.0,,,,,,none,0.0,0.0,,,24.0,14.0,665000.0,903000,185295.0,,1753300.0,5129490.0,0.537,2726.0,76.3,9.0,Consumer durables-automotive parts,18.0,Consumer,6.243856232806506
Premark Internationa,Mr. Warren L Batts,Norfolk,VA,61.0,Georgia Tech,BEE,61.0,28.0,Harvard,MBA,1.0,1.0,63.0,30.0,14.0,8.0,683333.0,910000,591272.0,6.92656e+006,9111170.0,17672600.0,0.927,3097.0,172.5,20.0,Consumer durables-home furnishings,18.0,Consumer,6.95957414996063
Newell Co,Mr. William P Sovey,Helen,GA,60.0,Georgia Tech,BS,55.0,21.0,,none,0.0,0.0,,,8.0,2.0,550000.0,415800,17410.0,,983210.0,,0.218,1645.0,165.3,20.0,Consumer durables-home furnishings,18.0,Consumer,5.992646287008924
Rubbermaid,Mr. Wolfgang R Schmitt,Germany,,50.0,Otterbein C,BA,66.0,22.0,,none,0.0,0.0,,,28.0,2.0,363746.0,600211,808835.0,,1772790.0,,0.087,1960.0,211.4,15.0,Consumer durables-home furnishings,18.0,Consumer,6.248657293275621
LeggettPlatt,Mr. Harry M Cornell Jr,Dutch East Indi,,65.0,U of Missouri,BS,50.0,21.0,,none,0.0,0.0,,,44.0,34.0,472731.0,340864,526470.0,1.17517e+006,2515240.0,6177530.0,3.094,1527.0,85.9,31.0,Consumer durables-home furnishings,18.0,Consumer,6.400579431023254
Armstrong World Indu,Mr. George A Lorch,Glenridge,NJ,53.0,Virginia Polyte,BS,63.0,22.0,,none,0.0,0.0,,,31.0,1.0,373700.0,133648,13573.0,34825,555746.0,,0.035,2525.0,63.5,13.0,Consumer durables-home furnishings,18.0,Consumer,5.744876345533549
Springs Industries,Mr. Walter Y Elisha,Gary,IN,61.0,Wabash C,BA,54.0,21.0,Harvard,MBA,1.0,1.0,65.0,32.0,14.0,13.0,575004.0,400000,98921.0,,1073930.0,4568350.0,0.512,2023.0,47.3,1.0,Consumer durables-home furnishings,18.0,Consumer,6.03097597446923
Harley-Davidson,Mr. Richard F Teerlink,Chicago,IL,57.0,Bradley U,BS,61.0,24.0,U of Chicago,MBA,1.0,1.0,76.0,39.0,13.0,5.0,425672.0,546000,53756.0,,1025430.0,5445770.0,0.654,1217.0,18.4,45.0,Consumer durables-recreation equipment,18.0,Consumer,6.010906019018043
Brunswick,Mr. Jack F Reichert,West Allis,WI,63.0,,,,,,none,0.0,0.0,,,37.0,12.0,717644.0,700000,134211.0,,1551860.0,7915400.0,0.611,2207.0,42.3,5.0,Consumer durables-recreation equipment,18.0,Consumer,6.190852539106477
Fleetwood Enterprise,Mr. John C Crean,Bowden,ND,68.0,,,,,,none,0.0,0.0,,,44.0,44.0,111000.0,1.46853e+006,799959.0,,2379490.0,13119600.0,17.533,2207.0,60.0,10.0,Consumer durables-recreation equipment,18.0,Consumer,6.376483883980775
Colgate-Palmolive,Mr. ReubenMark,Jersey City,NJ,55.0,Middlebury C,BA,60.0,21.0,Harvard,MBA,1.0,1.0,63.0,24.0,31.0,10.0,900833.0,1.264e+006,93949.0,119898,2378680.0,32532100.0,0.33,7141.0,548.1,22.0,Consumer nondurables-personal products,18.0,Consumer,6.37633602102769
Kimberly-Clark,Mr. Wayne R Sanders,Chicago,IL,46.0,Illinois Tech,BSC,69.0,21.0,Marquette U,MBA,1.0,1.0,72.0,24.0,19.0,2.0,677500.0,380160,7075.0,,1064740.0,3970150.0,0.024,6973.0,510.9,15.0,Consumer nondurables-personal products,18.0,Consumer,6.027243569886699
James River Corp of,Mr. Robert C Williams,Cincinnati,OH,64.0,U of Cincinnati,BSM,53.0,23.0,Xavier U,MBA,1.0,1.0,57.0,27.0,35.0,4.0,824615.0,,123013.0,,947628.0,4994040.0,0.671,4650.0,-0.3,-6.0,Consumer nondurables-personal products,18.0,Consumer,5.97663788453895
Clorox,Mr. G CraigSullivan,Huntington,NY,54.0,Boston C,BS,64.0,24.0,,none,0.0,0.0,,,23.0,2.0,457500.0,351000,104816.0,217631,1130950.0,,0.014,1644.0,204.2,14.0,Consumer nondurables-personal products,18.0,Consumer,6.053443404921831
Avon Products,Mr. James E Preston,Cleveland,OH,61.0,Northwestern U,BS,55.0,22.0,,none,0.0,0.0,,,30.0,5.0,610000.0,311478,36878.0,,958356.0,14117700.0,0.21,4008.0,239.6,25.0,Consumer nondurables-personal products,18.0,Consumer,5.981526866193126
Duracell Internation,Mr. C RobertKidder,Freeport,NY,49.0,U of Michigan,BS,66.0,21.0,Iowa State,MS,0.0,1.0,68.0,23.0,17.0,10.0,610486.0,410000,22197.0,1.31339e+007,14176500.0,16388600.0,0.121,1788.0,132.2,23.0,Consumer nondurables-personal products,18.0,Consumer,7.1515690222215555
Service Corp Interna,Mr. Robert L Waltrip,Austin,TX,63.0,U of Houston,BBA,54.0,23.0,,none,0.0,0.0,,,32.0,32.0,717500.0,882000,2018590.0,,3618090.0,17974300.0,0.746,899.0,103.1,19.0,Consumer nondurables-personal products,18.0,Consumer,6.5584793657347475
ProcterGamble,Mr. Edwin L Artzt,New York,NY,64.0,U of Oregon,BS,51.0,21.0,,none,0.0,0.0,,,40.0,4.0,1137500.0,625000,301200.0,6.3145e+006,8378200.0,18542200.0,0.051,30067.0,571.0,21.0,Consumer nondurables-personal products,18.0,Consumer,6.9231507233992335
Scott Paper,Mr. Albert J Dunlap,Hoboken,NJ,56.0,US Military Aca,BS,60.0,22.0,,none,0.0,0.0,,,1.0,1.0,,,,,,,1e-05,4749.0,-289.1,3.0,Consumer nondurables-personal products,18.0,Consumer,
Gillette,Mr. Alfred M Zeien,New York,NY,64.0,Webb Institute,BS,52.0,22.0,,none,0.0,0.0,,,26.0,3.0,908333.0,675000,157273.0,1.67362e+006,3414220.0,14248200.0,0.138,5411.0,426.9,31.0,Consumer nondurables-personal products,18.0,Consumer,6.533291502047511
Dial,Mr. John W Teets,Elgin,IL,60.0,,,,,,none,0.0,0.0,,,30.0,13.0,1150330.0,1.1733e+006,3361870.0,,5685500.0,20386900.0,0.541,3000.0,142.4,17.0,Consumer nondurables-personal products,18.0,Consumer,6.754768663868499
Eastman Kodak,Mr. George M C Fisher,Anna,IL,53.0,U of Illinois,BS,62.0,21.0,Brown,MS,0.0,1.0,64.0,23.0,1.0,1.0,2000000.0,154000,5000000.0,,7154000.0,,0.038,16364.0,475.0,9.0,Consumer nondurables-photographytoys,18.0,Consumer,6.854548935812951
Polaroid,Mr. I MacAllisterBooth,Atlanta,GA,62.0,Cornell,BME,55.0,23.0,Cornell,MBA,1.0,1.0,58.0,26.0,36.0,8.0,525507.0,,69526.0,,595033.0,3428480.0,0.023,2245.0,67.9,-1.0,Consumer nondurables-photographytoys,18.0,Consumer,5.774541051981463
Hasbro,Mr. Alan G Hassenfeld,Providence,RI,45.0,U of Pennsylvan,BA,70.0,21.0,,none,0.0,0.0,,,24.0,5.0,872807.0,600000,98282.0,2.80898e+006,4380070.0,12453800.0,3.667,2747.0,200.0,25.0,Consumer nondurables-photographytoys,18.0,Consumer,6.641481051228029
Mattel,Mr. John W Amerman,Newark,NJ,62.0,Dartmouth,BA,53.0,21.0,Dartmouth,MBA,1.0,1.0,54.0,22.0,14.0,7.0,828759.0,825000,1006050.0,180436,2840250.0,19772300.0,0.281,2704.0,135.9,39.0,Consumer nondurables-photographytoys,18.0,Consumer,6.453356568512526
Unifi,Mr. William T Kretzer,Pittsburgh,PA,47.0,NC State U,BA,68.0,21.0,,none,0.0,0.0,,,23.0,9.0,650000.0,400000,33058.0,3.07156e+006,4154620.0,13729000.0,0.599,1365.0,114.9,23.0,Consumer nondurables-textiles,18.0,Consumer,6.618531307434169
Burlington Industrie,Mr. Frank S Greenberg,Chicago,IL,64.0,U of Chicago,BA,49.0,19.0,,none,0.0,0.0,,,44.0,8.0,650004.0,1.11002e+006,12226.0,,1772250.0,5279920.0,0.689,2071.0,88.7,4.0,Consumer nondurables-textiles,18.0,Consumer,6.248524985024069
Shaw Industries,Mr. Robert E Shaw,Cartersville,GA,62.0,,,,,,none,0.0,0.0,,,34.0,32.0,892500.0,800000,4497.0,,1697000.0,7538070.0,6.705,2476.0,117.6,47.0,Consumer nondurables-textiles,18.0,Consumer,6.229681842317676
NIKE,Mr. Philip H Knight,Portland,OR,56.0,U of Oregon,BA,59.0,21.0,Stanford U,MBA,1.0,1.0,62.0,24.0,30.0,30.0,750000.0,300000,45889.0,,1095890.0,4058830.0,33.099,3769.0,306.5,27.0,Consumer nondurables-textilesapparel,18.0,Consumer,6.039766964011027
Liz Claiborne,Mr. Jerome A Chazen,New York,NY,67.0,U of Wisc Madis,BA,48.0,21.0,Columbia,MBA,1.0,1.0,50.0,23.0,17.0,5.0,574100.0,,629961.0,,1204060.0,5661610.0,2.978,2204.0,125.3,7.0,Consumer nondurables-textilesapparel,18.0,Consumer,6.080648128964712
Fruit of the Loom,Mr. William Farley,Pawtucket,RI,51.0,Bowdoin C,AB,64.0,21.0,Boston C,JD,0.0,1.0,69.0,26.0,18.0,9.0,850000.0,1.15e+006,,,2000000.0,13920700.0,9.247,1884.0,212.8,27.0,Consumer nondurables-textilesapparel,18.0,Consumer,6.301029995663981
VF,Mr. Lawrence R Pugh,White Plains,NY,61.0,Colby C,BBA,56.0,23.0,,none,0.0,0.0,,,14.0,12.0,735000.0,400000,131166.0,894062,2160230.0,10784200.0,0.038,4320.0,246.4,12.0,Consumer nondurables-textilesapparel,18.0,Consumer,6.334499993008857
Reebok International,Mr. Paul B Fireman,Cambridge,MA,50.0,,,,,,none,0.0,0.0,,,15.0,15.0,1000010.0,650000,230813.0,,1880830.0,35525100.0,14.833,2894.0,223.4,21.0,Consumer nondurables-textilesapparel,18.0,Consumer,6.27434954334495
Union Electric,Mr. Charles W Mueller,Belleville,IL,55.0,St Louis U,BSE,61.0,22.0,St Louis U,MBA,1.0,1.0,66.0,27.0,33.0,1.0,237000.0,55000,22382.0,,314382.0,,0.004,2066.0,297.2,15.0,Electric utilities-north central,19.0,Utility,5.497457672467687
DPL,Mr. Peter H Forster,Germany,,51.0,U of Wisc Madis,BS,64.0,21.0,Brooklyn Law Sc,JD,0.0,1.0,72.0,29.0,21.0,9.0,496000.0,298000,1000.0,,795000.0,4084400.0,0.02,1151.0,139.0,21.0,Electric utilities-north central,19.0,Utility,5.9003671286564705
DQE,Mr. Wesley W von Schack,New York,NY,50.0,Fordham U,AB,65.0,21.0,Pace U NY,PhD,0.0,1.0,90.0,46.0,10.0,8.0,440000.0,,,572000,1012000.0,2948380.0,0.043,1196.0,141.4,18.0,Electric utilities-north central,19.0,Utility,6.00518051250378
Cincinnati GasElec,Mr. Jackson H Randolph,Cincinnati,OH,63.0,U of Cincinnati,BBA,58.0,27.0,U of Cincinnati,MBA,1.0,1.0,68.0,37.0,35.0,8.0,425000.0,200000,88398.0,,713398.0,2693200.0,0.025,1752.0,-8.7,16.0,Electric utilities-north central,19.0,Utility,5.853331887466337
Wisconsin Energy,Mr. Richard A Abdoo,Port Huron,MI,50.0,U of Dayton,BSE,65.0,21.0,U of Detroit,MA,0.0,1.0,69.0,25.0,19.0,3.0,450000.0,122000,15170.0,,587170.0,1899320.0,0.011,1644.0,188.5,14.0,Electric utilities-north central,19.0,Utility,5.768763858271622
Cipsco,Mr. Clifford L Greenwalt,Solano,NM,61.0,U of Missouri,BSC,60.0,27.0,U of Illinois,MBA,1.0,1.0,77.0,44.0,31.0,5.0,339093.0,99902,5852.0,,444847.0,1338020.0,0.029,845.0,85.5,14.0,Electric utilities-north central,19.0,Utility,5.648210666079199
Kansas City PowerL,Mr. Drue A Jennings,Topeka,KS,47.0,U of Kansas,BS,68.0,21.0,U of Kansas,JD,0.0,1.0,72.0,25.0,20.0,6.0,375000.0,113750,26151.0,,514901.0,2073780.0,0.026,857.0,105.8,15.0,Electric utilities-north central,19.0,Utility,5.711723735280449
PSI Resources,Mr. James E Rogers,Birmingham,AL,46.0,U of Kentucky,BBA,70.0,22.0,U of Kentucky,JD,0.0,1.0,74.0,26.0,6.0,6.0,402408.0,239324,277586.0,,919318.0,3511440.0,0.04,1088.0,96.4,18.0,Electric utilities-north central,19.0,Utility,5.9634657635694905
Commonwealth Edison,Mr. James J O'Connor,Chicago,IL,57.0,Col of the Holy,BS,58.0,21.0,Georgetown U,LLB,0.0,1.0,63.0,26.0,31.0,14.0,668126.0,215137,80976.0,,964239.0,3665630.0,0.008,5260.0,102.7,2.0,Electric utilities-north central,19.0,Utility,5.984184693152235
Centerior Energy,Mr. Robert J Farling,Warren,OH,58.0,Case Western,BSE,58.0,22.0,Case Western,MBA,1.0,1.0,65.0,29.0,35.0,2.0,361306.0,,13250.0,16545,391101.0,1075860.0,0.012,2474.0,-942.6,1.0,Electric utilities-north central,19.0,Utility,5.592288926394286
Nipsco Industries,Mr. Gary L Neale,Lead,SD,54.0,U of Washington,BA,62.0,22.0,U of Washington,MBA,1.0,1.0,65.0,25.0,5.0,1.0,400000.0,206000,11954.0,,617954.0,,0.05,1678.0,156.1,24.0,Electric utilities-north central,19.0,Utility,5.7909561477591955
CMS Energy,Mr. William T McCormick J,Washington,DC,49.0,Cornell,BS,66.0,21.0,MIT,PhD,0.0,1.0,69.0,24.0,9.0,9.0,625000.0,,34789.0,,659789.0,4962850.0,0.131,3482.0,155.0,,Electric utilities-north central,19.0,Utility,5.819405070713533
Ipalco Enterprises,Mr. John R Hodowal,Dayton,OH,49.0,Purdue U,BSI,66.0,21.0,Indiana U,JD,0.0,1.0,70.0,25.0,26.0,5.0,424459.0,209672,136825.0,,770956.0,3661230.0,0.042,664.0,75.4,15.0,Electric utilities-north central,19.0,Utility,5.887029592704023
Illinois Power,Mr. Larry D Haab,Fairbury,IL,56.0,Millikin U,BS,59.0,21.0,,none,0.0,0.0,,,29.0,3.0,437500.0,22531,16754.0,,476785.0,1604830.0,0.012,1581.0,-55.8,10.0,Electric utilities-north central,19.0,Utility,5.67832258372945
Ohio Edison,Mr. Willard R Holland,Springfield,TN,58.0,Rose-Hulman Tec,BS,65.0,29.0,Rose-Hulman Tec,MS,0.0,1.0,66.0,30.0,3.0,1.0,381416.0,158794,26147.0,,566357.0,,0.002,2370.0,24.5,7.0,Electric utilities-north central,19.0,Utility,5.753090272627281
Western Resources,Mr. John E Hayes Jr,Kansas City,MO,56.0,Rockhurst C,BS,59.0,21.0,,none,0.0,0.0,,,5.0,5.0,416666.0,85000,78804.0,,580470.0,1871840.0,0.024,1909.0,177.4,13.0,Electric utilities-north central,19.0,Utility,5.763779779335349
American Electric Po,Dr. E LinnDraper Jr,Houston,TX,52.0,Rice U,BA,64.0,22.0,Cornell,PhD,0.0,1.0,70.0,28.0,2.0,1.0,538333.0,148742,18180.0,,705255.0,,0.001,5269.0,353.8,11.0,Electric utilities-north central,19.0,Utility,5.84834617382735
Detroit Edison,Mr. John E Lobbia,Chicago,IL,52.0,U of Detroit,BSE,64.0,22.0,,none,0.0,0.0,,,30.0,4.0,501250.0,124060,20570.0,,645880.0,2432180.0,0.007,3555.0,521.9,15.0,Electric utilities-north central,19.0,Utility,5.810151836603657
Northern States Powe,Mr. James J Howard,Pittsburgh,PA,58.0,U of Pittsburgh,BBA,57.0,21.0,MIT,MS,0.0,1.0,70.0,34.0,7.0,7.0,511300.0,231931,233279.0,,976510.0,3788150.0,0.03,2404.0,211.7,12.0,Electric utilities-north central,19.0,Utility,5.989676695061233
Delmarva PowerLigh,Mr. Howard E Cosgrove,Philadelphia,PA,51.0,U of Virginia,BS,66.0,23.0,U of Delaware,MBA,1.0,1.0,70.0,27.0,28.0,2.0,320000.0,86400,28584.0,,434984.0,,0.017,971.0,111.1,11.0,Electric utilities-northeast,19.0,Utility,5.638473282610946
Boston Edison,Mr. Bernard W Reznicek,Dodge,NE,57.0,Creighton U,BS,58.0,21.0,U of Nebraska L,MBA,1.0,1.0,79.0,42.0,7.0,3.0,435000.0,283500,159340.0,,877840.0,3045650.0,0.027,1482.0,118.2,19.0,Electric utilities-northeast,19.0,Utility,5.943415366191668
Public Service Enter,Mr. E JamesFerland,Boston,MA,52.0,U of Maine,BS,64.0,22.0,U of New Haven,MBA,1.0,1.0,76.0,34.0,8.0,8.0,622606.0,,36079.0,10450,669135.0,4049470.0,0.014,5706.0,595.5,10.0,Electric utilities-northeast,19.0,Utility,5.82551374682656
New England Electric,Mr. John W Rowe,Dodgeville,WI,49.0,U of Wisc Madis,BS,67.0,22.0,U of Wisc Madis,JD,0.0,1.0,70.0,25.0,5.0,5.0,433908.0,268323,11259.0,,713490.0,3309190.0,0.031,2234.0,190.2,17.0,Electric utilities-northeast,19.0,Utility,5.853387890589764
General Public Utili,Mr. James R Leva,Boonton,NJ,62.0,Fairleigh Dicki,BSE,60.0,28.0,Seton Hall C,JD,0.0,1.0,80.0,48.0,42.0,2.0,523750.0,189000,57494.0,,770244.0,1769460.0,0.003,3596.0,295.7,15.0,Electric utilities-northeast,19.0,Utility,5.886628323961338
New York State Elect,Mr. James A Carrigg,Johnson City,NY,61.0,Broome Comm,AAS,58.0,25.0,,none,0.0,0.0,,,36.0,6.0,413123.0,,2429.0,,415552.0,1941690.0,0.014,1800.0,166.0,11.0,Electric utilities-northeast,19.0,Utility,5.618625376856643
Potomac Electric Pow,Mr. Edward F Mitchell,Harrisonburg,VA,62.0,U of Virginia,BSE,56.0,24.0,George Washingt,MEA,0.0,1.0,60.0,28.0,38.0,5.0,540000.0,218700,224784.0,,983484.0,3356800.0,0.041,1702.0,241.6,9.0,Electric utilities-northeast,19.0,Utility,5.992767298908905
Consolidated Edison,Mr. Eugene R McGrath,New York,NY,52.0,Manhattan C,BSM,63.0,21.0,Iona C,MBA,1.0,1.0,80.0,38.0,31.0,4.0,551667.0,253500,97616.0,,902783.0,3144590.0,0.005,6265.0,658.5,12.0,Electric utilities-northeast,19.0,Utility,5.955583372430862
Atlantic Energy,Mr. Jerrold L Jacobs,Brooklyn,NY,55.0,NJ Tech,BSE,61.0,22.0,,none,0.0,0.0,,,33.0,1.0,284670.0,70400,42651.0,,397721.0,,0.022,866.0,95.3,12.0,Electric utilities-northeast,19.0,Utility,5.599578522701694
Pennsylvania Power,Mr. William F Hecht,New York,NY,51.0,Lehigh U,BS,64.0,21.0,Lehigh U,MS,0.0,1.0,70.0,27.0,30.0,1.0,375000.0,45000,37096.0,,457096.0,,0.008,2727.0,348.1,13.0,Electric utilities-northeast,19.0,Utility,5.660007420839695
Allegheny Power Syst,Mr. KlausBergman,Germany,,63.0,Columbia,AB,53.0,22.0,Columbia,LLB,0.0,1.0,55.0,24.0,22.0,9.0,460000.0,80000,46889.0,,586889.0,2556480.0,0.008,2332.0,215.8,13.0,Electric utilities-northeast,19.0,Utility,5.768555969653171
Niagara Mohawk Power,Mr. William E Davis,Schenevus,NY,52.0,US Naval Acad,BS,64.0,22.0,George Washingt,MSA,0.0,1.0,70.0,28.0,4.0,1.0,394045.0,40632,189006.0,,623683.0,,0.001,3933.0,271.8,11.0,Electric utilities-northeast,19.0,Utility,5.7949639064580385
Northeast Utilities,Mr. Bernard M Fox,New York,NY,51.0,Manhattan C,BSE,63.0,20.0,Rensselaer,MSEE,0.0,1.0,64.0,21.0,30.0,1.0,478775.0,180780,115848.0,,775403.0,,0.013,3629.0,198.3,14.0,Electric utilities-northeast,19.0,Utility,5.889527476940634
Long Island Lighting,Dr. William J Catacosinos,New York,NY,64.0,NYU,BS,51.0,21.0,NYU,PhD,0.0,1.0,62.0,32.0,15.0,10.0,534370.0,,17453.0,,551823.0,2630490.0,0.008,2881.0,296.6,15.0,Electric utilities-northeast,19.0,Utility,5.7417997979280795
Baltimore GasElect,Mr. Christian H Poindexte,Evansville,IN,55.0,US Naval Acad,BS,60.0,21.0,Loyola U,MBA,1.0,1.0,75.0,36.0,27.0,1.0,465533.0,124000,36844.0,,626377.0,,0.05,2669.0,309.9,11.0,Electric utilities-northeast,19.0,Utility,5.79683580243994
PECO Energy,Mr. Joseph F Paquette Jr,Norwood,MA,59.0,Yale,BS,56.0,21.0,,none,0.0,0.0,,,38.0,6.0,425534.0,403262,,766800,1595600.0,4852080.0,0.013,3988.0,590.6,14.0,Electric utilities-northeast,19.0,Utility,6.202924027637802
Houston Industries,Mr. Don D Jordan,Corp Christi,TX,62.0,U of Texas Aust,BBA,54.0,22.0,S Texas Col of,JD,0.0,1.0,69.0,37.0,38.0,17.0,829500.0,,1410450.0,,2239950.0,6749680.0,0.047,4324.0,416.0,13.0,Electric utilities-south central,19.0,Utility,6.350238324152712
Texas Utilities,Mr. Jerry S Farrington,Burkburnett,TX,59.0,U of North Texa,BBA,55.0,20.0,U of North Texa,MBA,1.0,1.0,58.0,23.0,37.0,7.0,743750.0,125000,429949.0,,1298700.0,4534830.0,0.007,5435.0,368.7,15.0,Electric utilities-south central,19.0,Utility,6.113508840532819
CentralSouth West,Mr. E RBrooks,Slaton,TX,56.0,Texas Tech U,BSE,61.0,23.0,,none,0.0,0.0,,,33.0,3.0,549167.0,57265,148787.0,,755219.0,2727180.0,0.027,3687.0,262.0,17.0,Electric utilities-south central,19.0,Utility,5.878072907523271
Southwestern Public,Mr. Bill D Helton,Wheeler,TX,55.0,Texas Tech U,BSE,64.0,25.0,,none,0.0,0.0,,,30.0,4.0,263333.0,75674,82190.0,,421197.0,1401880.0,0.027,826.0,104.5,10.0,Electric utilities-south central,19.0,Utility,5.624485269236892
Oklahoma GasElectr,Mr. James G Harlow Jr,Oklahoma City,OK,59.0,U of Oklahoma,BS,57.0,22.0,,none,0.0,0.0,,,33.0,18.0,500000.0,,79784.0,,579784.0,2744340.0,0.107,1447.0,114.3,8.0,Electric utilities-south central,19.0,Utility,5.763266226183537
Entergy,Mr. EdwinLupberger,Atlanta,GA,57.0,Davidson C,AB,58.0,21.0,Emory U,MBA,1.0,1.0,63.0,26.0,15.0,8.0,542077.0,437610,301597.0,46717,1328000.0,4708380.0,0.013,4485.0,458.1,19.0,Electric utilities-south central,19.0,Utility,6.123198075031999
Carolina PowerLigh,Mr. Sherwood H Smith Jr,Jacksonville,FL,59.0,U of North Caro,AB,56.0,21.0,U of North Caro,JD,0.0,1.0,60.0,25.0,29.0,15.0,567000.0,150000,60372.0,,777372.0,3117900.0,0.037,2895.0,346.5,14.0,Electric utilities-southeast,19.0,Utility,5.890628893814556
Dominion Resources,Mr. Thos E Capps,Wilmington,NC,58.0,U of North Caro,BA,58.0,22.0,U of North Caro,JD,0.0,1.0,65.0,29.0,10.0,4.0,534100.0,187066,16408.0,,737574.0,2819640.0,0.035,4434.0,516.6,15.0,Electric utilities-southeast,19.0,Utility,5.8678055991307865
Florida Progress,Dr. Jack B Critchfield,Rockwood,PA,61.0,Slippery Rock U,BS,55.0,22.0,U of Pittsburgh,MA,0.0,1.0,60.0,27.0,11.0,4.0,585186.0,396500,103210.0,,1084900.0,3074460.0,0.01,2449.0,195.8,13.0,Electric utilities-southeast,19.0,Utility,6.035389709198677
Scana,Mr. Lawrence M Gressette,St Matthews,SC,62.0,Clemson U,BS,54.0,22.0,U of S Carolina,LLB,0.0,1.0,59.0,27.0,11.0,4.0,383557.0,186615,346395.0,,916567.0,2802330.0,0.032,1264.0,168.0,16.0,Electric utilities-southeast,19.0,Utility,5.962164216888803
Duke Power,Mr. William H Grigg,Shelby,NC,61.0,Duke U,AB,54.0,21.0,Duke U,LLB,0.0,1.0,58.0,25.0,31.0,1.0,411500.0,,205601.0,,617101.0,,0.017,4282.0,626.4,16.0,Electric utilities-southeast,19.0,Utility,5.790356250180599
FPL Group,Mr. James L Broadhead,New Rochelle,NY,58.0,Cornell,BSM,58.0,22.0,Columbia,JD,0.0,1.0,63.0,27.0,5.0,5.0,765900.0,581318,717052.0,,2064270.0,7151980.0,0.069,5316.0,428.7,10.0,Electric utilities-southeast,19.0,Utility,6.3147665010177665
Southern Co,Mr. Edward L Addison,Cottageville,SC,64.0,U of S Carolina,BEE,50.0,20.0,,none,0.0,0.0,,,40.0,11.0,734714.0,148118,397150.0,,1279980.0,5230240.0,0.012,8489.0,1002.0,18.0,Electric utilities-southeast,19.0,Utility,6.107203183743573
TECO Energy,Mr. Timothy L Guzzle,Ottumwa,IA,57.0,U of Oklahoma,BS,58.0,21.0,Texas Christian,PhD,0.0,1.0,65.0,28.0,6.0,5.0,443750.0,194000,28267.0,357500,1023520.0,4261430.0,0.02,1284.0,150.3,17.0,Electric utilities-southeast,19.0,Utility,6.010096333373487
KU Energy,Mr. John T Newton,Shelbyville,KY,63.0,Western Kentuck,BS,52.0,21.0,,none,0.0,0.0,,,36.0,7.0,424237.0,144362,20330.0,,588929.0,2322110.0,0.069,607.0,80.0,14.0,Electric utilities-southeast,19.0,Utility,5.770062940344258
LGE Energy,Mr. Roger W Hale,Baltimore,MD,50.0,U of Maryland,BA,65.0,21.0,MIT,MS,0.0,1.0,79.0,35.0,5.0,5.0,385000.0,261800,625145.0,,1271950.0,3946640.0,0.052,900.0,88.3,19.0,Electric utilities-southeast,19.0,Utility,6.104470039652891
San Diego GasElect,Mr. Thomas A Page,Niagara Falls,NY,61.0,Purdue U,BS,55.0,22.0,Purdue U,MBA,1.0,1.0,63.0,30.0,16.0,13.0,509203.0,337000,578848.0,,1425050.0,5789250.0,0.129,1980.0,218.7,10.0,Electric utilities-western,19.0,Utility,6.153830102480068
Hawaiian Electric In,Mr. Robert F Clarke,Oakland,CA,52.0,U of Cal Berkel,BA,65.0,23.0,U of Cal Berkel,MBA,1.0,1.0,66.0,24.0,7.0,3.0,403800.0,160578,10942.0,,575320.0,1989900.0,0.04,1142.0,48.7,8.0,Electric utilities-western,19.0,Utility,5.7599094717808645
SCEcorp,Mr. John E Bryson,New York,NY,50.0,Stanford U,BA,65.0,21.0,Yale,JD,0.0,1.0,69.0,25.0,10.0,4.0,600000.0,325000,185118.0,,1110120.0,3800110.0,0.001,7821.0,639.0,8.0,Electric utilities-western,19.0,Utility,6.045369927003763
Washington Water Pow,Mr. Paul A Redmond,Lakeview,OR,57.0,Gonzaga U,BS,65.0,28.0,,none,0.0,0.0,,,29.0,10.0,484167.0,286815,484486.0,,1255470.0,3081380.0,0.075,641.0,82.8,14.0,Electric utilities-western,19.0,Utility,6.098806339517981
Montana Power,Mr. Daniel T Berube,Boston,MA,60.0,U of Washington,BS,64.0,30.0,Montana C,MS,0.0,1.0,71.0,37.0,30.0,2.0,274100.0,,6296.0,,280396.0,841619.0,0.023,1076.0,107.2,14.0,Electric utilities-western,19.0,Utility,5.447771813894056
Public Service Co of,Mr. Delwin D Hock,Colorado Spring,CO,59.0,U of Colorado,BS,56.0,21.0,,none,0.0,0.0,,,32.0,6.0,425012.0,79300,21376.0,,525688.0,2097560.0,0.033,1999.0,157.4,16.0,Electric utilities-western,19.0,Utility,5.720728063392279
Pacific GasElectri,Mr. Richard A Clarke,San Francisco,CA,64.0,U of Cal Berkel,AB,52.0,22.0,U of Cal Berkel,JD,0.0,1.0,55.0,25.0,39.0,8.0,640000.0,143070,453676.0,,1236750.0,6387140.0,0.006,10582.0,1065.5,17.0,Electric utilities-western,19.0,Utility,6.0922819190362185
PacifiCorp,Dr. Frederick W Buckman,Kalamazoo,MI,48.0,U of Michigan,BS,66.0,20.0,MIT,PhD,0.0,1.0,70.0,24.0,1.0,1.0,504116.0,252083,,,756199.0,,0.014,3412.0,475.1,7.0,Electric utilities-western,19.0,Utility,5.8786360987144715
Idaho Power,Mr. Joseph W Marshall,Twin Falls,ID,55.0,US Naval Acad,BS,61.0,22.0,,none,0.0,0.0,,,25.0,5.0,315000.0,,9434.0,,324434.0,1314130.0,0.04,540.0,84.5,11.0,Electric utilities-western,19.0,Utility,5.511126361071283
Portland General,Mr. Ken L Harrison,Bakersfield,CA,51.0,Oregon State U,BS,64.0,21.0,Oregon State U,MS,0.0,1.0,66.0,23.0,19.0,5.0,415000.0,178472,56010.0,,649482.0,2673650.0,0.034,947.0,89.1,3.0,Electric utilities-western,19.0,Utility,5.812567119367477
Puget Sound PowerL,Mr. Richard R Sonstelie,Canada,,49.0,US Military Aca,BS,66.0,21.0,Harvard,MBA,1.0,1.0,74.0,29.0,20.0,2.0,320419.0,66000,204960.0,64002,655381.0,1581200.0,0.011,1113.0,138.3,13.0,Electric utilities-western,19.0,Utility,5.816493846697311
Pinnacle West Capita,Mr. RichardSnell,Phoenix,AZ,63.0,Stanford U,BA,52.0,21.0,Stanford U,JD,0.0,1.0,54.0,23.0,4.0,4.0,515000.0,202498,663354.0,,1380850.0,3277660.0,0.047,1719.0,170.0,9.0,Electric utilities-western,19.0,Utility,6.140146504277095
NorAm Energy,Mr. T MiltonHonea Jr,Fulton,AR,61.0,U of Cal Berkel,BS,55.0,22.0,Harvard,MBA,1.0,1.0,58.0,25.0,10.0,1.0,346593.0,300000,31976.0,,678569.0,,0.057,2950.0,39.9,-16.0,Energy-integrated gas,12.0,Energy,5.831594015290735
Columbia Gas System,Mr. John H Croom,Fayetteville,NC,61.0,NC State U,BS,54.0,21.0,,none,0.0,0.0,,,40.0,10.0,652000.0,,39432.0,,691432.0,3724260.0,0.069,3391.0,152.2,-3.0,Energy-integrated gas,12.0,Energy,5.839749475151172
Enserch,Mr. David W Biegler,San Antonio,TX,47.0,St Mary's U,BS,68.0,21.0,,none,0.0,0.0,,,26.0,1.0,525000.0,210000,38752.0,,773752.0,,0.027,1902.0,59.2,-4.0,Energy-integrated gas,12.0,Energy,5.888601784597275
Consolidated Natural,Mr. George A Davidson Jr,Pittsburgh,PA,55.0,U of Pittsburgh,BS,60.0,21.0,,none,0.0,0.0,,,28.0,7.0,511100.0,280400,284819.0,187067,1263390.0,4469670.0,0.048,3184.0,188.5,4.0,Energy-integrated gas,12.0,Energy,6.101537435038952
Pacific Enterprises,Mr. Willis B Wood Jr,Kansas City,MO,59.0,U of Tulsa,BS,57.0,22.0,,none,0.0,0.0,,,33.0,2.0,641000.0,511438,57808.0,,1210250.0,2570880.0,0.032,2899.0,181.0,-8.0,Energy-integrated gas,12.0,Energy,6.082875091312927
Exxon,Mr. Lee R Raymond,Watertown,SD,55.0,U of Wisc Madis,BS,60.0,21.0,U of Minnesota,PhD,0.0,1.0,63.0,24.0,31.0,1.0,1143330.0,500000,352567.0,2.00819e+006,4004090.0,,0.006,97825.0,5280.0,13.0,Energy-international oils,12.0,Energy,6.60250383056155
Texaco,Mr. Alfred C DeCrane Jr,Cleveland,OH,62.0,U of Notre Dame,BA,53.0,21.0,Georgetown U,JD,0.0,1.0,59.0,27.0,35.0,1.0,875000.0,807008,67444.0,140230,1889680.0,,0.044,33245.0,1068.0,12.0,Energy-international oils,12.0,Energy,6.276388266606814
Chevron,Mr. Kenneth T Derr,Wilkes-Barre,PA,57.0,Cornell,BSM,59.0,22.0,Cornell,MBA,1.0,1.0,60.0,23.0,34.0,5.0,900000.0,914000,1542250.0,,3356250.0,9791540.0,0.021,32123.0,1265.0,15.0,Energy-international oils,12.0,Energy,6.525854303043631
Amoco,Mr. H LauranceFuller,Moline,IL,55.0,Cornell,BSC,61.0,22.0,DePaul U,JD,0.0,1.0,65.0,26.0,33.0,3.0,810655.0,,306330.0,,1116990.0,6648030.0,0.016,25336.0,1820.0,10.0,Energy-international oils,12.0,Energy,6.0480492850545
Mobil,Mr. Lucio A Noto,Brooklyn,NY,56.0,U of Notre Dame,BS,58.0,20.0,Cornell,MBA,1.0,1.0,62.0,24.0,32.0,1.0,608333.0,550000,601049.0,825056,2584440.0,,0.013,56576.0,2084.0,14.0,Energy-international oils,12.0,Energy,6.412366454100387
Baker Hughes,Mr. James D Woods,Falmouth,KY,62.0,Cal St Fullerto,BA,67.0,35.0,,none,0.0,0.0,,,39.0,7.0,725000.0,175000,221293.0,2.41759e+006,3538890.0,9120770.0,0.174,2642.0,71.5,3.0,Energy-oilfield services,12.0,Energy,6.548867063588218
Dresser Industries,Mr. John J Murphy,Olean,NY,62.0,Rochester Tech,AAS,52.0,20.0,SMU,MBA,1.0,1.0,81.0,49.0,42.0,11.0,928000.0,545750,272258.0,,1746010.0,8642450.0,0.076,4650.0,300.6,7.0,Energy-oilfield services,12.0,Energy,6.242046726730595
Western Atlas,Mr. Alton J Brann,Portland,ME,52.0,U of Massachuse,BA,69.0,27.0,,none,0.0,0.0,,,21.0,1.0,,,,,,,0.042,1959.0,78.2,,Energy-oilfield services,12.0,Energy,
Halliburton,Mr. Thomas H Cruikshank,Lake Charles,LA,62.0,Rice U,BA,52.0,20.0,U of Houston,MA,0.0,1.0,55.0,23.0,25.0,11.0,800000.0,,832344.0,,1632340.0,7573060.0,0.083,6351.0,-161.0,2.0,Energy-oilfield services,12.0,Energy,6.212810623011421
Burlington Resources,Mr. Thomas H O'Leary,New York,NY,60.0,Col of the Holy,BA,54.0,20.0,U of Pennsylvan,MBA,1.0,1.0,61.0,27.0,12.0,5.0,750000.0,750000,200494.0,6.08183e+006,7782330.0,19596300.0,0.088,1249.0,256.3,2.0,Energy-other energy,12.0,Energy,6.891109642574174
Murphy Oil,Mr. Jack W McNutt,Norphlet,AR,59.0,Harding U,BS,56.0,21.0,Columbia,MS,0.0,1.0,57.0,22.0,37.0,6.0,507500.0,240000,33595.0,232466,1013560.0,3514990.0,0.138,1637.0,86.8,6.0,Energy-other energy,12.0,Energy,6.005849462844151
USX-Marathon,Mr. Charles A Corry,Cincinnati,OH,62.0,U of Cincinnati,BA,55.0,23.0,U of Cincinnati,JD,0.0,1.0,59.0,27.0,35.0,5.0,946667.0,750000,331785.0,,2028450.0,8516930.0,0.025,10035.0,-6.0,-15.0,Energy-other energy,12.0,Energy,6.3071643070900265
Occidental Petroleum,Dr. Ray R Irani,Lebanon,,59.0,American U Beir,BS,53.0,18.0,USC,PhD,0.0,1.0,57.0,22.0,11.0,3.0,1900000.0,872000,1034940.0,,3806940.0,18657200.0,0.192,8116.0,295.0,-3.0,Energy-other energy,12.0,Energy,6.580576032087744
Diamond Shamrock,Mr. Roger R Hemminghaus,St Louis,MO,57.0,Auburn U,BS,58.0,21.0,,none,0.0,0.0,,,10.0,7.0,486838.0,275000,216675.0,223317,1201830.0,4641660.0,0.324,2555.0,32.6,8.0,Energy-other energy,12.0,Energy,6.0798430406423085
Pennzoil,Mr. James L Pate,Mt Sterling,IL,58.0,Monmouth C,AB,63.0,27.0,Indiana U,MBA,1.0,1.0,64.0,28.0,18.0,4.0,592500.0,385000,69700.0,,1047200.0,4225590.0,0.039,2477.0,160.2,-5.0,Energy-other energy,12.0,Energy,6.020029633542699
Sun Co,Mr. Robert H Campbell,Pittsburgh,PA,56.0,Princeton,BS,59.0,21.0,MIT,MBA,1.0,1.0,78.0,40.0,34.0,3.0,498680.0,474600,146785.0,,1120070.0,2234390.0,0.022,7297.0,283.0,4.0,Energy-other energy,12.0,Energy,6.049245165227105
Tosco,Mr. Thomas D O'Malley,New York,NY,52.0,Manhattan C,BBA,63.0,21.0,,none,0.0,0.0,,,6.0,4.0,500000.0,1.526e+006,25286.0,,2051290.0,6193940.0,3.549,3559.0,80.6,10.0,Energy-other energy,12.0,Energy,6.312027062853302
Kerr-McGee,Mr. Frank A McPherson,Stillwell,OK,61.0,Oklahoma State,BS,57.0,24.0,,none,0.0,0.0,,,37.0,11.0,584077.0,,272089.0,,856166.0,5253090.0,0.114,3281.0,77.1,2.0,Energy-other energy,12.0,Energy,5.932557977170828
Mapco,Mr. James E Barnes,Ponca City,OK,60.0,Oklahoma State,BS,57.0,23.0,,none,0.0,0.0,,,11.0,10.0,675000.0,1.292e+006,304971.0,1.3747e+006,3646680.0,18223200.0,0.684,2567.0,127.0,16.0,Energy-other energy,12.0,Energy,6.561897655188858
Fina,Mr. Ron W Haddock,St Elmo,IL,53.0,Purdue U,BS,63.0,22.0,,none,0.0,0.0,,,8.0,5.0,470188.0,80000,32668.0,,582856.0,3386380.0,0.045,3416.0,70.4,3.0,Energy-other energy,12.0,Energy,5.76556127151698
Unocal,Mr. Richard J Stegemeier,Alton,IL,66.0,U of Missouri,BS,50.0,22.0,Texas AM,MS,0.0,1.0,51.0,23.0,43.0,6.0,850000.0,255000,408288.0,,1513290.0,8538970.0,0.081,7261.0,343.0,6.0,Energy-other energy,12.0,Energy,6.179922162214317
Anadarko Petroleum,Mr. Robert J Allison Jr,Evanston,IL,55.0,U of Kansas,BS,60.0,21.0,,none,0.0,0.0,,,21.0,15.0,750000.0,675000,219371.0,1.39831e+006,3042680.0,12302800.0,0.349,476.0,40.0,13.0,Energy-other energy,12.0,Energy,6.483256279817272
Ultramar,Mr. JeanGaulin,Canada,,51.0,U of Montreal,BS,67.0,24.0,,none,0.0,0.0,,,20.0,5.0,600000.0,391500,7075.0,,998575.0,2104500.0,0.112,2438.0,86.5,44.0,Energy-other energy,12.0,Energy,5.999380688999326
Oryx Energy,Mr. Robert P Hauptfuhrer,Philadelphia,PA,62.0,Princeton,BA,53.0,21.0,Harvard,MBA,1.0,1.0,57.0,25.0,37.0,6.0,633360.0,,63868.0,,697228.0,7987980.0,0.071,1080.0,-93.0,-10.0,Energy-other energy,12.0,Energy,5.8433748196331905
Ashland Oil,Mr. John R Hall,Dallas,TX,61.0,Vanderbilt U,BS,55.0,22.0,,none,0.0,0.0,,,36.0,13.0,752416.0,458059,76629.0,,1287100.0,7224740.0,0.077,9528.0,175.9,3.0,Energy-other energy,12.0,Energy,6.10961229030846
Phillips Petroleum,Mr. Wayne W Allen,Fort Smith,AR,57.0,Oklahoma State,BSM,59.0,22.0,Oklahoma State,MSIE,0.0,1.0,69.0,32.0,33.0,1.0,448250.0,275235,5499.0,,728984.0,,0.011,12309.0,245.0,7.0,Energy-other energy,12.0,Energy,5.862717996372891
Amerada Hess,Mr. LeonHess,Asbury Park,NJ,80.0,,,,,,none,0.0,0.0,,,48.0,29.0,300000.0,,11792.0,,311792.0,1554810.0,10.636,5852.0,-297.7,5.0,Energy-other energy,12.0,Energy,5.493864967811041
Atlantic Richfield,Mr. Lodwrick M Cook,Castor,LA,65.0,Louisiana State,BS,50.0,21.0,SMU,MBA,1.0,1.0,65.0,36.0,38.0,9.0,1147740.0,560000,260414.0,,1968150.0,14874300.0,0.005,17189.0,269.0,6.0,Energy-other energy,12.0,Energy,6.294058194547448
Sonat,Mr. Ronald L Kuehn Jr,Queens,NY,59.0,Fordham U,BA,57.0,22.0,Fordham U,LLB,0.0,1.0,64.0,29.0,24.0,10.0,590000.0,504600,535690.0,436000,2066290.0,6698810.0,0.158,1741.0,265.1,17.0,Energy-other gas,12.0,Energy,6.3151912738928155
Enron,Mr. Kenneth L Lay,Tyrone,MO,52.0,U of Missouri,BA,64.0,22.0,U of Houston,PhD,0.0,1.0,70.0,28.0,10.0,10.0,960000.0,1.04e+006,2412270.0,2.79682e+006,7209090.0,27021300.0,0.319,10097.0,332.5,31.0,Energy-other gas,12.0,Energy,6.857880447393363
Panhandle Eastern,Mr. Dennis R Hendrix,Selmer,TN,54.0,U of Tenn Knoxv,BS,62.0,22.0,Georgia State U,MBA,1.0,1.0,67.0,27.0,9.0,4.0,,,6736920.0,,6736920.0,9812760.0,0.365,2121.0,148.1,6.0,Energy-other gas,12.0,Energy,6.828461390195956
UtiliCorp United,Mr. Richard C Green Jr,Kansas City,MO,40.0,SMU,BSB,76.0,22.0,,none,0.0,0.0,,,18.0,9.0,445000.0,,565152.0,,1010150.0,3346210.0,0.657,1572.0,86.4,17.0,Energy-other gas,12.0,Energy,6.0043858681740545
El Paso Natural Gas,Mr. William A Wise,Davenport,IA,48.0,Vanderbilt U,BA,67.0,21.0,U of Colorado,JD,0.0,1.0,70.0,24.0,24.0,4.0,400000.0,400000,88556.0,,888556.0,5290110.0,0.211,909.0,91.7,31.0,Energy-other gas,12.0,Energy,5.948684803806586
Coastal Corp,Mr. Oscar S Wyatt Jr,Beaumont,TX,69.0,Texas AM,BSM,49.0,24.0,,none,0.0,0.0,,,39.0,1.0,896120.0,,138065.0,,1034190.0,,3.191,10136.0,118.3,8.0,Energy-other gas,12.0,Energy,6.014600334087941
Nicor,Mr. Richard G Cline,Chicago,IL,59.0,U of Illinois,BS,57.0,22.0,,none,0.0,0.0,,,9.0,8.0,628846.0,409575,26412.0,943613,2008450.0,8800520.0,0.313,1674.0,111.7,16.0,Energy-other gas,12.0,Energy,6.3028610245195775
Williams Cos,Mr. Keith E Bailey,Kansas City,MO,52.0,U of Missouri,BS,64.0,22.0,,none,0.0,0.0,,,21.0,1.0,450000.0,283500,591336.0,28875,1353710.0,,0.077,2438.0,231.8,14.0,Energy-other gas,12.0,Energy,6.131525637104529
Transco Energy,Mr. John P DesBarres,Northbridge,MA,54.0,,,,,,none,0.0,0.0,,,3.0,3.0,513000.0,275000,619596.0,,1407600.0,4973080.0,0.376,2922.0,-3.9,-13.0,Energy-other gas,12.0,Energy,6.148479258163154
Time Warner,Mr. Gerald M Levin,Philadelphia,PA,55.0,Haverford C,BA,60.0,21.0,U of Pennsylvan,LLB,0.0,1.0,63.0,24.0,15.0,2.0,1050000.0,4e+006,3783030.0,,8833030.0,17514700.0,0.117,14544.0,-164.0,7.0,Entertainmentinformation-broadcasting,17.0,Entertainment,6.946109705452454
CBS,Mr. Laurence A Tisch,Brooklyn,NY,71.0,NYU,BS,42.0,19.0,U of Pennsylvan,MA,0.0,1.0,43.0,20.0,8.0,7.0,1025070.0,900000,153864.0,,2078930.0,8114440.0,3.014,3510.0,326.2,13.0,Entertainmentinformation-broadcasting,17.0,Entertainment,6.317839866375461
Multimedia,Mr. Walter E Bartlett,Marion,OH,66.0,Bowling Green S,BBA,49.0,21.0,,none,0.0,0.0,,,18.0,9.0,533676.0,236000,4444.0,,774120.0,17363700.0,0.577,635.0,85.5,,Entertainmentinformation-broadcasting,17.0,Entertainment,5.888808287941674
King World Productio,Mr. MichaelKing,Summit,NJ,46.0,Fairleigh Dicki,BA,71.0,23.0,,none,0.0,0.0,,,21.0,10.0,950000.0,1.297e+006,11502.0,1.44971e+007,16755600.0,28655400.0,5.916,498.0,102.2,17.0,Entertainmentinformation-broadcasting,17.0,Entertainment,7.224159984067656
BHC Communications,Mr. Herbert J Siegel,Philadelphia,PA,66.0,Lehigh U,BA,50.0,22.0,,none,0.0,0.0,,,27.0,17.0,884975.0,3.67779e+006,682620.0,,5245380.0,33741600.0,18.457,412.0,224.3,10.0,Entertainmentinformation-broadcasting,17.0,Entertainment,6.71977695600434
Tele-Communications,Dr. John C Malone,Milford,CT,53.0,Yale,BS,63.0,22.0,Johns Hopkins U,PhD,0.0,1.0,67.0,26.0,21.0,21.0,800000.0,,20226.0,,820226.0,21168500.0,0.238,4047.0,12.0,8.0,Entertainmentinformation-broadcasting,17.0,Entertainment,5.913933531688315
Liberty Media,Mr. Peter R Barton,Washington,DC,43.0,Columbia,BS,71.0,20.0,Harvard,MBA,1.0,1.0,82.0,31.0,4.0,3.0,303864.0,,87286.0,10011,401161.0,967188.0,0.094,841.0,-0.3,114.0,Entertainmentinformation-broadcasting,17.0,Entertainment,5.603318705235519
Comcast,Mr. Ralph J Roberts,New York,NY,74.0,U of Pennsylvan,BS,41.0,21.0,,none,0.0,0.0,,,32.0,31.0,772958.0,,4257930.0,7.08115e+006,12112000.0,31947800.0,8.056,1338.0,-98.9,15.0,Entertainmentinformation-broadcasting,17.0,Entertainment,7.083215862155998
Capital Cities/ABC,Mr. Thomas S Murphy,Brooklyn,NY,68.0,Cornell,BS,45.0,19.0,Harvard,MBA,1.0,1.0,49.0,23.0,40.0,1.0,,,,,,,0.665,5674.0,467.4,13.0,Entertainmentinformation-broadcasting,17.0,Entertainment,
Gaylord Entertainmen,Mr. Earl W Wendell,Akron,OH,66.0,Wooster,BBA,50.0,22.0,,none,0.0,0.0,,,44.0,3.0,599023.0,248811,45701.0,,893535.0,3475490.0,0.024,623.0,36.1,36.0,Entertainmentinformation-broadcasting,17.0,Entertainment,5.951111568603457
Viacom,Mr. Frank J Biondi Jr,New York,NY,49.0,Princeton,BA,66.0,21.0,Harvard,MBA,1.0,1.0,68.0,23.0,7.0,7.0,922045.0,1e+006,13730800.0,,15652900.0,21464700.0,0.149,2005.0,169.5,9.0,Entertainmentinformation-broadcasting,17.0,Entertainment,7.19459481072089
Turner Broadcasting,Mr. Robert E Turner,Cincinnati,OH,55.0,,,,,,none,0.0,0.0,,,31.0,31.0,765554.0,341921,136631.0,,1244110.0,4402470.0,45.551,1922.0,72.4,22.0,Entertainmentinformation-broadcasting,17.0,Entertainment,6.094858780902236
Gannett,Mr. John J Curley,Easton,PA,55.0,Dickinson C,BA,60.0,21.0,Columbia,MS,0.0,1.0,63.0,24.0,24.0,8.0,800000.0,500000,618952.0,737910,2656860.0,10588900.0,0.12,3642.0,397.8,10.0,Entertainmentinformation-publishing,17.0,Entertainment,6.424368670394711
DunBradstreet,Mr. Robert E Weissman,New Haven,CT,54.0,Babson C,BS,64.0,24.0,,none,0.0,0.0,,,21.0,1.0,674077.0,591334,793899.0,,2059310.0,,0.061,4710.0,428.7,8.0,Entertainmentinformation-publishing,17.0,Entertainment,6.3137217284322436
Knight-Ridder,Mr. James K Batten,Suffolk,VA,58.0,Davidson C,BS,57.0,21.0,Princeton,MPA,0.0,1.0,62.0,26.0,37.0,6.0,622500.0,170000,13239.0,699811,1505550.0,6197580.0,0.06,2451.0,148.1,8.0,Entertainmentinformation-publishing,17.0,Entertainment,6.177695183205479
American Greetings,Mr. MorryWeiss,Czechoslovakia,,54.0,Case Western,BA,61.0,21.0,,none,0.0,0.0,,,33.0,6.0,500000.0,470000,17973.0,5.25938e+006,6247350.0,10735600.0,1.319,1740.0,125.4,20.0,Entertainmentinformation-publishing,17.0,Entertainment,6.795695837434848
New York Times,Mr. ArthurOchs Sulzberg,New York,NY,68.0,Columbia,BA,51.0,25.0,,none,0.0,0.0,,,43.0,21.0,515000.0,384560,21985.0,325015,1246560.0,5303620.0,6.723,2020.0,6.1,3.0,Entertainmentinformation-publishing,17.0,Entertainment,6.095713187004891
Times Mirror,Mr. Robert F Erburu,Ventura,CA,63.0,USC,BA,52.0,21.0,Harvard,JD,0.0,1.0,55.0,24.0,33.0,13.0,875001.0,300000,456935.0,,1631940.0,6933120.0,0.215,3714.0,317.2,1.0,Entertainmentinformation-publishing,17.0,Entertainment,6.2127041874154365
Reader's Digest Asso,Mr. George V Grune,White Plains,NY,64.0,Duke U,AB,52.0,22.0,,none,0.0,0.0,,,34.0,10.0,822693.0,500000,2179220.0,,3501910.0,22576700.0,0.24,2821.0,271.9,18.0,Entertainmentinformation-publishing,17.0,Entertainment,6.544304980409439
Dow Jones,Mr. Peter R Kann,Princeton,NJ,51.0,Harvard,BA,64.0,21.0,,none,0.0,0.0,,,31.0,3.0,605000.0,370000,564115.0,22868,1561980.0,4329430.0,0.115,1932.0,147.5,6.0,Entertainmentinformation-publishing,17.0,Entertainment,6.193675468756873
Washington Post,Mr. Donald E Graham,Baltimore,MD,49.0,Harvard,BA,66.0,21.0,,none,0.0,0.0,,,23.0,3.0,399996.0,,173807.0,,573803.0,2297680.0,13.071,1498.0,153.8,4.0,Entertainmentinformation-publishing,17.0,Entertainment,5.758762814526988
RR DonnelleySons,Mr. John R Walter,Pittsburgh,PA,47.0,Miami U Ohio,BS,69.0,22.0,,none,0.0,0.0,,,25.0,5.0,800000.0,499481,39766.0,133650,1472900.0,5169420.0,0.11,4388.0,178.9,11.0,Entertainmentinformation-publishing,17.0,Entertainment,6.168173262170233
Tribune,Mr. Charles T Brumback,Toledo,OH,65.0,Princeton,BA,50.0,21.0,,none,0.0,0.0,,,37.0,4.0,690327.0,485000,47152.0,,1222480.0,6852920.0,0.188,1953.0,188.6,8.0,Entertainmentinformation-publishing,17.0,Entertainment,6.08724176271534
McGraw-Hill,Mr. Joseph L Dionne,Montgomery,AL,60.0,Hofstra U,BA,55.0,21.0,Columbia,EdD,0.0,1.0,65.0,31.0,28.0,11.0,750000.0,669008,614551.0,29250,2062810.0,8869310.0,0.22,2195.0,11.4,3.0,Entertainmentinformation-publishing,17.0,Entertainment,6.314459228093555
Harcourt General,Mr. Robert J Tarr Jr,Freeport,NY,50.0,US Naval Acad,BS,66.0,22.0,Harvard,MBA,1.0,1.0,73.0,29.0,18.0,2.0,1250000.0,937500,3067120.0,1.13487e+006,6389490.0,10528000.0,0.382,3681.0,158.6,9.0,Entertainmentinformation-publishing,17.0,Entertainment,6.805466194774198
EW Scripps,Mr. Lawrence A Leser,Cincinnati,OH,59.0,Xavier U,BS,57.0,22.0,,none,0.0,0.0,,,26.0,9.0,630000.0,250000,234578.0,,1114580.0,5517900.0,0.059,1206.0,128.7,8.0,Entertainmentinformation-publishing,17.0,Entertainment,6.047111245819081
Marvel Entertainment,Mr. William C Bevins Jr,,,47.0,,,,,,none,0.0,0.0,,,3.0,3.0,250000.0,,,,250000.0,625000.0,0.164,415.0,56.0,120.0,Entertainmentinformation-publishing,17.0,Entertainment,5.3979400086720375
Morgan Stanley Group,Mr. Richard B Fisher,Philadelphia,PA,57.0,Princeton,BA,57.0,20.0,Harvard,MBA,1.0,1.0,62.0,25.0,32.0,3.0,475000.0,2.8625e+006,1758200.0,,5095700.0,15475000.0,3.212,9176.0,786.1,18.0,Financial services-brokerage,1.0,Financial,6.707203851788099
Alex Brown,Mr. Alvin B Krongard,Baltimore,MD,58.0,Princeton,AB,58.0,22.0,U of Maryland,JD,0.0,1.0,75.0,39.0,23.0,3.0,200000.0,2.72335e+006,323398.0,162499,3409250.0,7023870.0,1.751,628.0,89.2,21.0,Financial services-brokerage,1.0,Financial,6.532658849172432
AG Edwards,Mr. Benjamin F Edwards II,St Louis,MO,62.0,Princeton,BA,53.0,21.0,,none,0.0,0.0,,,38.0,27.0,351840.0,898127,187274.0,,1437240.0,5066720.0,0.572,1262.0,151.2,21.0,Financial services-brokerage,1.0,Financial,6.157529295602982
Merrill Lynch,Mr. Daniel P Tully,New York,NY,62.0,St John's U NY,BA,53.0,21.0,,none,0.0,0.0,,,38.0,2.0,500000.0,6.2e+006,1425370.0,,8125370.0,26552600.0,0.248,16588.0,1394.4,25.0,Financial services-brokerage,1.0,Financial,6.909843146303177
Salomon,Mr. Robert E Denham,Dallas,TX,48.0,U of Texas Aust,BA,66.0,20.0,Harvard,JD,0.0,1.0,71.0,25.0,3.0,2.0,956800.0,368700,30567.0,,1356070.0,,0.024,8799.0,864.0,16.0,Financial services-brokerage,1.0,Financial,6.1322821082840555
Charles Schwab,Mr. Charles R Schwab,Sacramento,CA,56.0,Stanford U,BA,59.0,21.0,Stanford U,MBA,1.0,1.0,61.0,23.0,20.0,16.0,690012.0,2.50023e+006,23861.0,,3214100.0,12508300.0,22.844,1097.0,124.4,48.0,Financial services-brokerage,1.0,Financial,6.507059384802115
Bear Stearns Cos,Mr. James E Cayne,Evanston,IL,60.0,,,,,,none,0.0,0.0,,,25.0,1.0,200000.0,8.13697e+006,7577980.0,,15914900.0,,3.011,3396.0,474.3,20.0,Financial services-brokerage,1.0,Financial,7.201803914110988
MarshMcLennan Cos,Mr. A J CSmith,Scotland,,60.0,,,,,,none,0.0,0.0,,,33.0,2.0,1000000.0,675000,122911.0,,1797910.0,,0.201,3163.0,332.4,9.0,Financial services-brokerage,1.0,Financial,6.254767947974711
PaineWebber Group,Mr. Donald B Marron,Goshen,NY,59.0,,,,,,none,0.0,0.0,,,35.0,14.0,600000.0,6.3e+006,534432.0,2.71475e+006,10149200.0,25615300.0,1.346,4005.0,246.2,20.0,Financial services-brokerage,1.0,Financial,7.006431810793243
MBIA,Mr. David H Elliott,Canaan,CT,52.0,Yale,BA,64.0,22.0,Boston U,JD,0.0,1.0,67.0,25.0,18.0,2.0,485000.0,485000,202995.0,,1173000.0,4445900.0,0.026,429.0,246.1,19.0,Financial services-leasefinance,1.0,Financial,6.069298012115529
MBNA,Mr. AlfredLerner,New York,NY,61.0,Columbia,BA,55.0,22.0,,none,0.0,0.0,,,11.0,3.0,816667.0,,,,816667.0,3197050.0,12.152,1393.0,207.8,41.0,Financial services-leasefinance,1.0,Financial,5.9120450069078885
Travelers,Mr. Sanford I Weill,New York,NY,61.0,Cornell,BA,55.0,22.0,,none,0.0,0.0,,,8.0,8.0,1018750.0,3.03031e+006,2161890.0,4.69e+007,53110900.0,141605000.0,1.168,6797.0,950.0,28.0,Financial services-leasefinance,1.0,Financial,7.725183660894226
Beneficial Corp,Mr. Finn M W Caspersen,New York,NY,52.0,Brown,AB,63.0,21.0,Harvard,LLB,0.0,1.0,66.0,24.0,22.0,18.0,1483500.0,,892340.0,,2375840.0,8920710.0,2.872,1958.0,186.0,15.0,Financial services-leasefinance,1.0,Financial,6.375817189904761
Ambac,Mr. Phillip B Lassiter,Kansas City,MO,50.0,NC State U,BS,64.0,20.0,,none,0.0,0.0,,,3.0,3.0,475000.0,262500,42750.0,,780250.0,,0.051,328.0,179.4,13.0,Financial services-leasefinance,1.0,Financial,5.89223377733737
American Express,Mr. HarveyGolub,New York,NY,55.0,NYU,BS,61.0,22.0,,none,0.0,0.0,,,10.0,1.0,776923.0,1.85e+006,1242750.0,615858,4485530.0,,0.047,14173.0,1605.0,1.0,Financial services-leasefinance,1.0,Financial,6.651813765658
Countrywide Credit I,Mr. David S Loeb,New York,NY,70.0,NYU,BS,51.0,27.0,,none,0.0,0.0,,,25.0,25.0,892309.0,1.775e+006,101485.0,596197,3364990.0,11045700.0,2.233,1078.0,171.4,45.0,Financial services-leasefinance,1.0,Financial,6.526983777935547
GATX,Mr. James J Glasser,Chicago,IL,59.0,Yale,AB,55.0,20.0,Harvard,JD,0.0,1.0,58.0,23.0,33.0,16.0,610008.0,313697,106897.0,,1030600.0,8406780.0,0.732,1087.0,72.7,12.0,Financial services-leasefinance,1.0,Financial,6.013090138125055
Household Internatio,Mr. Donald C Clark,Brooklyn,NY,62.0,Clarkson U,BBA,53.0,21.0,Northwestern U,MBA,1.0,1.0,61.0,29.0,39.0,12.0,923118.0,823815,851535.0,,2598470.0,11443300.0,0.377,4455.0,298.7,6.0,Financial services-leasefinance,1.0,Financial,6.4147177071470765
Dean Witter Discover,Mr. Philip J Purcell,Salt Lake City,UT,50.0,U of Notre Dame,BBA,64.0,20.0,U of Chicago,MBA,1.0,1.0,67.0,23.0,16.0,12.0,650000.0,2.5e+006,1953330.0,,5103330.0,11680400.0,0.102,5822.0,603.6,,Financial services-leasefinance,1.0,Financial,6.707853652311306
Federal Home Loan Mo,Mr. Leland C Brendsel,Sioux Falls,SD,52.0,U of Colorado,BS,67.0,25.0,Northwestern U,PhD,0.0,1.0,73.0,31.0,12.0,7.0,770000.0,462000,992532.0,,2224530.0,6348920.0,0.043,5584.0,786.0,23.0,Financial services-leasefinance,1.0,Financial,6.347238267016679
Federal National Mor,Mr. James A Johnson,Benson,MN,50.0,U of Minnesota,BA,65.0,21.0,Princeton,MA,0.0,1.0,68.0,24.0,4.0,3.0,700000.0,668338,3207890.0,,4576230.0,10524600.0,0.018,16054.0,2042.5,32.0,Financial services-leasefinance,1.0,Financial,6.660507843848917
MGIC Investment,Mr. William H Lacy,Chicago,IL,49.0,U of Wisc Milwa,BBA,68.0,23.0,,none,0.0,0.0,,,23.0,7.0,450000.0,225000,22279.0,,697279.0,4819860.0,0.566,404.0,127.3,25.0,Financial services-leasefinance,1.0,Financial,5.843406585724845
Fund American Enterp,Mr. John J Byrne,Passaic,NJ,61.0,Rutgers,BS,54.0,21.0,U of Michigan,MS,0.0,1.0,59.0,26.0,9.0,9.0,550000.0,165000,4844980.0,1.06118e+007,16171700.0,80808800.0,7.705,251.0,70.4,20.0,Financial services-leasefinance,1.0,Financial,7.208755676171837
Franklin Resources,Mr. Charles B Johnson,Montclair,NJ,61.0,Yale,BA,54.0,21.0,,none,0.0,0.0,,,37.0,23.0,425570.0,216535,21006.0,,663111.0,2747770.0,19.537,712.0,199.8,33.0,Financial services-leasefinance,1.0,Financial,5.8215862322547585
Sallie Mae,Mr. Lawrence A Hough,Janesville,WI,50.0,Stanford U,BS,66.0,22.0,MIT,MS,0.0,1.0,72.0,28.0,21.0,4.0,496903.0,290000,390914.0,,1177820.0,5782620.0,0.142,2617.0,430.1,4.0,Financial services-leasefinance,1.0,Financial,6.071078924593849
Dreyfus,Mr. HowardStein,New York,NY,67.0,,,,,,none,0.0,0.0,,,39.0,23.0,237981.0,1.37422e+006,916049.0,1.13169e+006,3659940.0,12949900.0,3.123,386.0,99.4,13.0,Financial services-leasefinance,1.0,Financial,6.5634739657543815
First USA,Mr. John C Tolleson,,,46.0,,,,,,none,0.0,0.0,,,9.0,9.0,470000.0,352500,4430.0,2.26091e+006,3087840.0,10086100.0,2.07,581.0,64.1,173.0,Financial services-leasefinance,1.0,Financial,6.4896547887759555
Mercury Finance,Mr. John N Brincat,Brooklyn,NY,58.0,,,,,,none,0.0,0.0,,,10.0,9.0,251689.0,1.25e+006,8994.0,,1510680.0,13857500.0,1.375,194.0,64.7,53.0,Financial services-leasefinance,1.0,Financial,6.179172479592309
First Chicago,Mr. Richard L Thomas,Marion,OH,63.0,Kenyon C,BA,53.0,22.0,Harvard,MBA,1.0,1.0,58.0,27.0,36.0,2.0,719157.0,1.3e+006,892206.0,312729,3224090.0,5434430.0,0.294,4827.0,804.5,11.0,Financial services-multinational banks,1.0,Financial,6.508407156569101
Citicorp,Mr. John S Reed,Chicago,IL,55.0,MIT,BS,61.0,22.0,MIT,MS,0.0,1.0,65.0,26.0,29.0,10.0,1150000.0,3e+006,69000.0,177750,4396750.0,11441000.0,0.115,32196.0,1919.0,9.0,Financial services-multinational banks,1.0,Financial,6.6431317722589664
Bank of Boston,Mr. Ira Stepanian,Cambridge,MA,58.0,Tufts U,BA,58.0,22.0,Boston C,MBA,1.0,1.0,71.0,35.0,31.0,7.0,768846.0,800000,50265.0,,1619110.0,7435450.0,0.179,7396.0,274.8,2.0,Financial services-multinational banks,1.0,Financial,6.209276355096906
Continental Bank,Mr. Thomas C Theobald,Cincinnati,OH,57.0,Col of the Holy,AB,58.0,21.0,Harvard,MBA,1.0,1.0,60.0,23.0,7.0,7.0,620000.0,922500,4364.0,1.04906e+006,2595920.0,6339640.0,0.37,1761.0,258.0,15.0,Financial services-multinational banks,1.0,Financial,6.41429130442498
Republic New York,Mr. Walter H Weiner,Brooklyn,NY,63.0,U of Michigan,BA,52.0,21.0,U of Michigan,JD,0.0,1.0,53.0,22.0,14.0,14.0,220750.0,1.255e+006,7763.0,,1483510.0,5050360.0,0.078,2328.0,301.2,13.0,Financial services-multinational banks,1.0,Financial,6.171290478142029
Chemical Banking,Mr. Walter V Shipley,Newark,NJ,58.0,NYU,BS,61.0,25.0,,none,0.0,0.0,,,38.0,1.0,750000.0,1.5e+006,8994.0,,2258990.0,,0.047,12427.0,1569.0,6.0,Financial services-multinational banks,1.0,Financial,6.3539143084084415
BankAmerica,Mr. Richard M Rosenberg,Fall River,MA,64.0,Suffolk U,BS,52.0,22.0,Golden Gate U,LLB,0.0,1.0,66.0,36.0,8.0,4.0,700000.0,1.5e+006,709655.0,,2909660.0,12228700.0,0.019,15900.0,1954.0,14.0,Financial services-multinational banks,1.0,Financial,6.463842243710748
Bankers Trust New Yo,Mr. Charles S Sanford Jr,Savannah,GA,57.0,U of Georgia,BA,58.0,21.0,U of Pennsylvan,MBA,1.0,1.0,60.0,23.0,33.0,7.0,750000.0,8.1157e+006,4032650.0,2.80772e+006,15706100.0,31104000.0,0.342,7800.0,1070.0,16.0,Financial services-multinational banks,1.0,Financial,7.196068358257647
Chase Manhattan,Mr. Thomas G Labrecque,Long Branch,NJ,55.0,Villanova,BA,60.0,21.0,,none,0.0,0.0,,,30.0,4.0,750000.0,1.5e+006,1037490.0,279634,3567130.0,7058520.0,0.05,11417.0,466.0,3.0,Financial services-multinational banks,1.0,Financial,6.5523189369957295
JP MorganCo,Mr. DennisWeatherstone,England,,63.0,,,,,,none,0.0,0.0,,,48.0,4.0,700000.0,2.3544e+006,748863.0,2.02407e+006,5827330.0,17238100.0,0.064,11941.0,1723.0,14.0,Financial services-multinational banks,1.0,Financial,6.7654696127565215
BayBanks,Mr. William M Crozier Jr,Brooklyn,NY,61.0,Yale,BA,54.0,21.0,Harvard,MBA,1.0,1.0,63.0,30.0,30.0,20.0,461250.0,249844,669796.0,61710,1442600.0,3597080.0,0.25,789.0,67.7,8.0,Financial services-regional banks,1.0,Financial,6.1591459278540475
Fifth Third Bancorp,Mr. George A Schaefer Jr,Cincinnati,OH,49.0,US Military Aca,BS,67.0,22.0,Xavier U,MBA,1.0,1.0,74.0,29.0,23.0,3.0,539092.0,260000,119864.0,702823,1621780.0,4158210.0,0.177,954.0,196.4,19.0,Financial services-regional banks,1.0,Financial,6.209991940339863
First American Corp,Mr. Dennis C Bottorff,Clarksville,IN,49.0,Vanderbilt U,BE,66.0,21.0,Northwestern U,MBA,1.0,1.0,68.0,23.0,3.0,3.0,436000.0,218000,14831.0,,668831.0,1265700.0,0.296,517.0,101.9,9.0,Financial services-regional banks,1.0,Financial,5.825316394240962
Mercantile Bancorpor,Mr. Thomas H Jacobsen,Chicago,IL,54.0,Lake Forest C,BS,63.0,23.0,U of Chicago,MBA,1.0,1.0,68.0,28.0,5.0,5.0,525300.0,392662,383197.0,,1301160.0,5446510.0,0.213,893.0,117.0,17.0,Financial services-regional banks,1.0,Financial,6.114330703821088
Banc One,Mr. John B McCoy,Columbus,OH,50.0,Williams C,BA,65.0,21.0,Stanford U,MBA,1.0,1.0,67.0,23.0,27.0,10.0,972500.0,1.02e+006,732938.0,,2725440.0,11447700.0,0.125,7227.0,1120.6,20.0,Financial services-regional banks,1.0,Financial,6.435436625565425
First Alabama Bancsh,Mr. J StanleyMackin,Birmingham,AL,61.0,Auburn U,BS,54.0,21.0,,none,0.0,0.0,,,28.0,4.0,525000.0,330383,1295470.0,218369,2369230.0,5345840.0,0.248,688.0,112.0,20.0,Financial services-regional banks,1.0,Financial,6.374607223188883
Riggs National,Mr. Joe L Allbritton,D'Lo,MS,69.0,Baylor U,LLB,49.0,24.0,,none,0.0,0.0,,,13.0,13.0,380000.0,,36382.0,,416382.0,4746770.0,28.961,369.0,-94.2,-15.0,Financial services-regional banks,1.0,Financial,5.619491946896037
Bank South,Mr. Patrick L Flinn,Washington,DC,52.0,U of Illinois,BA,64.0,22.0,Georgia State U,MBA,1.0,1.0,72.0,30.0,3.0,3.0,358631.0,496084,20465.0,,875180.0,1708370.0,0.059,435.0,70.9,10.0,Financial services-regional banks,1.0,Financial,5.942097384413391
First Fidelity Banco,Mr. Anthony P Terracciano,Bayonne,NJ,55.0,St Peter's C,BS,60.0,21.0,Fordham U,MA,0.0,1.0,62.0,23.0,4.0,4.0,738462.0,475000,629186.0,275226,2117870.0,7210310.0,0.08,2429.0,396.5,14.0,Financial services-regional banks,1.0,Financial,6.325899298540406
Boatmen's Bancshares,Mr. Andrew B Craig III,Buffalo,NY,63.0,Cornell,BA,55.0,24.0,,none,0.0,0.0,,,9.0,6.0,587523.0,373750,419144.0,,1380420.0,5438500.0,0.036,2107.0,317.4,18.0,Financial services-regional banks,1.0,Financial,6.140011242872937
First Union,Mr. Edward E Crutchfield,Dearborn,MI,52.0,Davidson C,BA,63.0,21.0,U of Pennsylvan,MBA,1.0,1.0,65.0,23.0,29.0,10.0,810000.0,810000,1062580.0,,2682580.0,9609750.0,0.06,5755.0,817.5,19.0,Financial services-regional banks,1.0,Financial,6.4285526823772186
Comerica,Mr. Eugene A Miller,Detroit,MI,56.0,Detroit Tech,BBA,64.0,26.0,,none,0.0,0.0,,,39.0,5.0,600000.0,261100,74135.0,,935235.0,5327350.0,0.095,2245.0,340.6,15.0,Financial services-regional banks,1.0,Financial,5.970920751385646
SunTrust Banks,Mr. James B Williams,Sewanee,TN,61.0,Emory U,AB,55.0,22.0,,none,0.0,0.0,,,39.0,4.0,550000.0,189461,757693.0,,1497150.0,5341860.0,0.379,3089.0,473.7,19.0,Financial services-regional banks,1.0,Financial,6.175265314644166
National City,Mr. Edward B Brandon,Davenport,IA,62.0,Northwestern U,BS,53.0,21.0,U of Pennsylvan,MBA,1.0,1.0,56.0,24.0,38.0,7.0,630000.0,418560,38161.0,,1086720.0,5994850.0,0.092,2702.0,404.0,15.0,Financial services-regional banks,1.0,Financial,6.036117659891821
First Empire State,Mr. Robert G Wilmers,New York,NY,60.0,Harvard,BA,56.0,22.0,,none,0.0,0.0,,,12.0,11.0,400000.0,200000,11963.0,,611963.0,11969800.0,8.539,851.0,102.0,21.0,Financial services-regional banks,1.0,Financial,5.7867251649860965
Fleet Financial Grou,Mr. TerrenceMurray,Woonsocket,RI,54.0,Harvard,BA,62.0,22.0,,none,0.0,0.0,,,32.0,12.0,902000.0,990000,67622.0,,1959620.0,9044090.0,0.152,4678.0,488.0,11.0,Financial services-regional banks,1.0,Financial,6.292171863242608
Old National Bancorp,Mr. Dan W Mitchell,Phoenix,AZ,66.0,Indiana U,BS,50.0,22.0,,none,0.0,0.0,,,44.0,14.0,373500.0,,91914.0,,465414.0,2188210.0,0.422,284.0,42.5,16.0,Financial services-regional banks,1.0,Financial,5.667839443048903
Synovus Financial,Mr. James H Blanchard,Augusta,GA,52.0,U of Georgia,BBA,63.0,21.0,U of Georgia,LLB,0.0,1.0,65.0,23.0,24.0,24.0,288750.0,144375,115216.0,,548341.0,3483420.0,0.783,615.0,74.1,16.0,Financial services-regional banks,1.0,Financial,5.739050719726364
Roosevelt Financial,Mr. Stanley J Bradshaw,Terre Haute,IN,36.0,Indiana State U,BS,79.0,21.0,Butler U,MBA,1.0,1.0,84.0,26.0,8.0,3.0,290000.0,174000,167008.0,493515,1124520.0,2213660.0,1.267,244.0,38.1,35.0,Financial services-regional banks,1.0,Financial,6.05096718392674
First Commerce,Mr. IanArnof,McCrory,AR,54.0,Vanderbilt U,BA,61.0,21.0,Harvard,MBA,1.0,1.0,63.0,23.0,16.0,11.0,516667.0,210000,438233.0,1.41321e+006,2578110.0,5073240.0,0.505,496.0,95.2,26.0,Financial services-regional banks,1.0,Financial,6.41130144341841
Star Banc,Mr. Jerry A Grundhofer,Los Angeles,CA,50.0,Loyola Marymoun,BA,67.0,23.0,,none,0.0,0.0,,,1.0,1.0,550000.0,190743,172251.0,,912994.0,,0.027,631.0,100.3,17.0,Financial services-regional banks,1.0,Financial,5.960467923453845
First Financial Corp,Mr. John C Seramur,Milwaukee,WI,51.0,Marquette U,BS,65.0,22.0,,none,0.0,0.0,,,28.0,28.0,600000.0,260000,217794.0,169894,1247690.0,4106010.0,2.752,378.0,45.2,36.0,Financial services-regional banks,1.0,Financial,6.096106694310193
First Tennessee Nati,Mr. RalphHorn,Corinth,MS,53.0,Mississippi Sta,BS,63.0,22.0,,none,0.0,0.0,,,31.0,1.0,370192.0,185096,827777.0,,1383070.0,,0.345,857.0,120.7,23.0,Financial services-regional banks,1.0,Financial,6.1408441611970925
First Bank System,Mr. John F Grundhofer,Los Angeles,CA,55.0,Loyola U,BA,60.0,21.0,USC,MBA,1.0,1.0,64.0,25.0,4.0,4.0,587500.0,630000,460410.0,1.56752e+006,3245430.0,8174660.0,0.117,2231.0,298.0,14.0,Financial services-regional banks,1.0,Financial,6.5112722463614325
United Carolina Banc,Mr. E RhoneSasser,Columbus,NC,57.0,NC State U,BS,59.0,22.0,,none,0.0,0.0,,,27.0,11.0,360000.0,149546,27384.0,,536930.0,2236690.0,0.485,242.0,31.7,16.0,Financial services-regional banks,1.0,Financial,5.729917670065806
Commerce Bancshares,Mr. David W Kemper,Kansas City,MO,43.0,Harvard,BA,72.0,21.0,Stanford U,MBA,1.0,1.0,76.0,25.0,16.0,8.0,467500.0,150000,7816.0,111875,737191.0,4181430.0,1.291,582.0,86.9,18.0,Financial services-regional banks,1.0,Financial,5.867580024493052
FirsTier Financial,Mr. David A Rismiller,Baltimore,MD,58.0,Ohio State U,BS,59.0,23.0,,none,0.0,0.0,,,6.0,5.0,310000.0,200000,550750.0,1.8875e+006,2948250.0,6027710.0,0.581,256.0,47.9,22.0,Financial services-regional banks,1.0,Financial,6.469564307211789
OnBancorp,Mr. Robert J Bennett,Fitchburg,MA,52.0,Babson C,BS,63.0,21.0,U of Massachuse,MBA,1.0,1.0,66.0,24.0,7.0,5.0,393378.0,300000,3466.0,888625,1585470.0,3825490.0,1.144,374.0,58.0,26.0,Financial services-regional banks,1.0,Financial,6.2001580287928
US Bancorp,Mr. Gerry B Cameron,Grandview,WA,55.0,Portland State,BS,62.0,23.0,,none,0.0,0.0,,,38.0,1.0,248750.0,225000,213397.0,,687147.0,,0.087,1966.0,257.9,19.0,Financial services-regional banks,1.0,Financial,5.837049654759161
Integra Financial,Mr. William F Roemer,Youngstown,OH,60.0,Princeton,BA,55.0,21.0,,none,0.0,0.0,,,24.0,15.0,536667.0,322000,101898.0,,960565.0,3168540.0,0.063,1114.0,152.8,19.0,Financial services-regional banks,1.0,Financial,5.982526758251528
Mercantile Bankshare,Mr. H FurlongBaldwin,Baltimore,MD,62.0,Princeton,AB,54.0,22.0,,none,0.0,0.0,,,38.0,18.0,648900.0,253100,85400.0,,987400.0,4778700.0,0.38,455.0,82.4,10.0,Financial services-regional banks,1.0,Financial,5.994493122883512
SouthTrust,Mr. Wallace D Malone Jr,Dothan,AL,57.0,U of Alabama,BS,57.0,20.0,U of Pennsylvan,MBA,1.0,1.0,60.0,23.0,35.0,13.0,605016.0,363000,79891.0,,1047910.0,6933140.0,1.689,1102.0,150.5,19.0,Financial services-regional banks,1.0,Financial,6.02032398476431
State Street Boston,Mr. Marshall N Carter,Newport News,VA,54.0,US Military Aca,BSC,62.0,22.0,George Washingt,MA,0.0,1.0,76.0,36.0,3.0,2.0,643753.0,450000,23497.0,,1117250.0,3380830.0,0.001,1532.0,179.8,23.0,Financial services-regional banks,1.0,Financial,6.048150363332397
Collective Bancorp,Mr. Thomas H Hamilton,Egg Harbor City,NJ,63.0,Rutgers,BS,53.0,22.0,,none,0.0,0.0,,,39.0,32.0,292981.0,117649,25195.0,325241,761066.0,3218140.0,3.756,250.0,57.1,34.0,Financial services-regional banks,1.0,Financial,5.881422320624602
First Citizens BancS,Mr. Lewis R Holding,Smithfield,NC,66.0,U of North Caro,BS,50.0,22.0,Harvard,MBA,1.0,1.0,52.0,24.0,41.0,37.0,471274.0,41593,10173.0,,523040.0,2175340.0,9.575,451.0,55.6,,Financial services-regional banks,1.0,Financial,5.718534903236294
Deposit Guaranty,Mr. Emerson B Robinson Jr,Centreville,MS,52.0,Davidson C,BS,63.0,21.0,Harvard,MBA,1.0,1.0,67.0,25.0,27.0,10.0,364064.0,413820,22205.0,400400,1200490.0,3114590.0,0.498,374.0,66.6,16.0,Financial services-regional banks,1.0,Financial,6.079358546764635
Bank of New York,Mr. JohnCarter Bacot,Utica,NY,61.0,Hamilton C,AB,55.0,22.0,Cornell,LLB,0.0,1.0,58.0,25.0,34.0,12.0,898462.0,1.95e+006,164194.0,,3012660.0,8560330.0,0.21,3822.0,559.0,9.0,Financial services-regional banks,1.0,Financial,6.478950121233338
Michigan National,Mr. Robert J Mylod,Brooklyn,NY,54.0,St John's U NY,BA,61.0,21.0,,none,0.0,0.0,,,9.0,9.0,529259.0,,6558.0,,535817.0,10973800.0,0.651,935.0,27.8,13.0,Financial services-regional banks,1.0,Financial,5.72901648846045
MarshallIlsley,Mr. James B Wigdale,Milwaukee,WI,57.0,Stanford U,BA,59.0,22.0,,none,0.0,0.0,,,32.0,2.0,450000.0,325000,204092.0,,979092.0,,0.49,787.0,125.5,19.0,Financial services-regional banks,1.0,Financial,5.99082350203306
Dauphin Deposit,Mr. William J King,Philadelphia,PA,65.0,U of Pennsylvan,BBA,74.0,45.0,La Salle Univer,MBA,1.0,1.0,80.0,51.0,15.0,8.0,425000.0,193996,5695.0,145343,770034.0,2851380.0,0.111,360.0,64.5,14.0,Financial services-regional banks,1.0,Financial,5.886509901388575
Wachovia,Mr. Leslie M Baker Jr,Lovettsville,VA,52.0,U of Richmond,BA,64.0,22.0,U of Virginia,MBA,1.0,1.0,69.0,27.0,25.0,1.0,450000.0,247500,48395.0,176026,921921.0,,0.05,2742.0,492.1,16.0,Financial services-regional banks,1.0,Financial,5.964693707676168
Keystone Financial,Mr. Carl L Campbell,Sunbury,PA,51.0,Susquehanna U,BS,65.0,22.0,,none,0.0,0.0,,,22.0,12.0,330000.0,55940,11279.0,,397219.0,1678180.0,0.12,256.0,39.4,16.0,Financial services-regional banks,1.0,Financial,5.5990300137352405
Union Bank,Mr. KanetakaYoshida,Japan,,56.0,Tokyo U,LLB,62.0,24.0,,none,0.0,0.0,,,32.0,1.0,447308.0,,,,447308.0,,0.009,1266.0,83.1,8.0,Financial services-regional banks,1.0,Financial,5.6506066654983576
CoreStates Financial,Mr. Terrence A Larsen,Chicago,IL,47.0,U of Dallas,BA,68.0,21.0,Texas AM,PhD,0.0,1.0,71.0,24.0,17.0,6.0,647000.0,483068,322823.0,,1452890.0,6545340.0,0.083,2014.0,327.9,8.0,Financial services-regional banks,1.0,Financial,6.162232734599869
Huntington Bancshare,Mr. FrankWobst,Germany,,60.0,U of Erlangen,BA,55.0,21.0,Rutgers,MBA,1.0,1.0,64.0,30.0,20.0,13.0,760000.0,646000,93344.0,1.7771e+006,3276450.0,8297420.0,0.514,1542.0,236.9,23.0,Financial services-regional banks,1.0,Financial,6.515403544826941
Provident Bancorp,Mr. Allen L Davis,Dayton,OH,52.0,U of Cincinnati,BA,64.0,22.0,,none,0.0,0.0,,,10.0,8.0,515031.0,400000,105431.0,,1020460.0,4374090.0,0.794,325.0,51.3,15.0,Financial services-regional banks,1.0,Financial,6.0087959859068265
Norwest,Mr. Richard M Kovacevich,Tacoma,WA,50.0,Stanford U,BS,65.0,21.0,Stanford U,MS,0.0,1.0,66.0,22.0,8.0,1.0,700000.0,1.26e+006,618430.0,3.63111e+006,6209540.0,,0.165,5277.0,653.6,25.0,Financial services-regional banks,1.0,Financial,6.793059429023419
First Hawaiian,Mr. Walter A Dods Jr,Honolulu,HI,52.0,U of Hawaii,BBA,67.0,25.0,,none,0.0,0.0,,,25.0,5.0,711190.0,334021,76077.0,,1121290.0,4890590.0,0.825,512.0,78.2,13.0,Financial services-regional banks,1.0,Financial,6.0497179490014625
PNC Bank,Mr. Thomas H O'Brien,Pittsburgh,PA,57.0,U of Notre Dame,BS,58.0,21.0,Harvard,MBA,1.0,1.0,62.0,25.0,32.0,9.0,800000.0,1.2e+006,139334.0,2.025e+006,4164330.0,11187400.0,0.071,4146.0,745.3,11.0,Financial services-regional banks,1.0,Financial,6.619545137625322
Midlantic,Mr. Garry J Scheuring,Fairmont,MN,54.0,U of Notre Dame,BS,61.0,21.0,U of Chicago,MBA,1.0,1.0,64.0,24.0,3.0,3.0,650000.0,305000,7075.0,,962075.0,2712040.0,0.044,1012.0,131.4,-4.0,Financial services-regional banks,1.0,Financial,5.9832089294354285
First Virginia Banks,Mr. Robert H Zalokar,West Mineral,KS,66.0,U of Kansas,BS,50.0,22.0,,none,0.0,0.0,,,39.0,9.0,500000.0,306388,117410.0,297501,1221300.0,5142040.0,0.367,587.0,116.0,20.0,Financial services-regional banks,1.0,Financial,6.086822357099062
Sumitomo Bank of Cal,Mr. TadaichiIkagawa,Japan,,55.0,U of Kyoto,BA,61.0,22.0,,none,0.0,0.0,,,33.0,3.0,360000.0,,1000.0,,361000.0,962009.0,0.056,377.0,2.3,6.0,Financial services-regional banks,1.0,Financial,5.557507201905659
Liberty National Ban,Mr. Malcolm B Chancey Jr,Louisville,KY,62.0,U of Louisville,BA,54.0,22.0,,none,0.0,0.0,,,26.0,1.0,414000.0,66240,107556.0,,587796.0,,0.272,382.0,51.5,21.0,Financial services-regional banks,1.0,Financial,5.7692266263370735
Trustmark,Mr. Frank R Day,Aberdeen,MS,56.0,U of Mississipp,BA,53.0,15.0,,none,0.0,0.0,,,36.0,13.0,325000.0,162500,11000.0,,498500.0,1886400.0,4.353,336.0,48.6,25.0,Financial services-regional banks,1.0,Financial,5.697665162647675
Bancorp Hawaii,Mr. H HowardStephenson,Wichita,KS,64.0,U of Michigan,BA,50.0,20.0,U of Missouri,JD,0.0,1.0,58.0,28.0,35.0,5.0,591865.0,344324,509957.0,162473,1608620.0,10259900.0,0.431,938.0,132.6,16.0,Financial services-regional banks,1.0,Financial,6.206453463990819
Hibernia,Mr. Stephen A Hansel,Long Branch,NJ,46.0,Wesleyan C,BA,69.0,21.0,U of Virginia,MBA,1.0,1.0,71.0,23.0,2.0,2.0,450000.0,303750,39464.0,,793214.0,,0.108,367.0,48.0,-15.0,Financial services-regional banks,1.0,Financial,5.899390370774175
Centura Banks,Mr. Robert R Mauldin,China Grove,NC,59.0,U of North Caro,BS,59.0,24.0,,none,0.0,0.0,,,25.0,1.0,270000.0,120000,71213.0,,461213.0,,0.308,304.0,41.1,15.0,Financial services-regional banks,1.0,Financial,5.66390154005522
NationsBank,Mr. Hugh L McColl Jr,Bennettsville,SC,58.0,U of North Caro,BS,57.0,21.0,,none,0.0,0.0,,,35.0,11.0,800000.0,1.8e+006,2238040.0,,4838040.0,18496800.0,0.096,10392.0,1301.4,9.0,Financial services-regional banks,1.0,Financial,6.68466945470537
Premier Bancorp,Mr. G LeeGriffin,Leavenworth,KS,55.0,U of Texas Aust,BS,60.0,21.0,Louisiana State,MS,0.0,1.0,62.0,23.0,32.0,6.0,383750.0,234000,9298.0,,627048.0,2221510.0,0.299,336.0,67.6,31.0,Financial services-regional banks,1.0,Financial,5.797300786982604
KeyCorp,Mr. Victor J Riley Jr,Buffalo,NY,62.0,U of Notre Dame,BA,53.0,21.0,,none,0.0,0.0,,,30.0,20.0,720000.0,720000,2297930.0,,3737930.0,7316910.0,0.011,5186.0,709.9,16.0,Financial services-regional banks,1.0,Financial,6.572631164111196
Charter One Financia,Mr. Charles JohnKoch,Baltimore,MD,48.0,Lehigh U,BS,68.0,22.0,Loyola U,MBA,1.0,1.0,71.0,25.0,18.0,6.0,301629.0,278853,48947.0,151503,780932.0,2584410.0,0.722,385.0,61.4,34.0,Financial services-regional banks,1.0,Financial,5.892613219139158
BBT Financial,Mr. John A Allison IV,Charlotte,NC,45.0,U of North Caro,BBA,71.0,22.0,Duke U,MBA,1.0,1.0,74.0,25.0,23.0,5.0,370388.0,142599,102854.0,,615841.0,2700240.0,0.124,671.0,98.2,15.0,Financial services-regional banks,1.0,Financial,5.789468598956624
Wilmington Trust,Mr. Leonard W Quill,Wilmington,DE,62.0,U of Delaware,BS,59.0,27.0,U of Delaware,MBA,1.0,1.0,65.0,33.0,36.0,2.0,393333.0,333650,4497.0,461300,1192780.0,,0.38,405.0,82.8,12.0,Financial services-regional banks,1.0,Financial,6.076560348450926
Meridian Bancorp,Mr. Samuel A McCullough,Pittsburgh,PA,55.0,U of Pittsburgh,BBA,60.0,21.0,,none,0.0,0.0,,,19.0,16.0,600000.0,308500,36000.0,1.37423e+006,2318730.0,5707720.0,0.149,1247.0,150.5,14.0,Financial services-regional banks,1.0,Financial,6.365250181006734
AmSouth Bancorporati,Mr. John W Woods,Evanston,IL,62.0,U of the South,BA,54.0,22.0,,none,0.0,0.0,,,25.0,22.0,595000.0,327250,29295.0,,951545.0,5090350.0,0.197,971.0,146.2,18.0,Financial services-regional banks,1.0,Financial,5.978429331550589
Old Kent Financial,Mr. John C Canepa,Newburyport,MA,63.0,Harvard,BA,53.0,22.0,NYU,MBA,1.0,1.0,60.0,29.0,24.0,12.0,570000.0,356250,387644.0,,1313890.0,6752430.0,0.79,807.0,127.9,18.0,Financial services-regional banks,1.0,Financial,6.11855900723843
Central Fidelity Ban,Mr. Carroll L Saine,Lincolnton,NC,59.0,Lenoir-Rhyne C,BA,54.0,19.0,U of Richmond,MS,0.0,1.0,65.0,30.0,37.0,13.0,795540.0,,60253.0,266152,1121950.0,4092920.0,0.246,740.0,102.9,24.0,Financial services-regional banks,1.0,Financial,6.049973502902362
Crestar Financial,Mr. Richard G Tilghman,Norfolk,VA,53.0,U of Virginia,BA,63.0,22.0,,none,0.0,0.0,,,27.0,9.0,535000.0,280000,65067.0,418760,1298830.0,3827390.0,0.165,1081.0,140.5,16.0,Financial services-regional banks,1.0,Financial,6.113552311278253
Signet Banking,Mr. Robert M Freeman,Richmond,VA,53.0,U of Virginia,BS,63.0,22.0,,none,0.0,0.0,,,23.0,5.0,530200.0,488500,374196.0,1.90349e+006,3296380.0,6348370.0,0.256,1169.0,174.4,26.0,Financial services-regional banks,1.0,Financial,6.51803727049792
CCB Financial,Mr. Ernest C Roessler,Pittsburgh,PA,53.0,Dartmouth,BA,62.0,21.0,Dartmouth,MBA,1.0,1.0,63.0,22.0,6.0,1.0,241323.0,62986,11692.0,,316001.0,,0.116,230.0,29.2,13.0,Financial services-regional banks,1.0,Financial,5.499688456965855
Union Planters,Mr. Benjamin W Rawlins Jr,Murfreesboro,TN,56.0,Vanderbilt U,BA,61.0,23.0,Georgia State U,MBA,1.0,1.0,69.0,31.0,20.0,10.0,410000.0,200000,533133.0,271522,1414660.0,4840000.0,0.912,484.0,61.3,17.0,Financial services-regional banks,1.0,Financial,6.1506520738767225
Valley Bancorp,Mr. Peter M Platten III,Green Bay,WI,54.0,U of Wisc Madis,BBA,62.0,22.0,,none,0.0,0.0,,,29.0,5.0,373000.0,74600,55742.0,2.86314e+006,3366480.0,5440050.0,1.094,377.0,45.9,22.0,Financial services-regional banks,1.0,Financial,6.527176038701354
BanPonce,Mr. Richard L Carrion,San Juan,PR,41.0,U of Penn-Whart,BS,75.0,22.0,MIT,MS,0.0,1.0,76.0,23.0,18.0,1.0,230000.0,36814,26343.0,,293157.0,,0.696,897.0,103.2,15.0,Financial services-regional banks,1.0,Financial,5.4671002687240495
Southern National,Mr. L GlennOrr Jr,Charlotte,NC,54.0,Wofford C,BA,62.0,22.0,U of S Carolina,MBA,1.0,1.0,63.0,23.0,22.0,4.0,444184.0,217700,291322.0,,953206.0,2671120.0,0.198,438.0,75.6,10.0,Financial services-regional banks,1.0,Financial,5.979186767370065
Northern Trust,Mr. David W Fox,Aurora,IL,62.0,U of Notre Dame,BS,53.0,21.0,U of Chicago,MBA,1.0,1.0,58.0,26.0,39.0,4.0,616250.0,414982,715163.0,524792,2271190.0,7935770.0,0.306,1259.0,167.9,23.0,Financial services-regional banks,1.0,Financial,6.356253467332885
Zions Bancorporation,Mr. Harris H Simmons,Salt Lake City,UT,39.0,U of Utah,BA,77.0,22.0,Harvard,MBA,1.0,1.0,80.0,25.0,13.0,3.0,289531.0,170000,8152.0,158750,626433.0,1749440.0,3.584,346.0,51.4,31.0,Financial services-regional banks,1.0,Financial,5.796874627945807
Wells Fargo,Mr. Carl E Reichardt,Houston,TX,62.0,USC,BA,56.0,24.0,,none,0.0,0.0,,,24.0,11.0,775000.0,1.35e+006,592061.0,178988,2896050.0,8304100.0,0.262,4854.0,612.0,20.0,Financial services-regional banks,1.0,Financial,6.461806055638591
US Trust,Mr. H MarshallSchwarz,New York,NY,57.0,Harvard,BA,58.0,21.0,Harvard,MBA,1.0,1.0,61.0,24.0,27.0,4.0,517308.0,304135,634656.0,,1456100.0,4088190.0,0.32,446.0,42.3,9.0,Financial services-regional banks,1.0,Financial,6.163191201870467
Cullen/Frost Bankers,Mr. Thomas C Frost,San Antonio,TX,66.0,WashingtonLee,BS,50.0,22.0,,none,0.0,0.0,,,44.0,23.0,400000.0,,174745.0,,574745.0,3302850.0,2.982,266.0,38.8,21.0,Financial services-regional banks,1.0,Financial,5.759475201808468
West One Bancorp,Mr. Daniel R Nelson,Spokane,WA,56.0,Washington Stat,BBA,62.0,24.0,,none,0.0,0.0,,,10.0,8.0,429996.0,180598,14163.0,258673,883430.0,2965950.0,0.046,600.0,83.2,22.0,Financial services-regional banks,1.0,Financial,5.9461721431827685
Magna Group,Mr. William S Badgley,Belleville,IL,64.0,Washington U,BS,60.0,30.0,,none,0.0,0.0,,,41.0,2.0,411600.0,148125,48537.0,,608262.0,1628320.0,0.458,290.0,37.5,12.0,Financial services-regional banks,1.0,Financial,5.7840906855968965
Compass Bancshares,Mr. D PaulJones Jr,Birmingham,AL,51.0,U of Alabama,BS,64.0,21.0,NYU,JD,0.0,1.0,67.0,24.0,16.0,3.0,408098.0,408098,25925.0,,842121.0,5975560.0,1.372,625.0,89.3,25.0,Financial services-regional banks,1.0,Financial,5.925374497505395
First of America Ban,Mr. Daniel R Smith,Kalamazoo,MI,60.0,Western Michiga,BBA,55.0,21.0,,none,0.0,0.0,,,38.0,9.0,625000.0,285000,198748.0,,1108750.0,4633330.0,0.069,1803.0,247.4,19.0,Financial services-regional banks,1.0,Financial,6.044833632839783
Associated Banc-Corp,Mr. Harry B Conlon,Green Bay,WI,59.0,U of Notre Dame,BS,57.0,22.0,U of Wisc Madis,LLB,0.0,1.0,64.0,29.0,29.0,19.0,307000.0,115125,46867.0,,468992.0,2969750.0,0.825,249.0,36.2,21.0,Financial services-regional banks,1.0,Financial,5.671165434643681
First Security,Mr. Spencer F Eccles,Ogden,UT,59.0,U of Utah,BS,56.0,21.0,Columbia,MA,0.0,1.0,59.0,24.0,35.0,12.0,467450.0,280404,20794.0,,768648.0,3161600.0,2.718,812.0,114.1,24.0,Financial services-regional banks,1.0,Financial,5.885727501497345
Citizens Bancorp,Mr. Alfred H Smith Jr,Washington,DC,60.0,,,,,,none,0.0,0.0,,,31.0,7.0,18600.0,,10216.0,,28816.0,113181.0,8.881,242.0,26.8,11.0,Financial services-regional banks,1.0,Financial,4.459633695475459
City National,Mr. BramGoldsmith,Chicago,IL,71.0,,,,,,none,0.0,0.0,,,19.0,19.0,540000.0,,899.0,,540899.0,10354400.0,14.923,214.0,-6.9,-14.0,Financial services-regional banks,1.0,Financial,5.733116178530467
First Bancorporation,Mr. Howard L Flood,Staten Island,NY,59.0,,,,,,none,0.0,0.0,,,31.0,9.0,365700.0,121095,127032.0,36616,650443.0,2165770.0,0.162,332.0,55.2,16.0,Financial services-regional banks,1.0,Financial,5.813209244217974
First National of Ne,Mr. John R Lauritzen,,,77.0,,,,,,none,0.0,0.0,,,51.0,26.0,397303.0,304233,116411.0,,817947.0,1975410.0,46.11,546.0,70.1,,Financial services-regional banks,1.0,Financial,5.912725163875169
Shawmut National,Mr. Joel B Alvord,Manchester,CT,55.0,Dartmouth,AB,60.0,21.0,Dartmouth,MBA,1.0,1.0,61.0,22.0,31.0,8.0,650000.0,650000,221247.0,1.07813e+006,2599370.0,8020240.0,0.117,1931.0,244.6,-1.0,Financial services-regional banks,1.0,Financial,6.414868102325697
Fourth Financial,Mr. Darrell G Knudson,Centerville,SD,56.0,,,,,,none,0.0,0.0,,,3.0,3.0,363838.0,300000,7770.0,69584,741192.0,1810000.0,0.128,523.0,65.2,11.0,Financial services-regional banks,1.0,Financial,5.869930723147392
UJB Financial,Mr. T JosephSemrod,Oklahoma City,OK,57.0,U of Oklahoma,BA,58.0,21.0,U of Oklahoma,JD,0.0,1.0,63.0,26.0,13.0,13.0,665000.0,284350,685408.0,103926,1738680.0,5444240.0,0.344,1062.0,74.2,10.0,Financial services-regional banks,1.0,Financial,6.240219658470587
Barnett Banks,Mr. Charles E Rice,Chattanooga,TN,58.0,U of Miami,BBA,58.0,22.0,Rollins C,MBA,1.0,1.0,64.0,28.0,29.0,15.0,685000.0,1.0155e+006,881971.0,799975,3382450.0,8830270.0,0.105,3130.0,421.0,10.0,Financial services-regional banks,1.0,Financial,6.529231385495946
Firstar,Mr. Roger L Fitzsimonds,Milwaukee,WI,56.0,U of Wisc Milwa,BA,60.0,22.0,U of Wisc Milwa,MBA,1.0,1.0,71.0,33.0,30.0,3.0,548000.0,378900,380250.0,,1307150.0,4217730.0,0.112,1209.0,204.3,22.0,Financial services-regional banks,1.0,Financial,6.116325427239598
First Commercial,Mr. BarnettGrace,Batesville,AK,49.0,SMU,BBA,66.0,21.0,SMU,JD,0.0,1.0,68.0,23.0,22.0,7.0,314350.0,162000,5406.0,24434,506190.0,2186050.0,1.525,237.0,37.5,22.0,Financial services-regional banks,1.0,Financial,5.704313561233699
NBD Bancorp,Mr. Verne G Istock,Grosse Pointe,MI,53.0,U of Michigan,BA,62.0,21.0,U of Michigan,MBA,1.0,1.0,63.0,22.0,31.0,1.0,725000.0,300000,324629.0,368074,1717700.0,,0.105,3208.0,481.8,14.0,Financial services-regional banks,1.0,Financial,6.234947315652687
Worthen Banking,Mr. Curtis F Bradbury Jr,Little Rock,AR,44.0,U of Arkansas,BSB,70.0,20.0,U of Arkansas,MA,0.0,1.0,71.0,21.0,9.0,7.0,295934.0,95000,6306.0,,397240.0,3151990.0,0.429,279.0,31.4,20.0,Financial services-regional banks,1.0,Financial,5.599052973218668
First Interstate Ban,Mr. Edward M Carson,Tucson,AZ,64.0,Arizona State,BS,51.0,21.0,Rutgers-Stonier,MBA,1.0,1.0,63.0,33.0,43.0,4.0,784133.0,1.062e+006,254604.0,43500,2144240.0,5941110.0,0.043,3898.0,561.4,15.0,Financial services-regional banks,1.0,Financial,6.331273393353888
Summit Bancorp,Mr. Robert G Cox,Watertown,NY,53.0,,,,,,none,0.0,0.0,,,21.0,1.0,332833.0,135000,224161.0,,691994.0,,0.448,304.0,42.4,4.0,Financial services-regional banks,1.0,Financial,5.840102328881341
Mellon Bank,Mr. Frank V Cahouet,Boston,MA,61.0,Harvard,BA,54.0,21.0,U of Penn-Whart,MBA,1.0,1.0,59.0,26.0,7.0,7.0,760000.0,625000,2287530.0,8.03341e+006,11705900.0,23139200.0,0.426,3237.0,361.0,20.0,Financial services-regional banks,1.0,Financial,7.068404809746239
United Missouri Banc,Mr. R CrosbyKemper,Kansas City,MO,67.0,,,,,,none,0.0,0.0,,,44.0,24.0,578974.0,,80590.0,56801,716365.0,3106150.0,15.114,415.0,41.1,12.0,Financial services-regional banks,1.0,Financial,5.855134359033237
Citadel Holding,Mr. Richard M Greenwood,Fargo,ND,46.0,U of Idaho,BS,72.0,24.0,American Grad S,MBA,1.0,1.0,74.0,26.0,2.0,2.0,385000.0,,,,385000.0,,1e-05,304.0,-67.2,-32.0,Financial services-thrift institutions,1.0,Financial,5.585460729508501
Downey SavingsLoan,Mr. Thomas E Prince,Pasadena,CA,47.0,USC,BS,68.0,21.0,USC,MBA,1.0,1.0,74.0,27.0,2.0,1.0,165000.0,50292,6349.0,,221641.0,,1e-05,238.0,28.6,11.0,Financial services-thrift institutions,1.0,Financial,5.345650100942397
Sovereign Bancorp,Mr. Jay S Sidhu,India,,42.0,,,,,Wilkes C,MBA,1.0,1.0,73.0,21.0,8.0,5.0,195670.0,351422,4497.0,,551589.0,1611150.0,1.295,271.0,30.6,41.0,Financial services-thrift institutions,1.0,Financial,5.741615596722565
Anchor Bancorp,Mr. James M Large Jr,Philadelphia,PA,62.0,Princeton,BSE,54.0,22.0,,none,0.0,0.0,,,5.0,5.0,452539.0,203875,18100.0,,674514.0,2584550.0,0.222,531.0,53.1,23.0,Financial services-thrift institutions,1.0,Financial,5.828990968180863
Washington Mutual Sa,Mr. Kerry K Killinger,Des Moines,IA,44.0,U of Iowa,BBA,70.0,20.0,U of Iowa,MBA,1.0,1.0,71.0,21.0,18.0,4.0,430000.0,230000,17260.0,,677260.0,5286420.0,0.866,1180.0,175.3,22.0,Financial services-thrift institutions,1.0,Financial,5.8307554262747985
CSF Holdings,Mr. Charles B Stuzin,Miami,FL,52.0,U of Florida,BS,64.0,22.0,U of Miami,JD,0.0,1.0,67.0,25.0,20.0,12.0,375000.0,155000,45211.0,,575211.0,3953330.0,28.936,342.0,58.2,34.0,Financial services-thrift institutions,1.0,Financial,5.759827182648856
Standard Federal Ban,Mr. Thomas R Ricketts,Detroit,MI,63.0,U of Michigan,BBA,53.0,22.0,U of Michigan,JD,0.0,1.0,56.0,25.0,38.0,20.0,753000.0,125500,5970.0,,884470.0,3876430.0,0.115,769.0,115.6,29.0,Financial services-thrift institutions,1.0,Financial,5.946683106826958
California Federal B,Mr. Edward G Harshfield,New York,NY,57.0,Southeastern U,BBA,62.0,25.0,,none,0.0,0.0,,,1.0,1.0,475000.0,100000,42054.0,,617054.0,,1e-05,1084.0,-145.5,-37.0,Financial services-thrift institutions,1.0,Financial,5.790323171935713
FirstFed Michigan,Mr. C GeneHarling,Gainesville,FL,48.0,U of Florida,BBA,68.0,22.0,Wayne State U,MBA,1.0,1.0,69.0,23.0,15.0,4.0,410000.0,258546,,131719,800265.0,2980170.0,0.268,735.0,41.4,20.0,Financial services-thrift institutions,1.0,Financial,5.903233823217514
American Savings of,Mr. Stephen D Taylor,Provo,UT,48.0,Brigham Young U,BA,69.0,23.0,Harvard,MBA,1.0,1.0,71.0,25.0,3.0,3.0,315000.0,157500,44165.0,,516665.0,,0.351,191.0,30.5,,Financial services-thrift institutions,1.0,Financial,5.713209042498428
Great Lakes Bancorp,Mr. Robert J Delonis,Detroit,MI,42.0,U of Michigan,BBA,73.0,21.0,,none,0.0,0.0,,,12.0,2.0,233462.0,46366,31568.0,48878,360274.0,796732.0,0.267,218.0,12.9,7.0,Financial services-thrift institutions,1.0,Financial,5.556632921395497
People's Bank,Mr. David E A Carson,England,,59.0,U of Michigan,BBA,55.0,20.0,,none,0.0,0.0,,,11.0,9.0,390000.0,263250,31153.0,38250,722653.0,2437440.0,0.15,497.0,41.3,9.0,Financial services-thrift institutions,1.0,Financial,5.858929809935372
Commercial Federal,Mr. William A Fitzgerald,Omaha,NE,56.0,Creighton U,BS,59.0,21.0,,none,0.0,0.0,,,39.0,19.0,319332.0,127728,137700.0,599779,1184540.0,2738860.0,1.089,393.0,35.0,21.0,Financial services-thrift institutions,1.0,Financial,6.073549730728657
HF Ahmanson,Mr. Charles R Rinehart,San Francisco,CA,47.0,U of San Franci,BS,68.0,21.0,,none,0.0,0.0,,,5.0,1.0,643758.0,312817,72448.0,,1029020.0,,0.115,3100.0,-138.0,5.0,Financial services-thrift institutions,1.0,Financial,6.012423815778204
Washington Federal S,Mr. Guy C Pinkerton,Seattle,WA,59.0,U of Washington,BA,59.0,24.0,,none,0.0,0.0,,,29.0,2.0,228800.0,43800,28080.0,471475,772155.0,,1.092,295.0,95.2,22.0,Financial services-thrift institutions,1.0,Financial,5.887704488014332
Great Western Financ,Mr. James F Montgomery,Topeka,KS,59.0,UCLA,BS,57.0,22.0,,none,0.0,0.0,,,19.0,15.0,950000.0,142500,216166.0,300625,1609290.0,8963230.0,0.253,2883.0,62.0,6.0,Financial services-thrift institutions,1.0,Financial,6.206634312620569
FirstFed Financial,Mr. William S Mortensen,Philadelphia,PA,61.0,USC,BS,54.0,21.0,,none,0.0,0.0,,,39.0,11.0,332800.0,,2629.0,462826,798255.0,5962880.0,1.946,241.0,-2.0,2.0,Financial services-thrift institutions,1.0,Financial,5.902141647494111
Northeast Federal,Mr. Kirk W Walters,American Falls,ID,38.0,USC,BBA,78.0,22.0,,none,0.0,0.0,,,5.0,1.0,350000.0,,,,350000.0,,0.081,238.0,-14.1,6.0,Financial services-thrift institutions,1.0,Financial,5.544068044350275
GP Financial,Mr. Thomas S Johnson,Racine,WI,53.0,Trinity College,AB,62.0,21.0,Harvard,MBA,1.0,1.0,64.0,23.0,1.0,1.0,500000.0,,,,500000.0,,0.145,561.0,95.9,-35.0,Financial services-thrift institutions,1.0,Financial,5.698970004336019
Glendale Federal Ban,Mr. Stephen J Trafton,Mt Vernon,WA,47.0,Washington Stat,BS,68.0,21.0,,none,0.0,0.0,,,4.0,2.0,680000.0,1e+006,1920.0,,1681920.0,,0.003,1044.0,,-57.0,Financial services-thrift institutions,1.0,Financial,6.225805334871631
TCF Financial,Mr. William A Cooper,Detroit,MI,50.0,Wayne State U,BS,67.0,23.0,,none,0.0,0.0,,,9.0,9.0,500006.0,,161871.0,207575,869452.0,5679500.0,2.752,477.0,38.0,26.0,Financial services-thrift institutions,1.0,Financial,5.939245610823436
FarmHome Financial,Mr. JohnMorton III,Orange,NJ,50.0,US Naval Acad,BS,67.0,23.0,Harvard,MBA,1.0,1.0,73.0,29.0,2.0,2.0,300000.0,25000,76917.0,,401917.0,,0.015,252.0,15.1,25.0,Financial services-thrift institutions,1.0,Financial,5.604136376060285
Golden West Financia,Mrs. Marion O Sandler,Biddeford,ME,63.0,Wellesley C,BA,52.0,21.0,NYU,MBA,1.0,1.0,58.0,27.0,31.0,31.0,847333.0,,13391.0,1.17521e+006,2035940.0,12696100.0,7.751,1932.0,273.9,17.0,Financial services-thrift institutions,1.0,Financial,6.308764975013997
Coast Savings Financ,Mr. RayMartin,Nogales,AZ,58.0,,,,,,none,0.0,0.0,,,35.0,10.0,500004.0,200000,28006.0,,728010.0,3453880.0,0.114,576.0,17.2,-1.0,Financial services-thrift institutions,1.0,Financial,5.862137344855608
Rochester Community,Mr. Leonard S Simon,Passaic,NJ,57.0,MIT,BS,58.0,21.0,Columbia,PhD,0.0,1.0,63.0,26.0,25.0,10.0,360961.0,,129040.0,,490001.0,2215280.0,0.267,240.0,-59.4,1.0,Financial services-thrift institutions,1.0,Financial,5.690196966342878
Metropolitan Financi,Mr. Norman M Jones,Fargo,ND,63.0,,,,,,none,0.0,0.0,,,42.0,2.0,400000.0,65000,,,465000.0,,1.549,563.0,65.2,30.0,Financial services-thrift institutions,1.0,Financial,5.667452952889954
Dime Bancorp,Mr. Richard D Parsons,Brooklyn,NY,46.0,U of Hawaii,BA,68.0,20.0,Union C,JD,0.0,1.0,71.0,23.0,6.0,4.0,525000.0,225000,325139.0,,1075140.0,2651220.0,0.382,576.0,44.6,-8.0,Financial services-thrift institutions,1.0,Financial,6.031465019850377
St Paul Bancorp,Mr. Joseph C Scully,Detroit,MI,53.0,Loyola U,BS,62.0,21.0,Loyola U,MBA,1.0,1.0,72.0,31.0,31.0,12.0,323699.0,182375,146041.0,,652115.0,3215080.0,0.442,289.0,41.4,18.0,Financial services-thrift institutions,1.0,Financial,5.814324189997837
SFFed Corp,Mr. Roger L Gordon,Neosho,MO,52.0,,,,,,none,0.0,0.0,,,32.0,4.0,352194.0,148500,22866.0,,523560.0,1822100.0,0.294,234.0,9.9,5.0,Financial services-thrift institutions,1.0,Financial,5.718966459034445
Supervalu,Mr. Michael W Wright,Minneapolis,MN,55.0,U of Minnesota,BA,61.0,22.0,U of Minnesota,JD,0.0,1.0,63.0,24.0,17.0,13.0,675000.0,810000,14594.0,746528,2246120.0,6842950.0,0.22,16104.0,182.6,10.0,Food distributors-food wholesalers,2.0,Food,6.35143295492885
Nash Finch,Mr. Harold B Finch Jr,Grand Forks,ND,66.0,U of Minnesota,BCH,52.0,24.0,,none,0.0,0.0,,,28.0,12.0,294191.0,150000,50774.0,,494965.0,2214890.0,1.472,2724.0,15.9,-2.0,Food distributors-food wholesalers,2.0,Food,5.694574490157253
Fleming Cos,Mr. Robert E Stauth,Dodge City,KS,49.0,Kansas State U,BS,66.0,21.0,,none,0.0,0.0,,,17.0,1.0,325186.0,,174.0,,325360.0,,0.097,13092.0,37.5,-2.0,Food distributors-food wholesalers,2.0,Food,5.512364159396531
Sysco,Mr. John F Woodhouse,Wilmington,DE,63.0,Wesleyan C,BA,53.0,22.0,Harvard,MBA,1.0,1.0,55.0,24.0,25.0,11.0,562500.0,403664,70008.0,,1036170.0,5674830.0,0.354,10589.0,212.2,20.0,Food distributors-food wholesalers,2.0,Food,6.015431014101396
Brinker Internationa,Mr. Norman E Brinker,Denver,CO,63.0,San Diego State,,57.0,26.0,,none,0.0,0.0,,,11.0,11.0,573708.0,753887,104873.0,1.34927e+007,14925100.0,16617000.0,2.056,740.0,56.9,43.0,Food distributors-restaurant chains,2.0,Food,7.173917249637434
McDonald's,Mr. Michael R Quinlan,Chicago,IL,49.0,Loyola U,BS,67.0,22.0,Loyola U,MBA,1.0,1.0,70.0,25.0,28.0,7.0,980000.0,800000,299176.0,,2079180.0,9273410.0,0.084,7408.0,1082.5,18.0,Food distributors-restaurant chains,2.0,Food,6.317892088957647
Flagstar Cos,Mr. Jerome J Richardson,Spring Hope,NC,57.0,Wofford C,BA,59.0,22.0,,none,0.0,0.0,,,33.0,5.0,824355.0,,13652.0,,838007.0,9291410.0,1.931,3970.0,-1681.5,,Food distributors-restaurant chains,2.0,Food,5.923247646373327
Cracker Barrel Old C,Mr. Dan W Evins,Smithville,TN,58.0,,,,,,none,0.0,0.0,,,24.0,24.0,326600.0,861748,30647.0,1.94393e+007,20658300.0,24016800.0,0.671,578.0,51.1,43.0,Food distributors-restaurant chains,2.0,Food,7.315094579962097
Hannaford Bros,Mr. Hugh G Farrington,North Conway,NH,49.0,Dartmouth,BA,67.0,22.0,U of New Hampsh,MA,0.0,1.0,68.0,23.0,26.0,2.0,338000.0,253500,181574.0,89744,862818.0,,0.498,2055.0,54.6,14.0,Food distributors-supermarketsconvenience,2.0,Food,5.935919196721573
Food Lion,Mr. Tom E Smith,Salisbury,NC,53.0,Catawba C,BA,64.0,23.0,,none,0.0,0.0,,,24.0,8.0,642314.0,,193897.0,,836211.0,4760260.0,0.726,7610.0,3.9,-3.0,Food distributors-supermarketsconvenience,2.0,Food,5.922315876211143
Southland,Mr. Clark J Matthews II,Arkansas City,KS,57.0,SMU,BA,59.0,22.0,SMU,JD,0.0,1.0,61.0,24.0,29.0,3.0,390000.0,131040,14130.0,,535170.0,1764730.0,0.037,5781.0,-11.3,,Food distributors-supermarketsconvenience,2.0,Food,5.728491760216365
StopShop Companies,Mr. Lewis G Schaeneman Jr,Springfield,MA,63.0,Cornell,BS,52.0,21.0,Harvard,MBA,1.0,1.0,56.0,25.0,28.0,5.0,520000.0,572972,8650.0,,1101620.0,3485360.0,0.189,3568.0,63.7,32.0,Food distributors-supermarketsconvenience,2.0,Food,6.042031811971808
Bruno's,Mr. Ronald G Bruno,Birmingham,AL,42.0,U of Alabama,BS,74.0,22.0,,none,0.0,0.0,,,21.0,4.0,305769.0,45000,58622.0,,409391.0,1649920.0,7.479,2893.0,36.2,-5.0,Food distributors-supermarketsconvenience,2.0,Food,5.612138290956432
Kroger,Mr. Joseph A Pichler,St Louis,MO,54.0,U of Notre Dame,BA,61.0,21.0,U of Chicago,PhD,0.0,1.0,66.0,26.0,14.0,4.0,416923.0,582343,286876.0,,1286140.0,3705520.0,0.197,22384.0,170.8,18.0,Food distributors-supermarketsconvenience,2.0,Food,6.109288245351931
Albertson's,Mr. Gary G Michael,Laurel,MT,53.0,U of Idaho,BS,62.0,21.0,,none,0.0,0.0,,,28.0,3.0,637577.0,325000,22000.0,,984577.0,6632890.0,0.096,11284.0,339.7,24.0,Food distributors-supermarketsconvenience,2.0,Food,5.993249686312064
Vons Cos,Mr. Roger E Stangeland,Chicago,IL,64.0,U of Illinois,BS,51.0,21.0,,none,0.0,0.0,,,34.0,10.0,700660.0,,70061.0,,770721.0,4754890.0,2.157,5075.0,33.0,2.0,Food distributors-supermarketsconvenience,2.0,Food,5.886897192461899
American Stores,Mr. Victor L Lund,Salt Lake City,UT,46.0,U of Utah,BS,69.0,21.0,U of Utah,MBA,1.0,1.0,72.0,24.0,17.0,2.0,750000.0,259145,295004.0,302196,1606350.0,5457160.0,0.362,18763.0,262.1,14.0,Food distributors-supermarketsconvenience,2.0,Food,6.205840177622519
Safeway,Mr. Steven A Burd,Valley City,ND,44.0,Carroll C,BS,71.0,21.0,U of Wisc Milwa,MA,0.0,1.0,73.0,23.0,2.0,1.0,550000.0,545000,,,1095000.0,,0.056,15215.0,123.3,19.0,Food distributors-supermarketsconvenience,2.0,Food,6.039414119176137
Giant Food,Mr. IsraelCohen,Israel,,81.0,,,,,,none,0.0,0.0,,,58.0,17.0,556600.0,690500,47723.0,,1294820.0,19577700.0,4.796,3567.0,95.0,-2.0,Food distributors-supermarketsconvenience,2.0,Food,6.112209398965441
Penn Traffic,Mr. Claude J Incaudo,Detroit,MI,60.0,,,,,,none,0.0,0.0,,,17.0,4.0,360500.0,214972,,,575472.0,2218640.0,0.7,3172.0,8.2,18.0,Food distributors-supermarketsconvenience,2.0,Food,5.760024197572551
Great AtlanticPaci,Mr. JamesWood,England,,64.0,Loughborough C,CB,55.0,25.0,,none,0.0,0.0,,,14.0,14.0,1090150.0,28250,136060.0,,1254460.0,30193400.0,0.029,10384.0,4.0,-11.0,Food distributors-supermarketsconvenience,2.0,Food,6.098456817857698
Smith's FoodDrug C,Mr. Jeffrey P Smith,Brigham City,UT,44.0,,,,,,none,0.0,0.0,,,24.0,6.0,683606.0,539000,,,1222610.0,5550490.0,9.819,2807.0,45.8,1.0,Food distributors-supermarketsconvenience,2.0,Food,6.087287943659764
Winn-Dixie Stores,Mr. A DanoDavis,New Rochelle,NY,48.0,,,,,,none,0.0,0.0,,,26.0,12.0,353600.0,395200,12035.0,,760835.0,3624450.0,2.453,11040.0,239.7,22.0,Food distributors-supermarketsconvenience,2.0,Food,5.881290482842657
Brown-Forman,Mr. OwsleyBrown II,Louisville,KY,51.0,Yale,BA,64.0,21.0,Stanford U,MBA,1.0,1.0,66.0,23.0,26.0,1.0,398874.0,303525,388623.0,21432,1112450.0,,15.275,1409.0,163.3,10.0,Fooddrinktobacco-beverages,2.0,Food,6.046280500361211
Whitman,Mr. Bruce S Chelberg,Chicago,IL,59.0,U of Illinois,BS,56.0,21.0,U of Illinois,LLB,0.0,1.0,58.0,23.0,12.0,2.0,548333.0,575000,85622.0,,1208960.0,5557020.0,0.212,2530.0,106.4,4.0,Fooddrinktobacco-beverages,2.0,Food,6.08241193190572
Dr Pepper/Seven-Up,Mr. John R Albers,Minneapolis,MN,62.0,U of Minnesota,BA,57.0,25.0,,none,0.0,0.0,,,23.0,8.0,668320.0,424829,,,1093150.0,3455130.0,3.69,707.0,94.1,36.0,Fooddrinktobacco-beverages,2.0,Food,6.038679759115851
PepsiCo,Mr. D WayneCalloway,Elkin,NC,58.0,Wake Forest U,BBA,59.0,23.0,,none,0.0,0.0,,,27.0,8.0,1191150.0,1.7e+006,95170.0,,2986320.0,20514600.0,0.088,25021.0,1587.9,22.0,Fooddrinktobacco-beverages,2.0,Food,6.475136342835768
Coca-Cola,Mr. Roberto C Goizueta,Cuba,,62.0,Yale,BS,53.0,21.0,,none,0.0,0.0,,,40.0,13.0,1454000.0,2.2e+006,1519540.0,9.47813e+006,14651700.0,51896200.0,0.623,13957.0,2188.0,28.0,Fooddrinktobacco-beverages,2.0,Food,7.165888017713064
Anheuser-Busch Cos,Mr. August A Busch III,St Louis,MO,56.0,,,,,,none,0.0,0.0,,,37.0,19.0,940000.0,896000,39919.0,,1875920.0,25935100.0,0.486,11505.0,594.5,11.0,Fooddrinktobacco-beverages,2.0,Food,6.2732143136276015
Coca-Cola Enterprise,Mr. Summerfield K Johnsto,Chattanooga,TN,61.0,,,,,,none,0.0,0.0,,,38.0,2.0,800000.0,502400,173072.0,,1475470.0,2947470.0,7.77,5465.0,-15.0,1.0,Fooddrinktobacco-beverages,2.0,Food,6.168930383631363
Snapple Beverage,Mr. LeonardMarsh,Brooklyn,NY,61.0,,,,,,none,0.0,0.0,,,22.0,2.0,300000.0,1.6983e+006,47198.0,,2045500.0,,7.663,516.0,59.5,116.0,Fooddrinktobacco-beverages,2.0,Food,6.310799483834392
Ralston-Continental,Mr. Jay W Brown,,,48.0,Ohio State U,BS,66.0,20.0,Ohio State U,MA,0.0,1.0,68.0,22.0,13.0,10.0,250000.0,150000,40065.0,199213,639278.0,4665490.0,0.068,1984.0,27.7,,Fooddrinktobacco-food processors,2.0,Food,5.805689758957557
Quaker Oats,Mr. William D Smithburg,Chicago,IL,55.0,DePaul U,BS,60.0,21.0,Northwestern U,MBA,1.0,1.0,61.0,22.0,28.0,13.0,795000.0,748800,6337280.0,4.44589e+006,12327000.0,24309400.0,0.219,5792.0,304.6,8.0,Fooddrinktobacco-food processors,2.0,Food,7.0908573959815335
HJ Heinz,Dr. Anthony J F O'Reilly,Ireland,,58.0,U of Dublin,BCL,58.0,22.0,U of Bradford U,PhD,0.0,1.0,80.0,44.0,25.0,15.0,514000.0,372557,1910820.0,,2797380.0,120844000.0,1.279,7135.0,543.5,9.0,Fooddrinktobacco-food processors,2.0,Food,6.446751465546906
Sara Lee,Mr. John H Bryan,West Point,MS,57.0,Rhodes C,BA,58.0,21.0,,none,0.0,0.0,,,34.0,19.0,885144.0,870053,207447.0,1.0003e+007,11965700.0,31667000.0,0.317,14963.0,733.0,15.0,Fooddrinktobacco-food processors,2.0,Food,7.077938110157554
Pioneer Hi-Bred Inte,Mr. Thomas N Urban,DesMoines,IA,59.0,Harvard,BA,56.0,21.0,Harvard,MBA,1.0,1.0,60.0,25.0,34.0,13.0,483514.0,189859,150872.0,,824245.0,4328710.0,0.414,1342.0,132.4,24.0,Fooddrinktobacco-food processors,2.0,Food,5.916056321324447
Tyson Foods,Mr. Leland E Tollett,Nashville,AR,57.0,U of Arkansas,BSA,58.0,21.0,U of Arkansas,MSA,0.0,1.0,59.0,22.0,35.0,3.0,485000.0,115000,44335.0,297000,941335.0,5522550.0,1.4,4777.0,185.3,22.0,Fooddrinktobacco-food processors,2.0,Food,5.973744206594413
International Multif,Mr. AnthonyLuiso,Italy,,50.0,Iona C,BA,67.0,23.0,U of Chicago,MBA,1.0,1.0,82.0,38.0,7.0,5.0,413333.0,355800,58740.0,,827873.0,2648820.0,0.288,2200.0,2.2,2.0,Fooddrinktobacco-food processors,2.0,Food,5.917963718874799
Dean Foods,Mr. Howard M Dean,Hinsdale,IL,56.0,SMU,BBA,60.0,22.0,Northwestern U,MBA,1.0,1.0,61.0,23.0,39.0,7.0,448095.0,300222,12072.0,67342,827731.0,5407070.0,0.949,2352.0,66.3,9.0,Fooddrinktobacco-food processors,2.0,Food,5.917889220605187
Borden,Mr. Ervin R Shames,Des Moines,IA,53.0,U of Florida,BSB,62.0,21.0,Harvard,MBA,1.0,1.0,66.0,25.0,1.0,1.0,306818.0,200000,95551.0,,602369.0,,0.021,5506.0,-575.6,-11.0,Fooddrinktobacco-food processors,2.0,Food,5.779862613465946
Hershey Foods,Mr. Kenneth L Wolfe,Lebanon,PA,55.0,Yale,BA,61.0,22.0,U of Penn-Whart,MBA,1.0,1.0,67.0,28.0,27.0,1.0,456500.0,308709,455934.0,,1221140.0,,0.08,3488.0,297.2,15.0,Fooddrinktobacco-food processors,2.0,Food,6.086765457345369
General Mills,Mr. H BrewsterAtwater J,Minneapolis,MN,63.0,Princeton,AB,52.0,21.0,Stanford U,MBA,1.0,1.0,54.0,23.0,36.0,13.0,607689.0,777800,88533.0,1.15968e+007,13070800.0,26277400.0,0.261,8381.0,518.8,17.0,Fooddrinktobacco-food processors,2.0,Food,7.11630216944381
McCormickCo,Mr. Bailey A Thomas,Crisfield,MD,63.0,Baltimore Comme,ABA,52.0,21.0,,none,0.0,0.0,,,33.0,2.0,492387.0,377875,6173.0,34599,911034.0,4451270.0,0.239,1584.0,100.7,26.0,Fooddrinktobacco-food processors,2.0,Food,5.959534585246155
Wm Wrigley Jr,Mr. WilliamWrigley,Chicago,IL,61.0,Yale,BA,54.0,21.0,,none,0.0,0.0,,,38.0,33.0,463750.0,,54936.0,,518686.0,5804590.0,17.95,1429.0,174.9,35.0,Fooddrinktobacco-food processors,2.0,Food,5.714904525987028
Campbell Soup,Mr. David W Johnson,Australia,,61.0,U of Sydney,BE,54.0,21.0,U of Chicago,MBA,1.0,1.0,58.0,25.0,4.0,4.0,806700.0,912722,41180.0,386374,2146980.0,6438420.0,0.186,6759.0,595.3,22.0,Fooddrinktobacco-food processors,2.0,Food,6.331827998823722
Archer Daniels Midla,Mr. Dwayne O Andreas,Worthington,MN,76.0,,,,,,none,0.0,0.0,,,24.0,24.0,2633570.0,,223925.0,149656,3007160.0,11209300.0,2.748,10315.0,468.7,15.0,Fooddrinktobacco-food processors,2.0,Food,6.478156535938394
Chiquita Brands Inte,Mr. Carl H Lindner,Dayton,OH,75.0,,,,,,none,0.0,0.0,,,10.0,10.0,410000.0,,8102.0,,418102.0,2037070.0,19.249,2533.0,-51.1,5.0,Fooddrinktobacco-food processors,2.0,Food,5.621282245012472
Dole Food,Mr. David H Murdock,Kansas City,MO,71.0,,,,,,none,0.0,0.0,,,12.0,9.0,932310.0,450000,,,1382310.0,5718850.0,22.34,3431.0,77.9,5.0,Fooddrinktobacco-food processors,2.0,Food,6.140605449834055
Ralston-Ralston Puri,Mr. William P Stiritz,Jasper,AR,59.0,Northwestern U,BS,59.0,24.0,St Louis U,MA,0.0,1.0,68.0,33.0,30.0,13.0,800000.0,350000,237679.0,,1387680.0,11403700.0,1.054,5949.0,332.0,4.0,Fooddrinktobacco-food processors,2.0,Food,6.142289329046245
Hormel Foods,Mr. Joel W Johnson,,,51.0,,,,,,none,0.0,0.0,,,3.0,1.0,273300.0,558000,15464.0,,846764.0,,0.013,2888.0,103.0,14.0,Fooddrinktobacco-food processors,2.0,Food,5.927762385797901
IBP,Mr. Robert L Peterson,Hartington,NE,61.0,,,,,,none,0.0,0.0,,,33.0,14.0,1240000.0,1.84805e+006,108440.0,,3196490.0,15532100.0,0.126,11671.0,77.5,13.0,Fooddrinktobacco-food processors,2.0,Food,6.504673350111472
CPC International,Mr. Charles R Shoemate,La Harpe,IL,54.0,Western Illinoi,BS,62.0,22.0,U of Chicago,MBA,1.0,1.0,72.0,32.0,32.0,4.0,670833.0,455000,741240.0,27500,1894570.0,6195650.0,0.031,6738.0,454.5,15.0,Fooddrinktobacco-food processors,2.0,Food,6.277510656088769
Kellogg,Mr. Arnold G Langbo,Canada,,57.0,,,,,,none,0.0,0.0,,,38.0,2.0,720000.0,546000,136921.0,217902,1620820.0,6768800.0,0.049,6295.0,680.7,12.0,Fooddrinktobacco-food processors,2.0,Food,6.209734786996985
Gerber Products,Mr. Alfred A Piergallini,Martin's Creek,PA,47.0,Lafayette C,BA,68.0,21.0,U of Chicago,MBA,1.0,1.0,70.0,23.0,5.0,4.0,506000.0,,599879.0,53224,1159100.0,5181290.0,0.159,1177.0,131.0,15.0,Fooddrinktobacco-food processors,2.0,Food,6.064120905829622
Pet,Mr. Miles L Marsh,South Africa,,46.0,U of Cape Town,BA,70.0,22.0,Northwestern U,PhD,0.0,1.0,76.0,28.0,5.0,3.0,575084.0,322906,1600550.0,,2498540.0,5851760.0,0.24,1564.0,-100.4,3.0,Fooddrinktobacco-food processors,2.0,Food,6.39768630660639
Loews,Mr. Laurence A Tisch,Brooklyn,NY,71.0,NYU,BS,42.0,19.0,U of Pennsylvan,MA,0.0,1.0,43.0,20.0,35.0,34.0,570296.0,,43058.0,,613354.0,1873060.0,15.361,12582.0,594.1,1.0,Fooddrinktobacco-tobacco,0.0,Food,5.787711201879135
RJR Nabisco,Mr. Charles M Harper,Lansing,MI,66.0,Purdue U,BS,49.0,21.0,U of Chicago,MBA,1.0,1.0,50.0,22.0,1.0,1.0,704615.0,1.75e+006,896247.0,,3350860.0,,0.055,15104.0,-3.0,-15.0,Fooddrinktobacco-tobacco,0.0,Food,6.525156283252282
Universal,Mr. Henry H Harrell,Richmond,VA,54.0,WashingtonLee,BA,61.0,21.0,,none,0.0,0.0,,,20.0,6.0,361655.0,355000,80193.0,11485,808333.0,3042430.0,0.213,2887.0,59.9,5.0,Fooddrinktobacco-tobacco,0.0,Food,5.907590309128075
American Brands,Mr. William J Alley,Vernon,TX,64.0,U of Oklahoma,BBA,51.0,21.0,U of Oklahoma,JD,0.0,1.0,54.0,24.0,27.0,7.0,1053600.0,862125,5608600.0,,7524320.0,20516200.0,0.069,8288.0,668.2,3.0,Fooddrinktobacco-tobacco,0.0,Food,6.876467257276928
UST Inc,Mr. Vincent A Gierer Jr,New York,NY,46.0,Iona C,BBA,69.0,21.0,,none,0.0,0.0,,,16.0,1.0,560000.0,1.53609e+006,14150.0,249725,2359970.0,,0.251,1080.0,368.9,19.0,Fooddrinktobacco-tobacco,0.0,Food,6.37290648224245
Philip Morris Cos,Mr. Michael A Miles,Chicago,IL,54.0,Northwestern U,BS,61.0,21.0,,none,0.0,0.0,,,12.0,3.0,1000000.0,345000,159558.0,,1504560.0,8583770.0,0.014,50621.0,3568.0,15.0,Fooddrinktobacco-tobacco,0.0,Food,6.1774095115505645
ConAgra,Mr. Philip B Fletcher,Watertown,NY,60.0,St Lawrence U,BS,54.0,20.0,MIT,MBA,1.0,1.0,70.0,36.0,12.0,2.0,800000.0,428600,1055690.0,793363,3077650.0,,0.223,23002.0,408.4,15.0,Fooddrink tobacco-food processors,0.0,Food,6.488219228974514
ALZA,Dr. ErnestMario,Clifton,NJ,55.0,Rutgers,BS,61.0,22.0,U of Rhode Isla,PhD,0.0,1.0,65.0,26.0,1.0,1.0,250000.0,25000,6063.0,,281063.0,,0.006,214.0,42.9,13.0,Health-biotechnology,3.0,Health,5.448803677505472
Chiron,Mr. Edward E Penhoet,Oakland,CA,53.0,Stanford U,AB,63.0,22.0,U of Washington,PhD,0.0,1.0,68.0,27.0,13.0,13.0,323122.0,247754,7075.0,761250,1339200.0,3659400.0,0.389,318.0,18.4,29.0,Health-biotechnology,3.0,Health,6.126845440649185
Genentech,Mr. G KirkRaab,New York,NY,58.0,Colgate U,BA,59.0,23.0,,none,0.0,0.0,,,9.0,4.0,745000.0,300000,241968.0,,1286970.0,12680000.0,0.014,608.0,58.9,20.0,Health-biotechnology,3.0,Health,6.1095684233719
Amgen,Mr. Gordon M Binder,St Louis,MO,58.0,Purdue U,BSE,57.0,21.0,Harvard,MBA,1.0,1.0,62.0,26.0,12.0,6.0,466676.0,487057,130428.0,,1084160.0,4318970.0,0.142,1374.0,374.6,41.0,Health-biotechnology,3.0,Health,6.035093379978575
Cardinal Health,Mr. Robert D Walter,Mansfield,OH,48.0,Ohio U,BS,67.0,21.0,Harvard,MBA,1.0,1.0,70.0,24.0,23.0,23.0,424046.0,190000,771377.0,334334,1719760.0,5311310.0,11.424,2304.0,38.5,36.0,Health-drugs,3.0,Health,6.235467843449269
Schering-Plough,Mr. Robert P Luciano,New York,NY,60.0,CUNY City,BBA,54.0,20.0,U of Michigan,JD,0.0,1.0,58.0,24.0,16.0,12.0,1070000.0,947000,1948740.0,1.88677e+006,5852520.0,20411800.0,0.013,4341.0,825.0,15.0,Health-drugs,3.0,Health,6.767342906499341
Rhone-Poulenc Rorer,Mr. Robert E Cawthorn,England,,58.0,Cambridge,BS,59.0,23.0,,none,0.0,0.0,,,12.0,9.0,733430.0,448490,396766.0,,1578690.0,15149700.0,0.094,4019.0,421.1,11.0,Health-drugs,3.0,Health,6.198296857996271
Abbott Laboratories,Mr. Duane L Burnham,Excelsior,MN,52.0,U of Minnesota,BS,63.0,21.0,U of Minnesota,MBA,1.0,1.0,72.0,30.0,12.0,4.0,772615.0,725000,1340260.0,,2837870.0,18293500.0,0.053,8408.0,1399.1,17.0,Health-drugs,3.0,Health,6.45299249697918
Perrigo,Mr. Michael J Jandernoa,Detroit,MI,44.0,U of Michigan,BA,73.0,23.0,,none,0.0,0.0,,,15.0,8.0,291100.0,300629,13521.0,,605250.0,1757280.0,13.39,634.0,52.4,20.0,Health-drugs,3.0,Health,5.78193479811377
Mallinckrodt Group,Mr. C RayHolman,Little Rock,AR,51.0,U of Missouri,BS,64.0,21.0,,none,0.0,0.0,,,18.0,1.0,433013.0,220000,15543.0,206379,874935.0,,0.128,1850.0,-102.9,21.0,Health-drugs,3.0,Health,5.941975789948158
Marion Merrell Dow,Mr. Fred W Lyons Jr,Youngstown,OH,58.0,U of Michigan,BS,57.0,21.0,Harvard,MBA,1.0,1.0,59.0,23.0,24.0,10.0,675000.0,,192002.0,,867002.0,15149200.0,0.083,2818.0,362.0,,Health-drugs,3.0,Health,5.93802009930777
IVAX,Dr. PhillipFrost,Philadelphia,PA,57.0,U of Pennsylvan,BA,57.0,20.0,Yeshiva U Einst,MD,0.0,1.0,61.0,24.0,7.0,7.0,340000.0,,3400.0,,343400.0,1851320.0,17.469,645.0,84.7,33.0,Health-drugs,3.0,Health,5.5358002908248976
American Home Produc,Mr. John R Stafford,Harrisburg,PA,56.0,Dickinson C,BA,59.0,21.0,George Washingt,LLB,0.0,1.0,62.0,24.0,24.0,7.0,1085000.0,1.085e+006,32550.0,3.85539e+006,6057940.0,21682300.0,0.041,8305.0,1469.3,11.0,Health-drugs,3.0,Health,6.782324967610578
National Intergroup,Mr. Abbey J Butler,New York,NY,56.0,American U,BS,58.0,20.0,,none,0.0,0.0,,,4.0,3.0,702000.0,175000,1750.0,,878750.0,,9.59,5388.0,8.6,-1.0,Health-drugs,3.0,Health,5.94386533802788
American Cyanamid,Mr. Albert J Costello,New York,NY,58.0,Fordham U,BS,57.0,21.0,NYU,MS,0.0,1.0,64.0,28.0,37.0,1.0,525000.0,329649,221265.0,,1075910.0,,0.011,4277.0,-163.7,2.0,Health-drugs,3.0,Health,6.031775944064459
Eli Lilly,Mr. Randall L Tobias,Lafayette,IN,52.0,Indiana U,BS,64.0,22.0,,none,0.0,0.0,,,1.0,1.0,503182.0,418861,813359.0,,1735400.0,,0.009,6452.0,491.1,3.0,Health-drugs,3.0,Health,6.239399593115787
Bristol-Myers Squibb,Mr. Charles A Heimbold Jr,Newark,NJ,60.0,Villanova,BA,54.0,20.0,U of Pennsylvan,LLB,0.0,1.0,60.0,26.0,31.0,1.0,828625.0,621121,2523070.0,,3972810.0,,0.026,11413.0,1959.0,6.0,Health-drugs,3.0,Health,6.5990977953788725
McKesson,Mr. AlanSeelenfreund,New York,NY,57.0,Cornell,BME,59.0,22.0,Stanford U,PhD,0.0,1.0,67.0,30.0,19.0,5.0,500000.0,550000,207410.0,108127,1365540.0,5019550.0,0.133,12203.0,150.5,20.0,Health-drugs,3.0,Health,6.135304426207603
Mylan Laboratories,Mr. MilanPuskar,Vintondale,PA,59.0,Youngstown Stat,BS,60.0,25.0,,none,0.0,0.0,,,33.0,1.0,700000.0,1.4e+006,481200.0,2.375e+006,4956200.0,,2.188,244.0,77.1,34.0,Health-drugs,3.0,Health,6.695148823358551
Upjohn,Mr. John L Zabriskie,Auburn,NY,54.0,Dartmouth,BS,61.0,21.0,U of Rochester,PhD,0.0,1.0,65.0,25.0,1.0,1.0,800000.0,,,,800000.0,,0.021,3653.0,411.3,3.0,Health-drugs,3.0,Health,5.903089986991944
Bergen Brunswig,Mr. Robert E Martini,Hackensack,NJ,62.0,Ohio State U,BS,54.0,22.0,,none,0.0,0.0,,,38.0,4.0,559154.0,200000,139648.0,2.50528e+006,3404080.0,6498920.0,7.49,7058.0,27.0,1.0,Health-drugs,3.0,Health,6.531999757978441
Warner-Lambert,Mr. Melvin R Goodes,Canada,,59.0,Queens U,BA,57.0,22.0,U of Chicago,MBA,1.0,1.0,60.0,25.0,29.0,3.0,820000.0,586000,679601.0,,2085600.0,9995930.0,0.091,5794.0,285.0,11.0,Health-drugs,3.0,Health,6.319231018160273
Pfizer,Mr. William C Steere Jr,Ann Arbor,MI,57.0,Stanford U,BA,59.0,22.0,,none,0.0,0.0,,,35.0,3.0,1100000.0,800000,64000.0,101796,2065800.0,6811560.0,0.022,7478.0,657.5,17.0,Health-drugs,3.0,Health,6.315088273088317
Merck,Dr. P RoyVagelos,Westfield,NJ,64.0,U of Pennsylvan,AB,50.0,20.0,Columbia,MD,0.0,1.0,54.0,24.0,19.0,9.0,1040630.0,1.2e+006,1309100.0,,3549720.0,23345800.0,0.07,10498.0,2166.2,9.0,Health-drugs,3.0,Health,6.550194097491496
Bindley Western Indu,Mr. William E Bindley,Terre Haute,IN,53.0,Purdue U,BS,61.0,20.0,,none,0.0,0.0,,,27.0,27.0,514400.0,165000,60935.0,,740335.0,2955830.0,28.336,3426.0,9.6,9.0,Health-drugs,3.0,Health,5.86942828152803
Forest Laboratories,Mr. HowardSolomon,New York,NY,66.0,CUNY City,BA,49.0,21.0,Yale,JD,0.0,1.0,52.0,24.0,17.0,17.0,482885.0,60000,5707.0,3.20337e+007,32582300.0,62818700.0,1.258,333.0,75.7,23.0,Health-drugs,3.0,Health,7.51298173810791
Manor Care,Mr. StewartBainum Jr,Takoma Park,MD,48.0,Pacific Union C,BA,68.0,22.0,UCLA,MBA,1.0,1.0,70.0,24.0,22.0,7.0,499200.0,269568,13732.0,,782500.0,3484180.0,2.933,1119.0,73.0,24.0,Health-health care services,3.0,Health,5.893484346218487
National Medical Ent,Mr. JeffreyBarbakow,Los Angeles,CA,50.0,San Jose State,BS,66.0,22.0,USC,MBA,1.0,1.0,68.0,24.0,1.0,1.0,850000.0,,,,850000.0,,0.011,3435.0,-270.1,6.0,Health-health care services,3.0,Health,5.929418925714293
Columbia/HCA Healthc,Mr. Richard L Scott,Kansas City,MO,41.0,U of Missouri,BBA,75.0,22.0,SMU,JD,0.0,1.0,78.0,25.0,7.0,7.0,371000.0,350000,5396.0,,726396.0,1545760.0,1.891,10252.0,591.0,,Health-health care services,3.0,Health,5.861173444017006
FHP International,Mr. Mark B Hacken,New York,NY,58.0,U of Florida,BSP,56.0,20.0,,none,0.0,0.0,,,1.0,1.0,,,,,,,1e-05,2265.0,53.1,19.0,Health-health care services,3.0,Health,
United HealthCare,Dr. William W McGuire,Troy,NY,46.0,U of Texas Aust,BA,70.0,22.0,U of Texas Galv,MD,0.0,1.0,74.0,26.0,6.0,3.0,575000.0,1.12125e+006,50740.0,,1746990.0,22431200.0,0.266,2469.0,194.6,89.0,Health-health care services,3.0,Health,6.242290419031443
PacifiCare Health Sy,Mr. AlanHoops,Long Beach,CA,46.0,UCLA,BS,69.0,21.0,U of Washington,MS,0.0,1.0,73.0,25.0,17.0,1.0,344380.0,300000,297378.0,902877,1844640.0,,0.878,2382.0,66.7,54.0,Health-health care services,3.0,Health,6.265911621839936
American Medical Hol,Mr. Robert W O'Leary,New Bedford,MA,50.0,U of Massachuse,BS,65.0,21.0,Suffolk U,JD,0.0,1.0,73.0,29.0,3.0,3.0,750000.0,685146,390666.0,,1825810.0,3979110.0,0.052,2255.0,72.9,-1.0,Health-health care services,3.0,Health,6.2614555813883905
HealthTrust,Mr. R ClaytonMcWhorter,Chattanooga,TN,60.0,Samford U,BS,55.0,21.0,,none,0.0,0.0,,,24.0,7.0,750000.0,375000,3572230.0,,4697230.0,6630930.0,0.781,2425.0,140.7,37.0,Health-health care services,3.0,Health,6.6718418259455
National Health Labo,Mr. James R Maher,Worcester,MA,44.0,Boston C,BA,71.0,21.0,Columbia,MBA,1.0,1.0,76.0,26.0,1.0,1.0,,,,,,,1e-05,761.0,112.7,16.0,Health-health care services,3.0,Health,
Beverly Enterprises,Mr. David R Banks,Arcadia,WI,57.0,U of Arkansas,BA,59.0,22.0,,none,0.0,0.0,,,22.0,5.0,519231.0,235000,350595.0,,1104830.0,4300810.0,0.154,2871.0,60.3,8.0,Health-health care services,3.0,Health,6.043295458345345
US Healthcare,Mr. LeonardAbramson,Philadelphia,PA,61.0,Penn State U,BA,54.0,21.0,Nova U,MPA,0.0,1.0,78.0,45.0,18.0,18.0,1841000.0,1.0644e+006,50400.0,,2955800.0,16907100.0,11.48,2580.0,299.7,72.0,Health-health care services,3.0,Health,6.470675044798937
Humana,Mr. David A Jones,Louisville,KY,62.0,U of Louisville,BS,54.0,22.0,Yale,JD,0.0,1.0,60.0,28.0,33.0,33.0,790600.0,790126,744066.0,2.97197e+006,5296770.0,16948100.0,5.895,3137.0,89.0,25.0,Health-health care services,3.0,Health,6.724011115110508
WellPoint Health Net,Mr. Leonard D Schaeffer,Chicago,IL,48.0,Princeton,BA,69.0,23.0,,none,0.0,0.0,,,8.0,8.0,572262.0,272895,537292.0,,1382450.0,,0.804,2449.0,186.6,-6.0,Health-health care services,3.0,Health,6.140649432839827
Pall,Mr. Maurice G Hardy,England,,64.0,Merchant Ventur,BSM,49.0,19.0,,none,0.0,0.0,,,32.0,5.0,441012.0,382225,119778.0,,943015.0,6574260.0,0.173,683.0,97.2,14.0,Health-medical supplies,3.0,Health,5.9745186008660855
Hillenbrand Industri,Mr. W AugustHillenbrand,Batesville,IN,53.0,St Joseph's IND,BS,65.0,24.0,,none,0.0,0.0,,,28.0,5.0,586461.0,531000,1638330.0,,2755790.0,7986930.0,5.024,1448.0,145.8,25.0,Health-medical supplies,3.0,Health,6.440246119869824
JohnsonJohnson,Mr. Ralph S Larsen,Brooklyn,NY,55.0,Hofstra U,BBA,62.0,23.0,,none,0.0,0.0,,,32.0,5.0,890000.0,448125,342353.0,419716,2100190.0,11036500.0,0.018,14138.0,1787.0,13.0,Health-medical supplies,3.0,Health,6.32225858626674
St Jude Medical,Mr. Ronald A Matricaria,,,51.0,Mass C of Pharm,BS,66.0,23.0,,none,0.0,0.0,,,1.0,1.0,400000.0,358250,807.0,,759057.0,,0.086,253.0,109.6,14.0,Health-medical supplies,3.0,Health,5.880274389671484
Allergan,Mr. William C Shepherd,San Francisco,CA,55.0,U of Cal Berkel,BS,63.0,24.0,Pepperdine U,MBA,1.0,1.0,76.0,37.0,28.0,2.0,494348.0,320000,23235.0,81199,918782.0,2480920.0,0.15,859.0,108.9,-1.0,Health-medical supplies,3.0,Health,5.963212478276092
Becton Dickinson,Mr. Raymond V Gilmartin,Washington,DC,53.0,Union C,BSE,63.0,22.0,Harvard,MBA,1.0,1.0,68.0,27.0,18.0,5.0,629167.0,420000,29388.0,288671,1367230.0,5329840.0,0.088,2459.0,215.2,10.0,Health-medical supplies,3.0,Health,6.1358415791827765
BauschLomb,Mr. Daniel E Gill,Ziegler,IL,57.0,Northwestern U,BS,58.0,21.0,,none,0.0,0.0,,,15.0,13.0,950000.0,680000,1636800.0,84219,3351020.0,21702700.0,0.186,1872.0,156.5,16.0,Health-medical supplies,3.0,Health,6.525177019856673
Medtronic,Mr. William W George,Muskegon,MI,51.0,Georgia Tech,BSI,64.0,21.0,Harvard,MBA,1.0,1.0,66.0,23.0,5.0,3.0,479991.0,338394,561850.0,,1380240.0,3659280.0,0.081,1356.0,223.6,31.0,Health-medical supplies,3.0,Health,6.139954609309331
Baxter International,Mr. Vernon R Loucks Jr,Evanston,IL,59.0,Yale,BA,57.0,22.0,Harvard,MBA,1.0,1.0,63.0,28.0,28.0,14.0,693231.0,500000,918721.0,670733,2782690.0,15536500.0,0.117,8879.0,-268.0,8.0,Health-medical supplies,3.0,Health,6.444464827322805
US Surgical,Mr. Leon C Hirsch,Bronx,NY,66.0,,,,,,none,0.0,0.0,,,30.0,30.0,1026020.0,352680,1379060.0,,2757750.0,114346000.0,3.056,1037.0,-138.7,17.0,Health-medical supplies,3.0,Health,6.440554893260562
Leucadia National,Mr. Ian M Cumming,Canada,,54.0,U of Kansas,,62.0,22.0,,none,0.0,0.0,,,16.0,16.0,464412.0,1.61412e+006,250127.0,7.35e+006,9678660.0,17392700.0,19.521,1408.0,116.3,38.0,Insurance-diversified,4.0,Insurance,6.985815233869407
Lincoln National,Mr. Ian M Rolland,Fort Wayne,IN,60.0,DePauw U,BA,55.0,21.0,U of Michigan,MA,0.0,1.0,56.0,22.0,38.0,17.0,896494.0,,331680.0,,1228170.0,7502400.0,0.11,8290.0,415.3,15.0,Insurance-diversified,4.0,Insurance,6.089258484844243
Horace Mann Educator,Mr. Paul J Kardos,Vandergrift,PA,57.0,Grove City C,BS,62.0,25.0,,none,0.0,0.0,,,17.0,12.0,363750.0,400000,21813.0,,785563.0,3030040.0,1.751,708.0,77.2,15.0,Insurance-diversified,4.0,Insurance,5.895181020000066
Old Republic Interna,Mr. A C Zucaro,France,,55.0,CUNY Queens,BS,62.0,23.0,,none,0.0,0.0,,,18.0,4.0,454850.0,400000,5486.0,2.63337e+006,3493700.0,5715640.0,0.355,1736.0,166.4,19.0,Insurance-diversified,4.0,Insurance,6.543285609880379
Aetna LifeCasualty,Mr. Ronald E Compton,Chicago,IL,61.0,Northwestern U,BA,54.0,21.0,,none,0.0,0.0,,,40.0,2.0,775000.0,550000,68813.0,947362,2341180.0,4002120.0,0.017,17118.0,-588.3,7.0,Insurance-diversified,4.0,Insurance,6.3694348054102194
American Internation,Mr. Maurice R Greenberg,New York,NY,69.0,U of Miami,BA,48.0,23.0,NY Law School,LLB,0.0,1.0,50.0,25.0,33.0,27.0,1231730.0,1.1e+006,2998.0,2.76125e+006,5095980.0,14833300.0,2.151,20135.0,1918.1,15.0,Insurance-diversified,4.0,Insurance,6.707227714871509
Safeco,Mr. Roger H Eigsti,Vancouver,WA,52.0,Linfield C,BS,64.0,22.0,,none,0.0,0.0,,,22.0,2.0,516667.0,51667,295013.0,249992,1113340.0,2476230.0,0.054,3517.0,425.9,17.0,Insurance-diversified,4.0,Insurance,6.046627812649876
Cigna,Mr. Wilson H Taylor,Hartford,CT,50.0,Trinity College,BS,64.0,20.0,,none,0.0,0.0,,,30.0,6.0,790000.0,,53567.0,103250,946817.0,8219730.0,0.105,18402.0,234.0,8.0,Insurance-diversified,4.0,Insurance,5.976266047038954
Unitrin,Mr. Richard C Vie,St Louis,MO,56.0,,,,,,none,0.0,0.0,,,11.0,2.0,315000.0,85000,300.0,,400300.0,1084050.0,1e-05,1363.0,95.0,9.0,Insurance-diversified,4.0,Insurance,5.602385590105105
Southwestern Life,Mr. Robert L Beisenherz,Houston,TX,48.0,U of Texas Aust,BBA,68.0,22.0,,none,0.0,0.0,,,4.0,2.0,500016.0,,,,500016.0,,1e-05,968.0,287.0,6.0,Insurance-lifehealth,4.0,Insurance,5.698983901537085
Transamerica,Mr. Frank C Herringer,New York,NY,51.0,Dartmouth,AB,64.0,21.0,Dartmouth,MBA,1.0,1.0,65.0,22.0,15.0,3.0,930000.0,850000,173851.0,138291,2092140.0,6589710.0,0.056,4833.0,400.5,14.0,Insurance-lifehealth,4.0,Insurance,6.320590742907044
USLife,Mr. Gordon E Crosby Jr,Remsen,IA,73.0,U of Missouri,BS,46.0,25.0,,none,0.0,0.0,,,35.0,28.0,868846.0,580000,657407.0,79361,2185610.0,9619170.0,1.106,1600.0,97.2,11.0,Insurance-lifehealth,4.0,Insurance,6.3395726690690095
NWNL Cos,Mr. John G Turner,Springfield,MA,54.0,Amherst C,BA,61.0,21.0,,none,0.0,0.0,,,27.0,3.0,513939.0,377263,341602.0,314962,1547770.0,3126330.0,0.237,1490.0,82.5,18.0,Insurance-lifehealth,4.0,Insurance,6.1897064245948235
Equitable of Iowa Co,Mr. Frederick S Hubbell,Des Moines,IA,43.0,U of North Caro,BA,73.0,22.0,U of Iowa,JD,0.0,1.0,76.0,25.0,11.0,5.0,395833.0,320000,41570.0,1.11469e+006,1872100.0,5185300.0,1.741,573.0,87.2,44.0,Insurance-lifehealth,4.0,Insurance,6.272329043274019
Equitable Cos,Mr. Richard H Jenrette,Raleigh,NC,65.0,U of North Caro,BA,51.0,22.0,Harvard,MBA,1.0,1.0,57.0,28.0,35.0,4.0,730000.0,1.14e+007,255896.0,,12385900.0,21332500.0,1e-05,6480.0,234.5,74.0,Insurance-lifehealth,4.0,Insurance,7.092927569325781
Uslico,Mr. Daniel J Callahan III,Washington,DC,62.0,Williams C,BA,54.0,22.0,,none,0.0,0.0,,,2.0,2.0,300000.0,,2344.0,,302344.0,,0.019,418.0,23.6,-1.0,Insurance-lifehealth,4.0,Insurance,5.480501354477443
UNUM,Mr. James F Orr III,Minneapolis,MN,51.0,Villanova,BS,65.0,22.0,Boston U,MBA,1.0,1.0,70.0,27.0,8.0,7.0,606154.0,454600,27439.0,1.88766e+006,2975850.0,11132000.0,0.171,3397.0,312.0,30.0,Insurance-lifehealth,4.0,Insurance,6.473611036479325
American National In,Mr. Robert L Moody,Galveston,TX,58.0,,,,,,none,0.0,0.0,,,12.0,3.0,2667730.0,,1016.0,,2668750.0,7328710.0,1.318,1329.0,185.5,11.0,Insurance-lifehealth,4.0,Insurance,6.426307892369099
Torchmark,Mr. Ronald K Richey,Erie,KS,67.0,Washburn U,BA,49.0,22.0,Washburn U,JD,0.0,1.0,51.0,24.0,30.0,9.0,1166680.0,833324,160710.0,,2160710.0,47971700.0,1.325,2177.0,279.6,16.0,Insurance-lifehealth,4.0,Insurance,6.334596481898853
SunAmerica,Mr. EliBroad,New York,NY,60.0,Michigan State,BA,54.0,20.0,,none,0.0,0.0,,,37.0,37.0,595833.0,970320,972835.0,8.24161e+006,10780600.0,21736600.0,19.186,884.0,138.6,38.0,Insurance-lifehealth,4.0,Insurance,7.032642932412662
Aflac,Mr. Daniel P Amos,Pensacola,FL,42.0,U of Georgia,BS,73.0,21.0,,none,0.0,0.0,,,21.0,4.0,913218.0,658346,245049.0,3.48626e+006,5302870.0,13743100.0,0.898,5001.0,243.9,20.0,Insurance-lifehealth,4.0,Insurance,6.724510980508214
CCP Insurance,Mr. Stephen C Hilbert,Terre Haute,IN,48.0,,,,,,none,0.0,0.0,,,15.0,2.0,,,,,,,0.054,633.0,107.6,26.0,Insurance-lifehealth,4.0,Insurance,
Conseco,Mr. Stephen C Hilbert,Terre Haute,IN,48.0,,,,,,none,0.0,0.0,,,15.0,15.0,250000.0,8.28767e+006,190570.0,2.99471e+007,38675400.0,51156100.0,2.842,2637.0,308.9,76.0,Insurance-lifehealth,4.0,Insurance,7.587434814081668
First Colony,Mr. Bruce C Gottwald Jr,Richmond,VA,36.0,VMI,BA,80.0,22.0,Col of William,MBA,1.0,1.0,84.0,26.0,2.0,2.0,346000.0,215600,8942.0,,570542.0,,0.452,1560.0,203.9,-23.0,Insurance-lifehealth,4.0,Insurance,5.756287620177281
Kemper,Mr. David B Mathis,Atlanta,GA,56.0,Lake Forest C,BA,60.0,22.0,,none,0.0,0.0,,,38.0,2.0,531308.0,960000,305168.0,,1796480.0,3920030.0,0.157,1549.0,247.4,16.0,Insurance-lifehealth,4.0,Insurance,6.254422386618326
Providian,Mr. Irving W Bailey II,Cambridge,MA,52.0,U of Colorado,BA,63.0,21.0,NYU,MBA,1.0,1.0,68.0,26.0,13.0,6.0,666154.0,457400,551490.0,646759,2321800.0,10178200.0,0.148,2884.0,322.7,15.0,Insurance-lifehealth,4.0,Insurance,6.365824806859364
Protective Life,Mr. DraytonNabers Jr,Birmingham,AL,53.0,Princeton,AB,62.0,21.0,Yale,LLB,0.0,1.0,65.0,24.0,15.0,2.0,398583.0,365700,422638.0,,1186920.0,,0.234,760.0,56.6,32.0,Insurance-lifehealth,4.0,Insurance,6.07442144791044
Aon,Mr. Patrick G Ryan,Milwaukee,WI,57.0,Northwestern U,BS,59.0,22.0,,none,0.0,0.0,,,30.0,12.0,813462.0,310000,94496.0,,1217960.0,5102240.0,13.33,3845.0,323.8,14.0,Insurance-lifehealth,4.0,Insurance,6.085633025518093
Jefferson-Pilot,Mr. David A Stonecipher,Cleveland,TN,53.0,Vanderbilt U,BBA,62.0,21.0,Georgia State U,MS,0.0,1.0,67.0,26.0,2.0,1.0,750000.0,235500,,,985500.0,,0.041,1247.0,219.3,20.0,Insurance-lifehealth,4.0,Insurance,5.9936566286154624
Provident LifeAcci,Mr. J. HaroldChandler,Belton,SC,45.0,Wofford C,BA,71.0,22.0,U of S Carolina,MBA,1.0,1.0,72.0,23.0,1.0,1.0,650000.0,500000,219120.0,,1369120.0,,0.015,2938.0,-81.2,9.0,Insurance-lifehealth,4.0,Insurance,6.136441514645218
Statesman Group,Mr. David J Noble,Des Moines,IA,62.0,,,,,,none,0.0,0.0,,,22.0,12.0,550000.0,400000,27988.0,906722,1884710.0,3075100.0,2.609,379.0,37.2,35.0,Insurance-lifehealth,4.0,Insurance,6.275244534866028
American General,Mr. Harold S Hook,Kansas City,MO,62.0,U of Missouri,BS,53.0,21.0,U of Missouri,MA,0.0,1.0,54.0,22.0,24.0,16.0,980000.0,784000,749207.0,1.8601e+006,4373310.0,15479400.0,0.143,4829.0,250.0,16.0,Insurance-lifehealth,4.0,Insurance,6.640810263193849
John Alden Financial,Mr. Glendon E Johnson,Cleveland,UT,70.0,U of Utah,BS,48.0,24.0,Harvard,LLD,0.0,1.0,52.0,28.0,9.0,9.0,425325.0,579847,113474.0,,1118650.0,,0.376,1407.0,80.0,79.0,Insurance-lifehealth,4.0,Insurance,6.048694226970415
Mercury General,Mr. GeorgeJoseph,Beckley,WV,72.0,Harvard,BS,49.0,27.0,,none,0.0,0.0,,,33.0,33.0,497930.0,20070,,,518000.0,2556060.0,34.688,534.0,96.2,35.0,Insurance-propertycasualty,4.0,Insurance,5.714329759745233
Cincinnati Financial,Mr. Robert B Morgan,Yerkes,KY,60.0,Eastern Kentuck,BA,54.0,20.0,,none,0.0,0.0,,,28.0,3.0,524633.0,347030,,1.88118e+006,2752850.0,5083030.0,0.576,1442.0,202.2,23.0,Insurance-propertycasualty,4.0,Insurance,6.439782547772889
Alleghany,Mr. John J Burns Jr,Cambridge,MA,62.0,Boston C,BS,53.0,21.0,Harvard,MBA,1.0,1.0,55.0,23.0,26.0,2.0,500000.0,257930,712595.0,,1470530.0,,0.272,1908.0,97.6,13.0,Insurance-propertycasualty,4.0,Insurance,6.167473888891749
St Paul Cos,Mr. Douglas W Leatherdale,Canada,,57.0,U of Manitoba,BA,57.0,20.0,,none,0.0,0.0,,,22.0,4.0,611450.0,556420,311257.0,,1479130.0,6125860.0,0.097,4460.0,427.6,14.0,Insurance-propertycasualty,4.0,Insurance,6.170006345600361
Transatlantic Holdin,Mr. Joseph V Taranto,Brooklyn,NY,45.0,CUNY Brooklyn,BS,71.0,22.0,,none,0.0,0.0,,,8.0,8.0,261923.0,109500,2998.0,,374421.0,1251160.0,0.004,726.0,86.7,15.0,Insurance-propertycasualty,4.0,Insurance,5.573360198849068
Continental Corp,Mr. John P Mascotte,Fort Wayne,IN,55.0,St Joseph's IND,BA,61.0,22.0,U of Virginia,LLB,0.0,1.0,64.0,25.0,13.0,11.0,696538.0,332500,57583.0,,1086620.0,4566140.0,0.031,5174.0,208.4,,Insurance-propertycasualty,4.0,Insurance,6.0360776942645185
Allmerica Property,Mr. John F O'Brien,Brockton,MA,51.0,Harvard,AB,65.0,22.0,Harvard,MBA,1.0,1.0,68.0,25.0,2.0,2.0,177625.0,113173,189505.0,,480303.0,,0.005,1953.0,252.4,16.0,Insurance-propertycasualty,4.0,Insurance,5.681515299275599
American Premier Und,Mr. Carl H Lindner,Dayton,OH,75.0,,,,,,none,0.0,0.0,,,11.0,7.0,893750.0,1e+006,99712.0,,1993460.0,5610840.0,40.47,1763.0,232.0,5.0,Insurance-propertycasualty,4.0,Insurance,6.2996075257001625
American Re,Mr. Edward B Jobe,Keokuk,IA,64.0,,,,,,none,0.0,0.0,,,31.0,7.0,457385.0,525000,30947.0,,1013330.0,2674740.0,0.011,1444.0,110.7,-24.0,Insurance-propertycasualty,4.0,Insurance,6.005750900286472
TIG Holdings,Mr. Jon W Rotenstreich,Birmingham,AL,50.0,U of Alabama,BS,64.0,20.0,,none,0.0,0.0,,,1.0,1.0,600000.0,150000,16037.0,,766037.0,,0.366,1881.0,-128.0,,Insurance-propertycasualty,4.0,Insurance,5.884249746796777
Chubb,Mr. Dean R O'Hare,Jersey City,NJ,51.0,NYU,BS,63.0,20.0,Pace U NY,MBA,1.0,1.0,68.0,25.0,31.0,6.0,735270.0,661275,372071.0,,1768620.0,10994400.0,0.056,5500.0,344.2,19.0,Insurance-propertycasualty,4.0,Insurance,6.247634531818166
Argonaut Group,Mr. Charles E Rinsch,Vincennes,IN,61.0,Indiana U,BS,53.0,20.0,Stanford U,MBA,1.0,1.0,60.0,27.0,28.0,6.0,418750.0,140000,4017.0,845375,1408140.0,3756540.0,0.37,439.0,89.1,14.0,Insurance-propertycasualty,4.0,Insurance,6.148645835349331
Reliance Group Holdi,Mr. Saul P Steinberg,New York,NY,54.0,U of Pennsylvan,BS,61.0,21.0,,none,0.0,0.0,,,33.0,33.0,2700000.0,2.7e+006,831000.0,,6231000.0,31722300.0,38.028,2963.0,85.5,7.0,Insurance-propertycasualty,4.0,Insurance,6.794557751254762
Ohio Casualty,Mr. Lauren N Patch,Lexington,KY,43.0,U of Kentucky,BS,73.0,22.0,,none,0.0,0.0,,,22.0,1.0,324808.0,,9043.0,44825,378676.0,,0.544,1670.0,87.0,15.0,Insurance-propertycasualty,4.0,Insurance,5.5782677809648735
Progressive,Mr. Peter B Lewis,Cleveland,OH,60.0,Princeton,AB,55.0,21.0,,none,0.0,0.0,,,39.0,29.0,1000000.0,1.4e+006,1950150.0,,4350150.0,15877200.0,13.934,1955.0,267.3,24.0,Insurance-propertycasualty,4.0,Insurance,6.638504232368232
Geico,Mr. Louis A Simpson,Chicago,IL,57.0,Ohio Wesleyan U,BA,58.0,21.0,Princeton,AM,0.0,1.0,60.0,23.0,15.0,1.0,500000.0,,99127.0,,599127.0,,0.505,2638.0,286.4,18.0,Insurance-propertycasualty,4.0,Insurance,5.777518891759935
USFG,Mr. Norman P Blake Jr,New York,NY,52.0,Purdue U,BA,64.0,22.0,Purdue U,MA,0.0,1.0,66.0,24.0,3.0,3.0,1007680.0,1.36408e+006,2087580.0,,4459340.0,8589430.0,0.055,3249.0,127.2,-12.0,Insurance-propertycasualty,4.0,Insurance,6.649270586163146
ITT,Mr. Rand V Araskog,Fergus Falls,MN,62.0,US Military Aca,BS,53.0,21.0,,none,0.0,0.0,,,27.0,15.0,1525000.0,2.5849e+006,6836760.0,5.82782e+006,16774500.0,33770700.0,0.36,22043.0,963.0,15.0,Insurance-propertycasualty,4.0,Insurance,7.224649583954164
Berkshire Hathaway,Mr. Warren E Buffett,Omaha,NE,63.0,U of Nebraska L,BS,50.0,19.0,Columbia,MBA,1.0,1.0,51.0,20.0,29.0,24.0,100000.0,,,,100000.0,500000.0,43.463,3653.0,759.1,26.0,Insurance-propertycasualty,4.0,Insurance,5.0
20th Century Industr,Mr. Neil H Ashley,Spokane,WA,71.0,,,,,U of Montana,JD,0.0,1.0,50.0,27.0,11.0,1.0,600000.0,200000,,,800000.0,,1e-05,1104.0,108.6,19.0,Insurance-propertycasualty,4.0,Insurance,5.903089986991944
General Re,Mr. Ronald E Ferguson,Chicago,IL,52.0,Blackburn U,BA,63.0,21.0,U of Michigan,MS,0.0,1.0,65.0,23.0,25.0,7.0,768750.0,610000,414761.0,785819,2579330.0,9880650.0,0.074,3560.0,696.8,12.0,Insurance-propertycasualty,4.0,Insurance,6.411506909416194
Nordstrom,Mr. Bruce A Nordstrom,Seattle,WA,61.0,U of Washington,BA,56.0,23.0,,none,0.0,0.0,,,39.0,23.0,,,,,,,6.675,3590.0,140.4,5.0,Retailing-apparel,6.0,Retailing,
Melville,Mr. Stanley P Goldstein,Woonsocket,RI,59.0,U of Pennsylvan,BS,55.0,20.0,,none,0.0,0.0,,,31.0,7.0,1050000.0,285000,702491.0,,2037490.0,8602980.0,0.157,10435.0,331.8,2.0,Retailing-apparel,6.0,Retailing,6.309095485900123
Limited,Mr. Leslie H Wexner,Dayton,OH,56.0,Ohio State U,BS,59.0,21.0,,none,0.0,0.0,,,31.0,31.0,1150000.0,660100,147836.0,,1957940.0,9704730.0,19.225,7245.0,391.0,9.0,Retailing-apparel,6.0,Retailing,6.291799378954264
Gap,Mr. Donald G Fisher,San Francisco,CA,65.0,U of Cal Berkel,BS,50.0,21.0,,none,0.0,0.0,,,25.0,25.0,1397810.0,1.0825e+006,9259.0,,2489570.0,9866210.0,21.926,3296.0,258.4,37.0,Retailing-apparel,6.0,Retailing,6.396124341973734
US Shoe,Mr. Bannus B Hudson,Fort Scott,KS,48.0,U of Kansas,BS,68.0,22.0,,none,0.0,0.0,,,9.0,4.0,580000.0,,3492.0,,583492.0,2464730.0,0.107,2626.0,-15.8,2.0,Retailing-apparel,6.0,Retailing,5.766034906003201
TJX Cos,Mr. BernardCammarata,Brooklyn,NY,54.0,,,,,,none,0.0,0.0,,,18.0,5.0,738942.0,462282,989642.0,,2190870.0,7977850.0,0.312,3627.0,127.0,14.0,Retailing-apparel,6.0,Retailing,6.340616608524807
Best Buy,Mr. Richard M Schulze,St. Paul,MN,53.0,,,,,,none,0.0,0.0,,,28.0,28.0,492308.0,175000,26548.0,1.66666e+006,2360510.0,3949360.0,25.213,2427.0,31.1,62.0,Retailing-consumer electronics,6.0,Retailing,6.373005844604435
Circuit City Stores,Mr. Richard L Sharp,Washington,DC,47.0,,,,,,none,0.0,0.0,,,11.0,8.0,583012.0,870000,,1.2112e+007,13565100.0,18357100.0,1.024,3822.0,125.4,14.0,Retailing-consumer electronics,6.0,Retailing,7.1324229996669555
Intelligent Electron,Mr. Richard D Sanford,New York,NY,50.0,Hofstra U,BA,71.0,27.0,,none,0.0,0.0,,,12.0,12.0,748056.0,450000,98072.0,,1296130.0,4044910.0,11.394,2646.0,42.9,44.0,Retailing-consumer electronics,6.0,Retailing,6.112648562839521
Tandy,Mr. John V Roach,Stamford,TX,55.0,Texas Christian,BA,61.0,22.0,Texas Christian,MBA,1.0,1.0,65.0,26.0,27.0,13.0,647500.0,647500,86115.0,,1381120.0,5175120.0,0.155,4103.0,83.8,-1.0,Retailing-consumer electronics,6.0,Retailing,6.1402314143307795
Federated Department,Mr. Allen I Questrom,Boston,MA,54.0,Boston U,BA,64.0,24.0,,none,0.0,0.0,,,4.0,4.0,1200000.0,,993572.0,,2193570.0,8239230.0,0.004,7229.0,196.8,18.0,Retailing-department stores,6.0,Retailing,6.341151497928866
May Department Store,Mr. David C Farrell,Chicago,IL,60.0,Antioch U,BA,56.0,22.0,,none,0.0,0.0,,,38.0,15.0,1100000.0,408112,880652.0,2.31701e+006,4705780.0,13793300.0,0.315,11529.0,711.0,21.0,Retailing-department stores,6.0,Retailing,6.672631619605963
Sears Roebuck,Mr. Edward A Brennan,Chicago,IL,60.0,Marquette U,BS,55.0,21.0,,none,0.0,0.0,,,38.0,8.0,1025000.0,2.05e+006,26548.0,1.07146e+006,4173010.0,11161000.0,0.045,50838.0,2409.1,10.0,Retailing-department stores,6.0,Retailing,6.620449425435317
Mercantile Stores,Mr. David L Nichols,Toledo,OH,51.0,U of Toledo,BS,90.0,47.0,,none,0.0,0.0,,,30.0,2.0,480000.0,160000,28397.0,,668397.0,,0.014,2730.0,86.6,-1.0,Retailing-department stores,6.0,Retailing,5.825034491959879
JC Penney,Mr. William R Howell,Claremore,OK,58.0,U of Oklahoma,BBA,58.0,22.0,,none,0.0,0.0,,,36.0,11.0,691967.0,1.04888e+006,532992.0,71956,2345800.0,10613300.0,0.072,19578.0,944.0,19.0,Retailing-department stores,6.0,Retailing,6.3702909819487274
Dillard Department S,Mr. William T Dillard Sr,Mineral Spr,AR,79.0,U of Arkansas,BBA,35.0,20.0,Columbia,MS,0.0,1.0,37.0,22.0,55.0,55.0,835000.0,1.135e+006,114013.0,,2084010.0,11567400.0,1.04,5131.0,241.1,15.0,Retailing-department stores,6.0,Retailing,6.318899798569137
Carter Hawley Hale S,Mr. David L Dworkin,Cleveland,OH,50.0,Webster U,BA,74.0,30.0,,none,0.0,0.0,,,1.0,1.0,1000000.0,,1477660.0,,2477660.0,,1e-05,2093.0,-95.9,-34.0,Retailing-department stores,6.0,Retailing,6.3940417095239805
Rite Aid,Mr. AlexGrass,Scranton,PA,66.0,U of Florida,LLB,49.0,21.0,,none,0.0,0.0,,,41.0,32.0,1125000.0,,2000.0,635751,1762750.0,6077500.0,2.78,4289.0,126.5,5.0,Retailing-drugdiscount,6.0,Retailing,6.2461907233490805
Bradlees,Mr. Barry A Berman,Boston,MA,52.0,Northeastern U,BS,64.0,22.0,,none,0.0,0.0,,,27.0,2.0,500032.0,,115683.0,,615715.0,,0.328,1881.0,13.5,24.0,Retailing-drugdiscount,6.0,Retailing,5.7893797339680875
Eckerd,Mr. StewartTurley,Mt. Sterling,KY,59.0,,,,,,none,0.0,0.0,,,28.0,19.0,591351.0,135906,926993.0,,1654250.0,3515620.0,1.677,4191.0,41.4,71.0,Retailing-drugdiscount,6.0,Retailing,6.218601143315634
Kmart,Mr. Joseph E Antonini,Morgantown,WV,52.0,West Virginia U,BS,64.0,22.0,,none,0.0,0.0,,,30.0,7.0,850000.0,604901,290162.0,,1745060.0,6285850.0,0.044,34557.0,-912.0,3.0,Retailing-drugdiscount,6.0,Retailing,6.241810363800036
Revco DS,Mr. D DwayneHoven,Jackson,AL,52.0,Auburn U,BS,64.0,22.0,,none,0.0,0.0,,,7.0,1.0,394339.0,189398,,,583737.0,,0.052,2420.0,30.5,42.0,Retailing-drugdiscount,6.0,Retailing,5.766217221812059
Wal-Mart Stores,Mr. David D Glass,Mountainview,MO,58.0,SW Missouri St,BS,59.0,23.0,,none,0.0,0.0,,,18.0,6.0,850000.0,,184235.0,,1034240.0,11777400.0,0.118,67345.0,2333.3,27.0,Retailing-drugdiscount,6.0,Retailing,6.014621330422455
Venture Stores,Mr. JulianSeeherman,Wilkes Barre,PA,64.0,Syracuse U,BA,51.0,21.0,,none,0.0,0.0,,,17.0,10.0,485000.0,233965,1809820.0,,2528790.0,4430300.0,0.625,1863.0,43.9,42.0,Retailing-drugdiscount,6.0,Retailing,6.402912765434574
Fred Meyer,Mr. Robert G Miller,Louisville,MS,50.0,,,,,,none,0.0,0.0,,,3.0,3.0,505610.0,409251,693912.0,925000,2533770.0,,0.625,2979.0,70.9,19.0,Retailing-drugdiscount,6.0,Retailing,6.403767189764354
Hook-SupeRx,Mr. Philip E Beekman,Verona,NJ,63.0,Dartmouth,AB,53.0,22.0,,none,0.0,0.0,,,8.0,8.0,550000.0,,235693.0,,785693.0,5987830.0,5.153,2304.0,-3.3,-11.0,Retailing-drugdiscount,6.0,Retailing,5.895252883888288
Walgreen,Mr. Charles R Walgreen II,Chicago,IL,58.0,U of Michigan,BS,58.0,22.0,,none,0.0,0.0,,,42.0,23.0,710000.0,373410,609912.0,,1693320.0,6851380.0,0.507,8498.0,249.9,19.0,Retailing-drugdiscount,6.0,Retailing,6.228739037909205
Longs Drug Stores,Mr. Robert M Long,Oakland,CA,56.0,Claremont McKen,BA,60.0,22.0,,none,0.0,0.0,,,33.0,17.0,103000.0,282610,91763.0,,477373.0,2432240.0,10.01,2499.0,49.8,2.0,Retailing-drugdiscount,6.0,Retailing,5.678857851866772
Ames Department Stor,Mr. PeterThorner,Brooklyn,NY,50.0,CUNY Brooklyn,BS,65.0,21.0,,none,0.0,0.0,,,4.0,1.0,450000.0,225000,,,675000.0,,1e-05,2309.0,,141.0,Retailing-drugdiscount,6.0,Retailing,5.829303772831024
Dayton Hudson,Mr. Robert J Ulrich,Minneapolis,MN,50.0,U of Minnesota,BA,67.0,23.0,,none,0.0,0.0,,,27.0,1.0,842796.0,,302050.0,,1144850.0,,0.011,19233.0,375.0,12.0,Retailing-drugdiscount,6.0,Retailing,6.0587485884752565
Caldor,Mr. Don R Clarke,Rexburg,ID,48.0,Brigham Young U,BS,70.0,24.0,Washington Stat,MBA,1.0,1.0,71.0,25.0,8.0,8.0,531250.0,297675,2948.0,,831873.0,6057400.0,1.024,2414.0,41.4,14.0,Retailing-drugdiscount,6.0,Retailing,5.920057028683504
Woolworth,Mr. John W Adams,Canada,,69.0,,,,,,none,0.0,0.0,,,1.0,1.0,,,,,,,0.008,9626.0,-495.0,-6.0,Retailing-drugdiscount,6.0,Retailing,
Payless Cashways,Mr. DavidStanley,Kansas City,MO,58.0,Columbia,LLB,57.0,21.0,,none,0.0,0.0,,,14.0,12.0,600000.0,180000,10262.0,,790262.0,3107920.0,0.091,2650.0,30.2,15.0,Retailing-home improvement,6.0,Retailing,5.897771099252794
Hechinger,Mr. John W Hechinger Jr,Washington,DC,44.0,Boston C,BS,72.0,22.0,,none,0.0,0.0,,,22.0,4.0,422500.0,,778.0,,423278.0,1780070.0,1.173,2095.0,24.8,-3.0,Retailing-home improvement,6.0,Retailing,5.626625696475673
Lowe's Cos,Mr. Leonard G Herring,Snow Hill,NC,66.0,U of North Caro,BS,48.0,20.0,,none,0.0,0.0,,,38.0,16.0,535000.0,373750,193023.0,441875,1543650.0,4215090.0,1.251,4538.0,131.8,43.0,Retailing-home improvement,6.0,Retailing,6.188548837256455
Home Depot,Mr. BernardMarcus,Newark,NJ,65.0,Rutgers,BS,54.0,25.0,,none,0.0,0.0,,,16.0,16.0,600000.0,2.08e+006,164134.0,,2844130.0,10784800.0,3.326,9239.0,457.4,51.0,Retailing-home improvement,6.0,Retailing,6.453949443320853
Waban,Mr. Herbert J Zarkin,Haverhill,MA,55.0,,,,,,none,0.0,0.0,,,5.0,1.0,441135.0,237479,3491.0,97850,779955.0,,0.145,3589.0,-18.7,1.0,Retailing-home improvement,6.0,Retailing,5.89206954651682
Spiegel,Mr. John J Shea,Newark,NJ,56.0,La Salle,BS,59.0,21.0,U of Pittsburgh,MS,0.0,1.0,60.0,22.0,14.0,9.0,550000.0,605500,143218.0,433960,1732680.0,5928980.0,0.079,2596.0,48.7,34.0,Retailing-home shopping,6.0,Retailing,6.238718362444645
Service Merchandise,Mr. RaymondZimmerman,Memphis,TN,61.0,,,,,,none,0.0,0.0,,,34.0,21.0,750000.0,,29590.0,,779590.0,5401440.0,5.138,3815.0,82.3,13.0,Retailing-home shopping,6.0,Retailing,5.891866259675095
CUC International,Mr. Walter A Forbes,Rockford,IL,51.0,Northwestern U,BS,61.0,18.0,Harvard,MBA,1.0,1.0,68.0,25.0,18.0,18.0,583958.0,575000,144965.0,1.26406e+007,13944500.0,18809500.0,0.832,843.0,80.0,62.0,Retailing-home shopping,6.0,Retailing,7.144402946631185
Office Depot,Mr. David I Fuente,Chicago,IL,48.0,Purdue U,BS,67.0,21.0,Purdue U,MS,0.0,1.0,69.0,23.0,6.0,6.0,550000.0,864981,4497.0,263625,1683100.0,32182100.0,0.261,2580.0,63.4,45.0,Retailing-specialty retailers,6.0,Retailing,6.226109919991274
Kohl's,Mr. William S Kellogg,Milwaukee,WI,50.0,,,,,,none,0.0,0.0,,,28.0,15.0,686250.0,194737,22058.0,,903045.0,,13.117,1306.0,55.7,86.0,Retailing-specialty retailers,6.0,Retailing,5.955709392356411
AutoZone,Mr. Joseph R Hyde III,Memphis,TN,51.0,U of North Caro,BS,65.0,22.0,,none,0.0,0.0,,,29.0,22.0,551670.0,551670,7552.0,3.11171e+007,32228000.0,34960900.0,10.038,1287.0,91.8,52.0,Retailing-specialty retailers,6.0,Retailing,7.5082333549720115
Blockbuster Entertai,Mr. H WayneHuizenga,Evergreen Park,IL,56.0,,,,,,none,0.0,0.0,,,7.0,7.0,444231.0,112500,,1.5e+007,15556700.0,18053500.0,4.38,2227.0,243.6,30.0,Retailing-specialty retailers,6.0,Retailing,7.191917476729061
Toys `R' Us,Mr. MichaelGoldstein,Brooklyn,NY,53.0,CUNY Queens,BA,63.0,22.0,,none,0.0,0.0,,,11.0,1.0,175000.0,772753,25942.0,,973695.0,,0.012,7946.0,483.0,16.0,Retailing-specialty retailers,6.0,Retailing,5.988422939875889
Price/Costco,Mr. James D Sinegal,Pittsburgh,PA,58.0,San Diego State,BA,59.0,23.0,,none,0.0,0.0,,,9.0,6.0,300000.0,,20625.0,6.19891e+006,6519540.0,8217950.0,1.381,15681.0,145.9,2.0,Retailing-specialty retailers,6.0,Retailing,6.814216954242763
