EmployeeId,age,volturn,Gender,npjc,salary
1.0,60.0,0.0,1.0,0.0,58547.32
2.0,61.0,0.0,1.0,0.0,105218.0
3.0,43.0,0.0,1.0,0.0,39867.54
4.0,46.0,0.0,2.0,0.0,57488.04
5.0,39.0,0.0,2.0,0.0,118057.57
6.0,47.0,0.0,2.0,0.0,85016.25
7.0,54.0,0.0,1.0,0.0,60475.53
8.0,47.0,0.0,1.0,0.0,47389.95
9.0,45.0,0.0,1.0,,88162.0
10.0,44.0,0.0,1.0,0.0,69040.85
11.0,45.0,0.0,2.0,0.0,75366.6
12.0,40.0,0.0,1.0,0.0,63565.28
13.0,39.0,0.0,1.0,0.0,75176.68
14.0,43.0,0.0,1.0,0.0,86011.97
15.0,40.0,0.0,2.0,0.0,85762.15
16.0,51.0,0.0,1.0,0.0,48723.41
17.0,37.0,0.0,2.0,,39048.5
18.0,39.0,0.0,2.0,0.0,73696.65
19.0,48.0,0.0,1.0,0.0,47286.0
20.0,42.0,0.0,2.0,0.0,65384.88
21.0,45.0,0.0,1.0,0.0,76662.0
22.0,37.0,1.0,1.0,0.0,46170.42
23.0,51.0,0.0,2.0,0.0,74037.95
24.0,37.0,0.0,1.0,0.0,64475.64
25.0,39.0,0.0,1.0,0.0,47747.1
26.0,39.0,0.0,2.0,0.0,81363.58
27.0,40.0,1.0,2.0,0.0,42268.24
28.0,39.0,0.0,2.0,1.0,82162.0
29.0,45.0,0.0,1.0,0.0,66506.96
30.0,46.0,0.0,2.0,0.0,72630.84
31.0,38.0,0.0,2.0,0.0,103072.93
32.0,42.0,0.0,2.0,0.0,43644.6
33.0,44.0,0.0,1.0,0.0,61362.0
34.0,43.0,0.0,2.0,0.0,86651.41
35.0,36.0,1.0,1.0,0.0,46264.23
36.0,42.0,1.0,1.0,0.0,52762.8
37.0,51.0,0.0,1.0,0.0,73262.63
38.0,37.0,0.0,1.0,0.0,58339.27
39.0,47.0,0.0,1.0,0.0,56362.0
40.0,65.0,0.0,2.0,0.0,98276.1
41.0,47.0,0.0,1.0,0.0,38279.4
42.0,38.0,1.0,1.0,0.0,69312.0
43.0,45.0,0.0,1.0,0.0,48540.92
44.0,40.0,0.0,1.0,0.0,56362.0
45.0,44.0,0.0,2.0,0.0,78396.34
46.0,45.0,1.0,2.0,0.0,47844.86
47.0,40.0,1.0,1.0,0.0,76662.0
48.0,34.0,0.0,1.0,0.0,56362.0
49.0,40.0,1.0,1.0,,66462.0
50.0,36.0,1.0,2.0,0.0,49157.5
51.0,36.0,1.0,2.0,0.0,56310.28
52.0,41.0,0.0,2.0,0.0,61772.0
53.0,35.0,0.0,2.0,0.0,67207.42
54.0,37.0,1.0,1.0,0.0,56030.79
55.0,37.0,0.0,1.0,,47045.03
56.0,34.0,0.0,2.0,0.0,98486.81
57.0,35.0,0.0,1.0,,37067.4
58.0,50.0,0.0,1.0,0.0,68764.56
59.0,41.0,0.0,2.0,0.0,39240.5
60.0,45.0,1.0,2.0,0.0,40101.83
61.0,43.0,0.0,2.0,0.0,111474.1
62.0,46.0,0.0,1.0,0.0,79044.47
63.0,33.0,0.0,1.0,0.0,45789.01
64.0,31.0,0.0,2.0,0.0,37005.68
65.0,44.0,0.0,2.0,0.0,42876.39
66.0,34.0,0.0,2.0,0.0,63792.0
67.0,38.0,1.0,2.0,0.0,65787.03
68.0,42.0,1.0,1.0,0.0,85164.61
69.0,34.0,0.0,1.0,0.0,70380.43
70.0,42.0,0.0,1.0,1.0,61871.7
71.0,43.0,0.0,1.0,0.0,76274.4
72.0,39.0,0.0,2.0,0.0,72913.73
73.0,45.0,0.0,1.0,0.0,50190.37
74.0,51.0,0.0,2.0,0.0,78838.28
75.0,33.0,0.0,1.0,0.0,62382.64
76.0,34.0,0.0,2.0,0.0,65429.43
77.0,34.0,1.0,2.0,0.0,44620.08
78.0,34.0,0.0,1.0,0.0,35032.05
79.0,36.0,1.0,2.0,0.0,37122.21
80.0,48.0,0.0,1.0,0.0,64216.33
81.0,32.0,1.0,2.0,0.0,37182.91
82.0,38.0,0.0,2.0,,44948.0
83.0,38.0,0.0,2.0,0.0,50895.84
84.0,38.0,1.0,2.0,0.0,57407.01
85.0,34.0,1.0,2.0,0.0,57700.44
86.0,36.0,0.0,2.0,0.0,52702.2
87.0,39.0,0.0,2.0,0.0,56362.0
88.0,36.0,0.0,2.0,0.0,47374.93
89.0,34.0,0.0,1.0,0.0,56362.0
90.0,31.0,0.0,2.0,0.0,43153.81
91.0,32.0,1.0,2.0,0.0,49604.29
92.0,53.0,0.0,2.0,0.0,56362.0
93.0,43.0,0.0,2.0,0.0,48871.45
94.0,35.0,0.0,1.0,0.0,53427.42
95.0,35.0,0.0,1.0,0.0,58166.38
96.0,37.0,0.0,2.0,0.0,48642.0
97.0,31.0,0.0,1.0,0.0,59481.62
98.0,31.0,0.0,1.0,0.0,34025.13
99.0,32.0,0.0,1.0,0.0,44613.42
100.0,31.0,0.0,2.0,0.0,56322.0
101.0,35.0,0.0,1.0,0.0,37093.75
102.0,32.0,0.0,1.0,0.0,43262.0
103.0,42.0,0.0,2.0,0.0,53586.99
104.0,28.0,1.0,2.0,0.0,32668.5
105.0,35.0,0.0,2.0,0.0,56362.0
106.0,34.0,1.0,1.0,0.0,57207.03
107.0,43.0,0.0,1.0,0.0,42574.14
108.0,40.0,1.0,1.0,,63341.24
109.0,35.0,0.0,2.0,0.0,92742.84
110.0,41.0,0.0,2.0,0.0,46869.66
111.0,36.0,0.0,2.0,,48652.34
112.0,30.0,0.0,1.0,0.0,58048.0
113.0,31.0,0.0,2.0,0.0,51662.0
114.0,39.0,0.0,1.0,0.0,45042.0
115.0,47.0,1.0,2.0,0.0,47794.56
116.0,31.0,0.0,1.0,0.0,42186.0
117.0,33.0,0.0,2.0,1.0,63662.0
118.0,46.0,0.0,2.0,0.0,63408.2
119.0,32.0,0.0,2.0,0.0,64870.8
120.0,46.0,0.0,1.0,0.0,98959.6
121.0,31.0,0.0,2.0,0.0,92562.0
122.0,30.0,1.0,1.0,0.0,61593.27
123.0,40.0,0.0,2.0,0.0,94232.72
124.0,32.0,0.0,2.0,0.0,43818.0
125.0,45.0,0.0,1.0,0.0,87711.66
126.0,44.0,0.0,2.0,0.0,47286.0
127.0,34.0,0.0,2.0,0.0,47042.88
128.0,34.0,0.0,2.0,0.0,50370.36
129.0,39.0,0.0,2.0,0.0,84059.86
130.0,36.0,0.0,1.0,0.0,46066.5
131.0,60.0,0.0,2.0,0.0,115447.5
132.0,63.0,0.0,1.0,0.0,44162.0
133.0,49.0,0.0,1.0,0.0,83386.0
134.0,58.0,0.0,1.0,1.0,66407.03
135.0,53.0,0.0,1.0,0.0,48884.38
136.0,56.0,0.0,1.0,0.0,50851.28
137.0,49.0,0.0,1.0,0.0,85080.1
138.0,64.0,1.0,2.0,0.0,63020.36
139.0,45.0,0.0,1.0,0.0,64261.04
140.0,55.0,0.0,1.0,0.0,48042.0
141.0,64.0,0.0,2.0,0.0,72254.8
142.0,59.0,0.0,2.0,0.0,85931.94
143.0,52.0,0.0,2.0,0.0,83356.97
144.0,52.0,0.0,1.0,0.0,49632.74
145.0,52.0,0.0,2.0,0.0,72254.8
146.0,52.0,0.0,2.0,0.0,72254.8
147.0,51.0,0.0,1.0,0.0,63930.64
148.0,50.0,0.0,2.0,0.0,72254.8
149.0,53.0,0.0,2.0,0.0,72254.8
150.0,48.0,0.0,2.0,0.0,72254.8
151.0,67.0,1.0,2.0,0.0,65203.6
152.0,61.0,0.0,2.0,0.0,65203.6
153.0,45.0,0.0,2.0,0.0,72254.8
154.0,47.0,0.0,1.0,0.0,65081.97
155.0,45.0,0.0,2.0,0.0,72254.8
156.0,46.0,0.0,2.0,0.0,72254.8
157.0,48.0,0.0,1.0,0.0,70401.03
158.0,48.0,0.0,2.0,0.0,72254.8
159.0,55.0,0.0,2.0,0.0,70436.39
160.0,55.0,0.0,2.0,0.0,64991.72
161.0,63.0,0.0,2.0,0.0,78928.11
162.0,46.0,0.0,1.0,0.0,41412.0
163.0,58.0,0.0,2.0,0.0,54326.28
164.0,57.0,0.0,1.0,0.0,65946.65
165.0,57.0,0.0,2.0,0.0,66757.8
166.0,59.0,0.0,2.0,0.0,103716.38
167.0,52.0,0.0,1.0,0.0,61201.83
168.0,46.0,0.0,2.0,0.0,47419.6
169.0,50.0,0.0,1.0,0.0,80504.61
170.0,61.0,0.0,1.0,0.0,86021.0
171.0,61.0,0.0,1.0,0.0,55562.0
172.0,58.0,1.0,2.0,0.0,71428.05
173.0,51.0,0.0,2.0,0.0,71799.71
174.0,43.0,0.0,1.0,0.0,71870.99
175.0,44.0,0.0,2.0,0.0,111662.0
176.0,48.0,0.0,1.0,0.0,88242.26
177.0,53.0,0.0,2.0,0.0,75857.85
178.0,50.0,0.0,2.0,0.0,102552.95
179.0,46.0,0.0,2.0,0.0,36162.0
180.0,49.0,0.0,2.0,0.0,79227.93
181.0,58.0,0.0,2.0,0.0,68198.56
182.0,44.0,0.0,1.0,0.0,44309.16
183.0,58.0,1.0,1.0,0.0,48458.15
184.0,63.0,0.0,2.0,0.0,24162.0
185.0,66.0,1.0,2.0,0.0,66799.06
186.0,61.0,0.0,2.0,0.0,64809.77
187.0,49.0,0.0,2.0,0.0,64411.16
188.0,52.0,0.0,2.0,0.0,76741.06
189.0,60.0,0.0,1.0,0.0,70706.55
190.0,50.0,0.0,2.0,0.0,65176.78
191.0,50.0,0.0,2.0,0.0,62139.28
192.0,60.0,0.0,1.0,0.0,55218.2
193.0,56.0,0.0,2.0,0.0,66840.37
194.0,57.0,0.0,2.0,0.0,81037.58
195.0,56.0,0.0,2.0,0.0,62297.19
196.0,55.0,0.0,2.0,0.0,77110.52
197.0,55.0,0.0,2.0,0.0,66840.37
198.0,56.0,0.0,2.0,0.0,73431.84
199.0,52.0,0.0,1.0,0.0,81050.99
200.0,50.0,0.0,1.0,0.0,46841.61
201.0,43.0,0.0,2.0,0.0,58304.76
202.0,58.0,0.0,1.0,0.0,84833.69
203.0,57.0,0.0,2.0,0.0,73459.5
204.0,56.0,0.0,1.0,0.0,70207.77
205.0,54.0,0.0,1.0,0.0,63118.47
206.0,60.0,0.0,2.0,0.0,58596.9
207.0,59.0,0.0,2.0,0.0,91012.52
208.0,54.0,0.0,2.0,0.0,75504.97
209.0,52.0,0.0,2.0,0.0,81762.0
210.0,42.0,0.0,1.0,0.0,48410.19
211.0,42.0,0.0,1.0,0.0,107323.2
212.0,42.0,0.0,2.0,1.0,99467.75
213.0,44.0,0.0,2.0,0.0,90540.84
214.0,41.0,0.0,2.0,0.0,70116.83
215.0,43.0,0.0,2.0,0.0,69732.08
216.0,39.0,0.0,1.0,0.0,81897.66
217.0,45.0,0.0,2.0,0.0,101067.08
218.0,43.0,0.0,2.0,0.0,86962.57
219.0,52.0,0.0,2.0,0.0,42162.0
220.0,54.0,0.0,2.0,,95162.0
221.0,55.0,0.0,2.0,0.0,68439.89
222.0,60.0,0.0,2.0,0.0,92031.36
223.0,61.0,0.0,1.0,0.0,63711.59
224.0,56.0,0.0,2.0,0.0,71101.67
225.0,50.0,0.0,2.0,0.0,70095.83
226.0,54.0,0.0,2.0,0.0,85473.61
227.0,56.0,0.0,2.0,0.0,36162.0
228.0,53.0,0.0,2.0,0.0,103054.26
229.0,55.0,0.0,2.0,0.0,82753.74
230.0,48.0,0.0,2.0,0.0,99203.14
231.0,59.0,0.0,2.0,0.0,64895.69
232.0,55.0,0.0,2.0,0.0,67807.74
233.0,60.0,1.0,2.0,0.0,36162.0
234.0,55.0,0.0,2.0,0.0,42162.0
235.0,64.0,0.0,2.0,0.0,77859.6
236.0,53.0,0.0,1.0,0.0,66179.94
237.0,47.0,0.0,2.0,0.0,108162.0
238.0,57.0,0.0,1.0,0.0,67337.74
239.0,47.0,0.0,2.0,0.0,82950.39
240.0,57.0,0.0,2.0,,66508.47
241.0,48.0,0.0,2.0,0.0,82119.02
242.0,46.0,0.0,1.0,0.0,48070.87
243.0,50.0,0.0,1.0,0.0,43800.4
244.0,52.0,0.0,2.0,0.0,82162.0
245.0,46.0,0.0,1.0,1.0,93563.91
246.0,66.0,1.0,2.0,0.0,61642.57
247.0,46.0,0.0,1.0,0.0,60378.29
248.0,58.0,0.0,2.0,0.0,128407.75
249.0,64.0,0.0,1.0,0.0,48977.57
250.0,53.0,0.0,2.0,0.0,21728.27
251.0,46.0,0.0,1.0,0.0,50510.65
252.0,55.0,0.0,2.0,0.0,68719.32
253.0,48.0,0.0,2.0,0.0,20870.03
254.0,46.0,0.0,1.0,0.0,55562.0
255.0,46.0,0.0,1.0,0.0,51296.2
256.0,50.0,0.0,2.0,0.0,75010.1
257.0,65.0,0.0,1.0,0.0,47339.97
258.0,45.0,0.0,2.0,0.0,52692.23
259.0,45.0,0.0,2.0,0.0,69063.0
260.0,51.0,0.0,2.0,0.0,23162.0
261.0,67.0,1.0,2.0,0.0,36162.0
262.0,50.0,0.0,1.0,0.0,65351.32
263.0,59.0,0.0,2.0,0.0,74082.8
264.0,42.0,0.0,1.0,0.0,113162.0
265.0,60.0,0.0,2.0,0.0,85733.65
266.0,53.0,0.0,2.0,0.0,87309.44
267.0,46.0,0.0,2.0,1.0,80210.58
268.0,47.0,0.0,1.0,0.0,46999.6
269.0,48.0,0.0,1.0,0.0,48288.53
270.0,52.0,0.0,1.0,0.0,61269.12
271.0,53.0,0.0,1.0,1.0,83284.58
272.0,56.0,0.0,2.0,0.0,102120.42
273.0,60.0,0.0,1.0,0.0,40996.06
274.0,58.0,0.0,2.0,0.0,123158.92
275.0,51.0,0.0,1.0,0.0,67844.0
276.0,56.0,0.0,1.0,0.0,44520.05
277.0,47.0,0.0,1.0,0.0,98162.0
278.0,54.0,0.0,1.0,,89792.72
279.0,44.0,0.0,1.0,0.0,78294.6
280.0,52.0,0.0,1.0,0.0,57705.85
281.0,50.0,0.0,2.0,0.0,88604.67
282.0,54.0,0.0,1.0,0.0,45293.71
283.0,45.0,0.0,1.0,0.0,116312.0
284.0,47.0,0.0,2.0,0.0,51642.71
285.0,47.0,0.0,2.0,1.0,59674.52
286.0,67.0,0.0,1.0,0.0,65393.53
287.0,43.0,0.0,1.0,0.0,85162.0
288.0,46.0,0.0,1.0,0.0,67112.05
289.0,51.0,0.0,2.0,0.0,46335.86
290.0,52.0,0.0,1.0,0.0,68809.57
291.0,53.0,0.0,1.0,0.0,55603.84
292.0,50.0,0.0,1.0,0.0,100162.0
293.0,48.0,0.0,1.0,0.0,45743.91
294.0,51.0,0.0,1.0,0.0,74458.9
295.0,49.0,0.0,1.0,0.0,74637.66
296.0,60.0,0.0,1.0,0.0,65885.71
297.0,43.0,1.0,1.0,0.0,62392.2
298.0,52.0,0.0,1.0,0.0,69588.37
299.0,60.0,0.0,1.0,1.0,92720.35
300.0,43.0,0.0,1.0,0.0,82295.51
301.0,45.0,0.0,1.0,0.0,41223.69
302.0,44.0,0.0,1.0,0.0,44540.53
303.0,52.0,0.0,1.0,0.0,67125.0
304.0,52.0,0.0,1.0,0.0,71221.68
305.0,56.0,0.0,2.0,0.0,105157.72
306.0,47.0,0.0,2.0,0.0,126057.42
307.0,43.0,0.0,1.0,0.0,134916.37
308.0,49.0,0.0,2.0,0.0,60582.96
309.0,45.0,1.0,1.0,0.0,113504.26
310.0,40.0,0.0,1.0,0.0,55323.6
311.0,46.0,0.0,1.0,0.0,76822.2
312.0,61.0,0.0,1.0,0.0,74246.06
313.0,43.0,0.0,2.0,0.0,98982.11
314.0,50.0,0.0,1.0,0.0,123402.0
315.0,45.0,0.0,1.0,0.0,98940.57
316.0,49.0,0.0,2.0,0.0,92793.18
317.0,49.0,0.0,2.0,0.0,46573.19
318.0,42.0,0.0,1.0,0.0,84395.72
319.0,43.0,0.0,1.0,0.0,111513.24
320.0,49.0,0.0,2.0,0.0,80564.06
321.0,41.0,0.0,2.0,0.0,106144.52
322.0,48.0,0.0,2.0,0.0,94716.0
323.0,59.0,0.0,2.0,0.0,77485.62
324.0,38.0,0.0,1.0,0.0,53336.26
325.0,42.0,0.0,1.0,0.0,52814.88
326.0,52.0,0.0,2.0,0.0,52852.0
327.0,66.0,0.0,2.0,0.0,48397.73
328.0,41.0,0.0,1.0,0.0,53526.23
329.0,43.0,0.0,1.0,0.0,88936.0
330.0,45.0,0.0,2.0,0.0,85346.66
331.0,56.0,0.0,2.0,0.0,57429.04
332.0,44.0,0.0,1.0,0.0,81820.03
333.0,68.0,1.0,1.0,0.0,60170.07
334.0,47.0,0.0,2.0,0.0,55954.5
335.0,44.0,0.0,2.0,0.0,73121.34
336.0,47.0,0.0,2.0,0.0,82162.0
337.0,48.0,0.0,1.0,0.0,46662.0
338.0,52.0,0.0,2.0,0.0,56106.64
339.0,43.0,0.0,1.0,0.0,51646.36
340.0,40.0,0.0,2.0,0.0,57662.37
341.0,44.0,0.0,2.0,,91057.77
342.0,50.0,0.0,1.0,0.0,59873.02
343.0,44.0,0.0,1.0,0.0,70795.46
344.0,44.0,0.0,1.0,,87372.13
345.0,46.0,0.0,2.0,,64432.68
346.0,47.0,0.0,2.0,0.0,80162.0
347.0,43.0,0.0,2.0,0.0,89919.25
348.0,44.0,0.0,2.0,0.0,82196.12
349.0,42.0,0.0,1.0,0.0,39843.88
350.0,44.0,0.0,1.0,0.0,72277.75
351.0,41.0,0.0,1.0,0.0,56772.29
352.0,43.0,0.0,2.0,0.0,111462.0
353.0,42.0,0.0,1.0,0.0,105257.58
354.0,41.0,0.0,1.0,0.0,62773.27
355.0,44.0,0.0,1.0,0.0,69012.0
356.0,58.0,0.0,1.0,0.0,47694.21
357.0,46.0,0.0,1.0,0.0,42300.86
358.0,41.0,0.0,1.0,0.0,70218.73
359.0,44.0,0.0,2.0,0.0,43002.0
360.0,44.0,0.0,2.0,0.0,36162.0
361.0,42.0,0.0,1.0,0.0,75086.83
362.0,51.0,0.0,1.0,0.0,55162.0
363.0,49.0,0.0,1.0,0.0,93058.76
364.0,42.0,0.0,2.0,0.0,99000.0
365.0,43.0,0.0,1.0,0.0,43387.56
366.0,55.0,0.0,2.0,0.0,47397.12
367.0,45.0,0.0,1.0,0.0,78702.0
368.0,49.0,0.0,1.0,0.0,46183.02
369.0,43.0,0.0,2.0,0.0,108624.55
370.0,38.0,0.0,1.0,0.0,85929.5
371.0,41.0,0.0,1.0,0.0,82749.65
372.0,41.0,0.0,1.0,0.0,66465.65
373.0,58.0,0.0,2.0,0.0,56343.6
374.0,61.0,0.0,2.0,0.0,73945.14
375.0,59.0,0.0,2.0,,43934.93
376.0,55.0,0.0,2.0,0.0,99093.12
377.0,56.0,0.0,2.0,0.0,75136.58
378.0,58.0,0.0,2.0,0.0,58187.02
379.0,64.0,0.0,2.0,0.0,68704.9
380.0,45.0,0.0,1.0,0.0,65879.28
381.0,56.0,0.0,2.0,0.0,74047.26
382.0,59.0,0.0,2.0,0.0,91970.11
383.0,42.0,0.0,1.0,0.0,58031.9
384.0,43.0,0.0,2.0,0.0,57662.37
385.0,42.0,0.0,2.0,0.0,72064.99
386.0,43.0,0.0,2.0,0.0,91655.21
387.0,51.0,0.0,1.0,0.0,74336.4
388.0,46.0,0.0,1.0,0.0,53208.96
389.0,43.0,0.0,1.0,,45202.13
390.0,64.0,0.0,1.0,,43968.65
391.0,59.0,0.0,1.0,0.0,73162.8
392.0,56.0,0.0,2.0,1.0,51181.08
393.0,46.0,0.0,1.0,0.0,46880.3
394.0,42.0,0.0,1.0,0.0,89124.76
395.0,43.0,0.0,1.0,0.0,43997.51
396.0,45.0,0.0,2.0,0.0,70374.02
397.0,50.0,0.0,1.0,0.0,90289.11
398.0,59.0,0.0,2.0,0.0,65816.85
399.0,57.0,0.0,2.0,0.0,90608.06
400.0,53.0,0.0,2.0,0.0,63387.26
401.0,55.0,0.0,2.0,0.0,106445.54
402.0,57.0,0.0,2.0,0.0,59032.76
403.0,42.0,0.0,2.0,0.0,88602.52
404.0,51.0,0.0,1.0,0.0,56362.0
405.0,44.0,0.0,1.0,0.0,45113.99
406.0,45.0,0.0,2.0,0.0,30162.0
407.0,38.0,0.0,1.0,0.0,61159.37
408.0,46.0,0.0,1.0,0.0,49352.3
409.0,43.0,0.0,2.0,0.0,45611.96
410.0,38.0,0.0,1.0,,86128.81
411.0,46.0,0.0,2.0,0.0,114514.2
412.0,41.0,0.0,2.0,,69518.07
413.0,55.0,0.0,2.0,0.0,91051.34
414.0,44.0,1.0,2.0,,65845.7
415.0,48.0,0.0,1.0,0.0,74499.58
416.0,39.0,0.0,1.0,0.0,51430.38
417.0,41.0,0.0,1.0,0.0,76025.32
418.0,49.0,0.0,1.0,0.0,45833.75
419.0,54.0,0.0,1.0,0.0,49741.53
420.0,55.0,0.0,1.0,0.0,48095.6
421.0,37.0,0.0,1.0,0.0,50354.97
422.0,46.0,0.0,1.0,0.0,64736.15
423.0,43.0,0.0,1.0,0.0,75817.35
424.0,44.0,0.0,1.0,0.0,69153.19
425.0,44.0,0.0,2.0,1.0,91962.0
426.0,49.0,0.0,2.0,0.0,38482.47
427.0,40.0,0.0,1.0,,64894.27
428.0,45.0,0.0,2.0,0.0,71212.0
429.0,40.0,1.0,1.0,0.0,136971.75
430.0,44.0,1.0,1.0,0.0,97062.0
431.0,61.0,0.0,1.0,0.0,56362.0
432.0,50.0,0.0,2.0,0.0,51464.11
433.0,47.0,0.0,1.0,0.0,66120.69
434.0,49.0,0.0,2.0,0.0,87282.5
435.0,48.0,0.0,2.0,0.0,54335.96
436.0,44.0,0.0,2.0,0.0,50332.73
437.0,39.0,0.0,1.0,1.0,70162.0
438.0,46.0,0.0,2.0,0.0,66586.3
439.0,51.0,0.0,1.0,0.0,51343.34
440.0,48.0,0.0,1.0,0.0,61828.47
441.0,59.0,0.0,1.0,0.0,45042.02
442.0,43.0,0.0,1.0,0.0,82589.22
443.0,49.0,0.0,2.0,0.0,55242.0
444.0,46.0,0.0,1.0,0.0,54248.79
445.0,44.0,0.0,2.0,0.0,50245.25
446.0,43.0,0.0,1.0,0.0,95819.13
447.0,50.0,0.0,1.0,0.0,76527.36
448.0,49.0,0.0,2.0,0.0,54114.94
449.0,39.0,0.0,1.0,0.0,81645.48
450.0,44.0,0.0,2.0,0.0,42638.39
451.0,45.0,0.0,1.0,0.0,51538.28
452.0,57.0,0.0,2.0,0.0,46227.68
453.0,50.0,0.0,1.0,0.0,62498.18
454.0,51.0,0.0,2.0,0.0,78162.0
455.0,57.0,0.0,1.0,0.0,64316.65
456.0,45.0,0.0,2.0,0.0,66500.6
457.0,43.0,0.0,1.0,0.0,47380.37
458.0,57.0,0.0,1.0,0.0,48983.24
459.0,41.0,0.0,1.0,0.0,55562.0
460.0,39.0,0.0,1.0,0.0,51929.01
461.0,43.0,0.0,2.0,0.0,94512.0
462.0,40.0,0.0,1.0,0.0,77787.0
463.0,54.0,0.0,2.0,0.0,54437.34
464.0,36.0,0.0,1.0,0.0,59672.88
465.0,40.0,0.0,2.0,0.0,63315.3
466.0,45.0,0.0,1.0,0.0,56897.88
467.0,39.0,0.0,1.0,0.0,64066.58
468.0,44.0,0.0,2.0,,68162.0
469.0,45.0,0.0,1.0,0.0,51301.62
470.0,46.0,0.0,1.0,0.0,58937.82
471.0,48.0,0.0,1.0,0.0,78970.5
472.0,63.0,0.0,1.0,0.0,50722.11
473.0,48.0,0.0,2.0,0.0,74377.86
474.0,42.0,0.0,1.0,0.0,78362.0
475.0,45.0,0.0,2.0,0.0,112838.61
476.0,48.0,0.0,2.0,0.0,73156.0
477.0,38.0,0.0,2.0,0.0,66814.19
478.0,49.0,0.0,1.0,1.0,41155.26
479.0,50.0,0.0,1.0,0.0,48490.29
480.0,50.0,0.0,2.0,0.0,51705.88
481.0,50.0,0.0,2.0,0.0,92662.0
482.0,42.0,0.0,1.0,0.0,72846.95
483.0,46.0,0.0,1.0,0.0,46391.21
484.0,41.0,0.0,2.0,0.0,99237.15
485.0,55.0,0.0,1.0,0.0,90316.57
486.0,49.0,0.0,2.0,0.0,77160.15
487.0,56.0,0.0,2.0,0.0,31297.5
488.0,41.0,0.0,2.0,0.0,62586.0
489.0,41.0,0.0,1.0,0.0,85054.8
490.0,43.0,0.0,2.0,0.0,78081.76
491.0,43.0,0.0,1.0,0.0,94635.47
492.0,41.0,0.0,2.0,0.0,45752.81
493.0,43.0,1.0,2.0,0.0,75912.0
494.0,37.0,1.0,1.0,0.0,72276.0
495.0,43.0,0.0,2.0,0.0,61832.75
496.0,50.0,1.0,1.0,0.0,41146.99
497.0,49.0,0.0,1.0,0.0,46691.56
498.0,41.0,0.0,1.0,0.0,72193.51
499.0,42.0,0.0,1.0,0.0,51547.63
500.0,51.0,0.0,2.0,0.0,52184.74
501.0,50.0,0.0,1.0,0.0,66462.0
502.0,45.0,0.0,2.0,0.0,51702.75
503.0,44.0,0.0,2.0,0.0,53433.81
504.0,44.0,0.0,2.0,0.0,78545.66
505.0,54.0,0.0,2.0,0.0,46621.61
506.0,35.0,0.0,2.0,0.0,49646.69
507.0,39.0,0.0,2.0,0.0,68162.0
508.0,42.0,0.0,1.0,0.0,94716.0
509.0,41.0,0.0,1.0,0.0,78768.02
510.0,63.0,0.0,1.0,0.0,46460.79
511.0,51.0,0.0,2.0,1.0,82428.06
512.0,41.0,0.0,1.0,0.0,63834.48
513.0,39.0,0.0,1.0,,65803.93
514.0,49.0,0.0,1.0,0.0,58433.36
515.0,47.0,0.0,1.0,0.0,47115.06
516.0,44.0,0.0,2.0,,85162.0
517.0,51.0,0.0,1.0,0.0,45675.86
518.0,37.0,0.0,1.0,0.0,82561.68
519.0,40.0,0.0,1.0,0.0,62921.81
520.0,44.0,0.0,1.0,1.0,46241.32
521.0,57.0,0.0,1.0,0.0,56362.0
522.0,52.0,1.0,2.0,0.0,81636.38
523.0,44.0,0.0,2.0,0.0,70917.41
524.0,44.0,0.0,2.0,0.0,95656.77
525.0,41.0,0.0,2.0,0.0,73262.0
526.0,37.0,0.0,1.0,,60517.03
527.0,44.0,0.0,1.0,0.0,63661.51
528.0,44.0,0.0,1.0,0.0,56343.6
529.0,46.0,0.0,2.0,0.0,47622.94
530.0,44.0,1.0,1.0,0.0,57486.0
531.0,44.0,0.0,2.0,0.0,86311.2
532.0,39.0,0.0,1.0,0.0,106591.44
533.0,52.0,1.0,2.0,0.0,74489.92
534.0,43.0,0.0,2.0,0.0,62893.47
535.0,62.0,0.0,1.0,0.0,54968.9
536.0,44.0,0.0,1.0,1.0,75912.0
537.0,41.0,0.0,1.0,0.0,62401.85
538.0,43.0,0.0,1.0,0.0,75913.26
539.0,56.0,0.0,1.0,0.0,76335.25
540.0,42.0,0.0,1.0,0.0,54162.0
541.0,42.0,0.0,1.0,0.0,90011.25
542.0,40.0,0.0,1.0,0.0,46540.39
543.0,42.0,1.0,2.0,0.0,83394.0
544.0,43.0,0.0,2.0,0.0,104202.0
545.0,42.0,0.0,2.0,0.0,60162.0
546.0,47.0,0.0,2.0,0.0,53677.45
547.0,36.0,0.0,2.0,0.0,84162.0
548.0,43.0,0.0,2.0,0.0,86707.28
549.0,38.0,0.0,1.0,0.0,38832.29
550.0,50.0,0.0,1.0,0.0,61742.62
551.0,37.0,0.0,2.0,0.0,83190.0
552.0,38.0,0.0,1.0,0.0,53689.8
553.0,45.0,0.0,1.0,0.0,57362.17
554.0,49.0,0.0,1.0,0.0,50162.0
555.0,45.0,0.0,1.0,1.0,21177.73
556.0,50.0,0.0,2.0,0.0,72840.06
557.0,50.0,0.0,1.0,1.0,70687.0
558.0,45.0,0.0,1.0,1.0,54485.11
559.0,55.0,0.0,2.0,0.0,60545.31
560.0,37.0,0.0,2.0,,89479.41
561.0,41.0,1.0,1.0,0.0,93798.0
562.0,46.0,0.0,1.0,0.0,53285.2
563.0,52.0,0.0,1.0,0.0,53843.5
564.0,67.0,0.0,2.0,0.0,80926.88
565.0,54.0,0.0,2.0,0.0,98271.72
566.0,64.0,0.0,2.0,0.0,91733.06
567.0,45.0,0.0,1.0,0.0,99009.69
568.0,56.0,0.0,1.0,0.0,52182.74
569.0,55.0,0.0,1.0,,91239.18
570.0,51.0,0.0,1.0,0.0,54700.53
571.0,45.0,0.0,1.0,0.0,133319.05
572.0,46.0,0.0,2.0,0.0,97442.94
573.0,61.0,0.0,2.0,1.0,21644.66
574.0,45.0,1.0,2.0,0.0,23452.0
575.0,43.0,1.0,2.0,0.0,79202.0
576.0,47.0,0.0,1.0,0.0,57211.0
577.0,41.0,1.0,2.0,0.0,86274.0
578.0,42.0,0.0,2.0,0.0,55587.2
579.0,41.0,0.0,2.0,0.0,54538.15
580.0,53.0,0.0,1.0,0.0,53792.99
581.0,39.0,0.0,1.0,0.0,56362.0
582.0,40.0,0.0,1.0,0.0,43653.49
583.0,40.0,0.0,2.0,0.0,53683.31
584.0,39.0,0.0,1.0,,70936.0
585.0,53.0,0.0,1.0,0.0,52718.43
586.0,51.0,0.0,2.0,0.0,97519.0
587.0,42.0,0.0,1.0,0.0,75162.0
588.0,43.0,0.0,2.0,0.0,47452.87
589.0,43.0,0.0,1.0,1.0,78162.0
590.0,50.0,0.0,2.0,0.0,107739.36
591.0,44.0,0.0,1.0,0.0,41067.31
592.0,44.0,0.0,1.0,0.0,47195.46
593.0,53.0,0.0,1.0,0.0,50007.68
594.0,41.0,0.0,2.0,0.0,93165.25
595.0,46.0,0.0,1.0,0.0,113369.8
596.0,44.0,1.0,2.0,0.0,47008.86
597.0,38.0,0.0,2.0,0.0,64115.7
598.0,51.0,0.0,1.0,0.0,58594.57
599.0,35.0,0.0,2.0,0.0,60485.98
600.0,35.0,0.0,1.0,0.0,61500.84
601.0,37.0,0.0,2.0,0.0,59945.65
602.0,38.0,0.0,1.0,0.0,43858.8
603.0,45.0,0.0,2.0,,53692.0
604.0,43.0,0.0,2.0,0.0,71245.49
605.0,58.0,0.0,1.0,0.0,58714.0
606.0,35.0,0.0,1.0,0.0,69710.35
607.0,45.0,0.0,2.0,0.0,82580.0
608.0,39.0,1.0,1.0,0.0,77365.84
609.0,38.0,0.0,1.0,0.0,93563.91
610.0,52.0,0.0,1.0,0.0,71552.17
611.0,37.0,0.0,1.0,0.0,60162.0
612.0,39.0,0.0,2.0,,58074.0
613.0,38.0,0.0,2.0,0.0,60851.52
614.0,50.0,0.0,1.0,0.0,72157.68
615.0,46.0,0.0,2.0,0.0,64656.45
616.0,43.0,0.0,2.0,0.0,46233.22
617.0,40.0,0.0,1.0,0.0,56216.09
618.0,44.0,0.0,2.0,0.0,20172.04
619.0,42.0,0.0,2.0,0.0,51162.0
620.0,37.0,1.0,2.0,0.0,70733.25
621.0,40.0,0.0,1.0,0.0,48160.13
622.0,42.0,0.0,2.0,0.0,71920.35
623.0,62.0,0.0,1.0,0.0,51457.06
624.0,45.0,0.0,2.0,0.0,95775.64
625.0,43.0,0.0,1.0,0.0,70889.89
626.0,42.0,0.0,1.0,,60162.0
627.0,39.0,0.0,1.0,0.0,81762.0
628.0,38.0,0.0,2.0,0.0,81048.0
629.0,35.0,0.0,2.0,0.0,59228.83
630.0,40.0,0.0,2.0,0.0,55485.21
631.0,36.0,0.0,1.0,0.0,45819.86
632.0,39.0,0.0,2.0,0.0,71212.0
633.0,43.0,0.0,1.0,0.0,46546.48
634.0,53.0,0.0,1.0,0.0,46325.04
635.0,57.0,0.0,2.0,0.0,46903.5
636.0,38.0,0.0,1.0,0.0,50057.72
637.0,52.0,0.0,2.0,0.0,108162.0
638.0,56.0,0.0,1.0,0.0,52798.91
639.0,56.0,0.0,1.0,0.0,57704.22
640.0,47.0,0.0,1.0,0.0,121060.08
641.0,57.0,0.0,1.0,0.0,45859.6
642.0,40.0,0.0,2.0,0.0,46962.0
643.0,39.0,0.0,1.0,0.0,77446.76
644.0,38.0,0.0,1.0,0.0,56362.0
645.0,39.0,0.0,1.0,0.0,73662.0
646.0,43.0,0.0,1.0,0.0,43002.0
647.0,44.0,0.0,2.0,1.0,81523.36
648.0,42.0,0.0,1.0,0.0,77301.95
649.0,36.0,0.0,1.0,0.0,75912.0
650.0,57.0,0.0,2.0,0.0,42162.0
651.0,40.0,0.0,1.0,0.0,45634.6
652.0,40.0,0.0,2.0,0.0,36912.0
653.0,38.0,0.0,2.0,0.0,76662.29
654.0,38.0,0.0,1.0,0.0,48498.98
655.0,53.0,0.0,1.0,0.0,61998.26
656.0,42.0,0.0,2.0,0.0,97000.8
657.0,40.0,0.0,1.0,0.0,57370.84
658.0,38.0,0.0,2.0,0.0,75910.26
659.0,60.0,0.0,2.0,0.0,63749.0
660.0,50.0,0.0,2.0,0.0,70755.63
661.0,44.0,0.0,2.0,0.0,75028.06
662.0,42.0,0.0,2.0,0.0,52277.04
663.0,50.0,0.0,1.0,0.0,48162.0
664.0,60.0,0.0,1.0,0.0,71989.22
665.0,38.0,0.0,1.0,0.0,72991.04
666.0,61.0,0.0,1.0,0.0,100976.76
667.0,45.0,0.0,1.0,1.0,101288.88
668.0,43.0,0.0,2.0,0.0,25009.2
669.0,59.0,0.0,1.0,0.0,52702.2
670.0,39.0,0.0,2.0,0.0,61211.61
671.0,56.0,0.0,2.0,0.0,96162.0
672.0,45.0,1.0,2.0,0.0,43467.6
673.0,35.0,0.0,1.0,1.0,48660.37
674.0,38.0,0.0,2.0,0.0,69182.61
675.0,46.0,1.0,1.0,1.0,65162.0
676.0,54.0,0.0,2.0,0.0,93475.11
677.0,45.0,0.0,1.0,0.0,68190.05
678.0,43.0,0.0,1.0,,72462.85
679.0,46.0,0.0,1.0,0.0,86515.2
680.0,43.0,0.0,1.0,0.0,74802.82
681.0,44.0,0.0,1.0,0.0,80432.88
682.0,47.0,0.0,2.0,0.0,86862.0
683.0,56.0,0.0,1.0,0.0,40162.0
684.0,45.0,0.0,1.0,0.0,49862.43
685.0,61.0,0.0,2.0,,53232.96
686.0,50.0,0.0,2.0,0.0,53865.0
687.0,63.0,0.0,1.0,0.0,40448.38
688.0,44.0,0.0,2.0,0.0,80379.9
689.0,42.0,0.0,1.0,0.0,91162.0
690.0,39.0,1.0,1.0,0.0,38922.0
691.0,51.0,0.0,1.0,0.0,76009.2
692.0,40.0,0.0,2.0,0.0,61726.39
693.0,48.0,0.0,2.0,0.0,79926.0
694.0,50.0,0.0,1.0,0.0,62758.87
695.0,39.0,0.0,1.0,0.0,74810.7
696.0,43.0,0.0,1.0,0.0,75903.12
697.0,46.0,0.0,1.0,0.0,79545.27
698.0,44.0,1.0,1.0,0.0,48144.55
699.0,35.0,0.0,1.0,,75162.0
700.0,41.0,0.0,1.0,0.0,78909.37
701.0,40.0,0.0,1.0,0.0,58347.93
702.0,39.0,0.0,2.0,0.0,50868.35
703.0,36.0,0.0,2.0,0.0,44732.61
704.0,49.0,0.0,1.0,0.0,48020.4
705.0,39.0,1.0,2.0,0.0,55262.0
706.0,37.0,0.0,2.0,0.0,39206.58
707.0,36.0,0.0,1.0,0.0,44732.74
708.0,46.0,0.0,2.0,0.0,88466.04
709.0,40.0,0.0,1.0,0.0,51202.86
710.0,38.0,0.0,2.0,0.0,40716.91
711.0,41.0,0.0,2.0,0.0,80319.92
712.0,45.0,0.0,2.0,0.0,69312.9
713.0,36.0,0.0,1.0,,45178.89
714.0,37.0,0.0,1.0,,40562.0
715.0,56.0,0.0,2.0,,74117.27
716.0,38.0,0.0,2.0,0.0,61726.39
717.0,34.0,0.0,2.0,0.0,52702.2
718.0,41.0,0.0,2.0,0.0,41782.08
719.0,40.0,0.0,2.0,0.0,107262.0
720.0,47.0,0.0,1.0,0.0,48907.88
721.0,40.0,0.0,1.0,0.0,51948.95
722.0,48.0,0.0,2.0,0.0,66510.45
723.0,35.0,0.0,1.0,0.0,70332.44
724.0,34.0,0.0,2.0,0.0,43794.0
725.0,39.0,0.0,2.0,0.0,47578.95
726.0,41.0,0.0,2.0,0.0,85098.09
727.0,61.0,0.0,1.0,0.0,45522.0
728.0,39.0,1.0,1.0,0.0,91268.4
729.0,49.0,0.0,1.0,0.0,42095.24
730.0,48.0,0.0,1.0,0.0,53313.63
731.0,43.0,0.0,1.0,0.0,46705.48
732.0,50.0,0.0,1.0,0.0,55660.04
733.0,37.0,0.0,1.0,0.0,51677.57
734.0,40.0,0.0,1.0,1.0,84638.4
735.0,50.0,0.0,2.0,0.0,96552.0
736.0,48.0,0.0,1.0,1.0,72990.0
737.0,42.0,0.0,1.0,0.0,79880.1
738.0,51.0,0.0,2.0,0.0,65162.0
739.0,53.0,0.0,1.0,0.0,75030.34
740.0,55.0,0.0,1.0,0.0,47481.62
741.0,61.0,0.0,1.0,0.0,51419.5
742.0,58.0,0.0,2.0,0.0,75490.34
743.0,60.0,0.0,1.0,0.0,45780.42
744.0,58.0,0.0,2.0,0.0,108589.58
745.0,47.0,0.0,2.0,0.0,61970.3
746.0,52.0,0.0,2.0,0.0,64000.06
747.0,46.0,0.0,2.0,0.0,68758.49
748.0,47.0,0.0,2.0,0.0,67783.16
749.0,47.0,0.0,1.0,0.0,78111.46
750.0,44.0,0.0,2.0,0.0,96546.22
751.0,46.0,0.0,2.0,0.0,87724.45
752.0,56.0,0.0,2.0,0.0,62062.98
753.0,46.0,0.0,2.0,0.0,80023.1
754.0,46.0,0.0,2.0,0.0,65951.26
755.0,51.0,0.0,1.0,0.0,60198.73
756.0,48.0,0.0,1.0,0.0,46837.2
757.0,51.0,0.0,2.0,0.0,57351.51
758.0,57.0,0.0,1.0,0.0,81606.09
759.0,67.0,1.0,1.0,0.0,47888.2
760.0,54.0,0.0,2.0,0.0,67725.38
761.0,50.0,0.0,2.0,0.0,86949.8
762.0,68.0,1.0,2.0,0.0,68427.6
763.0,52.0,0.0,2.0,0.0,81541.32
764.0,55.0,0.0,1.0,0.0,46324.55
765.0,53.0,0.0,2.0,0.0,80988.66
766.0,53.0,0.0,2.0,0.0,71103.38
767.0,56.0,0.0,1.0,0.0,57414.31
768.0,48.0,0.0,2.0,0.0,72978.81
769.0,58.0,0.0,1.0,0.0,61492.51
770.0,53.0,0.0,2.0,0.0,62769.0
771.0,50.0,0.0,1.0,0.0,52892.73
772.0,56.0,0.0,2.0,0.0,47835.6
773.0,53.0,0.0,2.0,0.0,62214.87
774.0,44.0,0.0,1.0,0.0,68751.9
775.0,47.0,0.0,1.0,0.0,56107.24
776.0,37.0,0.0,1.0,0.0,60484.38
777.0,39.0,0.0,2.0,0.0,79608.6
778.0,32.0,0.0,2.0,0.0,52182.0
779.0,32.0,0.0,2.0,0.0,34672.0
780.0,40.0,0.0,2.0,0.0,90003.6
781.0,44.0,0.0,1.0,0.0,39624.34
782.0,37.0,0.0,2.0,0.0,58357.0
783.0,38.0,0.0,2.0,0.0,52682.0
784.0,35.0,0.0,1.0,0.0,44975.7
785.0,39.0,0.0,2.0,0.0,56362.0
786.0,33.0,0.0,1.0,0.0,98757.75
787.0,32.0,0.0,2.0,0.0,52762.8
788.0,34.0,0.0,2.0,0.0,53222.4
789.0,35.0,0.0,1.0,0.0,56362.0
790.0,33.0,0.0,1.0,0.0,69522.0
791.0,32.0,0.0,1.0,0.0,48012.0
792.0,36.0,1.0,2.0,0.0,40737.6
793.0,39.0,1.0,1.0,0.0,60777.5
794.0,32.0,0.0,1.0,0.0,45594.39
795.0,38.0,0.0,1.0,0.0,60762.0
796.0,33.0,0.0,2.0,0.0,65162.0
797.0,43.0,0.0,1.0,,76161.11
798.0,54.0,0.0,1.0,0.0,56924.0
799.0,35.0,0.0,2.0,0.0,90061.12
800.0,31.0,0.0,2.0,0.0,68674.5
801.0,29.0,0.0,2.0,0.0,31677.94
802.0,36.0,0.0,2.0,0.0,37532.0
803.0,35.0,0.0,1.0,0.0,55303.2
804.0,35.0,1.0,1.0,0.0,38820.0
805.0,42.0,0.0,2.0,0.0,50662.0
806.0,31.0,0.0,2.0,0.0,75162.0
807.0,31.0,0.0,2.0,0.0,69062.0
808.0,47.0,0.0,2.0,,40362.0
809.0,29.0,0.0,2.0,0.0,50162.0
810.0,41.0,0.0,2.0,0.0,81160.58
811.0,40.0,1.0,2.0,0.0,93049.33
812.0,53.0,0.0,1.0,0.0,54832.0
813.0,35.0,1.0,2.0,0.0,48132.3
814.0,33.0,1.0,2.0,0.0,45557.53
815.0,30.0,1.0,2.0,0.0,31987.22
816.0,38.0,0.0,1.0,0.0,61398.0
817.0,55.0,0.0,1.0,0.0,42764.28
818.0,48.0,0.0,1.0,0.0,75626.63
819.0,61.0,0.0,2.0,1.0,33975.0
820.0,42.0,0.0,1.0,,32512.5
821.0,58.0,0.0,1.0,0.0,72997.14
822.0,41.0,0.0,2.0,,56162.0
823.0,43.0,0.0,2.0,0.0,74270.97
824.0,42.0,0.0,1.0,0.0,48020.4
825.0,45.0,0.0,2.0,0.0,73688.78
826.0,42.0,0.0,1.0,0.0,87605.54
827.0,48.0,0.0,2.0,0.0,72086.34
828.0,49.0,0.0,2.0,0.0,36162.56
829.0,44.0,0.0,2.0,0.0,34306.5
830.0,47.0,0.0,2.0,0.0,33643.5
831.0,38.0,0.0,1.0,0.0,48292.67
832.0,46.0,0.0,2.0,0.0,87222.35
833.0,50.0,0.0,1.0,0.0,62953.65
834.0,50.0,1.0,2.0,0.0,30762.0
835.0,49.0,0.0,1.0,0.0,59000.36
836.0,42.0,0.0,2.0,0.0,50830.8
837.0,47.0,1.0,1.0,0.0,84004.0
838.0,41.0,0.0,2.0,0.0,48819.96
839.0,43.0,0.0,1.0,0.0,62936.23
840.0,35.0,0.0,1.0,0.0,42798.42
841.0,40.0,0.0,2.0,0.0,20564.0
842.0,44.0,0.0,2.0,0.0,68004.4
843.0,39.0,1.0,2.0,0.0,65218.23
844.0,47.0,0.0,2.0,0.0,57625.55
845.0,41.0,0.0,1.0,0.0,44097.0
846.0,53.0,0.0,2.0,0.0,36212.0
847.0,40.0,0.0,1.0,0.0,45062.23
848.0,43.0,0.0,2.0,0.0,66096.4
849.0,42.0,0.0,2.0,0.0,91962.0
850.0,37.0,0.0,2.0,1.0,91162.0
851.0,43.0,0.0,2.0,0.0,65197.52
852.0,48.0,0.0,2.0,0.0,38193.64
853.0,60.0,0.0,1.0,0.0,48181.49
854.0,47.0,0.0,1.0,1.0,48379.42
855.0,47.0,0.0,2.0,0.0,49567.05
856.0,39.0,0.0,1.0,0.0,69437.66
857.0,45.0,1.0,1.0,0.0,70673.71
858.0,49.0,0.0,2.0,,82782.0
859.0,42.0,0.0,2.0,0.0,86692.85
860.0,49.0,0.0,2.0,0.0,106464.5
861.0,46.0,0.0,1.0,0.0,105032.24
862.0,35.0,0.0,1.0,0.0,64192.61
863.0,36.0,1.0,1.0,0.0,44658.0
864.0,35.0,1.0,2.0,0.0,43138.3
865.0,40.0,0.0,1.0,0.0,53599.71
866.0,45.0,0.0,1.0,0.0,57415.51
867.0,43.0,0.0,2.0,0.0,36912.0
868.0,50.0,0.0,2.0,0.0,80162.0
869.0,45.0,1.0,2.0,1.0,68382.68
870.0,54.0,0.0,1.0,0.0,71562.0
871.0,43.0,0.0,2.0,0.0,51859.53
872.0,43.0,0.0,2.0,,62489.44
873.0,39.0,0.0,1.0,0.0,59150.49
874.0,40.0,0.0,1.0,0.0,46433.74
875.0,44.0,1.0,1.0,0.0,55799.38
876.0,60.0,0.0,1.0,0.0,59329.41
877.0,46.0,0.0,1.0,0.0,51759.67
878.0,37.0,0.0,1.0,0.0,51682.74
879.0,51.0,0.0,2.0,0.0,54016.98
880.0,40.0,0.0,1.0,0.0,47855.76
881.0,50.0,0.0,1.0,0.0,55844.36
882.0,47.0,0.0,1.0,0.0,56842.57
883.0,47.0,0.0,2.0,0.0,35512.0
884.0,40.0,0.0,2.0,0.0,82496.63
885.0,40.0,0.0,1.0,1.0,45896.33
886.0,40.0,0.0,1.0,0.0,67740.45
887.0,46.0,0.0,2.0,0.0,61302.56
888.0,41.0,0.0,1.0,0.0,49847.26
889.0,36.0,0.0,1.0,0.0,47410.03
890.0,36.0,0.0,1.0,0.0,43613.3
891.0,39.0,0.0,1.0,0.0,43717.88
892.0,40.0,0.0,2.0,0.0,64472.77
893.0,38.0,0.0,1.0,0.0,58953.34
894.0,45.0,0.0,1.0,0.0,40949.83
895.0,37.0,0.0,1.0,0.0,58634.56
896.0,38.0,0.0,1.0,0.0,68470.45
897.0,44.0,0.0,2.0,0.0,73162.13
898.0,41.0,0.0,1.0,0.0,66787.0
899.0,38.0,0.0,1.0,0.0,69930.69
900.0,37.0,0.0,2.0,0.0,70847.64
901.0,39.0,1.0,2.0,0.0,48780.13
902.0,39.0,0.0,1.0,0.0,48673.2
903.0,47.0,0.0,2.0,0.0,95489.05
904.0,38.0,0.0,1.0,0.0,43644.6
905.0,39.0,0.0,1.0,0.0,21177.73
906.0,38.0,0.0,2.0,0.0,47770.27
907.0,41.0,0.0,1.0,0.0,36785.11
908.0,61.0,0.0,1.0,0.0,99462.98
909.0,37.0,0.0,1.0,0.0,72454.5
910.0,40.0,0.0,2.0,0.0,68761.67
911.0,37.0,0.0,1.0,0.0,47367.98
912.0,32.0,0.0,1.0,0.0,62161.0
913.0,54.0,0.0,1.0,0.0,21903.3
914.0,38.0,0.0,2.0,0.0,21281.61
915.0,45.0,0.0,1.0,0.0,43124.82
916.0,56.0,0.0,1.0,0.0,59053.22
917.0,45.0,0.0,2.0,1.0,46201.12
918.0,42.0,1.0,2.0,1.0,79275.28
919.0,44.0,0.0,2.0,0.0,70068.08
920.0,35.0,0.0,2.0,,56257.24
921.0,42.0,0.0,2.0,0.0,115162.0
922.0,36.0,0.0,2.0,0.0,97745.77
923.0,36.0,0.0,1.0,0.0,77176.52
924.0,42.0,0.0,1.0,0.0,50200.93
925.0,43.0,0.0,2.0,0.0,82124.71
926.0,37.0,0.0,2.0,0.0,49162.0
927.0,43.0,0.0,1.0,0.0,53177.63
928.0,52.0,0.0,2.0,0.0,47750.77
929.0,39.0,0.0,1.0,0.0,42573.2
930.0,37.0,0.0,1.0,0.0,92122.0
931.0,48.0,0.0,2.0,0.0,49605.6
932.0,42.0,0.0,2.0,0.0,58578.12
933.0,39.0,0.0,1.0,0.0,44030.63
934.0,38.0,0.0,2.0,0.0,72692.22
935.0,38.0,0.0,1.0,0.0,63755.75
936.0,36.0,0.0,2.0,0.0,57488.04
937.0,36.0,0.0,2.0,0.0,83149.99
938.0,36.0,1.0,1.0,0.0,40502.24
939.0,52.0,0.0,1.0,1.0,55735.65
940.0,44.0,0.0,2.0,0.0,46522.45
941.0,34.0,0.0,2.0,0.0,50212.0
942.0,48.0,0.0,2.0,0.0,20052.0
943.0,38.0,1.0,2.0,0.0,63328.96
944.0,40.0,0.0,1.0,0.0,46292.69
945.0,38.0,0.0,1.0,1.0,57925.26
946.0,39.0,0.0,1.0,0.0,57486.0
947.0,39.0,0.0,1.0,0.0,80798.88
948.0,31.0,0.0,2.0,,48825.29
949.0,39.0,0.0,1.0,0.0,47401.0
950.0,38.0,0.0,2.0,0.0,54878.0
951.0,39.0,0.0,2.0,0.0,90162.0
952.0,36.0,0.0,2.0,0.0,67162.0
953.0,33.0,0.0,2.0,0.0,48969.0
954.0,38.0,0.0,1.0,0.0,58050.06
955.0,45.0,0.0,2.0,0.0,86954.23
956.0,44.0,0.0,2.0,0.0,78349.3
957.0,39.0,0.0,2.0,0.0,63849.46
958.0,31.0,0.0,1.0,0.0,47307.79
959.0,44.0,0.0,2.0,0.0,71293.1
960.0,49.0,0.0,1.0,0.0,65812.32
961.0,37.0,0.0,1.0,0.0,40321.44
962.0,42.0,0.0,2.0,0.0,39802.88
963.0,41.0,0.0,1.0,0.0,57486.0
964.0,36.0,0.0,2.0,0.0,65795.63
965.0,43.0,0.0,1.0,0.0,47592.38
966.0,62.0,0.0,1.0,0.0,46017.47
967.0,56.0,0.0,2.0,0.0,66623.32
968.0,44.0,0.0,1.0,0.0,116888.64
969.0,44.0,0.0,2.0,0.0,71388.42
970.0,39.0,0.0,2.0,0.0,71669.4
971.0,39.0,0.0,2.0,,55162.0
972.0,39.0,0.0,2.0,0.0,40491.86
973.0,49.0,0.0,2.0,0.0,50627.28
974.0,48.0,0.0,1.0,0.0,107626.34
975.0,40.0,0.0,2.0,0.0,39370.0
976.0,37.0,0.0,2.0,0.0,50989.35
977.0,45.0,0.0,2.0,0.0,55752.0
978.0,43.0,0.0,2.0,0.0,65203.6
979.0,53.0,0.0,2.0,0.0,36162.0
980.0,59.0,0.0,2.0,0.0,36162.0
981.0,53.0,0.0,1.0,0.0,103838.06
982.0,36.0,0.0,2.0,0.0,101697.15
983.0,47.0,0.0,1.0,0.0,52917.31
984.0,46.0,0.0,2.0,0.0,48615.47
985.0,39.0,0.0,2.0,1.0,116312.0
986.0,46.0,0.0,1.0,0.0,109424.4
987.0,44.0,0.0,2.0,0.0,63465.9
988.0,41.0,0.0,1.0,0.0,63995.32
989.0,49.0,0.0,2.0,0.0,51167.0
990.0,43.0,0.0,2.0,0.0,69267.55
991.0,40.0,0.0,1.0,0.0,40162.0
992.0,41.0,0.0,1.0,0.0,38954.0
993.0,60.0,0.0,2.0,0.0,35862.0
994.0,31.0,0.0,1.0,,39664.39
995.0,56.0,0.0,1.0,0.0,50034.82
996.0,36.0,0.0,1.0,0.0,39162.0
997.0,33.0,0.0,2.0,0.0,42162.0
998.0,40.0,1.0,1.0,1.0,53712.0
999.0,42.0,0.0,2.0,0.0,99670.0
1000.0,38.0,0.0,2.0,0.0,82782.0
1001.0,39.0,0.0,2.0,0.0,47844.45
1002.0,35.0,1.0,1.0,0.0,43794.0
1003.0,38.0,0.0,1.0,0.0,57750.18
1004.0,37.0,0.0,1.0,1.0,56462.5
1005.0,45.0,0.0,1.0,,64904.61
1006.0,40.0,0.0,2.0,0.0,45003.24
1007.0,36.0,1.0,2.0,,29290.4
1008.0,43.0,0.0,1.0,0.0,88596.0
1009.0,35.0,0.0,1.0,0.0,43362.0
1010.0,40.0,0.0,2.0,0.0,76932.53
1011.0,37.0,1.0,1.0,0.0,69062.0
1012.0,38.0,0.0,1.0,0.0,75362.0
1013.0,40.0,0.0,1.0,0.0,68674.5
1014.0,38.0,0.0,2.0,0.0,63856.06
1015.0,32.0,0.0,2.0,0.0,39697.2
1016.0,34.0,0.0,2.0,0.0,47009.84
1017.0,45.0,0.0,2.0,0.0,63991.89
1018.0,35.0,0.0,2.0,0.0,69522.0
1019.0,34.0,0.0,1.0,0.0,48834.0
1020.0,42.0,0.0,2.0,0.0,49229.02
1021.0,67.0,1.0,2.0,0.0,86493.98
1022.0,40.0,0.0,1.0,0.0,47095.5
1023.0,41.0,0.0,2.0,0.0,95462.26
1024.0,44.0,0.0,1.0,0.0,46547.25
1025.0,39.0,0.0,2.0,0.0,56362.0
1026.0,44.0,0.0,1.0,0.0,46690.5
1027.0,54.0,0.0,1.0,0.0,40812.73
1028.0,37.0,0.0,1.0,0.0,48803.33
1029.0,38.0,0.0,1.0,0.0,50162.0
1030.0,58.0,0.0,1.0,0.0,56407.53
1031.0,57.0,0.0,2.0,0.0,44508.75
1032.0,40.0,0.0,1.0,0.0,33565.5
1033.0,34.0,1.0,1.0,0.0,48489.6
1034.0,45.0,0.0,1.0,0.0,54002.66
1035.0,36.0,0.0,1.0,0.0,71679.62
1036.0,45.0,0.0,2.0,1.0,58162.0
1037.0,39.0,1.0,2.0,0.0,87139.44
1038.0,38.0,0.0,1.0,0.0,104202.0
1039.0,38.0,0.0,1.0,0.0,72187.25
1040.0,39.0,0.0,1.0,0.0,46763.31
1041.0,38.0,0.0,1.0,0.0,73858.5
1042.0,46.0,0.0,2.0,0.0,32662.0
1043.0,41.0,0.0,2.0,0.0,49591.38
1044.0,39.0,0.0,2.0,0.0,43662.0
1045.0,36.0,0.0,1.0,0.0,44268.7
1046.0,44.0,0.0,1.0,0.0,57769.05
1047.0,43.0,0.0,1.0,0.0,56364.0
1048.0,37.0,0.0,2.0,,55752.0
1049.0,34.0,1.0,2.0,0.0,81402.01
1050.0,38.0,1.0,2.0,0.0,99854.38
1051.0,39.0,0.0,1.0,0.0,48272.4
1052.0,39.0,1.0,1.0,0.0,45715.49
1053.0,42.0,0.0,2.0,0.0,41826.75
1054.0,38.0,0.0,2.0,0.0,42261.2
1055.0,34.0,0.0,2.0,0.0,46754.0
1056.0,64.0,0.0,2.0,0.0,75599.49
1057.0,53.0,0.0,1.0,0.0,56362.0
1058.0,55.0,0.0,2.0,0.0,59132.38
1059.0,54.0,0.0,1.0,0.0,60388.21
1060.0,52.0,0.0,1.0,0.0,55261.78
1061.0,44.0,0.0,1.0,0.0,21385.8
1062.0,64.0,0.0,1.0,,44088.0
1063.0,45.0,0.0,2.0,0.0,80746.83
1064.0,66.0,0.0,1.0,0.0,53046.28
1065.0,55.0,0.0,1.0,0.0,52751.22
1066.0,48.0,0.0,2.0,0.0,72497.04
1067.0,55.0,0.0,1.0,0.0,47164.84
1068.0,65.0,0.0,2.0,0.0,86369.15
1069.0,65.0,0.0,1.0,0.0,52680.23
1070.0,45.0,0.0,1.0,0.0,47981.87
1071.0,46.0,0.0,2.0,0.0,73179.85
1072.0,45.0,0.0,1.0,0.0,23627.22
1073.0,57.0,0.0,2.0,0.0,50873.31
1074.0,66.0,0.0,1.0,0.0,53534.59
1075.0,53.0,0.0,2.0,0.0,66162.32
1076.0,53.0,0.0,1.0,0.0,53722.66
1077.0,63.0,0.0,2.0,0.0,55044.56
1078.0,59.0,0.0,2.0,0.0,60663.23
1079.0,41.0,0.0,1.0,0.0,57307.69
1080.0,64.0,0.0,1.0,0.0,50170.63
1081.0,65.0,0.0,1.0,0.0,54571.0
1082.0,50.0,0.0,1.0,0.0,46754.0
1083.0,57.0,0.0,1.0,0.0,20969.65
1084.0,48.0,0.0,2.0,0.0,65578.25
1085.0,51.0,0.0,2.0,0.0,47194.61
1086.0,67.0,1.0,2.0,0.0,74042.68
1087.0,53.0,0.0,1.0,0.0,51298.98
1088.0,53.0,0.0,1.0,0.0,44152.99
1089.0,47.0,0.0,2.0,0.0,78600.99
1090.0,37.0,0.0,1.0,0.0,54033.34
1091.0,46.0,1.0,2.0,0.0,96716.0
1092.0,42.0,0.0,1.0,0.0,54134.56
1093.0,54.0,0.0,2.0,0.0,67221.31
1094.0,46.0,0.0,2.0,0.0,53819.17
1095.0,61.0,0.0,2.0,0.0,53400.47
1096.0,51.0,0.0,1.0,0.0,65442.0
1097.0,59.0,0.0,2.0,0.0,68161.98
1098.0,54.0,0.0,2.0,0.0,53400.7
1099.0,57.0,0.0,2.0,0.0,64102.28
1100.0,46.0,0.0,2.0,0.0,84062.0
1101.0,44.0,0.0,1.0,0.0,45898.42
1102.0,61.0,0.0,1.0,0.0,40079.17
1103.0,59.0,0.0,1.0,0.0,67607.15
1104.0,49.0,0.0,1.0,0.0,59862.64
1105.0,58.0,0.0,2.0,0.0,39698.87
1106.0,41.0,0.0,2.0,0.0,66462.26
1107.0,50.0,0.0,2.0,0.0,45277.2
1108.0,42.0,0.0,2.0,0.0,42261.2
1109.0,62.0,0.0,1.0,,26333.01
1110.0,56.0,0.0,2.0,,39058.0
1111.0,51.0,0.0,2.0,0.0,51267.6
1112.0,57.0,0.0,2.0,0.0,77174.54
1113.0,44.0,0.0,2.0,0.0,59444.39
1114.0,53.0,0.0,1.0,0.0,35413.5
1115.0,46.0,0.0,2.0,0.0,47987.99
1116.0,36.0,0.0,2.0,0.0,45277.2
1117.0,56.0,0.0,2.0,0.0,71133.39
1118.0,58.0,0.0,1.0,0.0,39009.67
1119.0,55.0,0.0,1.0,0.0,26682.0
1120.0,47.0,0.0,2.0,0.0,51267.6
1121.0,54.0,0.0,1.0,0.0,36558.15
1122.0,53.0,0.0,1.0,0.0,38441.33
1123.0,51.0,0.0,2.0,0.0,79873.08
1124.0,50.0,0.0,1.0,0.0,78162.36
1125.0,55.0,0.0,2.0,0.0,39698.87
1126.0,63.0,0.0,1.0,0.0,30699.0
1127.0,52.0,0.0,1.0,0.0,50200.38
1128.0,43.0,0.0,1.0,0.0,66383.11
1129.0,45.0,0.0,2.0,0.0,58114.44
1130.0,54.0,1.0,1.0,0.0,80106.39
1131.0,41.0,0.0,2.0,0.0,48299.09
1132.0,38.0,0.0,1.0,0.0,40452.81
1133.0,45.0,0.0,2.0,0.0,48272.4
1134.0,42.0,0.0,1.0,0.0,49953.88
1135.0,57.0,0.0,1.0,0.0,33636.07
1136.0,40.0,0.0,1.0,0.0,37825.56
1137.0,55.0,0.0,2.0,0.0,52765.2
1138.0,49.0,0.0,1.0,0.0,37788.25
1139.0,48.0,0.0,2.0,0.0,45277.2
1140.0,53.0,0.0,2.0,0.0,71608.64
1141.0,41.0,0.0,1.0,0.0,46754.0
1142.0,40.0,0.0,2.0,0.0,48977.57
1143.0,44.0,0.0,1.0,0.0,52328.7
1144.0,40.0,0.0,2.0,0.0,49770.0
1145.0,52.0,0.0,2.0,0.0,20766.0
1146.0,51.0,1.0,2.0,0.0,27972.0
1147.0,34.0,0.0,1.0,0.0,52453.23
1148.0,59.0,0.0,2.0,0.0,43154.29
1149.0,49.0,0.0,1.0,0.0,58662.0
1150.0,46.0,0.0,1.0,0.0,72162.6
1151.0,49.0,0.0,2.0,0.0,78912.0
1152.0,40.0,0.0,1.0,0.0,62586.0
1153.0,51.0,0.0,2.0,0.0,64422.0
1154.0,60.0,0.0,2.0,0.0,49198.37
1155.0,35.0,0.0,1.0,0.0,57912.42
1156.0,66.0,0.0,1.0,0.0,30762.0
1157.0,47.0,0.0,1.0,0.0,45922.0
1158.0,62.0,0.0,2.0,0.0,73789.87
1159.0,40.0,0.0,2.0,0.0,83458.87
1160.0,40.0,0.0,1.0,0.0,61712.06
1161.0,59.0,0.0,2.0,0.0,65203.6
1162.0,48.0,0.0,1.0,0.0,30462.0
1163.0,36.0,0.0,2.0,0.0,56530.34
1164.0,46.0,0.0,1.0,0.0,39021.88
1165.0,38.0,0.0,1.0,0.0,58634.56
1166.0,62.0,0.0,2.0,0.0,78773.79
1167.0,40.0,0.0,1.0,0.0,46980.0
1168.0,33.0,0.0,1.0,0.0,69188.59
1169.0,37.0,0.0,1.0,0.0,43750.24
1170.0,60.0,0.0,1.0,0.0,39788.55
1171.0,57.0,0.0,2.0,0.0,40617.95
1172.0,38.0,0.0,1.0,0.0,22597.09
1173.0,41.0,0.0,2.0,0.0,26559.66
1174.0,51.0,0.0,2.0,0.0,20564.0
1175.0,39.0,0.0,2.0,0.0,70162.0
1176.0,56.0,0.0,2.0,0.0,42490.0
1177.0,61.0,0.0,1.0,0.0,46049.85
1178.0,37.0,0.0,2.0,0.0,79683.75
1179.0,38.0,0.0,2.0,0.0,70998.42
1180.0,52.0,0.0,2.0,0.0,73604.04
1181.0,41.0,0.0,2.0,0.0,84711.87
1182.0,40.0,0.0,1.0,0.0,100122.75
1183.0,47.0,0.0,1.0,0.0,45565.86
1184.0,40.0,0.0,2.0,0.0,87242.9
1185.0,39.0,0.0,2.0,,35087.71
1186.0,43.0,0.0,2.0,0.0,78732.0
1187.0,38.0,0.0,1.0,,50135.38
1188.0,41.0,0.0,2.0,0.0,49566.4
1189.0,38.0,0.0,1.0,0.0,38947.69
1190.0,67.0,0.0,1.0,0.0,70574.82
1191.0,31.0,1.0,2.0,,64666.8
1192.0,33.0,0.0,1.0,0.0,44229.12
1193.0,46.0,0.0,2.0,0.0,74038.01
1194.0,35.0,0.0,2.0,0.0,38810.16
1195.0,47.0,0.0,2.0,0.0,50530.08
1196.0,35.0,0.0,2.0,0.0,33925.59
1197.0,40.0,0.0,1.0,0.0,46571.14
1198.0,33.0,0.0,1.0,0.0,46525.2
1199.0,35.0,0.0,2.0,0.0,44562.93
1200.0,44.0,0.0,2.0,0.0,68004.4
1201.0,39.0,0.0,1.0,0.0,48162.0
1202.0,38.0,0.0,2.0,0.0,78687.46
1203.0,43.0,0.0,1.0,0.0,67579.92
1204.0,34.0,0.0,2.0,0.0,65162.0
1205.0,36.0,0.0,1.0,0.0,50344.84
1206.0,40.0,0.0,1.0,0.0,57565.94
1207.0,50.0,0.0,1.0,0.0,52794.97
1208.0,50.0,0.0,1.0,0.0,41861.28
1209.0,56.0,0.0,2.0,0.0,71800.22
1210.0,35.0,0.0,2.0,0.0,77159.9
1211.0,37.0,0.0,2.0,0.0,53090.82
1212.0,37.0,1.0,2.0,0.0,58050.06
1213.0,35.0,0.0,1.0,0.0,46475.06
1214.0,45.0,0.0,2.0,0.0,46484.92
1215.0,47.0,0.0,2.0,0.0,81313.2
1216.0,40.0,0.0,2.0,0.0,92982.0
1217.0,37.0,0.0,1.0,0.0,39000.54
1218.0,39.0,0.0,1.0,0.0,47401.61
1219.0,43.0,0.0,2.0,0.0,60366.88
1220.0,59.0,0.0,2.0,0.0,94015.0
1221.0,63.0,0.0,1.0,0.0,35906.3
1222.0,66.0,0.0,2.0,0.0,48272.4
1223.0,38.0,0.0,2.0,0.0,53630.05
1224.0,40.0,0.0,1.0,0.0,46533.63
1225.0,36.0,0.0,2.0,0.0,35362.2
1226.0,42.0,0.0,1.0,0.0,58705.45
1227.0,43.0,0.0,1.0,0.0,55360.74
1228.0,44.0,0.0,2.0,0.0,71562.0
1229.0,34.0,0.0,1.0,0.0,56364.0
1230.0,35.0,1.0,2.0,0.0,27972.0
1231.0,34.0,0.0,2.0,0.0,48667.6
1232.0,59.0,0.0,2.0,0.0,36985.78
1233.0,35.0,1.0,1.0,0.0,61228.76
1234.0,41.0,0.0,1.0,,42186.0
1235.0,40.0,1.0,1.0,0.0,93262.58
1236.0,44.0,0.0,2.0,0.0,45818.9
1237.0,38.0,0.0,2.0,0.0,101925.89
1238.0,39.0,0.0,1.0,0.0,59759.44
1239.0,52.0,0.0,2.0,0.0,62617.32
1240.0,46.0,0.0,1.0,0.0,30162.0
1241.0,44.0,0.0,2.0,0.0,81334.74
1242.0,48.0,0.0,2.0,0.0,92099.88
1243.0,32.0,0.0,1.0,0.0,67089.88
1244.0,40.0,0.0,1.0,0.0,92166.0
1245.0,36.0,1.0,2.0,,65777.57
1246.0,36.0,0.0,1.0,0.0,57664.05
1247.0,49.0,0.0,2.0,0.0,57148.52
1248.0,41.0,0.0,2.0,0.0,59545.04
1249.0,50.0,0.0,2.0,0.0,65203.6
1250.0,53.0,0.0,2.0,0.0,53389.2
1251.0,49.0,0.0,2.0,0.0,84170.22
1252.0,30.0,0.0,1.0,0.0,51162.18
1253.0,41.0,0.0,1.0,0.0,70162.0
1254.0,33.0,0.0,2.0,0.0,96162.0
1255.0,38.0,0.0,1.0,0.0,69751.0
1256.0,46.0,0.0,1.0,0.0,51636.53
1257.0,43.0,0.0,1.0,0.0,78792.21
1258.0,35.0,0.0,1.0,0.0,48911.0
1259.0,33.0,0.0,2.0,0.0,57486.0
1260.0,31.0,0.0,1.0,0.0,45003.24
1261.0,41.0,0.0,2.0,0.0,59880.96
1262.0,37.0,0.0,2.0,0.0,37432.8
1263.0,48.0,0.0,2.0,0.0,50161.94
1264.0,38.0,0.0,2.0,0.0,70733.25
1265.0,59.0,0.0,1.0,0.0,90881.31
1266.0,57.0,0.0,1.0,0.0,74507.72
1267.0,42.0,0.0,2.0,0.0,108333.0
1268.0,32.0,0.0,1.0,,45213.6
1269.0,35.0,0.0,2.0,0.0,58671.67
1270.0,44.0,0.0,1.0,0.0,41770.72
1271.0,47.0,0.0,1.0,0.0,81716.35
1272.0,39.0,0.0,1.0,0.0,47312.93
1273.0,35.0,0.0,1.0,0.0,41982.0
1274.0,38.0,0.0,1.0,0.0,37016.7
1275.0,35.0,0.0,1.0,0.0,43262.0
1276.0,40.0,0.0,2.0,0.0,88392.0
1277.0,39.0,0.0,2.0,0.0,38698.42
1278.0,47.0,0.0,1.0,0.0,65662.0
1279.0,33.0,0.0,1.0,0.0,63491.76
1280.0,42.0,0.0,2.0,0.0,61668.61
1281.0,38.0,0.0,2.0,0.0,46783.98
1282.0,39.0,0.0,1.0,0.0,48699.72
1283.0,51.0,0.0,2.0,0.0,89713.65
1284.0,40.0,0.0,2.0,0.0,53814.27
1285.0,30.0,1.0,1.0,0.0,44666.64
1286.0,44.0,0.0,2.0,0.0,69831.01
1287.0,53.0,0.0,1.0,1.0,121004.46
1288.0,48.0,0.0,2.0,0.0,57207.03
1289.0,39.0,0.0,1.0,0.0,94162.0
1290.0,35.0,0.0,1.0,0.0,45352.49
1291.0,36.0,0.0,2.0,1.0,57538.98
1292.0,47.0,0.0,2.0,0.0,61524.18
1293.0,39.0,1.0,2.0,0.0,52630.46
1294.0,53.0,0.0,1.0,0.0,30162.0
1295.0,52.0,0.0,2.0,,49318.22
1296.0,48.0,1.0,1.0,0.0,41522.2
1297.0,39.0,0.0,1.0,0.0,35662.0
1298.0,50.0,0.0,1.0,0.0,57205.0
1299.0,48.0,0.0,1.0,0.0,51978.8
1300.0,51.0,0.0,2.0,0.0,58619.01
1301.0,56.0,0.0,1.0,0.0,43221.15
1302.0,48.0,0.0,2.0,0.0,49812.08
1303.0,45.0,0.0,2.0,0.0,38387.01
1304.0,60.0,0.0,2.0,0.0,106029.42
1305.0,64.0,0.0,1.0,0.0,36973.43
1306.0,50.0,0.0,1.0,0.0,27644.0
1307.0,50.0,0.0,1.0,0.0,56362.0
1308.0,43.0,0.0,1.0,0.0,36993.28
1309.0,56.0,0.0,1.0,0.0,60582.56
1310.0,57.0,0.0,2.0,0.0,68176.69
1311.0,50.0,0.0,1.0,0.0,40215.11
1312.0,49.0,0.0,1.0,0.0,48484.84
1313.0,50.0,0.0,1.0,0.0,36715.51
1314.0,55.0,0.0,1.0,0.0,38128.64
1315.0,47.0,0.0,1.0,0.0,49248.76
1316.0,47.0,0.0,1.0,0.0,40741.8
1317.0,47.0,0.0,1.0,0.0,39758.66
1318.0,46.0,0.0,1.0,0.0,63771.4
1319.0,60.0,0.0,2.0,0.0,71232.15
1320.0,51.0,0.0,2.0,0.0,30762.0
1321.0,64.0,0.0,1.0,0.0,37709.66
1322.0,57.0,0.0,1.0,0.0,41320.45
1323.0,48.0,0.0,1.0,0.0,43307.14
1324.0,59.0,0.0,2.0,0.0,62281.67
1325.0,43.0,0.0,1.0,0.0,61362.17
1326.0,50.0,0.0,2.0,0.0,72846.78
1327.0,50.0,0.0,1.0,0.0,51706.34
1328.0,44.0,0.0,1.0,0.0,53320.5
1329.0,39.0,0.0,1.0,0.0,58309.96
1330.0,42.0,0.0,2.0,0.0,62580.0
1331.0,48.0,0.0,1.0,0.0,39601.87
1332.0,57.0,0.0,1.0,0.0,40179.03
1333.0,57.0,0.0,1.0,0.0,40540.51
1334.0,39.0,0.0,1.0,0.0,48517.16
1335.0,41.0,0.0,1.0,0.0,56362.0
1336.0,37.0,0.0,2.0,0.0,81317.93
1337.0,36.0,0.0,2.0,0.0,73662.0
1338.0,45.0,0.0,2.0,0.0,58613.33
1339.0,37.0,0.0,2.0,0.0,79082.74
1340.0,36.0,0.0,2.0,0.0,84128.76
1341.0,53.0,0.0,2.0,0.0,74446.56
1342.0,35.0,0.0,1.0,0.0,58528.44
1343.0,34.0,0.0,2.0,0.0,36260.21
1344.0,44.0,0.0,1.0,0.0,47612.56
1345.0,40.0,0.0,2.0,0.0,63402.0
1346.0,54.0,0.0,2.0,0.0,30912.0
1347.0,44.0,0.0,2.0,0.0,63064.98
1348.0,38.0,1.0,1.0,0.0,39843.88
1349.0,60.0,0.0,1.0,0.0,43357.36
1350.0,36.0,0.0,1.0,0.0,47500.78
1351.0,33.0,1.0,1.0,0.0,48612.0
1352.0,43.0,0.0,2.0,0.0,81397.72
1353.0,36.0,0.0,1.0,0.0,42895.57
1354.0,64.0,0.0,2.0,0.0,36882.0
1355.0,39.0,0.0,2.0,0.0,82766.36
1356.0,44.0,1.0,2.0,0.0,35552.4
1357.0,43.0,0.0,2.0,0.0,133441.11
1358.0,43.0,1.0,2.0,0.0,30915.0
1359.0,34.0,1.0,1.0,0.0,51162.0
1360.0,37.0,0.0,2.0,0.0,58195.3
1361.0,34.0,0.0,2.0,0.0,56343.6
1362.0,34.0,0.0,2.0,0.0,63504.0
1363.0,40.0,0.0,2.0,0.0,43442.64
1364.0,53.0,0.0,1.0,0.0,47150.04
1365.0,39.0,0.0,2.0,0.0,77064.9
1366.0,40.0,0.0,2.0,0.0,53298.92
1367.0,35.0,0.0,2.0,0.0,56362.0
1368.0,38.0,1.0,1.0,0.0,46710.0
1369.0,62.0,0.0,2.0,0.0,19662.0
1370.0,38.0,0.0,1.0,0.0,35125.14
1371.0,34.0,0.0,2.0,0.0,66387.37
1372.0,34.0,0.0,1.0,0.0,49122.0
1373.0,37.0,0.0,2.0,0.0,56362.0
1374.0,37.0,0.0,2.0,0.0,48572.92
1375.0,37.0,0.0,2.0,0.0,45415.2
1376.0,47.0,0.0,2.0,0.0,68697.52
1377.0,50.0,0.0,2.0,0.0,70170.55
1378.0,53.0,0.0,2.0,0.0,41447.67
1379.0,40.0,0.0,1.0,0.0,56362.0
1380.0,34.0,0.0,1.0,0.0,66441.3
1381.0,60.0,0.0,2.0,0.0,90802.21
1382.0,54.0,0.0,2.0,0.0,50162.0
1383.0,43.0,0.0,2.0,0.0,47672.28
1384.0,49.0,0.0,2.0,0.0,20564.0
1385.0,53.0,0.0,2.0,0.0,62971.05
1386.0,35.0,0.0,2.0,0.0,43739.25
1387.0,38.0,1.0,1.0,,58506.0
1388.0,42.0,0.0,1.0,0.0,45263.85
1389.0,53.0,0.0,1.0,0.0,47465.74
1390.0,34.0,0.0,1.0,0.0,51469.65
1391.0,34.0,0.0,1.0,0.0,46461.3
1392.0,37.0,0.0,1.0,0.0,50212.0
1393.0,40.0,0.0,2.0,0.0,46926.23
1394.0,43.0,0.0,1.0,0.0,72818.39
1395.0,35.0,0.0,2.0,0.0,37162.0
1396.0,33.0,0.0,1.0,0.0,70162.0
1397.0,32.0,1.0,1.0,0.0,43662.0
1398.0,35.0,0.0,2.0,0.0,50317.3
1399.0,38.0,0.0,1.0,0.0,70440.0
1400.0,45.0,1.0,2.0,0.0,47670.75
1401.0,37.0,0.0,2.0,0.0,62993.56
1402.0,46.0,0.0,1.0,0.0,83394.0
1403.0,66.0,0.0,2.0,0.0,87909.88
1404.0,36.0,0.0,1.0,0.0,50212.0
1405.0,42.0,0.0,1.0,0.0,69855.0
1406.0,39.0,1.0,1.0,0.0,75951.28
1407.0,54.0,0.0,2.0,0.0,78816.24
1408.0,43.0,0.0,2.0,0.0,64332.65
1409.0,43.0,0.0,2.0,0.0,48124.55
1410.0,40.0,0.0,1.0,0.0,50226.24
1411.0,63.0,0.0,2.0,0.0,63402.0
1412.0,43.0,0.0,1.0,0.0,103897.19
1413.0,44.0,0.0,2.0,0.0,52682.0
1414.0,40.0,0.0,1.0,1.0,29880.0
1415.0,44.0,0.0,2.0,0.0,132533.32
1416.0,41.0,0.0,2.0,0.0,61186.66
1417.0,38.0,1.0,2.0,0.0,56823.0
1418.0,37.0,1.0,2.0,0.0,24162.0
1419.0,40.0,0.0,1.0,0.0,102662.0
1420.0,45.0,0.0,1.0,0.0,106140.0
1421.0,37.0,0.0,2.0,0.0,116733.31
1422.0,33.0,1.0,1.0,0.0,37164.45
1423.0,31.0,0.0,1.0,0.0,53474.82
1424.0,46.0,0.0,1.0,0.0,78521.6
1425.0,49.0,0.0,2.0,0.0,107410.97
1426.0,43.0,1.0,1.0,1.0,66864.02
1427.0,36.0,0.0,1.0,0.0,62586.0
1428.0,34.0,0.0,2.0,0.0,50785.82
1429.0,39.0,0.0,2.0,0.0,49770.0
1430.0,42.0,0.0,1.0,0.0,36896.71
1431.0,39.0,0.0,2.0,0.0,49826.53
1432.0,35.0,0.0,1.0,0.0,34946.78
1433.0,32.0,0.0,1.0,0.0,58897.06
1434.0,35.0,0.0,2.0,0.0,115162.0
1435.0,32.0,1.0,1.0,0.0,85103.01
1436.0,46.0,0.0,2.0,0.0,69286.11
1437.0,43.0,0.0,2.0,0.0,80861.85
1438.0,34.0,0.0,1.0,0.0,36260.21
1439.0,33.0,0.0,2.0,0.0,81012.0
1440.0,35.0,1.0,2.0,0.0,76662.0
1441.0,42.0,1.0,2.0,0.0,92566.99
1442.0,35.0,0.0,2.0,0.0,51810.2
1443.0,37.0,0.0,1.0,0.0,77274.0
1444.0,48.0,0.0,2.0,0.0,89135.47
1445.0,35.0,0.0,2.0,0.0,104587.56
1446.0,36.0,0.0,2.0,0.0,62808.36
1447.0,34.0,1.0,2.0,0.0,67392.24
1448.0,38.0,0.0,2.0,0.0,51662.0
1449.0,31.0,0.0,1.0,0.0,79729.8
1450.0,44.0,0.0,2.0,0.0,49891.96
1451.0,32.0,0.0,1.0,0.0,52498.22
1452.0,38.0,0.0,2.0,0.0,72120.13
1453.0,39.0,0.0,1.0,0.0,80561.02
1454.0,50.0,0.0,1.0,0.0,44308.41
1455.0,58.0,0.0,1.0,0.0,46287.36
1456.0,38.0,0.0,1.0,0.0,54295.33
1457.0,33.0,0.0,1.0,,41835.21
1458.0,34.0,0.0,2.0,0.0,67164.41
1459.0,39.0,0.0,1.0,0.0,43655.77
1460.0,46.0,0.0,1.0,0.0,55670.4
1461.0,40.0,0.0,1.0,0.0,44395.96
1462.0,40.0,0.0,1.0,0.0,44563.62
1463.0,41.0,0.0,2.0,0.0,74976.77
1464.0,37.0,0.0,1.0,0.0,76483.11
1465.0,31.0,0.0,1.0,0.0,57777.48
1466.0,44.0,0.0,1.0,0.0,76162.0
1467.0,43.0,0.0,1.0,0.0,33140.4
1468.0,42.0,0.0,1.0,0.0,78290.05
1469.0,38.0,0.0,2.0,0.0,72662.0
1470.0,32.0,0.0,2.0,0.0,47965.44
1471.0,41.0,0.0,1.0,0.0,47543.47
1472.0,39.0,0.0,2.0,0.0,35310.86
1473.0,36.0,0.0,2.0,0.0,43855.21
1474.0,56.0,0.0,2.0,0.0,97391.98
1475.0,40.0,0.0,2.0,0.0,56362.0
1476.0,39.0,0.0,1.0,0.0,44413.05
1477.0,40.0,0.0,1.0,0.0,36339.97
1478.0,35.0,1.0,2.0,0.0,33623.64
1479.0,33.0,0.0,2.0,0.0,47962.0
1480.0,52.0,0.0,1.0,0.0,76473.85
1481.0,34.0,0.0,1.0,0.0,42671.91
1482.0,33.0,0.0,2.0,0.0,37494.0
1483.0,33.0,0.0,1.0,0.0,55987.0
1484.0,30.0,0.0,1.0,0.0,60075.86
1485.0,46.0,0.0,2.0,0.0,35552.4
1486.0,35.0,0.0,2.0,0.0,56364.0
1487.0,38.0,0.0,1.0,0.0,63418.12
1488.0,41.0,0.0,2.0,0.0,51938.34
1489.0,36.0,0.0,1.0,0.0,66421.01
1490.0,44.0,1.0,2.0,0.0,47021.78
1491.0,36.0,0.0,2.0,0.0,65707.2
1492.0,52.0,0.0,1.0,0.0,37255.09
1493.0,40.0,0.0,1.0,0.0,52468.62
1494.0,42.0,0.0,1.0,0.0,39557.2
1495.0,34.0,0.0,1.0,0.0,57207.03
1496.0,40.0,0.0,1.0,0.0,43494.72
1497.0,45.0,0.0,2.0,0.0,46233.22
1498.0,43.0,0.0,1.0,0.0,65749.17
1499.0,49.0,0.0,2.0,0.0,101962.25
1500.0,42.0,0.0,2.0,1.0,95162.0
1501.0,40.0,0.0,1.0,0.0,63096.0
1502.0,33.0,0.0,1.0,0.0,52130.91
1503.0,34.0,0.0,1.0,0.0,51303.56
1504.0,42.0,0.0,2.0,0.0,69700.56
1505.0,30.0,0.0,1.0,0.0,37085.97
1506.0,48.0,0.0,1.0,0.0,43693.0
1507.0,42.0,0.0,2.0,0.0,74438.29
1508.0,43.0,0.0,2.0,0.0,119162.0
1509.0,31.0,0.0,1.0,0.0,49256.04
1510.0,38.0,0.0,1.0,0.0,54037.59
1511.0,35.0,0.0,1.0,0.0,62315.5
1512.0,38.0,0.0,2.0,0.0,76287.0
1513.0,47.0,1.0,1.0,0.0,57450.0
1514.0,31.0,0.0,2.0,0.0,50162.0
1515.0,41.0,0.0,1.0,0.0,56080.44
1516.0,50.0,0.0,1.0,0.0,57894.55
1517.0,39.0,0.0,2.0,0.0,63572.43
1518.0,52.0,0.0,2.0,1.0,80162.0
1519.0,41.0,0.0,2.0,,63315.3
1520.0,41.0,0.0,1.0,0.0,67074.0
1521.0,46.0,0.0,2.0,0.0,80677.28
1522.0,45.0,0.0,1.0,0.0,73304.39
1523.0,38.0,0.0,1.0,1.0,43447.75
1524.0,60.0,0.0,2.0,0.0,102874.86
1525.0,59.0,0.0,2.0,0.0,120328.2
1526.0,33.0,0.0,2.0,0.0,30087.62
1527.0,40.0,0.0,1.0,0.0,54634.4
1528.0,46.0,0.0,1.0,0.0,26292.0
1529.0,38.0,0.0,2.0,0.0,48978.06
1530.0,33.0,0.0,2.0,0.0,56362.0
1531.0,40.0,0.0,2.0,0.0,32298.0
1532.0,46.0,0.0,2.0,0.0,32607.0
1533.0,37.0,0.0,1.0,0.0,53990.22
1534.0,39.0,1.0,1.0,0.0,90162.0
1535.0,40.0,0.0,1.0,1.0,98031.0
1536.0,41.0,0.0,2.0,1.0,97997.11
1537.0,47.0,0.0,1.0,0.0,33486.2
1538.0,39.0,0.0,2.0,0.0,46754.0
1539.0,40.0,0.0,1.0,0.0,104162.0
1540.0,40.0,0.0,1.0,0.0,62081.07
1541.0,33.0,0.0,2.0,0.0,60138.0
1542.0,39.0,0.0,1.0,0.0,44666.64
1543.0,32.0,0.0,1.0,0.0,92387.0
1544.0,33.0,0.0,2.0,0.0,47379.2
1545.0,52.0,0.0,1.0,0.0,95508.4
1546.0,43.0,0.0,2.0,0.0,71851.32
1547.0,36.0,1.0,1.0,0.0,56998.07
1548.0,40.0,0.0,2.0,0.0,56362.0
1549.0,36.0,1.0,2.0,0.0,75912.0
1550.0,34.0,0.0,2.0,0.0,63590.77
1551.0,40.0,1.0,1.0,0.0,50162.36
1552.0,41.0,0.0,2.0,,111162.0
1553.0,55.0,0.0,2.0,0.0,63014.78
1554.0,30.0,1.0,1.0,,45442.86
1555.0,46.0,0.0,1.0,1.0,95356.87
1556.0,36.0,0.0,1.0,1.0,107282.0
1557.0,43.0,0.0,1.0,0.0,59855.53
1558.0,35.0,0.0,2.0,0.0,58048.0
1559.0,58.0,0.0,1.0,0.0,24642.0
1560.0,42.0,1.0,2.0,0.0,86806.96
1561.0,47.0,0.0,2.0,0.0,64778.75
1562.0,33.0,0.0,2.0,0.0,44871.96
1563.0,33.0,0.0,1.0,0.0,49831.22
1564.0,40.0,0.0,2.0,0.0,42825.55
1565.0,36.0,0.0,1.0,1.0,90781.4
1566.0,29.0,0.0,2.0,0.0,50019.0
1567.0,34.0,0.0,1.0,0.0,64213.59
1568.0,34.0,0.0,2.0,0.0,81422.52
1569.0,33.0,0.0,2.0,0.0,71162.0
1570.0,37.0,0.0,1.0,0.0,122634.4
1571.0,46.0,0.0,2.0,0.0,78778.31
1572.0,34.0,0.0,1.0,0.0,70397.6
1573.0,30.0,1.0,1.0,,46914.96
1574.0,31.0,0.0,1.0,0.0,76056.0
1575.0,34.0,0.0,1.0,0.0,37250.1
1576.0,47.0,1.0,2.0,0.0,115366.6
1577.0,42.0,0.0,2.0,0.0,118162.0
1578.0,37.0,0.0,2.0,0.0,49677.3
1579.0,39.0,0.0,2.0,0.0,83960.46
1580.0,49.0,0.0,1.0,0.0,69961.61
1581.0,55.0,0.0,2.0,0.0,54434.52
1582.0,34.0,0.0,2.0,0.0,69736.55
1583.0,31.0,0.0,1.0,0.0,44198.89
1584.0,46.0,0.0,2.0,0.0,55851.8
1585.0,34.0,0.0,2.0,0.0,56362.0
1586.0,38.0,0.0,1.0,1.0,80962.0
1587.0,32.0,0.0,1.0,0.0,58919.1
1588.0,50.0,1.0,1.0,0.0,73468.01
1589.0,35.0,0.0,1.0,0.0,62839.5
1590.0,41.0,0.0,1.0,0.0,67684.44
1591.0,33.0,0.0,1.0,0.0,44569.72
1592.0,38.0,0.0,1.0,0.0,47150.04
1593.0,63.0,0.0,2.0,0.0,99992.58
1594.0,42.0,0.0,2.0,0.0,90028.88
1595.0,44.0,0.0,2.0,0.0,112536.0
1596.0,40.0,0.0,2.0,0.0,72475.2
1597.0,40.0,0.0,1.0,0.0,73162.0
1598.0,34.0,0.0,1.0,0.0,39593.16
1599.0,31.0,0.0,1.0,0.0,44937.34
1600.0,32.0,0.0,2.0,0.0,69852.0
1601.0,50.0,0.0,1.0,0.0,28011.78
1602.0,35.0,0.0,2.0,0.0,66943.82
1603.0,32.0,0.0,2.0,0.0,57672.45
1604.0,40.0,0.0,1.0,,95205.56
1605.0,40.0,0.0,1.0,0.0,77188.0
1606.0,47.0,0.0,2.0,0.0,43553.94
1607.0,48.0,0.0,1.0,,43362.0
1608.0,33.0,0.0,1.0,0.0,52165.15
1609.0,27.0,0.0,2.0,,44032.43
1610.0,32.0,0.0,1.0,0.0,57488.04
1611.0,44.0,0.0,1.0,,56926.02
1612.0,32.0,0.0,1.0,0.0,49122.0
1613.0,42.0,0.0,1.0,0.0,105162.0
1614.0,59.0,0.0,1.0,0.0,45362.0
1615.0,52.0,0.0,2.0,0.0,54696.39
1616.0,44.0,0.0,1.0,0.0,56362.0
1617.0,60.0,0.0,1.0,0.0,66066.14
1618.0,39.0,0.0,1.0,0.0,52434.96
1619.0,38.0,0.0,2.0,0.0,96062.0
1620.0,38.0,0.0,2.0,0.0,74214.0
1621.0,34.0,0.0,1.0,0.0,51840.23
1622.0,35.0,1.0,1.0,0.0,55813.0
1623.0,34.0,0.0,2.0,0.0,49044.06
1624.0,37.0,0.0,1.0,0.0,38528.04
1625.0,32.0,0.0,1.0,0.0,59252.85
1626.0,38.0,0.0,2.0,0.0,33925.0
1627.0,39.0,0.0,2.0,0.0,36260.21
1628.0,35.0,0.0,2.0,0.0,46909.5
1629.0,40.0,0.0,2.0,0.0,46461.3
1630.0,51.0,0.0,1.0,0.0,32136.82
1631.0,42.0,0.0,2.0,0.0,51267.6
1632.0,34.0,0.0,1.0,0.0,59443.99
1633.0,31.0,0.0,1.0,0.0,41362.0
1634.0,36.0,1.0,2.0,0.0,63276.31
1635.0,39.0,0.0,1.0,0.0,45808.75
1636.0,39.0,0.0,2.0,0.0,88596.0
1637.0,33.0,0.0,1.0,0.0,37872.4
1638.0,36.0,0.0,1.0,0.0,67125.0
1639.0,49.0,0.0,1.0,0.0,44197.13
1640.0,47.0,1.0,1.0,,49602.0
1641.0,43.0,1.0,1.0,0.0,36702.0
1642.0,36.0,0.0,1.0,0.0,43718.94
1643.0,33.0,0.0,1.0,0.0,45372.77
1644.0,33.0,1.0,1.0,0.0,47592.62
1645.0,34.0,0.0,2.0,0.0,45873.11
1646.0,43.0,1.0,1.0,0.0,94917.71
1647.0,34.0,0.0,1.0,0.0,35902.8
1648.0,32.0,0.0,2.0,0.0,49393.28
1649.0,52.0,0.0,1.0,0.0,23162.0
1650.0,34.0,0.0,1.0,0.0,57775.43
1651.0,45.0,0.0,1.0,0.0,65181.16
1652.0,39.0,0.0,1.0,0.0,51514.11
1653.0,31.0,0.0,1.0,0.0,59262.0
1654.0,55.0,0.0,2.0,0.0,85436.0
1655.0,27.0,1.0,2.0,0.0,44935.93
1656.0,41.0,0.0,1.0,0.0,48773.47
1657.0,33.0,0.0,1.0,0.0,45325.44
1658.0,32.0,0.0,1.0,0.0,45349.56
1659.0,36.0,0.0,2.0,0.0,63667.33
1660.0,50.0,0.0,1.0,0.0,87985.46
1661.0,46.0,0.0,2.0,0.0,107315.08
1662.0,35.0,0.0,1.0,0.0,44467.88
1663.0,47.0,0.0,1.0,0.0,69062.0
1664.0,38.0,0.0,2.0,0.0,53847.46
1665.0,40.0,0.0,2.0,0.0,81645.42
1666.0,38.0,0.0,2.0,0.0,83738.54
1667.0,33.0,0.0,1.0,0.0,39103.54
1668.0,47.0,0.0,2.0,0.0,67885.94
1669.0,49.0,0.0,2.0,,92162.0
1670.0,35.0,0.0,1.0,0.0,39697.2
1671.0,35.0,0.0,2.0,0.0,71641.5
1672.0,37.0,0.0,2.0,1.0,80662.0
1673.0,35.0,1.0,2.0,0.0,53283.6
1674.0,36.0,1.0,1.0,0.0,72258.63
1675.0,33.0,0.0,2.0,0.0,39578.56
1676.0,37.0,0.0,2.0,1.0,23162.0
1677.0,41.0,0.0,2.0,0.0,67373.29
1678.0,34.0,0.0,1.0,0.0,47801.42
1679.0,46.0,0.0,2.0,0.0,62380.57
1680.0,35.0,0.0,1.0,0.0,44454.8
1681.0,38.0,0.0,2.0,0.0,56364.0
1682.0,37.0,0.0,2.0,0.0,101907.0
1683.0,51.0,0.0,2.0,0.0,61239.68
1684.0,41.0,1.0,2.0,0.0,69142.0
1685.0,44.0,0.0,2.0,0.0,80682.0
1686.0,36.0,0.0,2.0,0.0,75162.0
1687.0,34.0,0.0,2.0,0.0,39058.0
1688.0,51.0,0.0,2.0,0.0,62364.25
1689.0,47.0,1.0,2.0,0.0,101114.56
1690.0,48.0,0.0,1.0,0.0,91431.19
1691.0,46.0,0.0,2.0,0.0,49287.95
1692.0,43.0,0.0,2.0,0.0,94006.08
1693.0,31.0,0.0,2.0,0.0,51162.0
1694.0,42.0,0.0,2.0,0.0,56765.57
1695.0,33.0,0.0,2.0,0.0,62242.67
1696.0,34.0,0.0,1.0,0.0,92824.92
1697.0,59.0,1.0,1.0,0.0,20162.0
1698.0,41.0,0.0,1.0,0.0,68266.91
1699.0,35.0,0.0,1.0,0.0,45223.05
1700.0,34.0,0.0,1.0,1.0,45003.24
1701.0,46.0,0.0,2.0,0.0,43002.0
1702.0,32.0,0.0,2.0,0.0,68204.31
1703.0,33.0,0.0,2.0,0.0,47728.7
1704.0,47.0,0.0,1.0,0.0,69062.0
1705.0,46.0,1.0,2.0,,58416.17
1706.0,45.0,0.0,1.0,0.0,65849.1
1707.0,44.0,0.0,2.0,0.0,69023.79
1708.0,31.0,1.0,2.0,0.0,68530.85
1709.0,31.0,0.0,2.0,0.0,39370.0
1710.0,29.0,0.0,1.0,0.0,35552.4
1711.0,29.0,1.0,2.0,0.0,49601.81
1712.0,42.0,0.0,2.0,0.0,55162.0
1713.0,35.0,0.0,1.0,0.0,56362.0
1714.0,55.0,0.0,1.0,0.0,83633.85
1715.0,43.0,0.0,1.0,0.0,64163.7
1716.0,33.0,1.0,2.0,0.0,59238.7
1717.0,32.0,0.0,2.0,0.0,79662.0
1718.0,43.0,0.0,2.0,0.0,46700.49
1719.0,47.0,0.0,1.0,0.0,69133.89
1720.0,33.0,0.0,2.0,0.0,45014.29
1721.0,37.0,0.0,2.0,,44783.43
1722.0,41.0,0.0,2.0,0.0,48272.4
1723.0,44.0,0.0,2.0,0.0,49065.59
1724.0,42.0,0.0,1.0,0.0,51556.11
1725.0,35.0,0.0,2.0,0.0,89598.37
1726.0,54.0,0.0,1.0,0.0,52832.25
1727.0,40.0,0.0,2.0,0.0,96588.72
1728.0,35.0,0.0,2.0,0.0,81641.21
1729.0,38.0,0.0,1.0,0.0,50664.41
1730.0,33.0,0.0,1.0,0.0,56362.0
1731.0,57.0,0.0,2.0,0.0,82751.14
1732.0,45.0,0.0,2.0,0.0,58997.73
1733.0,40.0,0.0,1.0,0.0,39557.2
1734.0,43.0,0.0,2.0,0.0,110162.0
1735.0,45.0,0.0,2.0,,41711.18
1736.0,46.0,0.0,1.0,0.0,90387.78
1737.0,48.0,0.0,1.0,0.0,46919.71
1738.0,32.0,0.0,2.0,0.0,37138.45
1739.0,39.0,0.0,2.0,0.0,71599.85
1740.0,50.0,0.0,2.0,0.0,69161.33
1741.0,36.0,0.0,2.0,0.0,73339.77
1742.0,42.0,1.0,1.0,0.0,57030.26
1743.0,41.0,0.0,1.0,0.0,111042.63
1744.0,31.0,0.0,1.0,0.0,41549.11
1745.0,37.0,0.0,2.0,0.0,42794.1
1746.0,47.0,0.0,2.0,0.0,138110.35
1747.0,32.0,0.0,1.0,0.0,67162.0
1748.0,31.0,1.0,2.0,0.0,39370.0
1749.0,40.0,1.0,2.0,0.0,103120.8
1750.0,34.0,1.0,2.0,0.0,44175.08
1751.0,33.0,0.0,1.0,0.0,43653.95
1752.0,31.0,0.0,2.0,0.0,40729.98
1753.0,30.0,0.0,1.0,0.0,45939.0
1754.0,51.0,0.0,1.0,0.0,126195.22
1755.0,50.0,0.0,2.0,0.0,80564.72
1756.0,34.0,0.0,2.0,0.0,43758.8
1757.0,48.0,0.0,2.0,0.0,66037.39
1758.0,30.0,0.0,1.0,0.0,49122.0
1759.0,46.0,0.0,1.0,0.0,99794.35
1760.0,31.0,0.0,2.0,0.0,44520.49
1761.0,44.0,0.0,1.0,0.0,101080.8
1762.0,35.0,0.0,2.0,1.0,23162.0
1763.0,32.0,0.0,1.0,0.0,50142.0
1764.0,37.0,0.0,2.0,0.0,57486.0
1765.0,50.0,1.0,2.0,0.0,111062.0
1766.0,48.0,1.0,2.0,0.0,52453.3
1767.0,45.0,0.0,1.0,,30100.3
1768.0,37.0,0.0,2.0,0.0,97555.46
1769.0,34.0,1.0,2.0,0.0,62586.0
1770.0,32.0,1.0,1.0,0.0,39904.51
1771.0,39.0,0.0,1.0,0.0,97537.0
1772.0,37.0,0.0,1.0,0.0,85474.8
1773.0,40.0,0.0,1.0,0.0,101574.89
1774.0,33.0,1.0,1.0,0.0,39540.78
1775.0,42.0,0.0,2.0,0.0,19929.76
1776.0,32.0,0.0,2.0,0.0,75208.72
1777.0,29.0,0.0,2.0,0.0,72312.06
1778.0,35.0,0.0,2.0,0.0,42509.86
1779.0,43.0,0.0,1.0,,31167.0
1780.0,59.0,0.0,1.0,,47470.75
1781.0,43.0,0.0,2.0,0.0,58153.8
1782.0,61.0,0.0,2.0,0.0,56000.54
1783.0,43.0,0.0,2.0,0.0,52216.48
1784.0,35.0,0.0,1.0,0.0,40370.11
1785.0,32.0,0.0,1.0,,51662.0
1786.0,34.0,0.0,1.0,0.0,57362.0
1787.0,46.0,0.0,2.0,0.0,60138.0
1788.0,39.0,0.0,1.0,0.0,49619.39
1789.0,58.0,0.0,1.0,0.0,71134.54
1790.0,33.0,1.0,2.0,0.0,55792.8
1791.0,38.0,0.0,1.0,0.0,61089.41
1792.0,33.0,0.0,2.0,0.0,83682.0
1793.0,36.0,0.0,1.0,0.0,46460.18
1794.0,37.0,0.0,1.0,0.0,106212.0
1795.0,41.0,0.0,2.0,0.0,106449.29
1796.0,35.0,0.0,2.0,0.0,56362.0
1797.0,35.0,0.0,2.0,0.0,45442.86
1798.0,34.0,0.0,1.0,0.0,40971.24
1799.0,36.0,0.0,2.0,0.0,48877.65
1800.0,33.0,0.0,1.0,0.0,38680.22
1801.0,48.0,0.0,2.0,0.0,48272.4
1802.0,32.0,0.0,2.0,0.0,35373.91
1803.0,38.0,1.0,1.0,,92142.03
1804.0,39.0,0.0,2.0,0.0,95882.96
1805.0,35.0,1.0,1.0,0.0,100122.0
1806.0,33.0,0.0,2.0,0.0,81569.14
1807.0,33.0,0.0,2.0,,57912.0
1808.0,52.0,0.0,2.0,0.0,76532.26
1809.0,38.0,1.0,2.0,0.0,75999.73
1810.0,46.0,0.0,2.0,0.0,97552.62
1811.0,43.0,0.0,1.0,1.0,119439.46
1812.0,52.0,0.0,1.0,0.0,56812.0
1813.0,42.0,0.0,1.0,0.0,66663.2
1814.0,28.0,0.0,2.0,0.0,49437.0
1815.0,36.0,0.0,1.0,0.0,82162.0
1816.0,44.0,0.0,2.0,0.0,71932.08
1817.0,27.0,0.0,1.0,0.0,42596.89
1818.0,38.0,0.0,2.0,0.0,59654.98
1819.0,30.0,0.0,1.0,0.0,42835.51
1820.0,31.0,0.0,1.0,0.0,36162.0
1821.0,35.0,0.0,2.0,0.0,65390.88
1822.0,34.0,0.0,2.0,0.0,60760.61
1823.0,35.0,0.0,2.0,0.0,45975.68
1824.0,55.0,0.0,2.0,0.0,48366.0
1825.0,38.0,0.0,2.0,0.0,49318.85
1826.0,37.0,0.0,2.0,0.0,63912.0
1827.0,42.0,0.0,2.0,0.0,82980.75
1828.0,36.0,0.0,1.0,0.0,49265.95
1829.0,41.0,0.0,1.0,,50162.0
1830.0,50.0,0.0,2.0,0.0,89300.25
1831.0,39.0,0.0,1.0,0.0,61872.0
1832.0,29.0,0.0,1.0,0.0,47962.0
1833.0,35.0,0.0,1.0,0.0,49632.0
1834.0,35.0,0.0,1.0,1.0,73938.78
1835.0,42.0,0.0,2.0,0.0,19473.82
1836.0,27.0,0.0,1.0,,31772.17
1837.0,33.0,0.0,1.0,0.0,56362.0
1838.0,41.0,0.0,2.0,0.0,62074.12
1839.0,37.0,0.0,2.0,,102162.0
1840.0,42.0,0.0,1.0,0.0,47340.14
1841.0,32.0,1.0,1.0,0.0,46062.0
1842.0,31.0,0.0,2.0,0.0,64157.51
1843.0,33.0,1.0,2.0,0.0,56226.25
1844.0,44.0,0.0,1.0,1.0,78282.0
1845.0,32.0,1.0,2.0,0.0,60778.13
1846.0,42.0,0.0,2.0,0.0,83092.42
1847.0,37.0,0.0,2.0,0.0,111262.0
1848.0,32.0,0.0,2.0,1.0,62162.0
1849.0,38.0,0.0,2.0,0.0,71052.0
1850.0,33.0,0.0,2.0,0.0,85259.52
1851.0,37.0,0.0,1.0,0.0,46461.3
1852.0,31.0,0.0,1.0,0.0,45522.08
1853.0,47.0,0.0,1.0,0.0,47150.04
1854.0,30.0,0.0,1.0,0.0,23620.5
1855.0,38.0,0.0,1.0,0.0,34756.45
1856.0,33.0,0.0,1.0,0.0,39942.0
1857.0,34.0,0.0,2.0,0.0,93634.5
1858.0,36.0,0.0,2.0,0.0,48939.1
1859.0,41.0,0.0,2.0,0.0,34131.0
1860.0,38.0,0.0,2.0,0.0,34462.5
1861.0,46.0,0.0,2.0,0.0,65162.0
1862.0,47.0,0.0,2.0,0.0,119502.0
1863.0,36.0,0.0,1.0,0.0,110162.0
1864.0,39.0,0.0,1.0,0.0,101094.73
1865.0,50.0,0.0,1.0,0.0,72918.6
1866.0,48.0,0.0,2.0,0.0,66462.26
1867.0,55.0,0.0,2.0,0.0,57243.75
1868.0,31.0,0.0,2.0,0.0,69062.0
1869.0,35.0,0.0,1.0,0.0,45837.0
1870.0,31.0,0.0,1.0,0.0,41399.04
1871.0,33.0,0.0,2.0,0.0,50233.64
1872.0,29.0,0.0,2.0,0.0,76203.0
1873.0,49.0,0.0,2.0,0.0,60466.44
1874.0,34.0,0.0,1.0,0.0,52446.95
1875.0,32.0,0.0,2.0,0.0,37718.57
1876.0,38.0,0.0,2.0,0.0,116662.0
1877.0,36.0,0.0,1.0,0.0,49748.33
1878.0,30.0,1.0,2.0,0.0,47504.76
1879.0,52.0,0.0,2.0,0.0,22307.63
1880.0,43.0,1.0,2.0,0.0,46574.88
1881.0,31.0,0.0,2.0,0.0,50469.57
1882.0,34.0,0.0,1.0,0.0,83290.5
1883.0,27.0,0.0,2.0,0.0,43693.0
1884.0,43.0,0.0,2.0,0.0,56362.0
1885.0,35.0,0.0,2.0,0.0,48520.2
1886.0,65.0,0.0,2.0,1.0,77453.0
1887.0,46.0,0.0,2.0,0.0,89198.67
1888.0,32.0,0.0,2.0,0.0,38822.82
1889.0,45.0,0.0,1.0,0.0,61754.76
1890.0,56.0,0.0,1.0,0.0,73145.32
1891.0,33.0,0.0,1.0,0.0,47601.23
1892.0,31.0,0.0,1.0,,41176.62
1893.0,34.0,0.0,2.0,0.0,40562.0
1894.0,41.0,1.0,1.0,0.0,72653.4
1895.0,49.0,0.0,1.0,0.0,47469.57
1896.0,42.0,0.0,2.0,0.0,44494.84
1897.0,43.0,0.0,2.0,0.0,74871.04
1898.0,51.0,0.0,1.0,0.0,105222.0
1899.0,30.0,0.0,1.0,0.0,43452.3
1900.0,31.0,0.0,1.0,0.0,78957.0
1901.0,30.0,0.0,1.0,0.0,61873.58
1902.0,29.0,0.0,1.0,0.0,40686.57
1903.0,31.0,0.0,1.0,0.0,58564.0
1904.0,61.0,0.0,1.0,0.0,23133.0
1905.0,33.0,1.0,2.0,0.0,67751.59
1906.0,30.0,1.0,2.0,0.0,61534.38
1907.0,36.0,0.0,2.0,0.0,35362.2
1908.0,42.0,1.0,2.0,1.0,62662.0
1909.0,35.0,0.0,2.0,0.0,58634.56
1910.0,45.0,0.0,1.0,0.0,43693.0
1911.0,32.0,0.0,1.0,0.0,48775.4
1912.0,37.0,0.0,2.0,0.0,42806.95
1913.0,42.0,0.0,2.0,0.0,46062.0
1914.0,33.0,0.0,2.0,0.0,53318.18
1915.0,31.0,0.0,1.0,0.0,50627.91
1916.0,33.0,1.0,1.0,0.0,45604.23
1917.0,42.0,0.0,2.0,0.0,87662.0
1918.0,36.0,0.0,1.0,0.0,29232.0
1919.0,33.0,0.0,1.0,0.0,62292.85
1920.0,32.0,0.0,2.0,0.0,95673.66
1921.0,34.0,0.0,1.0,0.0,46362.0
1922.0,59.0,0.0,2.0,0.0,95377.35
1923.0,37.0,0.0,1.0,0.0,48317.11
1924.0,34.0,0.0,1.0,,45688.22
1925.0,40.0,0.0,2.0,0.0,45870.92
1926.0,37.0,0.0,2.0,0.0,48116.94
1927.0,46.0,0.0,1.0,1.0,44287.2
1928.0,27.0,0.0,1.0,0.0,48618.63
1929.0,31.0,0.0,2.0,0.0,45170.78
1930.0,30.0,1.0,1.0,0.0,44783.43
1931.0,27.0,0.0,1.0,0.0,42710.27
1932.0,33.0,0.0,1.0,0.0,41283.6
1933.0,35.0,0.0,1.0,0.0,52162.0
1934.0,42.0,0.0,1.0,0.0,46483.21
1935.0,61.0,0.0,1.0,0.0,48288.55
1936.0,31.0,0.0,1.0,0.0,46124.27
1937.0,30.0,0.0,1.0,0.0,41065.3
1938.0,27.0,0.0,2.0,0.0,47962.0
1939.0,34.0,0.0,1.0,0.0,56362.0
1940.0,32.0,0.0,1.0,0.0,44262.0
1941.0,30.0,0.0,1.0,0.0,36734.99
1942.0,32.0,0.0,1.0,0.0,56362.0
1943.0,39.0,0.0,1.0,0.0,88362.0
1944.0,41.0,0.0,1.0,0.0,84299.99
1945.0,40.0,1.0,1.0,0.0,63912.0
1946.0,37.0,0.0,1.0,1.0,81950.68
1947.0,31.0,0.0,1.0,0.0,56362.0
1948.0,34.0,0.0,1.0,,35141.71
1949.0,31.0,0.0,1.0,0.0,77423.44
1950.0,64.0,0.0,2.0,0.0,64900.36
1951.0,45.0,0.0,2.0,0.0,76014.57
1952.0,26.0,0.0,1.0,0.0,44994.23
1953.0,38.0,0.0,1.0,0.0,39593.16
1954.0,33.0,0.0,1.0,0.0,46988.32
1955.0,28.0,0.0,1.0,0.0,56362.0
1956.0,46.0,1.0,1.0,,102269.3
1957.0,34.0,0.0,2.0,0.0,82727.38
1958.0,38.0,0.0,1.0,0.0,56362.0
1959.0,33.0,0.0,2.0,0.0,37860.0
1960.0,40.0,0.0,2.0,0.0,66662.0
1961.0,43.0,0.0,2.0,0.0,81724.96
1962.0,37.0,1.0,2.0,0.0,61459.6
1963.0,31.0,0.0,1.0,0.0,43662.0
1964.0,34.0,0.0,1.0,0.0,45201.61
1965.0,28.0,0.0,2.0,0.0,38038.8
1966.0,45.0,0.0,2.0,0.0,51523.68
1967.0,39.0,0.0,1.0,0.0,56362.0
1968.0,33.0,0.0,1.0,0.0,45949.09
1969.0,50.0,0.0,2.0,0.0,65203.6
1970.0,54.0,1.0,1.0,0.0,47354.67
1971.0,39.0,0.0,2.0,0.0,43693.0
1972.0,45.0,0.0,1.0,0.0,79170.16
1973.0,40.0,0.0,2.0,0.0,58632.48
1974.0,30.0,0.0,1.0,,51162.0
1975.0,58.0,0.0,1.0,0.0,84004.0
1976.0,42.0,0.0,2.0,0.0,68802.39
1977.0,38.0,0.0,1.0,0.0,53285.49
1978.0,63.0,0.0,1.0,0.0,49835.03
1979.0,29.0,0.0,1.0,0.0,56362.0
1980.0,33.0,0.0,2.0,0.0,60566.41
1981.0,34.0,0.0,1.0,0.0,48643.68
1982.0,46.0,0.0,2.0,0.0,39804.1
1983.0,39.0,1.0,2.0,0.0,76662.0
1984.0,34.0,0.0,1.0,0.0,39333.98
1985.0,41.0,1.0,2.0,0.0,94512.0
1986.0,26.0,0.0,1.0,0.0,39020.24
1987.0,39.0,1.0,1.0,0.0,56107.68
1988.0,29.0,0.0,1.0,0.0,42423.3
1989.0,39.0,0.0,2.0,1.0,57103.5
1990.0,36.0,0.0,2.0,0.0,69400.62
1991.0,29.0,0.0,1.0,0.0,49320.9
1992.0,40.0,0.0,2.0,0.0,63668.01
1993.0,34.0,0.0,2.0,0.0,41427.19
1994.0,37.0,0.0,2.0,0.0,54262.8
1995.0,32.0,1.0,1.0,1.0,44951.22
1996.0,34.0,0.0,2.0,0.0,59398.5
1997.0,39.0,0.0,2.0,0.0,64722.0
1998.0,30.0,0.0,2.0,0.0,49953.88
1999.0,28.0,0.0,1.0,0.0,48806.52
2000.0,35.0,0.0,1.0,0.0,33162.0
2001.0,49.0,0.0,2.0,0.0,40381.78
2002.0,43.0,0.0,1.0,1.0,67482.0
2003.0,43.0,0.0,1.0,0.0,53591.27
2004.0,34.0,0.0,2.0,0.0,36219.88
2005.0,28.0,1.0,1.0,0.0,51893.75
2006.0,30.0,0.0,1.0,0.0,45141.04
2007.0,33.0,0.0,2.0,0.0,44162.0
2008.0,46.0,0.0,2.0,0.0,50602.52
2009.0,43.0,0.0,1.0,0.0,64479.64
2010.0,42.0,0.0,2.0,0.0,77453.05
2011.0,31.0,0.0,1.0,0.0,44472.96
2012.0,30.0,0.0,1.0,0.0,44665.81
2013.0,30.0,0.0,1.0,0.0,62199.36
2014.0,31.0,0.0,2.0,0.0,51776.69
2015.0,36.0,0.0,1.0,0.0,42162.03
2016.0,45.0,1.0,1.0,0.0,51437.65
2017.0,35.0,0.0,1.0,0.0,94252.5
2018.0,36.0,0.0,1.0,,41772.84
2019.0,29.0,0.0,1.0,0.0,56362.0
2020.0,33.0,0.0,1.0,0.0,48162.0
2021.0,27.0,0.0,2.0,0.0,28242.0
2022.0,50.0,0.0,2.0,0.0,55343.49
2023.0,62.0,0.0,2.0,0.0,21792.19
2024.0,33.0,0.0,2.0,0.0,50212.0
2025.0,28.0,0.0,1.0,0.0,46962.8
2026.0,31.0,0.0,1.0,0.0,43145.96
2027.0,34.0,0.0,2.0,0.0,44097.0
2028.0,28.0,1.0,1.0,,21777.36
2029.0,54.0,1.0,1.0,,44532.0
2030.0,35.0,0.0,1.0,0.0,85398.72
2031.0,49.0,0.0,1.0,0.0,42167.9
2032.0,34.0,0.0,1.0,0.0,61747.18
2033.0,33.0,1.0,1.0,0.0,71766.0
2034.0,34.0,0.0,1.0,0.0,67887.45
2035.0,33.0,0.0,1.0,0.0,45940.43
2036.0,34.0,0.0,1.0,0.0,94662.0
2037.0,35.0,0.0,1.0,0.0,100228.87
2038.0,44.0,0.0,1.0,0.0,74082.42
2039.0,35.0,0.0,1.0,0.0,44379.22
2040.0,36.0,0.0,1.0,1.0,43328.6
2041.0,29.0,0.0,1.0,0.0,37832.83
2042.0,37.0,0.0,2.0,0.0,37516.39
2043.0,33.0,0.0,2.0,0.0,50332.73
2044.0,50.0,0.0,1.0,0.0,104969.04
2045.0,37.0,0.0,1.0,0.0,44348.9
2046.0,33.0,0.0,1.0,0.0,42585.23
2047.0,46.0,0.0,2.0,0.0,47538.17
2048.0,39.0,0.0,2.0,0.0,56262.0
2049.0,38.0,0.0,1.0,,92393.98
2050.0,32.0,0.0,2.0,0.0,32162.0
2051.0,43.0,0.0,1.0,0.0,64162.0
2052.0,28.0,0.0,2.0,0.0,47056.93
2053.0,27.0,0.0,1.0,,45262.0
2054.0,44.0,0.0,2.0,0.0,90124.4
2055.0,44.0,0.0,2.0,0.0,98562.0
2056.0,37.0,0.0,1.0,0.0,95762.0
2057.0,30.0,0.0,2.0,0.0,36617.62
2058.0,35.0,0.0,2.0,0.0,62354.26
2059.0,31.0,0.0,1.0,0.0,44124.0
2060.0,31.0,0.0,1.0,0.0,56362.0
2061.0,45.0,0.0,2.0,1.0,79232.4
2062.0,39.0,0.0,1.0,0.0,66906.77
2063.0,33.0,0.0,1.0,0.0,42405.43
2064.0,37.0,0.0,1.0,0.0,45181.2
2065.0,32.0,1.0,1.0,0.0,56439.0
2066.0,41.0,0.0,1.0,0.0,36528.94
2067.0,47.0,0.0,2.0,0.0,94896.14
2068.0,42.0,0.0,2.0,0.0,48228.65
2069.0,31.0,0.0,1.0,0.0,56362.0
2070.0,32.0,0.0,1.0,,38922.0
2071.0,33.0,0.0,1.0,0.0,46825.5
2072.0,52.0,0.0,2.0,0.0,40962.0
2073.0,39.0,0.0,1.0,0.0,39418.41
2074.0,42.0,0.0,1.0,0.0,48020.4
2075.0,35.0,0.0,1.0,0.0,42379.5
2076.0,34.0,0.0,2.0,1.0,36617.62
2077.0,37.0,1.0,1.0,0.0,94698.0
2078.0,51.0,0.0,2.0,0.0,96656.32
2079.0,37.0,0.0,1.0,0.0,49397.97
2080.0,31.0,0.0,2.0,0.0,20162.0
2081.0,29.0,0.0,2.0,0.0,38768.18
2082.0,32.0,0.0,1.0,0.0,44468.54
2083.0,32.0,0.0,1.0,,38412.13
2084.0,36.0,0.0,1.0,0.0,56362.0
2085.0,47.0,0.0,1.0,0.0,40521.0
2086.0,37.0,0.0,2.0,0.0,39509.85
2087.0,30.0,0.0,2.0,0.0,45653.77
2088.0,50.0,0.0,2.0,0.0,40758.06
2089.0,35.0,0.0,1.0,0.0,41326.91
2090.0,38.0,0.0,1.0,0.0,112362.0
2091.0,48.0,0.0,2.0,0.0,76474.5
2092.0,50.0,0.0,2.0,0.0,44407.01
2093.0,34.0,0.0,2.0,0.0,76396.8
2094.0,37.0,0.0,2.0,0.0,77161.19
2095.0,49.0,0.0,2.0,0.0,79029.14
2096.0,42.0,0.0,2.0,0.0,88520.78
2097.0,42.0,0.0,1.0,0.0,43309.68
2098.0,35.0,0.0,1.0,0.0,47207.64
2099.0,33.0,0.0,1.0,0.0,48214.41
2100.0,43.0,0.0,2.0,0.0,46706.75
2101.0,37.0,0.0,2.0,0.0,42770.58
2102.0,30.0,0.0,1.0,0.0,40216.13
2103.0,31.0,0.0,1.0,0.0,47744.47
2104.0,47.0,0.0,1.0,0.0,45382.5
2105.0,46.0,0.0,2.0,0.0,95102.63
2106.0,45.0,0.0,1.0,0.0,74858.79
2107.0,46.0,0.0,1.0,0.0,49556.97
2108.0,54.0,0.0,2.0,0.0,69608.85
2109.0,42.0,0.0,1.0,0.0,89753.45
2110.0,42.0,1.0,2.0,1.0,61551.62
2111.0,43.0,0.0,1.0,0.0,94669.09
2112.0,45.0,0.0,2.0,0.0,52056.24
2113.0,42.0,0.0,1.0,0.0,72162.0
2114.0,59.0,0.0,1.0,0.0,67812.95
2115.0,52.0,0.0,1.0,0.0,115268.73
2116.0,49.0,0.0,1.0,0.0,81397.01
2117.0,47.0,0.0,2.0,0.0,92915.42
2118.0,44.0,0.0,1.0,0.0,47833.56
2119.0,51.0,0.0,2.0,0.0,74013.8
2120.0,51.0,0.0,1.0,0.0,75008.01
2121.0,44.0,0.0,2.0,0.0,95670.72
2122.0,46.0,0.0,1.0,0.0,100528.07
2123.0,39.0,1.0,1.0,0.0,48366.0
2124.0,53.0,0.0,1.0,0.0,78574.5
2125.0,48.0,0.0,2.0,0.0,81104.67
2126.0,48.0,0.0,1.0,0.0,42988.66
2127.0,67.0,0.0,2.0,0.0,49388.38
2128.0,45.0,0.0,2.0,0.0,82732.32
2129.0,54.0,0.0,1.0,0.0,67788.0
2130.0,51.0,0.0,2.0,0.0,117876.2
2131.0,49.0,0.0,1.0,0.0,66327.2
2132.0,42.0,0.0,2.0,0.0,68808.45
2133.0,41.0,0.0,1.0,0.0,67930.75
2134.0,38.0,0.0,1.0,0.0,62071.92
2135.0,42.0,0.0,1.0,0.0,114053.34
2136.0,47.0,0.0,1.0,0.0,81762.0
2137.0,53.0,0.0,2.0,0.0,80701.21
2138.0,40.0,0.0,1.0,0.0,89787.34
2139.0,48.0,0.0,1.0,0.0,67181.9
2140.0,47.0,0.0,2.0,0.0,81415.94
2141.0,49.0,0.0,2.0,0.0,56999.76
2142.0,59.0,0.0,1.0,0.0,55372.5
2143.0,40.0,0.0,1.0,0.0,49575.4
2144.0,44.0,0.0,1.0,0.0,45759.04
2145.0,41.0,0.0,2.0,0.0,83006.94
2146.0,40.0,0.0,1.0,0.0,46983.06
2147.0,39.0,0.0,2.0,0.0,114450.89
2148.0,38.0,0.0,2.0,0.0,110162.0
2149.0,57.0,0.0,2.0,0.0,106293.2
2150.0,37.0,0.0,1.0,0.0,50252.54
2151.0,43.0,0.0,1.0,0.0,56510.1
2152.0,41.0,0.0,1.0,0.0,65162.0
2153.0,46.0,0.0,2.0,0.0,122600.24
2154.0,42.0,0.0,2.0,0.0,102172.0
2155.0,59.0,0.0,2.0,0.0,59969.9
2156.0,42.0,0.0,2.0,0.0,61660.85
2157.0,38.0,0.0,1.0,0.0,65504.85
2158.0,40.0,0.0,2.0,0.0,104913.84
2159.0,53.0,0.0,2.0,0.0,131817.8
2160.0,43.0,0.0,2.0,0.0,110162.0
2161.0,46.0,0.0,2.0,0.0,69114.0
2162.0,42.0,0.0,2.0,0.0,113741.57
2163.0,53.0,0.0,1.0,0.0,66362.16
2164.0,49.0,0.0,2.0,0.0,100152.0
2165.0,48.0,0.0,2.0,0.0,50937.18
2166.0,40.0,0.0,2.0,0.0,42159.19
2167.0,54.0,0.0,1.0,0.0,49810.42
2168.0,54.0,0.0,1.0,,86267.98
2169.0,45.0,0.0,2.0,0.0,95668.17
2170.0,42.0,0.0,1.0,1.0,50160.0
2171.0,42.0,0.0,1.0,0.0,75862.29
2172.0,34.0,0.0,1.0,0.0,59462.0
2173.0,56.0,0.0,2.0,0.0,95959.51
2174.0,45.0,0.0,2.0,0.0,45012.09
2175.0,42.0,0.0,2.0,1.0,83997.43
2176.0,45.0,0.0,1.0,0.0,94675.32
2177.0,49.0,0.0,2.0,0.0,53762.32
2178.0,35.0,1.0,2.0,0.0,45664.32
2179.0,57.0,0.0,1.0,0.0,62041.33
2180.0,33.0,1.0,1.0,,41937.82
2181.0,62.0,0.0,2.0,0.0,49579.63
2182.0,36.0,0.0,1.0,0.0,97717.27
2183.0,39.0,0.0,1.0,0.0,52173.97
2184.0,39.0,0.0,2.0,0.0,50662.0
2185.0,50.0,0.0,1.0,0.0,48622.27
2186.0,39.0,0.0,1.0,0.0,60095.43
2187.0,39.0,0.0,2.0,0.0,77404.72
2188.0,38.0,0.0,1.0,0.0,53232.79
2189.0,37.0,0.0,2.0,0.0,48522.65
2190.0,39.0,0.0,2.0,0.0,59220.72
2191.0,34.0,0.0,2.0,0.0,76489.21
2192.0,36.0,1.0,1.0,0.0,56362.0
2193.0,49.0,0.0,2.0,0.0,53840.08
2194.0,53.0,0.0,1.0,0.0,47234.82
2195.0,47.0,0.0,2.0,0.0,48320.31
2196.0,50.0,0.0,2.0,0.0,80499.27
2197.0,36.0,0.0,1.0,0.0,50983.96
2198.0,49.0,0.0,2.0,0.0,51657.29
2199.0,43.0,0.0,1.0,0.0,42247.6
2200.0,51.0,0.0,1.0,0.0,46578.38
2201.0,50.0,0.0,2.0,0.0,98511.61
2202.0,37.0,1.0,2.0,0.0,79584.77
2203.0,37.0,0.0,2.0,0.0,120222.0
2204.0,40.0,0.0,2.0,0.0,65522.51
2205.0,33.0,0.0,1.0,0.0,47090.4
2206.0,45.0,0.0,2.0,0.0,76911.9
2207.0,42.0,0.0,2.0,0.0,78149.09
2208.0,40.0,0.0,2.0,0.0,54018.31
2209.0,43.0,0.0,1.0,0.0,101327.84
2210.0,42.0,0.0,1.0,0.0,62077.0
2211.0,34.0,1.0,1.0,0.0,58628.4
2212.0,45.0,0.0,2.0,0.0,68691.11
2213.0,42.0,0.0,2.0,0.0,69140.52
2214.0,45.0,0.0,1.0,0.0,65404.26
2215.0,47.0,0.0,2.0,0.0,43362.0
2216.0,43.0,0.0,1.0,0.0,76662.0
2217.0,38.0,0.0,1.0,0.0,71129.0
2218.0,30.0,0.0,1.0,0.0,56362.0
2219.0,46.0,0.0,1.0,0.0,112522.35
2220.0,57.0,0.0,1.0,0.0,43982.63
2221.0,52.0,0.0,1.0,0.0,50162.0
2222.0,34.0,0.0,1.0,0.0,44479.9
2223.0,38.0,0.0,2.0,0.0,43162.0
2224.0,59.0,0.0,2.0,0.0,46304.79
2225.0,44.0,0.0,2.0,0.0,41690.35
2226.0,38.0,0.0,1.0,0.0,105126.83
2227.0,53.0,1.0,2.0,0.0,66837.7
2228.0,41.0,0.0,2.0,0.0,39259.86
2229.0,36.0,0.0,2.0,0.0,46937.77
2230.0,53.0,0.0,1.0,1.0,70700.26
2231.0,43.0,1.0,1.0,0.0,42468.36
2232.0,45.0,0.0,1.0,0.0,107428.75
2233.0,34.0,0.0,2.0,0.0,43944.33
2234.0,39.0,0.0,2.0,0.0,51376.28
2235.0,59.0,0.0,2.0,0.0,114155.51
2236.0,47.0,0.0,2.0,0.0,53608.45
2237.0,41.0,0.0,2.0,0.0,40779.74
2238.0,58.0,1.0,1.0,0.0,59833.56
2239.0,45.0,0.0,2.0,0.0,54814.21
2240.0,41.0,0.0,1.0,0.0,44514.77
2241.0,44.0,0.0,1.0,0.0,65456.39
2242.0,44.0,0.0,2.0,0.0,60664.15
2243.0,34.0,0.0,2.0,0.0,86482.46
2244.0,51.0,0.0,1.0,,46362.0
2245.0,52.0,0.0,1.0,0.0,42495.42
2246.0,59.0,0.0,2.0,0.0,43085.84
2247.0,31.0,0.0,2.0,0.0,63220.64
2248.0,34.0,0.0,2.0,0.0,41733.8
2249.0,40.0,0.0,2.0,0.0,42742.96
2250.0,36.0,0.0,2.0,,57488.04
2251.0,41.0,0.0,2.0,0.0,110162.0
2252.0,37.0,0.0,1.0,,40935.85
2253.0,38.0,0.0,1.0,0.0,55389.47
2254.0,49.0,0.0,1.0,0.0,59223.06
2255.0,48.0,0.0,2.0,0.0,44432.34
2256.0,43.0,0.0,1.0,0.0,41283.6
2257.0,41.0,0.0,1.0,0.0,74468.81
2258.0,53.0,0.0,2.0,0.0,54924.32
2259.0,49.0,0.0,1.0,0.0,50305.06
2260.0,50.0,0.0,1.0,0.0,52427.19
2261.0,39.0,0.0,2.0,0.0,59144.57
2262.0,37.0,0.0,2.0,0.0,67919.13
2263.0,32.0,1.0,1.0,1.0,47916.36
2264.0,38.0,0.0,2.0,0.0,65636.27
2265.0,50.0,0.0,2.0,0.0,43613.95
2266.0,51.0,0.0,1.0,0.0,42050.88
2267.0,35.0,0.0,1.0,0.0,42049.87
2268.0,42.0,0.0,2.0,0.0,97567.2
2269.0,37.0,0.0,1.0,0.0,74101.8
2270.0,36.0,0.0,2.0,0.0,50441.81
2271.0,53.0,0.0,1.0,0.0,47479.79
2272.0,52.0,0.0,1.0,0.0,42402.38
2273.0,32.0,1.0,2.0,0.0,45001.72
2274.0,32.0,1.0,2.0,0.0,41242.04
2275.0,56.0,0.0,2.0,0.0,42295.08
2276.0,44.0,0.0,1.0,0.0,42986.53
2277.0,34.0,0.0,1.0,0.0,40672.2
2278.0,42.0,0.0,1.0,0.0,73621.02
2279.0,37.0,0.0,2.0,0.0,84879.66
2280.0,42.0,0.0,1.0,0.0,88162.0
2281.0,52.0,0.0,1.0,0.0,66071.11
2282.0,35.0,1.0,1.0,0.0,69522.0
2283.0,38.0,0.0,1.0,0.0,40870.25
2284.0,29.0,0.0,1.0,0.0,76770.14
2285.0,35.0,0.0,1.0,0.0,94179.0
2286.0,30.0,0.0,2.0,0.0,48713.95
2287.0,41.0,0.0,2.0,0.0,60599.33
2288.0,40.0,0.0,2.0,0.0,58611.93
2289.0,56.0,0.0,1.0,0.0,41691.18
2290.0,38.0,0.0,2.0,0.0,100825.67
2291.0,34.0,0.0,1.0,0.0,79022.92
2292.0,47.0,0.0,1.0,0.0,45192.21
2293.0,54.0,0.0,1.0,0.0,80462.0
2294.0,36.0,0.0,1.0,0.0,64401.76
2295.0,43.0,0.0,1.0,0.0,30462.0
2296.0,46.0,0.0,1.0,0.0,75162.0
2297.0,35.0,0.0,1.0,0.0,48117.97
2298.0,40.0,0.0,1.0,0.0,54957.0
2299.0,40.0,0.0,2.0,0.0,50021.72
2300.0,40.0,0.0,1.0,0.0,39155.28
2301.0,48.0,0.0,1.0,0.0,70440.43
2302.0,62.0,0.0,2.0,0.0,66286.02
2303.0,48.0,0.0,1.0,0.0,47328.0
2304.0,59.0,0.0,2.0,0.0,76440.77
2305.0,55.0,0.0,1.0,0.0,70717.0
2306.0,44.0,0.0,2.0,0.0,76295.49
2307.0,41.0,0.0,2.0,0.0,40760.91
2308.0,45.0,1.0,2.0,0.0,67912.85
2309.0,36.0,0.0,2.0,0.0,56362.0
2310.0,40.0,0.0,2.0,0.0,44506.41
2311.0,42.0,0.0,2.0,0.0,44532.0
2312.0,60.0,0.0,1.0,0.0,42706.12
2313.0,58.0,0.0,1.0,0.0,49042.98
2314.0,70.0,0.0,2.0,0.0,51336.08
2315.0,50.0,0.0,2.0,0.0,43956.92
2316.0,40.0,1.0,2.0,0.0,96042.0
2317.0,42.0,0.0,1.0,0.0,39357.43
2318.0,29.0,1.0,2.0,0.0,39413.86
2319.0,36.0,0.0,2.0,0.0,82587.0
2320.0,37.0,1.0,2.0,0.0,72424.48
2321.0,43.0,0.0,1.0,0.0,42866.95
2322.0,50.0,0.0,2.0,0.0,46797.77
2323.0,63.0,0.0,2.0,0.0,54578.25
2324.0,36.0,0.0,1.0,0.0,70827.95
2325.0,39.0,0.0,1.0,0.0,43245.38
2326.0,34.0,0.0,2.0,0.0,98983.0
2327.0,43.0,0.0,1.0,0.0,41186.61
2328.0,35.0,0.0,1.0,0.0,38630.9
2329.0,34.0,0.0,2.0,0.0,38687.71
2330.0,32.0,1.0,1.0,0.0,37831.26
2331.0,34.0,0.0,1.0,1.0,56362.0
2332.0,34.0,0.0,1.0,0.0,38399.97
2333.0,37.0,1.0,1.0,0.0,37738.94
2334.0,52.0,0.0,2.0,0.0,41476.51
2335.0,52.0,0.0,2.0,0.0,45810.39
2336.0,40.0,0.0,1.0,0.0,44413.15
2337.0,53.0,0.0,1.0,0.0,62386.49
2338.0,54.0,0.0,2.0,0.0,89731.31
2339.0,38.0,0.0,1.0,0.0,43538.7
2340.0,35.0,0.0,1.0,0.0,45382.51
2341.0,46.0,1.0,2.0,0.0,74831.93
2342.0,33.0,0.0,1.0,0.0,43108.44
2343.0,40.0,0.0,1.0,0.0,37646.61
2344.0,36.0,0.0,1.0,0.0,49126.52
2345.0,31.0,0.0,1.0,0.0,60946.37
2346.0,35.0,0.0,2.0,0.0,69062.0
2347.0,35.0,0.0,2.0,,38162.0
2348.0,39.0,0.0,2.0,0.0,64458.57
2349.0,34.0,0.0,2.0,0.0,49824.97
2350.0,32.0,0.0,1.0,0.0,44378.58
2351.0,38.0,0.0,2.0,0.0,75314.65
2352.0,33.0,0.0,2.0,0.0,76662.0
2353.0,55.0,1.0,1.0,0.0,103423.46
2354.0,56.0,0.0,2.0,0.0,51267.6
2355.0,45.0,0.0,1.0,0.0,47420.09
2356.0,34.0,0.0,2.0,0.0,88596.0
2357.0,42.0,0.0,1.0,0.0,44532.0
2358.0,39.0,0.0,2.0,,70050.0
2359.0,43.0,0.0,1.0,0.0,69098.07
2360.0,31.0,1.0,2.0,0.0,68247.0
2361.0,55.0,0.0,2.0,0.0,72602.97
2362.0,33.0,0.0,2.0,0.0,66014.8
2363.0,39.0,0.0,2.0,0.0,58162.0
2364.0,42.0,1.0,2.0,0.0,98162.0
2365.0,29.0,0.0,1.0,0.0,56362.0
2366.0,36.0,0.0,2.0,0.0,94512.0
2367.0,40.0,0.0,1.0,0.0,66975.96
2368.0,33.0,1.0,1.0,0.0,38725.2
2369.0,33.0,1.0,1.0,0.0,65162.0
2370.0,45.0,0.0,2.0,1.0,107579.01
2371.0,37.0,0.0,2.0,0.0,78702.0
2372.0,50.0,0.0,2.0,0.0,90164.5
2373.0,45.0,0.0,1.0,0.0,60450.5
2374.0,35.0,0.0,1.0,0.0,40720.7
2375.0,33.0,0.0,2.0,0.0,38781.43
2376.0,43.0,0.0,2.0,1.0,77523.42
2377.0,34.0,0.0,2.0,0.0,82662.0
2378.0,31.0,0.0,2.0,0.0,35526.42
2379.0,37.0,0.0,2.0,0.0,73347.0
2380.0,37.0,0.0,1.0,0.0,46006.27
2381.0,28.0,0.0,1.0,0.0,46980.0
2382.0,36.0,1.0,1.0,0.0,61997.09
2383.0,40.0,1.0,2.0,0.0,90170.92
2384.0,30.0,0.0,1.0,0.0,43699.5
2385.0,34.0,1.0,1.0,0.0,46162.0
2386.0,34.0,1.0,2.0,0.0,91817.39
2387.0,31.0,0.0,2.0,0.0,40522.99
2388.0,45.0,0.0,1.0,1.0,103426.9
2389.0,31.0,1.0,2.0,0.0,39965.15
2390.0,40.0,0.0,2.0,0.0,45003.24
2391.0,40.0,0.0,2.0,1.0,63220.64
2392.0,47.0,0.0,2.0,0.0,72040.27
2393.0,30.0,1.0,2.0,0.0,36260.21
2394.0,54.0,0.0,2.0,0.0,101164.34
2395.0,36.0,0.0,1.0,0.0,45804.52
2396.0,29.0,0.0,1.0,0.0,37494.0
2397.0,35.0,0.0,1.0,0.0,49672.63
2398.0,38.0,0.0,1.0,0.0,21544.4
2399.0,51.0,0.0,2.0,0.0,95162.0
2400.0,45.0,0.0,2.0,0.0,58962.0
2401.0,37.0,1.0,1.0,0.0,90162.0
2402.0,34.0,1.0,2.0,0.0,61122.9
2403.0,31.0,0.0,1.0,0.0,53222.4
2404.0,61.0,0.0,1.0,0.0,50514.39
2405.0,29.0,0.0,1.0,0.0,48882.0
2406.0,33.0,0.0,1.0,0.0,44422.0
2407.0,32.0,0.0,1.0,0.0,40438.68
2408.0,31.0,0.0,2.0,0.0,51373.93
2409.0,29.0,0.0,1.0,0.0,38800.63
2410.0,34.0,0.0,2.0,0.0,45855.23
2411.0,38.0,0.0,2.0,0.0,45909.04
2412.0,29.0,0.0,2.0,,50162.0
2413.0,33.0,0.0,2.0,0.0,44016.25
2414.0,38.0,0.0,2.0,0.0,40088.45
2415.0,35.0,0.0,1.0,0.0,44097.0
2416.0,31.0,0.0,2.0,0.0,54310.01
2417.0,40.0,0.0,2.0,0.0,119808.0
2418.0,60.0,0.0,2.0,0.0,31686.12
2419.0,31.0,0.0,2.0,0.0,42390.0
2420.0,47.0,0.0,2.0,0.0,86119.85
2421.0,29.0,0.0,1.0,,44124.0
2422.0,34.0,0.0,1.0,0.0,39200.6
2423.0,31.0,0.0,1.0,0.0,38473.51
2424.0,35.0,0.0,1.0,0.0,41494.08
2425.0,40.0,0.0,2.0,0.0,58617.59
2426.0,35.0,1.0,2.0,0.0,38806.34
2427.0,45.0,0.0,1.0,,109326.55
2428.0,40.0,0.0,1.0,1.0,108162.0
2429.0,35.0,0.0,2.0,0.0,108333.0
2430.0,30.0,0.0,2.0,0.0,50602.0
2431.0,55.0,0.0,1.0,0.0,135762.0
2432.0,29.0,0.0,1.0,,39500.04
2433.0,25.0,0.0,2.0,0.0,58162.0
2434.0,28.0,0.0,1.0,0.0,63392.82
2435.0,32.0,1.0,2.0,0.0,72378.0
2436.0,30.0,1.0,1.0,0.0,50824.5
2437.0,46.0,0.0,1.0,0.0,67112.26
2438.0,40.0,0.0,2.0,,100162.0
2439.0,27.0,0.0,1.0,0.0,38062.0
2440.0,43.0,0.0,1.0,0.0,76111.2
2441.0,52.0,0.0,1.0,0.0,107018.01
2442.0,41.0,0.0,1.0,0.0,48977.57
2443.0,44.0,0.0,2.0,1.0,110262.11
2444.0,40.0,0.0,2.0,,80162.0
2445.0,47.0,0.0,2.0,0.0,47258.46
2446.0,46.0,0.0,2.0,0.0,55394.97
2447.0,28.0,0.0,2.0,0.0,56362.0
2448.0,34.0,1.0,2.0,0.0,47012.15
2449.0,34.0,0.0,1.0,0.0,45362.0
2450.0,37.0,0.0,2.0,0.0,41361.25
2451.0,35.0,0.0,2.0,0.0,50162.0
2452.0,48.0,1.0,1.0,0.0,47841.14
2453.0,43.0,0.0,2.0,0.0,46033.42
2454.0,45.0,0.0,1.0,0.0,91370.1
2455.0,35.0,0.0,2.0,0.0,46133.0
2456.0,30.0,0.0,2.0,0.0,56364.0
2457.0,33.0,0.0,2.0,0.0,42149.21
2458.0,36.0,0.0,2.0,0.0,87711.66
2459.0,46.0,0.0,2.0,0.0,108282.0
2460.0,26.0,0.0,2.0,0.0,18882.04
2461.0,36.0,0.0,2.0,0.0,46787.33
2462.0,32.0,0.0,2.0,0.0,97537.0
2463.0,42.0,0.0,2.0,0.0,112183.22
2464.0,33.0,1.0,1.0,0.0,70302.65
2465.0,30.0,1.0,1.0,1.0,61984.2
2466.0,37.0,0.0,1.0,0.0,99488.43
2467.0,28.0,0.0,2.0,0.0,36162.0
2468.0,30.0,0.0,1.0,0.0,41006.67
2469.0,28.0,1.0,1.0,0.0,44111.14
2470.0,40.0,0.0,1.0,0.0,43693.0
2471.0,28.0,1.0,2.0,0.0,39511.59
2472.0,30.0,0.0,2.0,0.0,47962.0
2473.0,40.0,0.0,1.0,0.0,50935.44
2474.0,31.0,0.0,2.0,,48020.4
2475.0,32.0,0.0,2.0,0.0,39547.11
2476.0,36.0,0.0,2.0,0.0,104181.6
2477.0,56.0,0.0,2.0,0.0,89918.18
2478.0,42.0,0.0,2.0,0.0,56362.0
2479.0,42.0,0.0,2.0,0.0,61025.4
2480.0,27.0,0.0,2.0,0.0,43693.0
2481.0,29.0,0.0,1.0,,33534.83
2482.0,28.0,1.0,2.0,0.0,39278.0
2483.0,31.0,0.0,2.0,0.0,45162.0
2484.0,32.0,1.0,1.0,0.0,85096.39
2485.0,36.0,0.0,1.0,0.0,52750.55
2486.0,31.0,0.0,1.0,,38883.94
2487.0,30.0,1.0,1.0,0.0,44124.0
2488.0,32.0,0.0,1.0,0.0,49428.0
2489.0,52.0,1.0,1.0,0.0,35584.4
2490.0,41.0,0.0,2.0,0.0,87162.0
2491.0,29.0,0.0,1.0,0.0,46100.83
2492.0,48.0,0.0,2.0,0.0,95436.12
2493.0,40.0,0.0,1.0,0.0,78292.28
2494.0,34.0,0.0,1.0,1.0,95662.0
2495.0,31.0,0.0,2.0,0.0,58424.4
2496.0,32.0,0.0,2.0,0.0,39875.7
2497.0,32.0,0.0,2.0,0.0,69062.0
2498.0,42.0,0.0,2.0,0.0,68361.91
2499.0,27.0,0.0,2.0,0.0,44915.32
2500.0,48.0,0.0,2.0,0.0,45837.0
2501.0,31.0,1.0,2.0,0.0,48020.4
2502.0,31.0,0.0,1.0,0.0,36162.0
2503.0,40.0,0.0,2.0,0.0,102989.48
2504.0,25.0,0.0,2.0,0.0,47592.0
2505.0,32.0,0.0,1.0,0.0,48329.6
2506.0,27.0,1.0,1.0,0.0,44379.0
2507.0,28.0,0.0,2.0,0.0,43627.5
2508.0,27.0,0.0,2.0,0.0,57277.0
2509.0,43.0,0.0,1.0,0.0,33662.88
2510.0,34.0,0.0,2.0,0.0,57196.08
2511.0,37.0,1.0,1.0,0.0,42609.55
2512.0,27.0,1.0,2.0,0.0,38606.64
2513.0,31.0,0.0,2.0,0.0,56364.0
2514.0,33.0,0.0,2.0,0.0,51838.05
2515.0,43.0,0.0,2.0,0.0,46562.0
2516.0,29.0,1.0,1.0,,57174.0
2517.0,38.0,1.0,2.0,0.0,104933.39
2518.0,28.0,0.0,2.0,0.0,40883.26
2519.0,52.0,0.0,1.0,0.0,65389.15
2520.0,27.0,0.0,1.0,0.0,44258.0
2521.0,29.0,0.0,1.0,0.0,55162.4
2522.0,30.0,0.0,1.0,0.0,44124.0
2523.0,41.0,0.0,1.0,1.0,95670.72
2524.0,34.0,1.0,1.0,0.0,36295.5
2525.0,29.0,0.0,1.0,0.0,48162.0
2526.0,39.0,0.0,1.0,0.0,39889.1
2527.0,45.0,0.0,2.0,0.0,66707.61
2528.0,35.0,0.0,2.0,,45241.49
2529.0,43.0,0.0,1.0,0.0,57162.0
2530.0,47.0,0.0,1.0,,42599.15
2531.0,31.0,1.0,1.0,0.0,44631.25
2532.0,38.0,0.0,1.0,0.0,44128.31
2533.0,43.0,0.0,1.0,0.0,90162.0
2534.0,44.0,0.0,2.0,0.0,60168.06
2535.0,49.0,0.0,2.0,0.0,48096.65
2536.0,31.0,0.0,2.0,0.0,60108.05
2537.0,33.0,0.0,2.0,,42062.91
2538.0,40.0,0.0,1.0,0.0,43693.0
2539.0,27.0,0.0,2.0,0.0,44532.0
2540.0,31.0,0.0,1.0,0.0,43693.0
2541.0,31.0,0.0,1.0,0.0,43991.15
2542.0,38.0,0.0,1.0,0.0,39205.98
2543.0,32.0,0.0,1.0,0.0,39000.54
2544.0,28.0,0.0,1.0,0.0,56362.0
2545.0,38.0,0.0,2.0,,88433.21
2546.0,39.0,1.0,2.0,1.0,112362.0
2547.0,31.0,1.0,1.0,0.0,75162.0
2548.0,37.0,0.0,1.0,0.0,33624.0
2549.0,33.0,0.0,2.0,0.0,52946.77
2550.0,30.0,1.0,1.0,0.0,51099.98
2551.0,48.0,0.0,2.0,0.0,125162.0
2552.0,31.0,0.0,2.0,0.0,60199.55
2553.0,31.0,0.0,2.0,,25162.0
2554.0,58.0,0.0,1.0,0.0,107137.14
2555.0,36.0,1.0,1.0,0.0,52155.6
2556.0,34.0,0.0,2.0,0.0,42094.89
2557.0,56.0,0.0,2.0,0.0,56743.44
2558.0,37.0,0.0,2.0,0.0,40088.71
2559.0,32.0,0.0,2.0,0.0,46643.2
2560.0,39.0,1.0,2.0,0.0,78702.0
2561.0,35.0,0.0,2.0,0.0,98374.5
2562.0,37.0,0.0,2.0,0.0,44512.14
2563.0,25.0,0.0,2.0,0.0,45181.74
2564.0,32.0,0.0,1.0,0.0,47634.41
2565.0,34.0,0.0,2.0,0.0,75132.0
2566.0,33.0,0.0,1.0,0.0,46870.76
2567.0,30.0,0.0,2.0,0.0,57922.18
2568.0,34.0,0.0,2.0,0.0,47773.2
2569.0,31.0,0.0,2.0,0.0,40477.62
2570.0,31.0,0.0,2.0,0.0,40562.0
2571.0,45.0,0.0,2.0,0.0,51167.0
2572.0,28.0,0.0,1.0,0.0,45003.24
2573.0,31.0,0.0,2.0,0.0,34371.21
2574.0,33.0,1.0,1.0,0.0,38413.2
2575.0,35.0,0.0,1.0,0.0,38062.0
2576.0,32.0,0.0,2.0,0.0,39148.46
2577.0,43.0,0.0,2.0,0.0,56362.0
2578.0,34.0,0.0,2.0,,44162.0
2579.0,52.0,0.0,1.0,0.0,93043.8
2580.0,40.0,0.0,2.0,1.0,89922.0
2581.0,40.0,0.0,2.0,0.0,64764.31
2582.0,30.0,0.0,2.0,0.0,56362.0
2583.0,31.0,0.0,2.0,0.0,46321.9
2584.0,38.0,0.0,1.0,0.0,42982.57
2585.0,27.0,0.0,1.0,0.0,40485.01
2586.0,31.0,0.0,1.0,0.0,40683.64
2587.0,32.0,0.0,2.0,0.0,62634.96
2588.0,29.0,0.0,2.0,0.0,32602.59
2589.0,31.0,0.0,1.0,0.0,40862.0
2590.0,47.0,0.0,2.0,0.0,43908.5
2591.0,28.0,0.0,1.0,0.0,43693.0
2592.0,47.0,0.0,2.0,0.0,84477.47
2593.0,39.0,0.0,2.0,0.0,55623.12
2594.0,67.0,0.0,1.0,0.0,55712.0
2595.0,28.0,0.0,2.0,0.0,39022.07
2596.0,32.0,1.0,1.0,0.0,41375.61
2597.0,41.0,0.0,2.0,0.0,67482.0
2598.0,29.0,0.0,1.0,0.0,56362.0
2599.0,42.0,0.0,1.0,0.0,74834.66
2600.0,33.0,1.0,1.0,0.0,58462.0
2601.0,28.0,0.0,2.0,0.0,45003.24
2602.0,30.0,0.0,2.0,,36927.78
2603.0,39.0,1.0,1.0,,44532.0
2604.0,45.0,0.0,1.0,,37691.44
2605.0,29.0,1.0,1.0,0.0,57486.0
2606.0,33.0,0.0,1.0,0.0,71564.1
2607.0,32.0,0.0,1.0,0.0,38782.59
2608.0,33.0,0.0,1.0,,42123.57
2609.0,36.0,0.0,2.0,0.0,67125.0
2610.0,30.0,0.0,1.0,0.0,42437.96
2611.0,33.0,0.0,2.0,1.0,58632.48
2612.0,32.0,0.0,2.0,0.0,46345.87
2613.0,30.0,1.0,2.0,0.0,41720.09
2614.0,30.0,0.0,2.0,,37467.5
2615.0,30.0,1.0,1.0,0.0,54027.3
2616.0,48.0,0.0,2.0,0.0,98745.66
2617.0,46.0,0.0,2.0,0.0,70201.73
2618.0,38.0,0.0,2.0,0.0,106141.0
2619.0,32.0,0.0,2.0,0.0,43693.0
2620.0,43.0,0.0,2.0,0.0,56362.0
2621.0,50.0,0.0,2.0,0.0,52662.0
2622.0,50.0,0.0,2.0,0.0,78861.18
2623.0,33.0,0.0,2.0,0.0,87984.0
2624.0,29.0,0.0,1.0,0.0,45133.3
2625.0,27.0,0.0,2.0,0.0,36762.0
2626.0,37.0,0.0,2.0,0.0,72962.0
2627.0,31.0,0.0,1.0,0.0,46593.0
2628.0,33.0,0.0,2.0,0.0,43262.0
2629.0,35.0,0.0,1.0,1.0,53844.68
2630.0,40.0,0.0,1.0,0.0,57162.0
2631.0,32.0,0.0,2.0,0.0,36912.0
2632.0,43.0,0.0,2.0,0.0,84418.79
2633.0,37.0,0.0,2.0,0.0,44783.43
2634.0,33.0,0.0,2.0,0.0,56362.0
2635.0,32.0,1.0,1.0,0.0,42429.96
2636.0,33.0,0.0,2.0,0.0,43477.54
2637.0,34.0,0.0,2.0,0.0,57205.0
2638.0,34.0,0.0,2.0,0.0,48102.0
2639.0,38.0,0.0,1.0,,82047.0
2640.0,32.0,0.0,1.0,0.0,48020.4
2641.0,37.0,1.0,2.0,0.0,80862.81
2642.0,33.0,0.0,2.0,0.0,47490.0
2643.0,33.0,0.0,2.0,0.0,58962.0
2644.0,28.0,0.0,2.0,0.0,44783.43
2645.0,34.0,0.0,1.0,0.0,39696.54
2646.0,32.0,0.0,2.0,0.0,41821.45
2647.0,55.0,0.0,1.0,0.0,39356.87
2648.0,30.0,0.0,1.0,0.0,49856.4
2649.0,43.0,0.0,1.0,0.0,67024.66
2650.0,34.0,0.0,2.0,0.0,90237.59
2651.0,53.0,0.0,1.0,0.0,52985.31
2652.0,42.0,0.0,2.0,0.0,108525.75
2653.0,35.0,1.0,2.0,,56894.4
2654.0,33.0,0.0,1.0,0.0,48346.75
2655.0,39.0,0.0,2.0,0.0,39067.99
2656.0,33.0,0.0,1.0,0.0,90162.0
2657.0,50.0,1.0,1.0,1.0,90162.0
2658.0,31.0,0.0,1.0,0.0,43693.0
2659.0,30.0,1.0,2.0,0.0,57282.0
2660.0,47.0,0.0,2.0,0.0,119303.82
2661.0,32.0,0.0,1.0,0.0,44893.34
2662.0,32.0,0.0,2.0,0.0,53712.0
2663.0,31.0,0.0,2.0,0.0,38280.32
2664.0,48.0,0.0,2.0,0.0,70815.19
2665.0,32.0,0.0,2.0,0.0,87403.0
2666.0,34.0,1.0,2.0,0.0,73242.0
2667.0,33.0,0.0,1.0,0.0,95162.0
2668.0,37.0,0.0,2.0,0.0,62635.4
2669.0,37.0,0.0,1.0,0.0,87605.54
2670.0,31.0,0.0,1.0,0.0,43659.04
2671.0,36.0,0.0,2.0,0.0,45417.0
2672.0,40.0,0.0,2.0,0.0,60183.93
2673.0,32.0,0.0,2.0,0.0,81562.0
2674.0,48.0,0.0,2.0,0.0,67622.25
2675.0,41.0,0.0,2.0,0.0,56362.0
2676.0,49.0,0.0,1.0,0.0,48717.0
2677.0,43.0,0.0,2.0,0.0,73092.0
2678.0,41.0,0.0,1.0,0.0,45675.85
2679.0,30.0,1.0,2.0,0.0,35503.46
2680.0,32.0,0.0,2.0,0.0,39511.59
2681.0,30.0,0.0,2.0,1.0,62586.0
2682.0,39.0,0.0,2.0,0.0,92608.36
2683.0,44.0,0.0,2.0,0.0,50694.5
2684.0,44.0,0.0,2.0,0.0,37668.42
2685.0,43.0,0.0,2.0,0.0,44532.0
2686.0,44.0,0.0,1.0,0.0,84892.18
2687.0,34.0,0.0,2.0,0.0,38804.83
2688.0,33.0,0.0,1.0,0.0,105148.57
2689.0,29.0,0.0,1.0,0.0,56362.0
2690.0,34.0,0.0,2.0,0.0,64106.39
2691.0,29.0,0.0,2.0,0.0,39811.64
2692.0,37.0,0.0,1.0,0.0,62030.43
2693.0,36.0,1.0,1.0,,43050.64
2694.0,43.0,0.0,2.0,0.0,61729.73
2695.0,36.0,0.0,1.0,1.0,66353.98
2696.0,30.0,1.0,2.0,0.0,82621.0
2697.0,39.0,0.0,2.0,1.0,52162.0
2698.0,41.0,0.0,2.0,0.0,30762.0
2699.0,34.0,0.0,2.0,1.0,61410.35
2700.0,55.0,0.0,2.0,0.0,45130.98
2701.0,41.0,0.0,2.0,0.0,39600.3
2702.0,36.0,0.0,2.0,,82662.0
2703.0,28.0,0.0,2.0,0.0,42162.0
2704.0,31.0,0.0,2.0,0.0,55066.51
2705.0,57.0,0.0,2.0,0.0,118050.88
2706.0,52.0,0.0,2.0,0.0,42614.8
2707.0,39.0,0.0,2.0,0.0,42802.0
2708.0,32.0,0.0,1.0,0.0,56362.0
2709.0,40.0,1.0,2.0,0.0,96099.12
2710.0,47.0,0.0,1.0,0.0,84614.5
2711.0,32.0,0.0,2.0,0.0,39179.97
2712.0,35.0,0.0,2.0,1.0,94557.0
2713.0,48.0,0.0,1.0,0.0,67554.27
2714.0,40.0,0.0,2.0,0.0,112162.0
2715.0,37.0,0.0,2.0,0.0,52692.0
2716.0,52.0,0.0,1.0,0.0,44779.94
2717.0,41.0,0.0,1.0,0.0,93667.38
2718.0,42.0,0.0,2.0,0.0,76561.63
2719.0,34.0,0.0,1.0,0.0,44199.31
2720.0,35.0,0.0,2.0,0.0,46466.14
2721.0,40.0,0.0,2.0,0.0,39586.07
2722.0,33.0,1.0,1.0,0.0,55162.0
2723.0,39.0,0.0,1.0,0.0,89182.3
2724.0,38.0,0.0,1.0,0.0,56662.0
2725.0,30.0,0.0,1.0,0.0,41546.03
2726.0,36.0,1.0,1.0,0.0,97062.0
2727.0,41.0,0.0,2.0,0.0,77312.12
2728.0,42.0,0.0,1.0,0.0,56362.0
2729.0,38.0,0.0,2.0,0.0,76191.7
2730.0,31.0,0.0,1.0,0.0,43986.18
2731.0,29.0,0.0,1.0,0.0,40891.77
2732.0,46.0,1.0,1.0,0.0,40286.37
2733.0,37.0,0.0,1.0,0.0,48325.9
2734.0,57.0,0.0,2.0,0.0,18707.42
2735.0,33.0,0.0,2.0,0.0,53202.0
2736.0,43.0,1.0,1.0,0.0,42298.16
2737.0,41.0,0.0,1.0,0.0,44124.0
2738.0,45.0,0.0,2.0,,44812.5
2739.0,33.0,0.0,2.0,0.0,42069.8
2740.0,52.0,0.0,1.0,0.0,107116.37
2741.0,29.0,0.0,1.0,0.0,37385.47
2742.0,38.0,0.0,2.0,0.0,101239.1
2743.0,36.0,0.0,1.0,0.0,67112.0
2744.0,35.0,0.0,2.0,0.0,71562.0
2745.0,35.0,0.0,1.0,0.0,72662.0
2746.0,32.0,0.0,2.0,0.0,46062.0
2747.0,34.0,0.0,2.0,1.0,113241.7
2748.0,35.0,0.0,1.0,0.0,83947.35
2749.0,39.0,1.0,1.0,0.0,55262.0
2750.0,36.0,0.0,1.0,0.0,63402.0
2751.0,32.0,0.0,1.0,0.0,40840.39
2752.0,40.0,0.0,1.0,0.0,61762.0
2753.0,42.0,1.0,2.0,0.0,60834.15
2754.0,36.0,1.0,1.0,0.0,100162.0
2755.0,50.0,0.0,1.0,,108312.0
2756.0,45.0,0.0,1.0,0.0,57748.14
2757.0,28.0,0.0,2.0,0.0,44532.0
2758.0,29.0,0.0,2.0,0.0,51418.35
2759.0,44.0,0.0,2.0,0.0,53184.94
2760.0,36.0,1.0,1.0,0.0,83394.0
2761.0,47.0,0.0,1.0,0.0,49599.71
2762.0,42.0,0.0,1.0,0.0,89862.0
2763.0,37.0,1.0,2.0,0.0,46693.85
2764.0,35.0,0.0,1.0,0.0,70066.55
2765.0,49.0,0.0,2.0,0.0,88236.86
2766.0,31.0,0.0,1.0,0.0,30162.0
2767.0,42.0,1.0,2.0,0.0,39537.57
2768.0,46.0,0.0,1.0,0.0,82319.91
2769.0,34.0,1.0,2.0,0.0,63640.44
2770.0,32.0,0.0,1.0,0.0,41078.38
2771.0,36.0,0.0,1.0,0.0,72633.44
2772.0,46.0,0.0,2.0,0.0,44262.0
2773.0,29.0,0.0,2.0,0.0,36562.0
2774.0,44.0,0.0,1.0,1.0,109404.0
2775.0,34.0,1.0,1.0,0.0,51162.0
2776.0,32.0,0.0,2.0,0.0,44610.48
2777.0,41.0,1.0,1.0,0.0,41363.94
2778.0,37.0,0.0,1.0,0.0,48337.93
2779.0,36.0,0.0,1.0,0.0,67112.0
2780.0,43.0,0.0,2.0,0.0,93070.76
2781.0,31.0,0.0,2.0,0.0,53227.6
2782.0,48.0,0.0,1.0,0.0,44539.6
2783.0,27.0,0.0,1.0,,30755.31
2784.0,50.0,0.0,2.0,0.0,53689.34
2785.0,37.0,0.0,1.0,,54914.86
2786.0,48.0,0.0,2.0,0.0,106267.5
2787.0,47.0,0.0,2.0,0.0,103681.65
2788.0,41.0,0.0,2.0,0.0,84868.83
2789.0,32.0,0.0,2.0,0.0,44532.0
2790.0,31.0,0.0,2.0,0.0,39509.37
2791.0,37.0,0.0,2.0,0.0,40875.95
2792.0,38.0,0.0,1.0,0.0,39078.44
2793.0,46.0,0.0,2.0,0.0,40246.56
2794.0,37.0,0.0,2.0,0.0,39586.11
2795.0,29.0,0.0,2.0,0.0,32338.17
2796.0,39.0,0.0,1.0,0.0,100695.9
2797.0,36.0,0.0,1.0,0.0,61932.67
2798.0,47.0,1.0,2.0,0.0,98990.5
2799.0,46.0,0.0,2.0,0.0,39393.81
2800.0,53.0,0.0,1.0,0.0,38843.65
2801.0,37.0,0.0,1.0,0.0,44022.79
2802.0,36.0,0.0,2.0,0.0,39702.33
2803.0,30.0,0.0,2.0,0.0,47490.0
2804.0,28.0,0.0,1.0,0.0,42451.86
2805.0,37.0,0.0,1.0,0.0,62872.15
2806.0,38.0,0.0,1.0,0.0,42893.61
2807.0,49.0,0.0,2.0,0.0,52962.21
2808.0,34.0,0.0,1.0,0.0,38653.1
2809.0,39.0,1.0,2.0,0.0,101121.6
2810.0,38.0,1.0,1.0,0.0,57254.5
2811.0,42.0,0.0,2.0,0.0,78457.2
2812.0,26.0,0.0,2.0,0.0,31879.15
2813.0,31.0,1.0,1.0,0.0,72811.5
2814.0,41.0,0.0,2.0,0.0,48471.17
2815.0,34.0,0.0,1.0,0.0,56362.0
2816.0,50.0,0.0,2.0,0.0,39373.55
2817.0,37.0,1.0,2.0,0.0,52947.0
2818.0,30.0,1.0,1.0,0.0,73284.77
2819.0,33.0,0.0,2.0,0.0,88853.2
2820.0,34.0,0.0,1.0,0.0,64116.01
2821.0,32.0,0.0,2.0,0.0,39500.65
2822.0,61.0,0.0,1.0,0.0,39213.25
2823.0,34.0,0.0,2.0,0.0,56364.0
2824.0,40.0,0.0,1.0,0.0,107323.2
2825.0,41.0,0.0,2.0,0.0,81232.51
2826.0,37.0,0.0,1.0,0.0,70440.0
2827.0,38.0,0.0,2.0,0.0,40098.81
2828.0,31.0,0.0,2.0,,43262.0
2829.0,31.0,1.0,2.0,0.0,43262.0
2830.0,34.0,0.0,2.0,0.0,40370.11
2831.0,35.0,0.0,1.0,0.0,68369.22
2832.0,41.0,0.0,2.0,0.0,20514.75
2833.0,52.0,0.0,2.0,0.0,43758.8
2834.0,46.0,0.0,1.0,0.0,32634.96
2835.0,29.0,0.0,1.0,0.0,56362.0
2836.0,38.0,1.0,2.0,0.0,58634.56
2837.0,38.0,0.0,2.0,0.0,72676.19
2838.0,40.0,1.0,1.0,0.0,117501.16
2839.0,46.0,0.0,2.0,0.0,35177.16
2840.0,38.0,0.0,1.0,1.0,98634.36
2841.0,33.0,0.0,1.0,0.0,42426.98
2842.0,38.0,0.0,2.0,,81532.0
2843.0,46.0,0.0,2.0,0.0,69488.79
2844.0,42.0,0.0,1.0,0.0,61762.0
2845.0,53.0,0.0,2.0,0.0,66402.09
2846.0,28.0,0.0,1.0,0.0,34883.03
2847.0,31.0,0.0,1.0,0.0,39362.93
2848.0,33.0,0.0,1.0,0.0,52117.5
2849.0,35.0,0.0,1.0,0.0,64983.0
2850.0,35.0,0.0,2.0,0.0,49069.12
2851.0,29.0,0.0,2.0,,34182.84
2852.0,27.0,0.0,1.0,0.0,35552.4
2853.0,36.0,0.0,1.0,0.0,99233.58
2854.0,37.0,0.0,2.0,0.0,70132.5
2855.0,38.0,0.0,2.0,0.0,38788.89
2856.0,32.0,0.0,1.0,0.0,41817.99
2857.0,40.0,0.0,2.0,0.0,39944.79
2858.0,33.0,0.0,2.0,0.0,37385.47
2859.0,28.0,0.0,1.0,0.0,42067.37
2860.0,31.0,0.0,1.0,0.0,43908.5
2861.0,31.0,1.0,2.0,,56362.0
2862.0,41.0,0.0,2.0,0.0,54234.89
2863.0,30.0,0.0,2.0,0.0,58302.0
2864.0,42.0,0.0,2.0,,49856.4
2865.0,29.0,0.0,1.0,0.0,45162.0
2866.0,38.0,0.0,2.0,0.0,38562.45
2867.0,29.0,0.0,1.0,0.0,42681.17
2868.0,40.0,0.0,1.0,0.0,40888.93
2869.0,37.0,0.0,1.0,0.0,47041.56
2870.0,38.0,0.0,1.0,0.0,38869.97
2871.0,28.0,0.0,2.0,0.0,72633.0
2872.0,24.0,0.0,1.0,0.0,36607.82
2873.0,30.0,0.0,2.0,0.0,56362.0
2874.0,44.0,0.0,2.0,0.0,58050.06
2875.0,33.0,0.0,1.0,0.0,51011.04
2876.0,37.0,0.0,2.0,1.0,62513.26
2877.0,40.0,1.0,2.0,0.0,55162.0
2878.0,36.0,0.0,2.0,0.0,54263.83
2879.0,47.0,0.0,2.0,,61846.5
2880.0,33.0,1.0,1.0,0.0,48019.25
2881.0,39.0,0.0,1.0,0.0,119808.0
2882.0,29.0,1.0,2.0,0.0,37206.8
2883.0,30.0,1.0,2.0,0.0,54222.0
2884.0,32.0,0.0,2.0,0.0,55171.69
2885.0,30.0,1.0,1.0,0.0,58424.4
2886.0,41.0,0.0,1.0,0.0,72162.13
2887.0,28.0,0.0,2.0,0.0,46401.14
2888.0,34.0,0.0,2.0,0.0,38551.95
2889.0,29.0,0.0,2.0,0.0,37290.0
2890.0,31.0,0.0,1.0,0.0,86191.11
2891.0,42.0,0.0,2.0,0.0,64750.03
2892.0,29.0,0.0,1.0,0.0,56362.0
2893.0,28.0,0.0,2.0,0.0,45666.08
2894.0,29.0,0.0,1.0,0.0,20358.0
2895.0,32.0,0.0,2.0,0.0,20358.0
2896.0,34.0,0.0,2.0,0.0,95409.6
2897.0,53.0,0.0,2.0,1.0,94257.0
2898.0,29.0,1.0,1.0,0.0,56639.5
2899.0,51.0,0.0,1.0,0.0,56979.76
2900.0,29.0,0.0,1.0,0.0,58050.06
2901.0,31.0,0.0,2.0,0.0,44423.25
2902.0,28.0,1.0,2.0,0.0,53222.4
2903.0,33.0,0.0,1.0,0.0,69751.0
2904.0,33.0,0.0,2.0,0.0,70542.0
2905.0,40.0,0.0,2.0,0.0,65768.4
2906.0,46.0,0.0,1.0,0.0,64982.66
2907.0,31.0,0.0,1.0,0.0,62567.64
2908.0,50.0,0.0,2.0,,100458.25
2909.0,43.0,0.0,2.0,0.0,111068.64
2910.0,28.0,0.0,2.0,0.0,44134.5
2911.0,32.0,0.0,1.0,0.0,44302.18
2912.0,40.0,0.0,2.0,0.0,79135.6
2913.0,27.0,0.0,2.0,0.0,32642.0
2914.0,41.0,0.0,2.0,0.0,31438.85
2915.0,28.0,0.0,1.0,0.0,44555.0
2916.0,40.0,0.0,1.0,0.0,46085.46
2917.0,40.0,0.0,1.0,0.0,100162.0
2918.0,39.0,0.0,2.0,0.0,84210.0
2919.0,30.0,0.0,2.0,0.0,56162.0
2920.0,40.0,0.0,1.0,0.0,49854.0
2921.0,36.0,1.0,2.0,0.0,46261.85
2922.0,26.0,1.0,1.0,0.0,40562.0
2923.0,47.0,0.0,1.0,0.0,102894.49
2924.0,33.0,1.0,2.0,,61096.8
2925.0,36.0,0.0,2.0,0.0,48929.53
2926.0,30.0,0.0,2.0,0.0,51139.26
2927.0,33.0,1.0,2.0,0.0,69606.7
2928.0,62.0,1.0,2.0,0.0,37307.92
2929.0,28.0,0.0,2.0,0.0,42030.38
2930.0,29.0,0.0,1.0,0.0,33657.0
2931.0,27.0,0.0,2.0,0.0,42349.97
2932.0,28.0,0.0,2.0,0.0,44124.0
2933.0,45.0,0.0,1.0,0.0,80394.88
2934.0,32.0,0.0,1.0,0.0,39368.25
2935.0,31.0,0.0,1.0,0.0,44967.0
2936.0,31.0,0.0,2.0,0.0,56362.0
2937.0,26.0,0.0,2.0,0.0,30162.0
2938.0,33.0,0.0,1.0,0.0,38989.86
2939.0,33.0,1.0,1.0,0.0,38017.74
2940.0,28.0,1.0,1.0,0.0,38479.5
2941.0,27.0,1.0,1.0,0.0,45487.5
2942.0,44.0,0.0,2.0,0.0,68643.81
2943.0,30.0,0.0,2.0,0.0,35613.0
2944.0,35.0,0.0,2.0,0.0,35189.65
2945.0,38.0,0.0,1.0,0.0,57945.0
2946.0,30.0,0.0,1.0,0.0,51162.0
2947.0,34.0,0.0,1.0,0.0,40485.01
2948.0,33.0,0.0,2.0,0.0,50551.43
2949.0,39.0,0.0,2.0,0.0,60858.0
2950.0,26.0,0.0,2.0,0.0,60331.53
2951.0,42.0,0.0,1.0,0.0,71793.54
2952.0,30.0,0.0,2.0,0.0,41176.91
2953.0,39.0,0.0,1.0,0.0,39469.88
2954.0,36.0,1.0,1.0,,48050.82
2955.0,34.0,0.0,2.0,,93770.46
2956.0,28.0,0.0,2.0,0.0,61641.0
2957.0,33.0,1.0,2.0,0.0,70184.75
2958.0,36.0,0.0,1.0,0.0,38968.87
2959.0,40.0,0.0,2.0,0.0,39161.23
2960.0,33.0,0.0,1.0,0.0,38490.48
2961.0,36.0,0.0,2.0,0.0,33565.5
2962.0,51.0,0.0,2.0,0.0,36912.0
2963.0,29.0,0.0,1.0,0.0,44717.97
2964.0,28.0,0.0,1.0,0.0,56162.0
2965.0,36.0,0.0,2.0,0.0,70512.0
2966.0,52.0,0.0,1.0,0.0,55303.2
2967.0,44.0,0.0,2.0,0.0,81938.52
2968.0,31.0,0.0,2.0,0.0,64346.45
2969.0,34.0,1.0,2.0,0.0,89463.0
2970.0,33.0,0.0,1.0,0.0,39566.71
2971.0,39.0,0.0,2.0,0.0,37704.09
2972.0,35.0,0.0,2.0,0.0,37348.52
2973.0,35.0,1.0,1.0,0.0,34618.5
2974.0,29.0,0.0,1.0,0.0,50162.0
2975.0,29.0,0.0,2.0,0.0,43693.0
2976.0,45.0,0.0,2.0,,34382.0
2977.0,32.0,0.0,2.0,0.0,46324.55
2978.0,36.0,0.0,2.0,0.0,46475.93
2979.0,29.0,0.0,2.0,0.0,34672.0
2980.0,37.0,0.0,1.0,0.0,42430.8
2981.0,39.0,0.0,2.0,0.0,23162.0
2982.0,37.0,0.0,2.0,0.0,38468.1
2983.0,32.0,1.0,1.0,0.0,39890.0
2984.0,32.0,0.0,2.0,0.0,32722.0
2985.0,32.0,0.0,2.0,0.0,62562.0
2986.0,27.0,0.0,1.0,0.0,43212.0
2987.0,27.0,1.0,1.0,0.0,20362.0
2988.0,37.0,0.0,2.0,0.0,67647.52
2989.0,36.0,0.0,1.0,0.0,49428.0
2990.0,53.0,0.0,1.0,0.0,47475.75
2991.0,57.0,0.0,2.0,0.0,93765.72
2992.0,28.0,0.0,2.0,,39302.0
2993.0,41.0,0.0,2.0,0.0,83362.0
2994.0,41.0,0.0,1.0,0.0,45770.42
2995.0,48.0,0.0,2.0,0.0,71859.6
2996.0,30.0,0.0,2.0,0.0,39557.2
2997.0,54.0,0.0,2.0,0.0,73762.0
2998.0,34.0,0.0,2.0,0.0,69267.87
2999.0,37.0,0.0,1.0,0.0,77309.0
3000.0,36.0,0.0,2.0,0.0,71089.65
3001.0,46.0,0.0,2.0,0.0,55835.61
3002.0,47.0,0.0,1.0,0.0,40082.45
3003.0,59.0,0.0,2.0,0.0,40158.55
3004.0,26.0,0.0,2.0,,20162.0
3005.0,37.0,0.0,2.0,0.0,41474.01
3006.0,34.0,0.0,2.0,0.0,49627.71
3007.0,47.0,0.0,1.0,0.0,42403.79
3008.0,47.0,0.0,2.0,0.0,47239.45
3009.0,38.0,1.0,2.0,0.0,58828.44
3010.0,32.0,0.0,1.0,0.0,75832.25
3011.0,42.0,0.0,1.0,0.0,97380.54
3012.0,64.0,0.0,2.0,0.0,46474.6
3013.0,32.0,1.0,1.0,0.0,43908.5
3014.0,38.0,0.0,2.0,,44162.0
3015.0,35.0,0.0,1.0,0.0,65064.6
3016.0,33.0,0.0,2.0,0.0,36912.0
3017.0,32.0,0.0,2.0,1.0,39810.05
3018.0,39.0,0.0,1.0,1.0,50805.42
3019.0,26.0,0.0,2.0,0.0,56362.0
3020.0,34.0,0.0,1.0,0.0,38157.31
3021.0,38.0,0.0,2.0,0.0,91662.0
3022.0,29.0,0.0,2.0,0.0,43262.0
3023.0,32.0,0.0,2.0,0.0,18252.0
3024.0,52.0,0.0,1.0,0.0,45603.55
3025.0,31.0,0.0,1.0,0.0,43262.0
3026.0,28.0,0.0,2.0,0.0,43693.0
3027.0,31.0,1.0,1.0,0.0,86095.61
3028.0,32.0,0.0,2.0,0.0,43662.0
3029.0,33.0,0.0,2.0,,22162.0
3030.0,28.0,0.0,1.0,0.0,39131.07
3031.0,36.0,0.0,1.0,0.0,56362.0
3032.0,28.0,0.0,1.0,0.0,45417.0
3033.0,27.0,0.0,1.0,0.0,45452.75
3034.0,33.0,1.0,1.0,0.0,64968.6
3035.0,44.0,0.0,2.0,0.0,69553.39
3036.0,31.0,0.0,1.0,0.0,57270.62
3037.0,29.0,0.0,2.0,0.0,39647.18
3038.0,28.0,0.0,1.0,0.0,44563.62
3039.0,37.0,0.0,1.0,0.0,23620.5
3040.0,40.0,0.0,1.0,1.0,97837.2
3041.0,29.0,0.0,1.0,,32529.8
3042.0,29.0,0.0,2.0,0.0,38687.71
3043.0,46.0,0.0,2.0,0.0,79791.5
3044.0,47.0,0.0,1.0,0.0,80344.75
3045.0,30.0,0.0,1.0,0.0,34672.0
3046.0,34.0,1.0,2.0,0.0,88412.4
3047.0,28.0,0.0,2.0,0.0,44022.0
3048.0,35.0,0.0,1.0,0.0,69062.0
3049.0,41.0,1.0,2.0,1.0,95202.54
3050.0,29.0,0.0,1.0,0.0,45003.24
3051.0,36.0,0.0,1.0,0.0,40266.01
3052.0,43.0,0.0,2.0,0.0,93548.3
3053.0,31.0,0.0,2.0,0.0,70205.85
3054.0,61.0,0.0,1.0,0.0,38028.81
3055.0,31.0,1.0,1.0,0.0,38718.0
3056.0,42.0,0.0,2.0,1.0,95764.94
3057.0,37.0,0.0,2.0,0.0,48937.58
3058.0,33.0,0.0,2.0,0.0,56362.0
3059.0,33.0,0.0,2.0,0.0,45003.24
3060.0,30.0,0.0,2.0,0.0,56362.0
3061.0,46.0,0.0,2.0,0.0,93807.18
3062.0,39.0,0.0,2.0,0.0,135153.43
3063.0,36.0,0.0,2.0,0.0,79906.2
3064.0,31.0,0.0,1.0,0.0,56362.0
3065.0,28.0,1.0,1.0,0.0,40484.03
3066.0,50.0,0.0,2.0,0.0,65726.35
3067.0,39.0,1.0,2.0,1.0,71062.37
3068.0,31.0,0.0,2.0,0.0,40286.37
3069.0,29.0,0.0,2.0,0.0,40286.37
3070.0,25.0,1.0,1.0,0.0,36362.0
3071.0,39.0,0.0,1.0,0.0,51141.6
3072.0,30.0,0.0,1.0,0.0,44022.0
3073.0,27.0,1.0,1.0,0.0,39890.0
3074.0,38.0,1.0,2.0,0.0,73602.0
3075.0,49.0,0.0,2.0,0.0,101984.91
3076.0,50.0,1.0,1.0,1.0,20362.0
3077.0,49.0,0.0,1.0,0.0,63570.87
3078.0,38.0,0.0,2.0,0.0,70295.45
3079.0,31.0,0.0,1.0,0.0,46777.12
3080.0,26.0,0.0,1.0,0.0,44124.0
3081.0,32.0,0.0,1.0,0.0,57486.0
3082.0,31.0,1.0,2.0,0.0,75181.73
3083.0,38.0,0.0,2.0,0.0,40683.64
3084.0,32.0,1.0,1.0,0.0,63501.96
3085.0,40.0,0.0,1.0,0.0,57662.0
3086.0,28.0,1.0,1.0,0.0,40713.37
3087.0,32.0,0.0,2.0,0.0,56362.0
3088.0,28.0,0.0,2.0,0.0,41527.61
3089.0,39.0,0.0,1.0,0.0,38687.7
3090.0,32.0,0.0,1.0,0.0,33657.0
3091.0,31.0,0.0,1.0,0.0,33721.5
3092.0,28.0,1.0,1.0,0.0,35662.0
3093.0,29.0,0.0,2.0,,33840.3
3094.0,31.0,0.0,2.0,0.0,29007.6
3095.0,46.0,0.0,2.0,0.0,92168.73
3096.0,38.0,0.0,1.0,0.0,72677.99
3097.0,43.0,0.0,1.0,1.0,59804.01
3098.0,37.0,0.0,2.0,0.0,51162.0
3099.0,32.0,0.0,2.0,0.0,44278.8
3100.0,43.0,0.0,2.0,0.0,48977.57
3101.0,45.0,0.0,2.0,0.0,40381.78
3102.0,33.0,0.0,2.0,0.0,66060.9
3103.0,33.0,0.0,1.0,0.0,39182.8
3104.0,37.0,0.0,2.0,0.0,38732.0
3105.0,35.0,0.0,2.0,0.0,38419.0
3106.0,37.0,0.0,2.0,1.0,74622.0
3107.0,49.0,0.0,1.0,0.0,55095.44
3108.0,35.0,0.0,1.0,0.0,37099.82
3109.0,42.0,0.0,2.0,0.0,55905.92
3110.0,36.0,0.0,1.0,0.0,67548.71
3111.0,28.0,0.0,1.0,0.0,38653.1
3112.0,44.0,0.0,2.0,0.0,41034.0
3113.0,37.0,0.0,2.0,0.0,46124.27
3114.0,42.0,0.0,2.0,0.0,84108.0
3115.0,38.0,0.0,2.0,0.0,40883.26
3116.0,32.0,1.0,1.0,0.0,67469.76
3117.0,41.0,0.0,2.0,0.0,68464.26
3118.0,28.0,0.0,2.0,0.0,42089.04
3119.0,29.0,0.0,1.0,0.0,56362.0
3120.0,32.0,0.0,1.0,0.0,46162.0
3121.0,33.0,0.0,2.0,1.0,57767.0
3122.0,28.0,0.0,2.0,0.0,56362.0
3123.0,44.0,0.0,2.0,0.0,104085.39
3124.0,36.0,0.0,1.0,0.0,38223.98
3125.0,33.0,0.0,2.0,0.0,41238.0
3126.0,31.0,0.0,1.0,0.0,56362.0
3127.0,28.0,0.0,2.0,0.0,56364.0
3128.0,29.0,0.0,1.0,0.0,43693.0
3129.0,32.0,0.0,2.0,0.0,45107.0
3130.0,33.0,0.0,2.0,0.0,44314.5
3131.0,32.0,0.0,2.0,0.0,63811.87
3132.0,39.0,0.0,2.0,0.0,45139.7
3133.0,33.0,0.0,2.0,0.0,57957.62
3134.0,45.0,0.0,1.0,0.0,52702.2
3135.0,29.0,0.0,1.0,0.0,38537.43
3136.0,38.0,0.0,1.0,0.0,116850.0
3137.0,45.0,0.0,2.0,0.0,53222.4
3138.0,40.0,1.0,2.0,0.0,83339.5
3139.0,42.0,0.0,2.0,,29242.23
3140.0,35.0,0.0,1.0,,67662.0
3141.0,36.0,0.0,2.0,0.0,55623.44
3142.0,34.0,0.0,2.0,0.0,56362.0
3143.0,33.0,1.0,1.0,0.0,73170.0
3144.0,34.0,0.0,2.0,0.0,56362.0
3145.0,33.0,0.0,2.0,0.0,88242.0
3146.0,40.0,0.0,2.0,0.0,108337.0
3147.0,36.0,0.0,2.0,0.0,115522.0
3148.0,29.0,0.0,2.0,0.0,38222.98
3149.0,34.0,0.0,1.0,0.0,84822.0
3150.0,46.0,0.0,2.0,0.0,92484.88
3151.0,25.0,1.0,1.0,0.0,36705.0
3152.0,39.0,0.0,1.0,0.0,34375.97
3153.0,43.0,1.0,1.0,,66462.0
3154.0,27.0,0.0,2.0,0.0,38031.0
3155.0,32.0,0.0,2.0,0.0,45003.24
3156.0,38.0,1.0,1.0,0.0,60190.48
3157.0,29.0,0.0,1.0,0.0,65707.2
3158.0,36.0,0.0,1.0,0.0,53921.06
3159.0,30.0,0.0,2.0,0.0,35189.65
3160.0,31.0,0.0,2.0,0.0,65953.24
3161.0,29.0,0.0,1.0,0.0,38162.0
3162.0,28.0,1.0,2.0,0.0,48020.4
3163.0,31.0,0.0,2.0,0.0,56362.0
3164.0,34.0,0.0,2.0,0.0,85474.8
3165.0,41.0,0.0,2.0,0.0,18891.04
3166.0,46.0,0.0,1.0,0.0,39320.43
3167.0,29.0,1.0,2.0,0.0,39399.87
3168.0,37.0,0.0,2.0,0.0,60505.2
3169.0,30.0,0.0,1.0,,60948.9
3170.0,36.0,0.0,2.0,0.0,56362.0
3171.0,40.0,0.0,1.0,0.0,61162.34
3172.0,38.0,0.0,2.0,0.0,44795.16
3173.0,38.0,1.0,2.0,0.0,25412.0
3174.0,32.0,0.0,2.0,0.0,43693.0
3175.0,32.0,0.0,1.0,0.0,40286.37
3176.0,35.0,0.0,2.0,0.0,35554.04
3177.0,59.0,0.0,1.0,0.0,31377.06
3178.0,32.0,0.0,2.0,0.0,37320.6
3179.0,42.0,1.0,1.0,0.0,62448.3
3180.0,35.0,0.0,2.0,0.0,74404.3
3181.0,26.0,0.0,1.0,0.0,43662.0
3182.0,29.0,0.0,2.0,0.0,38082.05
3183.0,32.0,0.0,1.0,0.0,44602.35
3184.0,39.0,0.0,1.0,0.0,51662.0
3185.0,40.0,0.0,1.0,0.0,55032.9
3186.0,26.0,0.0,1.0,0.0,41478.18
3187.0,28.0,0.0,1.0,0.0,39837.56
3188.0,32.0,0.0,2.0,0.0,37209.75
3189.0,35.0,0.0,2.0,0.0,37831.26
3190.0,42.0,0.0,1.0,0.0,41751.99
3191.0,47.0,0.0,2.0,0.0,44967.0
3192.0,29.0,1.0,2.0,0.0,44124.0
3193.0,42.0,0.0,2.0,0.0,105721.55
3194.0,31.0,1.0,1.0,0.0,43124.4
3195.0,30.0,0.0,1.0,0.0,115162.0
3196.0,30.0,0.0,2.0,1.0,57488.04
3197.0,32.0,0.0,2.0,0.0,20562.0
3198.0,40.0,0.0,1.0,1.0,81344.41
3199.0,42.0,0.0,1.0,0.0,54525.96
3200.0,37.0,0.0,2.0,0.0,66937.4
3201.0,34.0,0.0,2.0,0.0,48834.0
3202.0,31.0,0.0,2.0,,40272.31
3203.0,38.0,0.0,2.0,0.0,91925.28
3204.0,26.0,0.0,1.0,0.0,33293.23
3205.0,31.0,1.0,1.0,0.0,66462.0
3206.0,27.0,0.0,2.0,0.0,44124.0
3207.0,55.0,0.0,2.0,0.0,90177.41
3208.0,31.0,0.0,1.0,0.0,43693.0
3209.0,36.0,0.0,1.0,0.0,37902.0
3210.0,38.0,1.0,2.0,,94092.0
3211.0,25.0,1.0,2.0,0.0,25162.0
3212.0,27.0,0.0,2.0,1.0,47898.0
3213.0,28.0,0.0,2.0,0.0,37376.85
3214.0,40.0,0.0,2.0,0.0,85162.0
3215.0,40.0,0.0,2.0,0.0,60505.79
3216.0,47.0,0.0,2.0,0.0,31686.12
3217.0,33.0,0.0,1.0,0.0,43662.0
3218.0,33.0,0.0,2.0,0.0,44339.5
3219.0,38.0,0.0,2.0,0.0,80742.0
3220.0,34.0,0.0,1.0,1.0,104682.0
3221.0,56.0,1.0,2.0,,31374.0
3222.0,47.0,1.0,2.0,0.0,20358.0
3223.0,34.0,1.0,1.0,0.0,80487.0
3224.0,28.0,1.0,2.0,0.0,72162.0
3225.0,32.0,0.0,1.0,0.0,44503.86
3226.0,31.0,1.0,2.0,0.0,66822.0
3227.0,30.0,0.0,1.0,0.0,49562.0
3228.0,51.0,0.0,1.0,0.0,37494.0
3229.0,52.0,0.0,2.0,0.0,104286.9
3230.0,35.0,0.0,1.0,0.0,46253.01
3231.0,34.0,1.0,2.0,0.0,64721.88
3232.0,27.0,0.0,1.0,0.0,20562.0
3233.0,42.0,0.0,2.0,0.0,36077.69
3234.0,29.0,0.0,1.0,0.0,58610.0
3235.0,51.0,0.0,2.0,0.0,61362.0
3236.0,33.0,0.0,1.0,0.0,48593.25
3237.0,41.0,0.0,2.0,0.0,79162.0
3238.0,40.0,1.0,2.0,0.0,74902.0
3239.0,32.0,0.0,2.0,0.0,46316.91
3240.0,43.0,0.0,2.0,0.0,86311.2
3241.0,50.0,0.0,1.0,0.0,79343.25
3242.0,44.0,0.0,2.0,0.0,82082.28
3243.0,59.0,1.0,1.0,0.0,37269.2
3244.0,34.0,0.0,1.0,0.0,39415.3
3245.0,33.0,0.0,2.0,0.0,61246.45
3246.0,27.0,0.0,2.0,0.0,50890.61
3247.0,35.0,0.0,2.0,0.0,44124.0
3248.0,36.0,0.0,2.0,0.0,44563.62
3249.0,30.0,1.0,1.0,0.0,82635.07
3250.0,35.0,0.0,2.0,0.0,56448.48
3251.0,51.0,0.0,2.0,0.0,55162.01
3252.0,37.0,0.0,2.0,0.0,108535.27
3253.0,33.0,0.0,1.0,0.0,83116.56
3254.0,40.0,0.0,1.0,0.0,88262.0
3255.0,36.0,0.0,2.0,0.0,38413.2
3256.0,28.0,1.0,1.0,0.0,38350.8
3257.0,26.0,0.0,1.0,0.0,44532.0
3258.0,37.0,0.0,2.0,0.0,59387.0
3259.0,33.0,0.0,2.0,0.0,49224.04
3260.0,30.0,0.0,2.0,0.0,40452.0
3261.0,30.0,0.0,2.0,0.0,37250.83
3262.0,34.0,0.0,2.0,0.0,40452.0
3263.0,34.0,0.0,2.0,0.0,52028.89
3264.0,31.0,0.0,1.0,0.0,44128.31
3265.0,61.0,0.0,1.0,0.0,48221.99
3266.0,27.0,0.0,2.0,0.0,46349.23
3267.0,28.0,0.0,1.0,0.0,48162.0
3268.0,36.0,0.0,2.0,,52162.0
3269.0,32.0,0.0,2.0,0.0,47792.55
3270.0,26.0,0.0,2.0,0.0,48889.76
3271.0,34.0,0.0,2.0,0.0,83362.0
3272.0,29.0,0.0,2.0,0.0,48908.89
3273.0,33.0,0.0,2.0,0.0,43162.0
3274.0,32.0,0.0,1.0,0.0,53528.4
3275.0,56.0,0.0,2.0,0.0,47898.0
3276.0,45.0,0.0,2.0,0.0,56262.0
3277.0,42.0,1.0,1.0,0.0,55157.2
3278.0,29.0,0.0,1.0,0.0,40763.6
3279.0,32.0,0.0,1.0,0.0,44291.28
3280.0,26.0,0.0,1.0,0.0,42162.0
3281.0,30.0,0.0,2.0,0.0,52162.0
3282.0,36.0,0.0,2.0,0.0,52162.0
3283.0,35.0,0.0,2.0,0.0,45662.0
3284.0,32.0,0.0,2.0,,40474.83
3285.0,47.0,0.0,1.0,0.0,120777.0
3286.0,32.0,0.0,2.0,0.0,80840.17
3287.0,35.0,0.0,2.0,0.0,35539.07
3288.0,28.0,0.0,1.0,0.0,60162.0
3289.0,44.0,0.0,1.0,0.0,33234.0
3290.0,32.0,0.0,1.0,0.0,35552.4
3291.0,36.0,0.0,2.0,0.0,49709.81
3292.0,39.0,0.0,1.0,0.0,85050.48
3293.0,32.0,0.0,2.0,0.0,49683.33
3294.0,39.0,0.0,1.0,0.0,61362.0
3295.0,29.0,1.0,1.0,0.0,62758.77
3296.0,29.0,0.0,1.0,0.0,56362.0
3297.0,54.0,0.0,1.0,0.0,90162.0
3298.0,31.0,0.0,1.0,,34914.99
3299.0,27.0,0.0,2.0,0.0,43693.0
3300.0,47.0,0.0,2.0,0.0,72997.14
3301.0,42.0,0.0,1.0,1.0,39995.71
3302.0,31.0,1.0,1.0,0.0,58262.0
3303.0,53.0,0.0,1.0,0.0,40725.8
3304.0,34.0,0.0,1.0,0.0,79908.66
3305.0,33.0,0.0,1.0,0.0,50548.78
3306.0,40.0,0.0,1.0,0.0,42205.2
3307.0,33.0,1.0,2.0,0.0,86862.0
3308.0,36.0,0.0,1.0,0.0,77162.0
3309.0,28.0,1.0,1.0,0.0,35907.37
3310.0,37.0,0.0,1.0,0.0,44563.62
3311.0,31.0,1.0,1.0,0.0,44563.62
3312.0,35.0,0.0,1.0,0.0,59219.29
3313.0,27.0,0.0,1.0,0.0,52504.08
3314.0,35.0,0.0,1.0,0.0,39392.49
3315.0,27.0,0.0,1.0,0.0,41762.0
3316.0,32.0,1.0,2.0,1.0,93392.24
3317.0,37.0,0.0,2.0,0.0,37605.6
3318.0,28.0,0.0,2.0,0.0,79459.85
3319.0,28.0,0.0,2.0,0.0,69527.44
3320.0,36.0,0.0,2.0,0.0,70950.0
3321.0,28.0,0.0,1.0,0.0,59744.4
3322.0,29.0,0.0,1.0,0.0,50212.0
3323.0,33.0,0.0,1.0,0.0,20162.0
3324.0,27.0,0.0,1.0,0.0,44993.0
3325.0,30.0,0.0,2.0,0.0,47662.0
3326.0,34.0,0.0,2.0,0.0,44893.34
3327.0,32.0,0.0,2.0,0.0,45675.86
3328.0,28.0,0.0,2.0,1.0,36912.0
3329.0,28.0,1.0,2.0,0.0,36375.55
3330.0,40.0,0.0,2.0,0.0,19542.0
3331.0,35.0,0.0,1.0,0.0,56362.0
3332.0,28.0,0.0,1.0,0.0,49535.43
3333.0,27.0,0.0,2.0,,36734.1
3334.0,31.0,1.0,1.0,0.0,68147.23
3335.0,33.0,0.0,2.0,0.0,76765.02
3336.0,32.0,0.0,1.0,0.0,57486.0
3337.0,26.0,0.0,1.0,0.0,45840.76
3338.0,38.0,0.0,2.0,0.0,32367.58
3339.0,27.0,0.0,2.0,0.0,61062.0
3340.0,35.0,1.0,2.0,0.0,61487.46
3341.0,27.0,0.0,1.0,0.0,36912.0
3342.0,34.0,0.0,2.0,0.0,39789.0
3343.0,36.0,1.0,1.0,0.0,56818.23
3344.0,33.0,1.0,1.0,0.0,56823.0
3345.0,33.0,0.0,2.0,0.0,40535.9
3346.0,29.0,0.0,2.0,0.0,37455.64
3347.0,35.0,0.0,2.0,0.0,49683.33
3348.0,37.0,0.0,2.0,0.0,49706.56
3349.0,28.0,1.0,2.0,1.0,18612.0
3350.0,32.0,0.0,2.0,1.0,62726.57
3351.0,51.0,0.0,2.0,,52162.0
3352.0,27.0,1.0,1.0,,46572.0
3353.0,43.0,0.0,2.0,0.0,22447.34
3354.0,48.0,0.0,2.0,0.0,19265.61
3355.0,36.0,0.0,2.0,0.0,20218.83
3356.0,44.0,0.0,2.0,0.0,19636.42
3357.0,30.0,0.0,2.0,0.0,43927.18
3358.0,36.0,1.0,1.0,0.0,41982.0
3359.0,28.0,0.0,1.0,0.0,37553.68
3360.0,50.0,0.0,1.0,0.0,63085.39
3361.0,33.0,0.0,1.0,,45042.0
3362.0,44.0,0.0,1.0,0.0,56651.1
3363.0,30.0,0.0,2.0,0.0,39447.85
3364.0,32.0,0.0,2.0,,56963.94
3365.0,47.0,0.0,1.0,,78702.0
3366.0,58.0,0.0,2.0,0.0,114075.28
3367.0,33.0,0.0,1.0,0.0,51070.64
3368.0,37.0,0.0,2.0,0.0,47327.08
3369.0,53.0,0.0,1.0,0.0,80869.23
3370.0,42.0,0.0,2.0,0.0,62594.75
3371.0,36.0,0.0,2.0,0.0,19170.11
3372.0,45.0,0.0,1.0,0.0,65460.93
3373.0,48.0,0.0,1.0,0.0,50590.61
3374.0,40.0,0.0,1.0,0.0,48020.4
3375.0,49.0,0.0,1.0,0.0,39873.67
3376.0,30.0,1.0,1.0,0.0,41090.82
3377.0,45.0,0.0,2.0,0.0,18342.0
3378.0,46.0,0.0,2.0,0.0,19015.28
3379.0,33.0,0.0,2.0,0.0,56362.0
3380.0,28.0,0.0,2.0,0.0,73357.2
3381.0,28.0,1.0,1.0,0.0,36362.0
3382.0,41.0,0.0,2.0,0.0,19076.47
3383.0,26.0,0.0,2.0,1.0,25162.0
3384.0,45.0,1.0,2.0,,90362.0
3385.0,36.0,0.0,2.0,0.0,98393.0
3386.0,31.0,0.0,1.0,0.0,56362.0
3387.0,33.0,0.0,1.0,0.0,61522.0
3388.0,32.0,0.0,2.0,0.0,56362.0
3389.0,56.0,1.0,2.0,0.0,40162.0
3390.0,28.0,0.0,1.0,0.0,40688.26
3391.0,32.0,0.0,2.0,0.0,44789.55
3392.0,30.0,1.0,1.0,0.0,64182.05
3393.0,33.0,1.0,2.0,0.0,41325.2
3394.0,31.0,0.0,2.0,0.0,52242.0
3395.0,33.0,0.0,2.0,0.0,46062.0
3396.0,39.0,1.0,2.0,0.0,83394.0
3397.0,26.0,1.0,1.0,0.0,37902.0
3398.0,31.0,0.0,1.0,0.0,38369.62
3399.0,35.0,0.0,2.0,0.0,65662.0
3400.0,32.0,0.0,1.0,0.0,67970.73
3401.0,39.0,0.0,2.0,,42194.16
3402.0,32.0,0.0,1.0,0.0,75162.0
3403.0,36.0,0.0,1.0,,71052.0
3404.0,27.0,0.0,2.0,0.0,25162.0
3405.0,52.0,0.0,1.0,,53202.0
3406.0,39.0,0.0,1.0,0.0,114349.5
3407.0,57.0,0.0,2.0,0.0,117483.6
3408.0,28.0,0.0,1.0,0.0,44536.37
3409.0,51.0,0.0,2.0,0.0,30762.0
3410.0,51.0,0.0,1.0,0.0,24162.0
3411.0,43.0,0.0,2.0,0.0,114448.37
3412.0,29.0,0.0,1.0,0.0,36734.99
3413.0,38.0,1.0,1.0,0.0,110762.0
3414.0,51.0,0.0,1.0,0.0,38588.34
3415.0,49.0,0.0,2.0,0.0,86285.69
3416.0,40.0,0.0,2.0,0.0,33129.2
3417.0,33.0,0.0,2.0,,36342.7
3418.0,34.0,0.0,2.0,,96162.0
3419.0,36.0,0.0,1.0,0.0,54283.61
3420.0,39.0,0.0,1.0,0.0,103415.61
3421.0,29.0,0.0,1.0,0.0,31861.05
3422.0,27.0,0.0,1.0,,36744.0
3423.0,30.0,1.0,1.0,0.0,51890.69
3424.0,35.0,0.0,2.0,0.0,57981.05
3425.0,41.0,1.0,2.0,0.0,67205.81
3426.0,44.0,0.0,1.0,0.0,65107.93
3427.0,41.0,0.0,2.0,1.0,79160.29
3428.0,44.0,0.0,1.0,0.0,104162.0
3429.0,35.0,0.0,2.0,0.0,66078.94
3430.0,32.0,0.0,2.0,0.0,37133.26
3431.0,27.0,0.0,1.0,0.0,44532.0
3432.0,51.0,0.0,1.0,0.0,56362.0
3433.0,38.0,0.0,2.0,0.0,85850.4
3434.0,52.0,0.0,1.0,0.0,24402.0
3435.0,31.0,0.0,2.0,0.0,50171.25
3436.0,34.0,1.0,1.0,0.0,46706.58
3437.0,41.0,0.0,2.0,1.0,24162.0
3438.0,38.0,0.0,1.0,0.0,102631.55
3439.0,33.0,0.0,2.0,0.0,38994.26
3440.0,29.0,0.0,1.0,0.0,32999.63
3441.0,46.0,0.0,2.0,0.0,18799.23
3442.0,46.0,0.0,2.0,0.0,18889.2
3443.0,32.0,0.0,2.0,0.0,19078.33
3444.0,34.0,0.0,1.0,0.0,48649.23
3445.0,31.0,0.0,1.0,0.0,38653.1
3446.0,31.0,0.0,2.0,,37573.65
3447.0,40.0,0.0,2.0,0.0,18162.0
3448.0,30.0,0.0,1.0,0.0,37494.0
3449.0,37.0,0.0,2.0,0.0,119218.09
3450.0,39.0,0.0,2.0,0.0,18889.2
3451.0,32.0,0.0,2.0,0.0,39762.23
3452.0,40.0,1.0,2.0,0.0,18342.0
3453.0,41.0,0.0,2.0,0.0,38653.1
3454.0,29.0,0.0,2.0,0.0,58338.0
3455.0,29.0,0.0,1.0,0.0,37249.2
3456.0,35.0,0.0,2.0,0.0,82093.5
3457.0,32.0,0.0,1.0,0.0,52551.72
3458.0,54.0,0.0,2.0,0.0,69830.31
3459.0,33.0,0.0,1.0,1.0,81762.0
3460.0,42.0,0.0,2.0,0.0,85919.34
3461.0,29.0,0.0,1.0,0.0,45664.83
3462.0,35.0,1.0,2.0,0.0,23162.0
3463.0,55.0,0.0,2.0,0.0,21582.18
3464.0,33.0,0.0,2.0,0.0,56362.0
3465.0,31.0,0.0,1.0,0.0,56881.59
3466.0,41.0,0.0,2.0,0.0,43141.44
3467.0,36.0,0.0,2.0,0.0,113012.2
3468.0,30.0,0.0,2.0,0.0,56362.0
3469.0,43.0,0.0,2.0,0.0,55074.31
3470.0,29.0,0.0,2.0,0.0,78282.0
3471.0,42.0,0.0,2.0,0.0,52084.51
3472.0,38.0,1.0,2.0,0.0,20362.0
3473.0,29.0,0.0,2.0,1.0,41662.0
3474.0,61.0,0.0,2.0,0.0,18983.75
3475.0,32.0,1.0,1.0,0.0,51918.67
3476.0,36.0,0.0,2.0,0.0,30162.0
3477.0,31.0,0.0,2.0,,34669.2
3478.0,44.0,0.0,1.0,1.0,35285.77
3479.0,30.0,1.0,1.0,,38167.5
3480.0,33.0,0.0,1.0,0.0,47962.0
3481.0,30.0,1.0,2.0,0.0,60337.0
3482.0,30.0,1.0,1.0,0.0,47775.19
3483.0,39.0,0.0,1.0,0.0,50223.6
3484.0,27.0,0.0,1.0,0.0,48647.82
3485.0,27.0,0.0,2.0,0.0,37162.0
3486.0,28.0,0.0,1.0,,33921.57
3487.0,47.0,0.0,2.0,0.0,19735.61
3488.0,51.0,0.0,1.0,0.0,39697.2
3489.0,64.0,0.0,2.0,0.0,18342.0
3490.0,38.0,0.0,2.0,,30367.5
3491.0,60.0,0.0,2.0,0.0,86967.77
3492.0,44.0,1.0,2.0,1.0,73992.21
3493.0,29.0,0.0,2.0,0.0,43662.0
3494.0,53.0,0.0,2.0,0.0,25252.8
3495.0,37.0,0.0,2.0,0.0,59100.66
3496.0,32.0,1.0,1.0,0.0,37546.63
3497.0,37.0,0.0,2.0,0.0,56362.0
3498.0,28.0,0.0,2.0,0.0,62304.05
3499.0,38.0,0.0,1.0,0.0,97510.6
3500.0,35.0,0.0,1.0,0.0,41574.0
3501.0,48.0,0.0,2.0,0.0,19447.34
3502.0,41.0,0.0,2.0,0.0,19261.91
3503.0,38.0,0.0,2.0,0.0,51672.0
3504.0,23.0,0.0,1.0,0.0,38080.4
3505.0,36.0,0.0,2.0,0.0,34226.6
3506.0,40.0,1.0,2.0,,18522.0
3507.0,32.0,1.0,2.0,0.0,73385.04
3508.0,32.0,0.0,1.0,0.0,43693.0
3509.0,33.0,0.0,1.0,0.0,36734.1
3510.0,28.0,0.0,1.0,0.0,60269.37
3511.0,40.0,1.0,1.0,0.0,38562.45
3512.0,42.0,1.0,2.0,0.0,54732.0
3513.0,35.0,0.0,1.0,0.0,51709.24
3514.0,36.0,0.0,1.0,0.0,90162.0
3515.0,35.0,0.0,1.0,0.0,84849.54
3516.0,36.0,0.0,2.0,0.0,44379.0
3517.0,47.0,0.0,2.0,0.0,48020.4
3518.0,47.0,1.0,2.0,0.0,85162.0
3519.0,38.0,0.0,1.0,0.0,29163.21
3520.0,33.0,0.0,1.0,,65385.0
3521.0,43.0,0.0,2.0,0.0,68464.26
3522.0,39.0,0.0,2.0,0.0,97839.1
3523.0,40.0,1.0,1.0,0.0,64746.04
3524.0,34.0,0.0,1.0,0.0,43262.0
3525.0,31.0,0.0,1.0,0.0,56362.0
3526.0,29.0,0.0,2.0,,41273.61
3527.0,28.0,0.0,1.0,0.0,70162.0
3528.0,31.0,0.0,2.0,0.0,40814.32
3529.0,30.0,1.0,2.0,0.0,65107.61
3530.0,31.0,1.0,2.0,0.0,58595.76
3531.0,30.0,1.0,2.0,0.0,59397.0
3532.0,50.0,0.0,1.0,0.0,89647.34
3533.0,29.0,0.0,2.0,0.0,43693.0
3534.0,39.0,1.0,2.0,,20562.0
3535.0,56.0,0.0,2.0,0.0,106282.8
3536.0,41.0,0.0,1.0,0.0,72677.88
3537.0,44.0,0.0,1.0,0.0,52162.0
3538.0,37.0,0.0,2.0,0.0,48582.58
3539.0,48.0,1.0,1.0,,72162.0
3540.0,50.0,0.0,1.0,0.0,27644.0
3541.0,33.0,0.0,2.0,0.0,45003.24
3542.0,37.0,1.0,1.0,0.0,62586.0
3543.0,33.0,0.0,1.0,0.0,56362.0
3544.0,32.0,0.0,2.0,0.0,89922.0
3545.0,45.0,0.0,2.0,1.0,66462.0
3546.0,32.0,0.0,2.0,0.0,85897.79
3547.0,29.0,0.0,2.0,0.0,56362.0
3548.0,36.0,0.0,2.0,0.0,58581.64
3549.0,31.0,0.0,2.0,0.0,64479.53
3550.0,33.0,1.0,1.0,0.0,82108.8
3551.0,31.0,0.0,1.0,0.0,52832.89
3552.0,41.0,0.0,2.0,0.0,114772.46
3553.0,33.0,0.0,2.0,0.0,80962.0
3554.0,50.0,0.0,1.0,0.0,90126.0
3555.0,29.0,1.0,1.0,0.0,40413.75
3556.0,29.0,0.0,2.0,0.0,35441.98
3557.0,30.0,0.0,2.0,0.0,31689.83
3558.0,33.0,0.0,1.0,0.0,58919.1
3559.0,28.0,0.0,2.0,0.0,53601.1
3560.0,44.0,0.0,2.0,0.0,117207.0
3561.0,26.0,0.0,1.0,,39120.4
3562.0,41.0,0.0,2.0,,61311.0
3563.0,31.0,0.0,1.0,0.0,44124.0
3564.0,32.0,1.0,1.0,0.0,54269.56
3565.0,57.0,0.0,1.0,0.0,56823.0
3566.0,54.0,0.0,2.0,0.0,93162.0
3567.0,32.0,0.0,2.0,1.0,52242.0
3568.0,31.0,0.0,2.0,,55171.5
3569.0,34.0,1.0,2.0,0.0,89922.0
3570.0,28.0,0.0,1.0,0.0,39302.0
3571.0,39.0,0.0,1.0,0.0,120162.0
3572.0,33.0,0.0,2.0,0.0,67299.5
3573.0,34.0,1.0,1.0,0.0,87711.66
3574.0,35.0,0.0,2.0,0.0,100122.0
3575.0,36.0,0.0,2.0,0.0,33822.0
3576.0,27.0,0.0,2.0,0.0,37304.28
3577.0,56.0,0.0,2.0,1.0,96112.0
3578.0,36.0,1.0,1.0,0.0,37862.0
3579.0,40.0,0.0,1.0,0.0,57109.08
3580.0,58.0,0.0,2.0,0.0,60296.0
3581.0,36.0,0.0,2.0,0.0,27937.0
3582.0,43.0,1.0,2.0,1.0,71262.94
3583.0,33.0,1.0,2.0,,64162.0
3584.0,36.0,0.0,2.0,,42068.02
3585.0,34.0,0.0,2.0,0.0,81864.0
3586.0,55.0,0.0,2.0,1.0,101151.9
3587.0,39.0,1.0,1.0,0.0,70294.8
3588.0,51.0,0.0,2.0,0.0,140162.0
3589.0,45.0,0.0,2.0,0.0,68209.36
3590.0,29.0,0.0,2.0,0.0,64365.08
3591.0,43.0,0.0,1.0,0.0,49645.26
3592.0,29.0,0.0,2.0,0.0,55171.5
3593.0,33.0,1.0,2.0,1.0,78604.65
3594.0,33.0,0.0,2.0,0.0,38843.65
3595.0,35.0,0.0,2.0,0.0,50101.2
3596.0,37.0,0.0,2.0,0.0,60548.04
3597.0,43.0,1.0,1.0,0.0,111588.84
3598.0,52.0,0.0,2.0,0.0,66952.57
3599.0,34.0,1.0,2.0,0.0,33162.0
3600.0,30.0,0.0,2.0,0.0,76662.0
3601.0,43.0,0.0,1.0,0.0,49831.22
3602.0,45.0,0.0,1.0,0.0,56364.0
3603.0,32.0,0.0,2.0,0.0,56362.0
3604.0,42.0,0.0,2.0,,80162.0
3605.0,31.0,0.0,1.0,0.0,45417.0
3606.0,35.0,0.0,1.0,0.0,56362.0
3607.0,28.0,1.0,1.0,0.0,38019.56
3608.0,34.0,0.0,1.0,0.0,69062.0
3609.0,34.0,0.0,2.0,0.0,65533.01
3610.0,37.0,0.0,2.0,0.0,56362.0
3611.0,29.0,0.0,1.0,1.0,74622.0
3612.0,27.0,0.0,2.0,,31068.72
3613.0,29.0,0.0,2.0,0.0,44563.62
3614.0,31.0,0.0,2.0,0.0,56362.0
3615.0,32.0,0.0,2.0,0.0,53111.25
3616.0,31.0,0.0,2.0,0.0,64162.0
3617.0,33.0,0.0,1.0,1.0,80363.35
3618.0,32.0,0.0,1.0,,98162.0
3619.0,38.0,0.0,1.0,0.0,84210.0
3620.0,28.0,0.0,2.0,0.0,56362.0
3621.0,28.0,0.0,2.0,0.0,43693.0
3622.0,32.0,0.0,1.0,0.0,38653.1
3623.0,35.0,1.0,2.0,,37902.0
3624.0,47.0,0.0,2.0,0.0,90143.6
3625.0,32.0,1.0,2.0,1.0,86437.0
3626.0,32.0,0.0,2.0,0.0,37162.0
3627.0,29.0,0.0,2.0,0.0,63834.48
3628.0,29.0,0.0,1.0,0.0,56362.0
3629.0,35.0,1.0,1.0,0.0,55032.9
3630.0,33.0,0.0,1.0,0.0,39652.62
3631.0,28.0,0.0,2.0,0.0,41257.8
3632.0,36.0,0.0,1.0,0.0,87474.0
3633.0,33.0,0.0,2.0,0.0,44563.62
3634.0,29.0,0.0,2.0,0.0,36362.0
3635.0,39.0,1.0,1.0,0.0,54777.75
3636.0,36.0,0.0,2.0,0.0,73872.26
3637.0,40.0,0.0,2.0,0.0,62374.8
3638.0,50.0,0.0,2.0,0.0,64246.8
3639.0,27.0,1.0,1.0,0.0,39411.6
3640.0,43.0,0.0,1.0,1.0,95111.03
3641.0,30.0,0.0,1.0,,48662.0
3642.0,28.0,0.0,1.0,1.0,55877.0
3643.0,42.0,0.0,1.0,0.0,36362.0
3644.0,43.0,0.0,1.0,0.0,89789.4
3645.0,43.0,0.0,2.0,0.0,46062.0
3646.0,30.0,0.0,1.0,0.0,56362.0
3647.0,41.0,0.0,2.0,0.0,113168.25
3648.0,38.0,0.0,2.0,0.0,31998.24
3649.0,29.0,0.0,2.0,1.0,44532.0
3650.0,40.0,0.0,2.0,0.0,66227.4
3651.0,45.0,0.0,2.0,0.0,56362.0
3652.0,34.0,1.0,1.0,0.0,95882.96
3653.0,30.0,0.0,2.0,0.0,90162.0
3654.0,34.0,0.0,2.0,0.0,72089.43
3655.0,33.0,0.0,1.0,1.0,47336.0
3656.0,47.0,0.0,1.0,0.0,104731.92
3657.0,28.0,0.0,2.0,0.0,57820.28
3658.0,32.0,0.0,2.0,0.0,68517.0
3659.0,28.0,0.0,2.0,0.0,83515.38
3660.0,41.0,0.0,1.0,0.0,98031.0
3661.0,38.0,0.0,2.0,,91962.0
3662.0,34.0,0.0,2.0,0.0,59172.0
3663.0,33.0,0.0,2.0,,60440.4
3664.0,40.0,0.0,1.0,0.0,41988.12
3665.0,51.0,0.0,1.0,0.0,70162.0
3666.0,34.0,0.0,1.0,0.0,72582.0
3667.0,38.0,0.0,1.0,0.0,38896.09
3668.0,49.0,0.0,1.0,0.0,54788.36
3669.0,30.0,0.0,1.0,0.0,56362.0
3670.0,26.0,0.0,1.0,0.0,47162.0
3671.0,31.0,0.0,2.0,0.0,48977.57
3672.0,34.0,0.0,1.0,0.0,43662.0
3673.0,26.0,1.0,1.0,0.0,40285.2
3674.0,34.0,0.0,2.0,1.0,65105.0
3675.0,49.0,0.0,1.0,0.0,94419.12
3676.0,39.0,0.0,2.0,0.0,30762.0
3677.0,28.0,0.0,2.0,0.0,38310.0
3678.0,30.0,1.0,2.0,0.0,85857.67
3679.0,45.0,0.0,1.0,,51162.0
3680.0,40.0,0.0,2.0,0.0,54702.0
3681.0,26.0,1.0,2.0,,48572.0
3682.0,27.0,0.0,1.0,0.0,46521.0
3683.0,48.0,0.0,1.0,0.0,96607.08
3684.0,30.0,0.0,2.0,0.0,56362.0
3685.0,46.0,0.0,1.0,0.0,69883.3
3686.0,46.0,0.0,1.0,1.0,94432.44
3687.0,29.0,0.0,2.0,0.0,75867.0
3688.0,34.0,1.0,2.0,0.0,32642.0
3689.0,51.0,0.0,1.0,0.0,44563.62
3690.0,32.0,0.0,2.0,0.0,44124.0
3691.0,34.0,0.0,2.0,0.0,52162.0
3692.0,30.0,0.0,2.0,0.0,47592.0
3693.0,32.0,0.0,2.0,0.0,19162.03
3694.0,28.0,0.0,1.0,0.0,50454.53
3695.0,27.0,0.0,1.0,0.0,56362.0
3696.0,35.0,0.0,1.0,0.0,52832.89
3697.0,39.0,0.0,1.0,0.0,56362.0
3698.0,26.0,0.0,2.0,0.0,40359.66
3699.0,55.0,0.0,1.0,0.0,56362.0
3700.0,29.0,0.0,2.0,0.0,47962.0
3701.0,38.0,0.0,1.0,0.0,39991.36
3702.0,30.0,0.0,1.0,0.0,89140.91
3703.0,36.0,0.0,2.0,0.0,44124.0
3704.0,39.0,0.0,1.0,0.0,73749.59
3705.0,28.0,0.0,1.0,0.0,37290.0
3706.0,54.0,0.0,1.0,0.0,57480.9
3707.0,26.0,0.0,2.0,0.0,20162.0
3708.0,31.0,0.0,1.0,0.0,53722.0
3709.0,36.0,0.0,2.0,0.0,56362.0
3710.0,31.0,0.0,1.0,0.0,38843.65
3711.0,43.0,1.0,2.0,1.0,20162.0
3712.0,32.0,0.0,1.0,0.0,39142.65
3713.0,40.0,0.0,2.0,0.0,36676.67
3714.0,35.0,1.0,1.0,0.0,51021.55
3715.0,31.0,0.0,1.0,0.0,49427.79
3716.0,52.0,0.0,2.0,0.0,18797.4
3717.0,59.0,0.0,2.0,1.0,18705.6
3718.0,64.0,0.0,2.0,0.0,30162.0
3719.0,41.0,0.0,1.0,0.0,46450.11
3720.0,47.0,1.0,2.0,0.0,66227.4
3721.0,39.0,0.0,2.0,0.0,20162.0
3722.0,33.0,0.0,2.0,0.0,56362.0
3723.0,43.0,1.0,1.0,0.0,46287.0
3724.0,33.0,0.0,1.0,0.0,43662.0
3725.0,37.0,0.0,1.0,0.0,52074.0
3726.0,27.0,0.0,2.0,0.0,44124.0
3727.0,48.0,0.0,2.0,0.0,70862.0
3728.0,29.0,0.0,2.0,0.0,56362.0
3729.0,31.0,0.0,1.0,0.0,44128.31
3730.0,27.0,0.0,1.0,0.0,44124.0
3731.0,28.0,0.0,1.0,0.0,56362.0
3732.0,31.0,0.0,1.0,0.0,48587.42
3733.0,41.0,0.0,1.0,0.0,56262.0
3734.0,40.0,0.0,1.0,0.0,50928.93
3735.0,30.0,0.0,2.0,0.0,40084.8
3736.0,26.0,0.0,1.0,0.0,40962.0
3737.0,45.0,1.0,2.0,0.0,58048.0
3738.0,44.0,1.0,2.0,0.0,50641.8
3739.0,39.0,0.0,1.0,0.0,55162.0
3740.0,31.0,0.0,2.0,0.0,52162.0
3741.0,29.0,0.0,1.0,0.0,37756.0
3742.0,31.0,0.0,1.0,0.0,58050.06
3743.0,29.0,1.0,2.0,0.0,55162.0
3744.0,33.0,0.0,2.0,0.0,47729.59
3745.0,34.0,0.0,2.0,1.0,96859.86
3746.0,32.0,0.0,2.0,0.0,49069.64
3747.0,55.0,0.0,1.0,0.0,67201.13
3748.0,32.0,1.0,2.0,0.0,45003.24
3749.0,29.0,0.0,1.0,0.0,27162.0
3750.0,41.0,0.0,1.0,0.0,64458.72
3751.0,29.0,0.0,1.0,0.0,56388.25
3752.0,42.0,0.0,1.0,0.0,56362.0
3753.0,35.0,0.0,1.0,0.0,73162.0
3754.0,45.0,0.0,2.0,0.0,70162.3
3755.0,32.0,0.0,2.0,0.0,47882.52
3756.0,41.0,0.0,2.0,0.0,61162.0
3757.0,42.0,0.0,2.0,0.0,116894.88
3758.0,52.0,0.0,2.0,0.0,94422.19
3759.0,36.0,0.0,1.0,0.0,44532.0
3760.0,31.0,0.0,2.0,0.0,43693.0
3761.0,32.0,0.0,2.0,0.0,85162.0
3762.0,34.0,0.0,2.0,,18162.0
3763.0,33.0,0.0,2.0,,56836.39
3764.0,28.0,1.0,1.0,0.0,56662.0
3765.0,34.0,0.0,2.0,1.0,73258.01
3766.0,27.0,0.0,1.0,0.0,37902.0
3767.0,38.0,0.0,2.0,0.0,78957.0
3768.0,33.0,0.0,1.0,0.0,46855.15
3769.0,31.0,1.0,2.0,0.0,37650.44
3770.0,30.0,0.0,2.0,,55162.0
3771.0,44.0,0.0,1.0,0.0,44899.2
3772.0,44.0,0.0,2.0,0.0,80162.0
3773.0,36.0,0.0,1.0,0.0,75452.42
3774.0,35.0,0.0,1.0,0.0,64162.0
3775.0,33.0,0.0,1.0,0.0,56343.6
3776.0,43.0,0.0,1.0,0.0,88902.0
3777.0,32.0,0.0,2.0,0.0,44563.62
3778.0,32.0,0.0,2.0,1.0,72909.12
3779.0,32.0,0.0,1.0,0.0,60296.0
3780.0,31.0,0.0,2.0,0.0,51226.0
3781.0,30.0,0.0,2.0,0.0,46574.88
3782.0,48.0,1.0,2.0,0.0,83802.0
3783.0,37.0,1.0,1.0,0.0,73599.97
3784.0,30.0,0.0,2.0,0.0,57488.04
3785.0,32.0,0.0,2.0,0.0,57488.04
3786.0,29.0,0.0,2.0,0.0,35552.4
3787.0,36.0,0.0,2.0,0.0,59100.66
3788.0,24.0,1.0,1.0,0.0,38038.8
3789.0,31.0,1.0,2.0,0.0,56362.0
3790.0,26.0,0.0,2.0,0.0,43662.0
3791.0,38.0,0.0,1.0,0.0,49062.0
3792.0,30.0,0.0,1.0,0.0,58333.83
3793.0,40.0,1.0,1.0,0.0,65812.0
3794.0,56.0,0.0,1.0,0.0,30465.0
3795.0,30.0,0.0,1.0,0.0,39411.6
3796.0,44.0,0.0,2.0,,68968.4
3797.0,27.0,0.0,2.0,0.0,86412.0
3798.0,28.0,0.0,1.0,0.0,46062.0
3799.0,38.0,0.0,1.0,,41838.38
3800.0,27.0,0.0,1.0,0.0,44602.0
3801.0,40.0,0.0,2.0,0.0,69825.78
3802.0,50.0,0.0,2.0,0.0,64034.4
3803.0,32.0,0.0,2.0,0.0,43208.65
3804.0,31.0,0.0,2.0,0.0,47207.25
3805.0,27.0,0.0,2.0,0.0,24162.0
3806.0,31.0,1.0,1.0,0.0,28162.0
3807.0,37.0,0.0,2.0,0.0,48102.0
3808.0,42.0,0.0,2.0,0.0,57384.0
3809.0,25.0,0.0,1.0,0.0,44662.0
3810.0,29.0,0.0,2.0,0.0,40162.0
3811.0,50.0,1.0,1.0,0.0,78957.0
3812.0,30.0,0.0,2.0,0.0,62388.1
3813.0,46.0,0.0,2.0,0.0,85034.0
3814.0,35.0,0.0,1.0,,45337.8
3815.0,42.0,1.0,2.0,0.0,87686.25
3816.0,45.0,0.0,2.0,0.0,96042.0
3817.0,54.0,0.0,2.0,0.0,74754.6
3818.0,37.0,1.0,2.0,,84210.0
3819.0,47.0,0.0,2.0,0.0,96817.2
3820.0,29.0,1.0,2.0,,74112.0
3821.0,34.0,0.0,2.0,0.0,52162.0
3822.0,31.0,0.0,2.0,0.0,36162.0
3823.0,32.0,0.0,1.0,0.0,45162.0
3824.0,31.0,0.0,1.0,0.0,32802.0
3825.0,34.0,0.0,2.0,0.0,43910.66
3826.0,34.0,0.0,2.0,0.0,43592.0
3827.0,33.0,0.0,1.0,0.0,66420.18
3828.0,44.0,0.0,2.0,0.0,62218.16
3829.0,28.0,1.0,1.0,0.0,38420.0
3830.0,31.0,0.0,2.0,0.0,52182.0
3831.0,44.0,0.0,2.0,0.0,27162.0
3832.0,26.0,0.0,1.0,0.0,40162.0
3833.0,35.0,0.0,2.0,0.0,27212.4
3834.0,28.0,0.0,2.0,0.0,36617.62
3835.0,34.0,1.0,2.0,0.0,79815.6
3836.0,29.0,0.0,1.0,,42328.8
3837.0,38.0,0.0,2.0,0.0,52456.67
3838.0,45.0,0.0,1.0,,51579.6
3839.0,31.0,0.0,1.0,0.0,40092.55
3840.0,50.0,0.0,1.0,0.0,67018.1
3841.0,44.0,0.0,2.0,0.0,66462.0
3842.0,26.0,0.0,2.0,0.0,35990.4
3843.0,31.0,0.0,2.0,0.0,39309.6
3844.0,30.0,1.0,2.0,0.0,35552.4
3845.0,44.0,1.0,2.0,,83802.0
3846.0,33.0,0.0,1.0,,36933.0
3847.0,31.0,0.0,2.0,0.0,35990.4
3848.0,26.0,0.0,2.0,0.0,35902.8
3849.0,29.0,0.0,2.0,0.0,36162.0
3850.0,28.0,0.0,1.0,0.0,45042.0
3851.0,26.0,0.0,2.0,0.0,50162.0
3852.0,25.0,0.0,2.0,0.0,37162.0
3853.0,29.0,1.0,1.0,0.0,51661.8
3854.0,27.0,0.0,1.0,,38412.0
3855.0,35.0,0.0,1.0,0.0,50101.2
3856.0,36.0,1.0,1.0,0.0,61974.0
3857.0,35.0,0.0,1.0,,80162.0
3858.0,25.0,0.0,1.0,0.0,47286.0
3859.0,31.0,1.0,2.0,0.0,63838.87
3860.0,42.0,0.0,2.0,,70162.0
3861.0,32.0,0.0,2.0,0.0,66162.0
3862.0,38.0,1.0,1.0,0.0,46980.0
3863.0,31.0,0.0,2.0,0.0,41162.0
3864.0,31.0,1.0,1.0,0.0,46162.0
3865.0,37.0,0.0,2.0,0.0,66162.0
3866.0,27.0,1.0,1.0,0.0,57486.0
3867.0,36.0,0.0,2.0,0.0,18614.7
3868.0,36.0,0.0,2.0,1.0,45162.0
3869.0,28.0,0.0,2.0,0.0,35010.96
3870.0,37.0,0.0,1.0,0.0,26162.0
3871.0,25.0,1.0,1.0,0.0,35902.8
3872.0,23.0,0.0,2.0,0.0,50162.0
3873.0,25.0,0.0,1.0,,30762.0
3874.0,25.0,0.0,2.0,0.0,24162.0
3875.0,35.0,0.0,2.0,,29880.0
3876.0,27.0,0.0,1.0,0.0,24498.0
3877.0,25.0,1.0,1.0,0.0,32658.46
3878.0,27.0,0.0,1.0,0.0,37862.0
3879.0,28.0,0.0,2.0,0.0,38162.0
3880.0,23.0,0.0,2.0,0.0,50162.0
3881.0,34.0,0.0,1.0,0.0,37162.0
3882.0,27.0,0.0,2.0,0.0,37602.0
3883.0,23.0,1.0,2.0,0.0,18162.0
3884.0,41.0,0.0,2.0,,32162.0
3885.0,31.0,1.0,2.0,0.0,75162.0
3886.0,35.0,0.0,2.0,0.0,27162.0
3887.0,25.0,0.0,2.0,0.0,27162.0
3888.0,31.0,0.0,2.0,0.0,20362.0
3889.0,29.0,0.0,2.0,0.0,35202.0
3890.0,23.0,0.0,2.0,0.0,32162.0
3891.0,28.0,0.0,2.0,0.0,65562.0
3892.0,32.0,0.0,2.0,0.0,84196.68
3893.0,32.0,1.0,2.0,0.0,38950.63
3894.0,35.0,0.0,2.0,0.0,51099.98
3895.0,32.0,1.0,1.0,0.0,48642.0
3896.0,41.0,1.0,2.0,0.0,51849.05
3897.0,38.0,0.0,1.0,0.0,69062.0
3898.0,46.0,0.0,1.0,0.0,45042.0
3899.0,44.0,0.0,2.0,1.0,66462.0
3900.0,37.0,0.0,2.0,0.0,35552.4
3901.0,33.0,0.0,1.0,0.0,78192.0
3902.0,36.0,0.0,1.0,0.0,38843.65
3903.0,24.0,1.0,2.0,0.0,34152.0
3904.0,32.0,0.0,2.0,0.0,46536.79
3905.0,32.0,1.0,2.0,0.0,71562.0
3906.0,35.0,0.0,1.0,0.0,58528.44
3907.0,36.0,0.0,2.0,0.0,77412.0
3908.0,32.0,0.0,1.0,0.0,54262.8
3909.0,47.0,0.0,1.0,0.0,90362.0
3910.0,51.0,0.0,1.0,0.0,95904.81
3911.0,55.0,0.0,1.0,0.0,56362.0
3912.0,48.0,0.0,2.0,0.0,23162.0
3913.0,55.0,0.0,1.0,0.0,28190.0
3914.0,50.0,0.0,1.0,,75162.0
3915.0,30.0,0.0,2.0,0.0,32623.42
3916.0,30.0,1.0,2.0,0.0,47082.0
3917.0,29.0,0.0,2.0,1.0,70162.0
3918.0,45.0,1.0,1.0,0.0,73556.1
3919.0,48.0,0.0,2.0,0.0,68828.4
3920.0,49.0,0.0,1.0,0.0,48384.54
3921.0,28.0,1.0,1.0,0.0,37976.4
3922.0,35.0,0.0,2.0,0.0,36574.49
3923.0,38.0,0.0,2.0,1.0,75912.0
3924.0,37.0,1.0,2.0,1.0,82562.0
3925.0,46.0,0.0,2.0,0.0,87181.06
3926.0,28.0,0.0,2.0,1.0,43662.0
3927.0,43.0,0.0,2.0,0.0,50126.7
3928.0,30.0,1.0,2.0,1.0,65931.6
3929.0,37.0,1.0,2.0,0.0,86682.0
3930.0,31.0,0.0,2.0,0.0,46062.0
3931.0,27.0,0.0,1.0,0.0,33129.2
3932.0,31.0,0.0,2.0,0.0,44124.0
3933.0,35.0,1.0,1.0,0.0,31389.79
3934.0,48.0,0.0,2.0,0.0,48271.65
3935.0,29.0,1.0,2.0,0.0,57488.04
3936.0,34.0,1.0,1.0,,35202.0
3937.0,34.0,0.0,2.0,1.0,20362.0
3938.0,27.0,0.0,2.0,1.0,47412.0
3939.0,35.0,0.0,2.0,0.0,80115.75
3940.0,29.0,0.0,1.0,0.0,39548.51
3941.0,34.0,0.0,2.0,0.0,56362.0
3942.0,41.0,0.0,2.0,0.0,77932.0
3943.0,30.0,0.0,1.0,0.0,72582.0
3944.0,44.0,0.0,2.0,0.0,56362.0
3945.0,57.0,0.0,2.0,0.0,72883.54
3946.0,35.0,0.0,2.0,1.0,132162.0
3947.0,37.0,0.0,1.0,0.0,45244.25
3948.0,30.0,0.0,1.0,0.0,50212.0
3949.0,27.0,0.0,2.0,,44453.61
3950.0,34.0,1.0,2.0,0.0,93789.0
3951.0,39.0,0.0,1.0,0.0,82142.85
3952.0,42.0,0.0,2.0,0.0,29880.0
3953.0,29.0,0.0,2.0,0.0,69591.68
3954.0,31.0,0.0,2.0,0.0,82044.36
3955.0,40.0,0.0,2.0,0.0,86224.5
3956.0,32.0,0.0,1.0,0.0,56362.0
3957.0,34.0,0.0,1.0,0.0,40762.0
3958.0,47.0,0.0,2.0,0.0,85842.0
3959.0,34.0,1.0,1.0,0.0,48002.0
3960.0,42.0,0.0,1.0,0.0,44124.0
3961.0,37.0,0.0,2.0,1.0,61490.66
3962.0,39.0,0.0,2.0,0.0,57488.04
3963.0,39.0,1.0,2.0,0.0,56364.0
3964.0,37.0,1.0,2.0,1.0,18342.0
3965.0,40.0,0.0,2.0,0.0,56362.0
3966.0,30.0,0.0,1.0,0.0,41200.0
3967.0,53.0,0.0,1.0,0.0,58061.3
3968.0,41.0,0.0,2.0,0.0,36219.0
3969.0,37.0,1.0,2.0,0.0,38542.0
3970.0,37.0,0.0,2.0,0.0,36617.62
3971.0,41.0,0.0,2.0,0.0,36982.17
3972.0,40.0,0.0,2.0,0.0,27702.0
3973.0,45.0,1.0,2.0,0.0,25162.0
3974.0,38.0,1.0,2.0,0.0,25162.0
3975.0,29.0,1.0,2.0,0.0,35902.8
3976.0,29.0,0.0,1.0,0.0,51572.0
3977.0,52.0,0.0,2.0,0.0,25131.6
3978.0,56.0,0.0,2.0,0.0,20564.0
3979.0,39.0,0.0,2.0,0.0,24402.0
3980.0,50.0,0.0,1.0,0.0,134088.0
3981.0,57.0,0.0,2.0,0.0,25870.8
3982.0,53.0,0.0,2.0,0.0,24402.0
3983.0,58.0,0.0,2.0,0.0,25621.2
3984.0,66.0,0.0,2.0,0.0,85762.0
3985.0,32.0,0.0,1.0,0.0,32981.96
3986.0,54.0,0.0,1.0,0.0,98854.34
3987.0,36.0,0.0,2.0,0.0,20362.0
3988.0,56.0,0.0,1.0,,72882.0
3989.0,34.0,0.0,2.0,0.0,68502.0
3990.0,53.0,0.0,2.0,0.0,86012.0
3991.0,30.0,1.0,1.0,,18162.0
3992.0,28.0,1.0,1.0,0.0,41982.0
3993.0,54.0,0.0,2.0,1.0,105162.0
3994.0,32.0,0.0,2.0,0.0,56362.0
3995.0,35.0,0.0,1.0,0.0,30162.0
3996.0,37.0,0.0,2.0,0.0,39306.29
3997.0,41.0,0.0,1.0,0.0,75162.0
3998.0,37.0,0.0,2.0,0.0,49147.0
3999.0,30.0,0.0,2.0,0.0,79752.6
4000.0,36.0,0.0,1.0,0.0,35990.4
4001.0,44.0,1.0,1.0,0.0,22255.5
4002.0,36.0,1.0,2.0,,57282.0
4003.0,35.0,0.0,2.0,0.0,37849.86
4004.0,43.0,0.0,2.0,0.0,57243.75
4005.0,40.0,1.0,2.0,0.0,80962.0
4006.0,25.0,0.0,1.0,0.0,46980.0
4007.0,33.0,0.0,2.0,0.0,21372.0
4008.0,55.0,0.0,1.0,0.0,78192.0
4009.0,29.0,0.0,2.0,0.0,56362.0
4010.0,34.0,0.0,1.0,1.0,94407.0
4011.0,49.0,0.0,1.0,0.0,55712.0
4012.0,40.0,0.0,1.0,0.0,83394.0
4013.0,29.0,0.0,2.0,0.0,51612.0
4014.0,35.0,0.0,1.0,0.0,93798.0
4015.0,31.0,0.0,2.0,0.0,62489.1
4016.0,33.0,0.0,1.0,0.0,50142.0
4017.0,33.0,0.0,2.0,0.0,45442.86
4018.0,38.0,0.0,1.0,0.0,38106.0
4019.0,55.0,0.0,2.0,0.0,23162.0
4020.0,57.0,0.0,2.0,1.0,66462.0
4021.0,40.0,0.0,2.0,0.0,56362.0
4022.0,39.0,0.0,2.0,,56262.0
4023.0,28.0,1.0,1.0,0.0,44563.62
4024.0,35.0,0.0,1.0,0.0,57495.06
4025.0,32.0,0.0,2.0,0.0,37494.0
4026.0,26.0,0.0,1.0,0.0,43162.0
4027.0,52.0,0.0,2.0,,62024.48
4028.0,29.0,1.0,2.0,0.0,50912.0
4029.0,50.0,0.0,2.0,0.0,81188.25
4030.0,37.0,0.0,2.0,0.0,52306.18
4031.0,51.0,1.0,2.0,0.0,65552.61
4032.0,26.0,0.0,2.0,0.0,48020.4
4033.0,33.0,0.0,2.0,0.0,32642.0
4034.0,28.0,0.0,2.0,0.0,35552.4
4035.0,47.0,1.0,1.0,0.0,88596.0
4036.0,45.0,1.0,2.0,0.0,99182.0
4037.0,29.0,0.0,2.0,,40044.0
4038.0,36.0,0.0,1.0,0.0,114898.34
4039.0,28.0,0.0,2.0,0.0,58421.7
4040.0,27.0,0.0,1.0,,36809.33
4041.0,45.0,0.0,2.0,0.0,60134.77
4042.0,45.0,0.0,2.0,0.0,75162.0
4043.0,45.0,0.0,2.0,0.0,98000.4
4044.0,46.0,1.0,1.0,0.0,27937.0
4045.0,46.0,0.0,2.0,0.0,24642.0
4046.0,43.0,0.0,2.0,0.0,95670.72
4047.0,41.0,0.0,2.0,0.0,74315.63
4048.0,27.0,0.0,1.0,0.0,47939.4
4049.0,32.0,0.0,1.0,0.0,61994.96
4050.0,27.0,0.0,2.0,0.0,19542.0
4051.0,33.0,0.0,2.0,0.0,44894.9
4052.0,23.0,1.0,1.0,0.0,19032.0
4053.0,41.0,0.0,2.0,0.0,88536.0
4054.0,30.0,1.0,2.0,0.0,42162.0
4055.0,33.0,0.0,1.0,0.0,44532.0
4056.0,34.0,0.0,2.0,0.0,69012.0
4057.0,31.0,0.0,1.0,0.0,47194.2
4058.0,29.0,1.0,1.0,0.0,44781.28
4059.0,38.0,0.0,1.0,0.0,65299.2
4060.0,36.0,0.0,2.0,0.0,22002.18
4061.0,45.0,0.0,1.0,0.0,90177.41
4062.0,32.0,0.0,2.0,0.0,39702.8
4063.0,48.0,1.0,2.0,0.0,18705.6
4064.0,62.0,0.0,2.0,0.0,18162.0
4065.0,34.0,0.0,1.0,0.0,63162.0
4066.0,31.0,0.0,2.0,0.0,65110.4
4067.0,39.0,0.0,1.0,0.0,67456.5
4068.0,47.0,0.0,2.0,1.0,20162.0
4069.0,43.0,1.0,2.0,0.0,67788.0
4070.0,37.0,0.0,1.0,,60162.0
4071.0,36.0,0.0,1.0,0.0,45662.0
4072.0,31.0,1.0,1.0,0.0,50662.0
4073.0,31.0,0.0,2.0,0.0,35552.4
4074.0,29.0,0.0,1.0,0.0,45585.0
4075.0,29.0,1.0,2.0,0.0,19162.03
4076.0,50.0,0.0,2.0,0.0,24162.0
4077.0,32.0,0.0,2.0,0.0,31062.0
4078.0,32.0,0.0,1.0,1.0,70362.0
4079.0,24.0,0.0,2.0,,44715.6
4080.0,44.0,0.0,2.0,0.0,89303.47
4081.0,25.0,1.0,1.0,0.0,44124.0
4082.0,33.0,0.0,2.0,0.0,59350.16
4083.0,47.0,0.0,1.0,0.0,76662.0
4084.0,30.0,0.0,2.0,0.0,56362.0
4085.0,34.0,0.0,1.0,0.0,57792.0
4086.0,26.0,0.0,2.0,0.0,55162.0
4087.0,51.0,0.0,2.0,0.0,98318.21
4088.0,34.0,1.0,2.0,0.0,85104.25
4089.0,33.0,0.0,1.0,0.0,50162.0
4090.0,30.0,1.0,1.0,0.0,67788.0
4091.0,30.0,0.0,2.0,0.0,39560.78
4092.0,30.0,0.0,2.0,1.0,30162.0
4093.0,26.0,0.0,1.0,0.0,63895.07
4094.0,34.0,0.0,2.0,0.0,44271.0
4095.0,32.0,0.0,1.0,0.0,71562.2
4096.0,29.0,0.0,1.0,0.0,59410.76
4097.0,28.0,0.0,2.0,0.0,35202.0
4098.0,33.0,1.0,2.0,0.0,25162.0
4099.0,31.0,0.0,2.0,,42866.23
4100.0,34.0,0.0,2.0,0.0,56362.0
4101.0,44.0,0.0,2.0,0.0,65162.0
4102.0,36.0,1.0,2.0,0.0,43262.0
4103.0,33.0,0.0,1.0,0.0,44563.62
4104.0,44.0,0.0,2.0,0.0,36912.0
4105.0,37.0,0.0,1.0,,25162.0
4106.0,34.0,0.0,2.0,0.0,87243.48
4107.0,33.0,0.0,1.0,0.0,70162.0
4108.0,46.0,0.0,1.0,0.0,40162.0
4109.0,30.0,0.0,2.0,0.0,38843.65
4110.0,39.0,0.0,1.0,0.0,67018.1
4111.0,30.0,0.0,1.0,0.0,33263.1
4112.0,30.0,1.0,2.0,0.0,37153.73
4113.0,30.0,0.0,2.0,0.0,38518.5
4114.0,27.0,0.0,1.0,0.0,45442.86
4115.0,33.0,0.0,2.0,0.0,56362.0
4116.0,33.0,0.0,2.0,0.0,45216.59
4117.0,43.0,0.0,2.0,0.0,68569.34
4118.0,28.0,0.0,1.0,0.0,45675.86
4119.0,33.0,0.0,1.0,0.0,42016.4
4120.0,31.0,0.0,1.0,0.0,56362.0
4121.0,27.0,0.0,1.0,,43662.0
4122.0,42.0,0.0,2.0,0.0,112362.0
4123.0,43.0,1.0,2.0,0.0,50162.0
4124.0,28.0,0.0,1.0,0.0,38843.65
4125.0,42.0,0.0,2.0,0.0,56926.02
4126.0,29.0,0.0,2.0,0.0,40335.74
4127.0,23.0,0.0,2.0,0.0,69038.0
4128.0,31.0,1.0,1.0,0.0,75912.0
4129.0,31.0,0.0,1.0,1.0,56362.0
4130.0,50.0,0.0,2.0,0.0,77396.09
4131.0,29.0,1.0,2.0,0.0,70440.0
4132.0,48.0,1.0,2.0,0.0,31374.0
4133.0,33.0,0.0,1.0,0.0,26162.0
4134.0,36.0,0.0,2.0,0.0,23162.0
4135.0,40.0,0.0,2.0,0.0,30462.0
4136.0,29.0,0.0,1.0,0.0,39117.7
4137.0,44.0,0.0,2.0,0.0,55993.14
4138.0,41.0,0.0,2.0,0.0,18162.0
4139.0,30.0,1.0,1.0,0.0,43002.0
4140.0,43.0,0.0,1.0,0.0,109466.42
4141.0,36.0,1.0,1.0,0.0,102162.0
4142.0,27.0,1.0,1.0,0.0,47482.0
4143.0,27.0,0.0,2.0,0.0,45610.0
4144.0,27.0,0.0,2.0,,30177.18
4145.0,47.0,0.0,1.0,0.0,98031.0
4146.0,52.0,0.0,1.0,0.0,26162.0
4147.0,31.0,0.0,1.0,1.0,60971.15
4148.0,55.0,0.0,1.0,0.0,86311.2
4149.0,44.0,0.0,1.0,,65162.0
4150.0,27.0,0.0,2.0,0.0,56362.0
4151.0,49.0,0.0,2.0,0.0,44124.0
4152.0,59.0,0.0,2.0,0.0,89412.0
4153.0,34.0,0.0,2.0,0.0,78904.13
4154.0,52.0,0.0,2.0,0.0,46855.15
4155.0,34.0,0.0,2.0,0.0,66533.14
4156.0,38.0,1.0,2.0,0.0,46895.85
4157.0,36.0,0.0,2.0,0.0,52013.9
4158.0,31.0,1.0,2.0,0.0,18522.0
4159.0,25.0,0.0,1.0,0.0,50162.0
4160.0,43.0,0.0,1.0,0.0,85474.8
4161.0,29.0,0.0,2.0,0.0,50652.0
4162.0,36.0,1.0,1.0,0.0,106022.7
4163.0,34.0,0.0,2.0,0.0,40772.99
4164.0,20.0,1.0,1.0,0.0,30238.8
4165.0,34.0,1.0,1.0,0.0,57792.0
4166.0,45.0,1.0,1.0,0.0,72582.0
4167.0,48.0,0.0,2.0,0.0,19732.03
4168.0,51.0,1.0,1.0,0.0,18522.0
4169.0,38.0,0.0,2.0,0.0,96607.08
4170.0,43.0,0.0,1.0,0.0,66462.0
4171.0,27.0,1.0,1.0,0.0,18522.0
4172.0,32.0,0.0,1.0,0.0,46287.81
4173.0,36.0,0.0,2.0,0.0,70432.75
4174.0,39.0,0.0,2.0,,36912.0
4175.0,36.0,0.0,2.0,0.0,32922.0
4176.0,38.0,0.0,2.0,0.0,78862.59
4177.0,42.0,0.0,2.0,0.0,25162.0
4178.0,49.0,0.0,2.0,0.0,32922.0
4179.0,41.0,0.0,1.0,0.0,78045.12
4180.0,44.0,0.0,1.0,0.0,20162.0
4181.0,34.0,0.0,2.0,0.0,30842.0
4182.0,31.0,1.0,1.0,0.0,67892.04
4183.0,33.0,0.0,1.0,0.0,36362.0
4184.0,45.0,0.0,2.0,0.0,30762.0
4185.0,31.0,0.0,1.0,,31362.0
4186.0,29.0,0.0,2.0,0.0,43693.0
4187.0,45.0,0.0,2.0,0.0,89421.18
4188.0,26.0,0.0,2.0,0.0,47162.0
4189.0,33.0,0.0,2.0,,32645.09
4190.0,28.0,1.0,1.0,0.0,50829.48
4191.0,33.0,0.0,2.0,0.0,48852.15
4192.0,38.0,1.0,2.0,1.0,24162.0
4193.0,32.0,0.0,2.0,0.0,101142.0
4194.0,31.0,0.0,2.0,0.0,37414.8
4195.0,49.0,0.0,1.0,0.0,63462.0
4196.0,29.0,0.0,1.0,0.0,43908.5
4197.0,38.0,0.0,2.0,0.0,120162.0
4198.0,40.0,0.0,1.0,0.0,38653.1
4199.0,28.0,0.0,1.0,0.0,38350.8
4200.0,30.0,0.0,2.0,0.0,38653.1
4201.0,29.0,0.0,1.0,0.0,40962.0
4202.0,35.0,0.0,1.0,1.0,55162.0
4203.0,36.0,0.0,2.0,0.0,44271.0
4204.0,62.0,0.0,2.0,0.0,35552.4
4205.0,38.0,1.0,2.0,0.0,18522.0
4206.0,43.0,0.0,1.0,0.0,63822.98
4207.0,31.0,1.0,2.0,0.0,57243.75
4208.0,40.0,0.0,2.0,0.0,57142.0
4209.0,38.0,0.0,1.0,0.0,61362.0
4210.0,31.0,1.0,2.0,0.0,18162.0
4211.0,34.0,0.0,2.0,0.0,58883.4
4212.0,41.0,1.0,2.0,0.0,81762.0
4213.0,35.0,0.0,1.0,0.0,49728.42
4214.0,44.0,0.0,2.0,0.0,100967.07
4215.0,23.0,0.0,1.0,,35202.0
4216.0,29.0,0.0,1.0,0.0,37757.48
4217.0,21.0,0.0,2.0,0.0,38038.8
4218.0,31.0,0.0,1.0,0.0,26682.0
4219.0,46.0,0.0,1.0,0.0,56364.0
4220.0,50.0,0.0,1.0,0.0,49789.51
4221.0,54.0,0.0,2.0,1.0,62162.0
4222.0,26.0,0.0,1.0,0.0,43422.0
4223.0,41.0,0.0,2.0,0.0,60138.0
4224.0,41.0,0.0,2.0,0.0,46062.0
4225.0,28.0,0.0,1.0,0.0,51429.6
4226.0,47.0,1.0,1.0,0.0,40962.0
4227.0,41.0,0.0,1.0,0.0,42195.18
4228.0,24.0,0.0,1.0,0.0,32278.5
4229.0,27.0,0.0,1.0,0.0,53821.13
4230.0,42.0,0.0,1.0,0.0,36260.21
4231.0,36.0,1.0,2.0,0.0,36621.19
4232.0,41.0,0.0,2.0,0.0,100162.0
4233.0,28.0,1.0,1.0,0.0,58218.76
4234.0,47.0,1.0,1.0,0.0,91962.0
4235.0,46.0,1.0,2.0,0.0,76669.5
4236.0,29.0,1.0,2.0,0.0,18522.0
4237.0,27.0,1.0,1.0,0.0,41741.2
4238.0,30.0,0.0,2.0,0.0,48510.0
4239.0,41.0,1.0,1.0,0.0,90183.57
4240.0,35.0,1.0,2.0,0.0,18162.0
4241.0,28.0,0.0,1.0,0.0,72447.4
4242.0,34.0,0.0,1.0,0.0,56362.0
4243.0,25.0,0.0,1.0,0.0,33864.83
4244.0,49.0,0.0,2.0,0.0,46980.0
4245.0,37.0,0.0,1.0,0.0,75912.0
4246.0,27.0,0.0,2.0,0.0,35552.4
4247.0,31.0,0.0,2.0,0.0,73602.0
4248.0,32.0,1.0,2.0,0.0,67788.0
4249.0,54.0,0.0,2.0,0.0,18523.8
4250.0,35.0,0.0,2.0,0.0,54268.1
4251.0,34.0,0.0,1.0,0.0,47162.0
4252.0,45.0,0.0,2.0,0.0,58162.0
4253.0,29.0,0.0,2.0,,18162.0
4254.0,27.0,0.0,1.0,0.0,40534.8
4255.0,47.0,0.0,1.0,0.0,114895.63
4256.0,51.0,0.0,2.0,0.0,85162.0
4257.0,26.0,1.0,2.0,0.0,39890.0
4258.0,27.0,0.0,2.0,0.0,48162.0
4259.0,41.0,1.0,2.0,0.0,125162.0
4260.0,35.0,0.0,2.0,0.0,69872.2
4261.0,48.0,0.0,2.0,0.0,94521.25
4262.0,29.0,1.0,1.0,0.0,54783.0
4263.0,34.0,0.0,2.0,0.0,60138.0
4264.0,40.0,1.0,2.0,0.0,18662.04
4265.0,45.0,0.0,1.0,0.0,31080.61
4266.0,31.0,0.0,2.0,0.0,39903.97
4267.0,33.0,0.0,2.0,0.0,33703.66
4268.0,44.0,1.0,2.0,0.0,18162.0
4269.0,34.0,0.0,2.0,0.0,73614.0
4270.0,60.0,1.0,1.0,0.0,66162.0
4271.0,29.0,0.0,2.0,0.0,39327.21
4272.0,27.0,1.0,2.0,,60162.0
4273.0,32.0,1.0,1.0,0.0,57049.5
4274.0,28.0,1.0,2.0,,35202.0
4275.0,30.0,0.0,1.0,0.0,46754.0
4276.0,40.0,0.0,2.0,0.0,86472.0
4277.0,29.0,1.0,2.0,0.0,18162.0
4278.0,29.0,1.0,2.0,0.0,48102.0
4279.0,30.0,0.0,2.0,0.0,35552.4
4280.0,30.0,0.0,1.0,0.0,63504.0
4281.0,28.0,0.0,1.0,,40162.0
4282.0,27.0,0.0,1.0,0.0,40763.6
4283.0,30.0,1.0,1.0,0.0,18162.0
4284.0,40.0,0.0,2.0,0.0,93222.8
4285.0,31.0,0.0,2.0,0.0,25162.0
4286.0,34.0,0.0,2.0,0.0,56362.0
4287.0,36.0,0.0,1.0,0.0,57162.0
4288.0,45.0,0.0,1.0,0.0,94716.0
4289.0,26.0,0.0,2.0,0.0,38413.2
4290.0,35.0,0.0,2.0,0.0,18342.0
4291.0,32.0,1.0,2.0,0.0,26422.0
4292.0,33.0,0.0,1.0,0.0,36617.62
4293.0,30.0,0.0,1.0,0.0,37616.4
4294.0,38.0,0.0,2.0,0.0,90162.0
4295.0,32.0,1.0,2.0,,50162.0
4296.0,35.0,0.0,1.0,0.0,60162.0
4297.0,33.0,0.0,2.0,0.0,36165.6
4298.0,39.0,0.0,1.0,0.0,38843.65
4299.0,37.0,0.0,2.0,1.0,58662.0
4300.0,32.0,1.0,1.0,0.0,42162.0
4301.0,32.0,0.0,1.0,0.0,64054.0
4302.0,38.0,0.0,2.0,0.0,46130.0
4303.0,62.0,1.0,2.0,,46162.0
4304.0,57.0,0.0,2.0,0.0,57384.0
4305.0,30.0,0.0,2.0,0.0,56362.0
4306.0,34.0,0.0,1.0,0.0,52870.5
4307.0,32.0,0.0,2.0,0.0,100162.0
4308.0,32.0,0.0,2.0,0.0,55162.0
4309.0,36.0,0.0,2.0,0.0,18162.0
4310.0,39.0,0.0,1.0,0.0,39162.0
4311.0,29.0,0.0,2.0,0.0,58014.36
4312.0,38.0,0.0,1.0,1.0,43462.0
4313.0,45.0,0.0,1.0,0.0,35584.4
4314.0,35.0,0.0,2.0,0.0,71162.0
4315.0,37.0,0.0,2.0,0.0,77162.0
4316.0,28.0,0.0,1.0,0.0,46162.0
4317.0,38.0,0.0,1.0,0.0,68444.18
4318.0,41.0,0.0,2.0,0.0,18162.0
4319.0,28.0,0.0,2.0,0.0,64162.0
4320.0,46.0,0.0,1.0,0.0,47162.0
4321.0,28.0,1.0,1.0,0.0,52667.63
4322.0,26.0,0.0,1.0,0.0,45162.0
4323.0,30.0,0.0,1.0,,40886.21
4324.0,28.0,0.0,2.0,1.0,45162.0
4325.0,48.0,0.0,2.0,1.0,55162.0
4326.0,26.0,0.0,1.0,0.0,39162.0
4327.0,32.0,0.0,2.0,1.0,78162.0
4328.0,34.0,0.0,2.0,0.0,50162.0
4329.0,54.0,1.0,2.0,0.0,104712.0
4330.0,29.0,0.0,2.0,1.0,18162.0
4331.0,35.0,0.0,2.0,1.0,60162.0
4332.0,38.0,0.0,2.0,0.0,45662.0
4333.0,37.0,0.0,1.0,1.0,89162.0
4334.0,38.0,0.0,1.0,0.0,51162.0
4335.0,29.0,0.0,1.0,0.0,46662.0
4336.0,39.0,0.0,1.0,0.0,86414.0
4337.0,40.0,1.0,1.0,,84162.0
4338.0,45.0,0.0,1.0,0.0,47162.0
4339.0,43.0,0.0,1.0,0.0,45450.0
4340.0,54.0,0.0,1.0,0.0,64662.0
4341.0,37.0,0.0,2.0,0.0,85162.0
4342.0,36.0,0.0,2.0,0.0,50162.0
4343.0,30.0,0.0,1.0,0.0,44162.0
4344.0,48.0,0.0,1.0,0.0,95162.0
4345.0,45.0,0.0,1.0,1.0,85162.0
4346.0,41.0,0.0,2.0,1.0,72162.0
4347.0,41.0,0.0,2.0,0.0,80162.0
4348.0,28.0,0.0,2.0,0.0,62586.0
4349.0,32.0,0.0,2.0,,65162.0
4350.0,31.0,0.0,1.0,0.0,43162.0
4351.0,28.0,0.0,2.0,0.0,35902.8
4352.0,36.0,0.0,1.0,0.0,50212.0
4353.0,43.0,0.0,2.0,0.0,70162.0
4354.0,46.0,0.0,2.0,,70162.0
4355.0,27.0,1.0,2.0,,18162.0
4356.0,29.0,0.0,1.0,0.0,58162.0
4357.0,31.0,1.0,1.0,1.0,42162.0
4358.0,31.0,0.0,2.0,0.0,36253.2
4359.0,30.0,0.0,2.0,1.0,18162.0
4360.0,43.0,0.0,2.0,0.0,73162.0
4361.0,35.0,0.0,2.0,0.0,64162.0
4362.0,40.0,0.0,2.0,1.0,54162.0
4363.0,35.0,0.0,2.0,0.0,55262.0
4364.0,33.0,0.0,1.0,0.0,70162.0
4365.0,35.0,1.0,2.0,0.0,43662.0
4366.0,46.0,0.0,2.0,0.0,36162.0
4367.0,46.0,0.0,2.0,0.0,75162.0
4368.0,30.0,0.0,2.0,0.0,35950.91
4369.0,31.0,0.0,2.0,0.0,36763.05
4370.0,32.0,1.0,2.0,0.0,54222.0
4371.0,34.0,0.0,2.0,0.0,35662.0
4372.0,31.0,0.0,2.0,1.0,49162.0
4373.0,37.0,0.0,2.0,0.0,83394.0
4374.0,37.0,0.0,2.0,0.0,41348.0
4375.0,53.0,0.0,2.0,0.0,63460.24
4376.0,53.0,0.0,2.0,,18162.0
4377.0,31.0,0.0,1.0,1.0,52162.0
4378.0,50.0,1.0,2.0,0.0,81762.0
4379.0,33.0,0.0,2.0,1.0,55162.0
4380.0,32.0,0.0,2.0,1.0,76257.0
4381.0,35.0,0.0,2.0,0.0,71922.5
4382.0,34.0,0.0,1.0,0.0,70862.0
4383.0,30.0,1.0,1.0,0.0,79662.0
4384.0,38.0,0.0,1.0,0.0,53202.0
4385.0,56.0,0.0,2.0,0.0,67662.0
4386.0,33.0,0.0,1.0,0.0,74162.0
4387.0,31.0,0.0,2.0,0.0,70862.0
4388.0,34.0,0.0,2.0,0.0,46348.48
4389.0,53.0,0.0,2.0,0.0,20162.0
4390.0,33.0,1.0,1.0,0.0,76162.0
4391.0,38.0,1.0,2.0,0.0,32642.0
4392.0,27.0,0.0,1.0,0.0,42162.0
4393.0,38.0,0.0,1.0,0.0,93186.0
4394.0,32.0,0.0,1.0,0.0,70162.0
4395.0,29.0,0.0,2.0,0.0,43662.0
4396.0,34.0,0.0,2.0,0.0,30162.0
4397.0,32.0,0.0,1.0,0.0,65662.0
4398.0,38.0,0.0,2.0,0.0,97662.0
4399.0,46.0,0.0,2.0,0.0,78162.0
4400.0,28.0,0.0,1.0,0.0,39313.69
4401.0,32.0,0.0,2.0,0.0,65162.0
4402.0,25.0,0.0,1.0,0.0,38162.0
4403.0,28.0,0.0,1.0,0.0,48162.0
4404.0,34.0,0.0,1.0,0.0,55242.0
4405.0,33.0,0.0,1.0,1.0,60162.0
4406.0,33.0,0.0,2.0,1.0,80162.0
4407.0,30.0,0.0,2.0,0.0,40472.4
4408.0,38.0,0.0,1.0,1.0,47162.0
4409.0,31.0,0.0,1.0,0.0,50162.0
4410.0,42.0,0.0,2.0,0.0,75162.0
4411.0,48.0,0.0,1.0,0.0,49320.9
4412.0,49.0,0.0,2.0,,54162.0
4413.0,23.0,0.0,1.0,0.0,39682.0
4414.0,44.0,0.0,1.0,1.0,90162.0
4415.0,35.0,0.0,2.0,0.0,80162.0
4416.0,26.0,0.0,2.0,0.0,65752.64
4417.0,30.0,0.0,1.0,1.0,52662.0
4418.0,36.0,0.0,2.0,0.0,65162.0
4419.0,55.0,0.0,1.0,1.0,50162.0
4420.0,42.0,0.0,1.0,0.0,46162.0
4421.0,33.0,0.0,2.0,0.0,35902.8
4422.0,43.0,0.0,2.0,0.0,111110.64
4423.0,39.0,0.0,1.0,0.0,90162.0
4424.0,46.0,0.0,2.0,0.0,60162.0
4425.0,34.0,0.0,2.0,0.0,60505.2
4426.0,42.0,0.0,2.0,0.0,67162.0
4427.0,34.0,0.0,1.0,0.0,42162.0
4428.0,30.0,0.0,2.0,1.0,68162.0
4429.0,26.0,0.0,2.0,1.0,53162.0
4430.0,39.0,0.0,2.0,0.0,65162.0
4431.0,35.0,0.0,2.0,1.0,110162.0
4432.0,39.0,0.0,2.0,0.0,73662.0
4433.0,39.0,0.0,2.0,0.0,100162.0
4434.0,29.0,0.0,1.0,0.0,78162.0
4435.0,27.0,0.0,2.0,1.0,43162.0
4436.0,47.0,0.0,1.0,0.0,46162.0
4437.0,39.0,0.0,2.0,1.0,108162.0
4438.0,37.0,0.0,2.0,0.0,70095.5
4439.0,26.0,0.0,2.0,0.0,37902.0
4440.0,36.0,0.0,1.0,1.0,78162.0
4441.0,29.0,0.0,2.0,1.0,65162.0
4442.0,43.0,0.0,2.0,1.0,18162.0
4443.0,30.0,0.0,1.0,0.0,56362.0
4444.0,29.0,0.0,2.0,0.0,58048.0
4445.0,59.0,0.0,2.0,0.0,65162.0
4446.0,25.0,0.0,1.0,0.0,50162.0
4447.0,35.0,1.0,2.0,0.0,94716.0
4448.0,55.0,1.0,1.0,,93082.0
4449.0,33.0,0.0,2.0,0.0,53162.0
4450.0,30.0,0.0,2.0,1.0,18162.0
4451.0,30.0,0.0,2.0,1.0,18162.0
4452.0,30.0,0.0,2.0,0.0,30462.0
4453.0,26.0,0.0,2.0,0.0,40562.0
4454.0,44.0,1.0,2.0,0.0,36617.62
4455.0,33.0,0.0,2.0,1.0,90162.0
4456.0,38.0,0.0,1.0,0.0,65162.0
4457.0,26.0,0.0,1.0,0.0,40962.0
4458.0,41.0,0.0,1.0,0.0,43162.0
4459.0,28.0,0.0,2.0,0.0,65812.0
4460.0,27.0,0.0,2.0,0.0,35202.0
4461.0,29.0,0.0,1.0,0.0,65162.0
4462.0,37.0,0.0,2.0,0.0,63162.0
4463.0,28.0,0.0,1.0,0.0,65162.0
4464.0,53.0,0.0,2.0,0.0,104202.0
4465.0,45.0,0.0,2.0,0.0,104202.0
4466.0,30.0,0.0,1.0,0.0,47162.0
4467.0,55.0,0.0,2.0,0.0,70162.0
4468.0,42.0,0.0,1.0,0.0,105162.0
4469.0,33.0,0.0,1.0,0.0,92162.0
4470.0,31.0,0.0,2.0,0.0,65162.0
4471.0,27.0,0.0,2.0,0.0,48777.6
4472.0,26.0,0.0,2.0,0.0,46512.0
4473.0,32.0,0.0,2.0,0.0,43512.0
4474.0,35.0,0.0,1.0,0.0,40962.0
4475.0,30.0,0.0,2.0,0.0,62162.0
4476.0,40.0,0.0,1.0,0.0,51570.0
4477.0,26.0,0.0,2.0,0.0,35202.0
4478.0,29.0,1.0,2.0,0.0,47490.0
4479.0,29.0,0.0,2.0,0.0,57207.03
4480.0,55.0,0.0,1.0,0.0,69868.8
4481.0,41.0,0.0,2.0,0.0,55162.0
4482.0,31.0,0.0,2.0,0.0,62735.94
4483.0,55.0,0.0,2.0,0.0,54762.6
4484.0,38.0,0.0,2.0,0.0,72162.0
4485.0,34.0,0.0,2.0,0.0,64162.0
4486.0,24.0,0.0,2.0,1.0,53162.0
4487.0,27.0,0.0,2.0,0.0,40662.0
4488.0,34.0,1.0,2.0,0.0,72990.0
4489.0,27.0,0.0,1.0,0.0,47162.0
4490.0,28.0,1.0,1.0,0.0,52942.0
4491.0,29.0,0.0,2.0,0.0,56710.8
4492.0,31.0,0.0,1.0,0.0,86862.0
4493.0,29.0,0.0,2.0,0.0,37162.0
4494.0,33.0,1.0,2.0,,77809.5
4495.0,37.0,0.0,1.0,1.0,82162.0
4496.0,40.0,0.0,1.0,0.0,52162.0
4497.0,32.0,0.0,1.0,0.0,75162.0
4498.0,29.0,0.0,2.0,0.0,64107.0
4499.0,40.0,0.0,1.0,0.0,37162.0
4500.0,44.0,1.0,1.0,,72123.0
4501.0,26.0,0.0,1.0,0.0,35902.8
4502.0,42.0,0.0,2.0,0.0,120162.0
4503.0,29.0,0.0,1.0,0.0,32278.5
4504.0,30.0,0.0,1.0,0.0,60162.0
4505.0,44.0,0.0,2.0,0.0,55162.0
4506.0,39.0,0.0,1.0,0.0,60162.0
4507.0,34.0,0.0,1.0,0.0,90162.0
4508.0,40.0,0.0,2.0,0.0,55162.0
4509.0,36.0,0.0,1.0,1.0,77162.0
4510.0,48.0,0.0,2.0,0.0,100162.0
4511.0,49.0,0.0,2.0,0.0,50162.0
4512.0,33.0,0.0,2.0,0.0,71162.0
4513.0,57.0,0.0,1.0,0.0,22255.5
4514.0,51.0,0.0,2.0,0.0,60162.0
4515.0,28.0,0.0,1.0,0.0,46062.0
4516.0,49.0,0.0,2.0,0.0,105162.0
4517.0,33.0,1.0,1.0,0.0,73602.0
4518.0,31.0,0.0,1.0,0.0,55262.0
4519.0,39.0,0.0,2.0,0.0,90162.0
4520.0,53.0,0.0,1.0,0.0,66462.0
4521.0,37.0,0.0,2.0,1.0,87162.0
4522.0,29.0,0.0,1.0,1.0,40162.0
4523.0,44.0,0.0,1.0,0.0,105162.0
4524.0,31.0,0.0,2.0,0.0,78724.19
4525.0,43.0,0.0,2.0,,41678.8
4526.0,30.0,0.0,2.0,0.0,40162.0
4527.0,28.0,1.0,1.0,0.0,48162.0
4528.0,32.0,0.0,2.0,0.0,68451.0
4529.0,32.0,0.0,2.0,0.0,92662.0
4530.0,31.0,0.0,2.0,1.0,69259.42
4531.0,23.0,0.0,2.0,0.0,35552.4
4532.0,56.0,0.0,1.0,1.0,100162.0
4533.0,27.0,0.0,2.0,0.0,35202.0
4534.0,29.0,0.0,2.0,0.0,35727.6
4535.0,29.0,0.0,1.0,0.0,57662.0
4536.0,37.0,0.0,2.0,1.0,92162.0
4537.0,28.0,0.0,1.0,0.0,37082.0
4538.0,33.0,0.0,2.0,0.0,80162.0
4539.0,38.0,0.0,1.0,0.0,49162.0
4540.0,30.0,0.0,1.0,1.0,66862.0
4541.0,33.0,0.0,1.0,0.0,95162.0
4542.0,31.0,0.0,2.0,1.0,65162.0
4543.0,33.0,0.0,1.0,0.0,80162.0
4544.0,32.0,0.0,2.0,0.0,60162.0
4545.0,43.0,0.0,2.0,1.0,67662.0
4546.0,30.0,0.0,2.0,1.0,83190.0
4547.0,50.0,0.0,2.0,0.0,65162.0
4548.0,31.0,0.0,2.0,0.0,42662.0
4549.0,34.0,0.0,1.0,0.0,48020.4
4550.0,29.0,0.0,2.0,0.0,50162.0
4551.0,35.0,0.0,1.0,0.0,35202.0
4552.0,36.0,0.0,2.0,0.0,77162.0
4553.0,35.0,1.0,1.0,0.0,38542.0
4554.0,33.0,0.0,1.0,1.0,45162.0
4555.0,33.0,0.0,2.0,0.0,57660.72
4556.0,33.0,0.0,2.0,0.0,80162.0
4557.0,47.0,0.0,1.0,0.0,85162.0
4558.0,39.0,0.0,2.0,0.0,68162.0
4559.0,28.0,0.0,1.0,0.0,58162.0
4560.0,24.0,0.0,2.0,0.0,35512.0
4561.0,46.0,0.0,2.0,0.0,107162.0
4562.0,34.0,0.0,2.0,1.0,50162.0
4563.0,36.0,0.0,2.0,1.0,67742.0
4564.0,37.0,0.0,2.0,,110162.0
4565.0,28.0,0.0,1.0,0.0,40451.6
4566.0,27.0,1.0,2.0,0.0,32642.0
4567.0,36.0,0.0,2.0,1.0,62162.0
4568.0,26.0,0.0,2.0,0.0,50162.0
4569.0,30.0,1.0,1.0,0.0,70162.0
4570.0,29.0,0.0,1.0,0.0,28304.4
4571.0,37.0,0.0,1.0,0.0,29282.0
4572.0,30.0,0.0,1.0,0.0,39690.8
4573.0,23.0,0.0,2.0,0.0,27742.8
4574.0,26.0,0.0,1.0,0.0,33979.55
4575.0,35.0,0.0,2.0,0.0,40084.8
4576.0,37.0,1.0,1.0,0.0,30623.6
4577.0,37.0,0.0,2.0,0.0,37290.0
4578.0,30.0,1.0,1.0,0.0,31987.22
4579.0,31.0,0.0,1.0,0.0,36410.93
4580.0,37.0,0.0,1.0,0.0,40217.4
4581.0,25.0,0.0,1.0,0.0,30426.0
4582.0,36.0,0.0,1.0,0.0,29865.54
4583.0,24.0,1.0,1.0,0.0,30155.6
4584.0,30.0,0.0,2.0,0.0,31174.8
4585.0,37.0,0.0,1.0,0.0,37637.24
4586.0,38.0,0.0,2.0,0.0,33047.6
4587.0,46.0,0.0,2.0,0.0,74271.78
4588.0,32.0,1.0,1.0,0.0,28013.2
4589.0,32.0,0.0,1.0,0.0,35437.08
4590.0,32.0,0.0,1.0,0.0,31674.0
4591.0,38.0,0.0,1.0,0.0,45634.76
4592.0,25.0,1.0,1.0,0.0,34108.91
4593.0,35.0,0.0,1.0,0.0,37304.28
4594.0,23.0,1.0,2.0,0.0,28533.2
4595.0,33.0,0.0,1.0,0.0,50162.0
4596.0,24.0,1.0,1.0,0.0,27743.86
4597.0,29.0,0.0,1.0,0.0,30155.6
4598.0,29.0,1.0,1.0,0.0,28013.2
4599.0,35.0,1.0,2.0,0.0,51798.25
4600.0,27.0,0.0,1.0,0.0,33912.65
4601.0,48.0,0.0,2.0,0.0,36764.9
4602.0,28.0,0.0,1.0,0.0,56662.0
4603.0,45.0,0.0,2.0,,70413.73
4604.0,28.0,0.0,1.0,,72662.0
4605.0,56.0,0.0,2.0,0.0,20162.0
4606.0,38.0,0.0,2.0,0.0,105162.0
4607.0,30.0,0.0,2.0,0.0,63162.0
4608.0,30.0,0.0,1.0,0.0,42162.0
4609.0,37.0,1.0,1.0,0.0,91062.0
4610.0,40.0,0.0,1.0,0.0,77427.0
4611.0,43.0,0.0,1.0,0.0,85162.0
4612.0,46.0,0.0,2.0,0.0,90162.0
4613.0,50.0,0.0,2.0,0.0,50162.0
4614.0,46.0,0.0,1.0,0.0,95162.0
4615.0,34.0,0.0,2.0,0.0,66672.36
4616.0,49.0,0.0,1.0,1.0,72662.0
4617.0,31.0,0.0,2.0,0.0,18162.0
4618.0,30.0,1.0,1.0,0.0,45602.3
4619.0,29.0,0.0,2.0,1.0,18162.0
4620.0,23.0,0.0,1.0,0.0,27813.78
4621.0,28.0,0.0,1.0,0.0,39893.62
4622.0,36.0,1.0,1.0,0.0,30162.0
4623.0,33.0,0.0,2.0,0.0,47770.7
4624.0,27.0,0.0,1.0,0.0,34815.19
4625.0,38.0,0.0,1.0,0.0,86167.0
4626.0,29.0,0.0,2.0,0.0,60226.56
4627.0,28.0,0.0,1.0,0.0,67162.0
4628.0,30.0,0.0,1.0,0.0,50162.0
4629.0,34.0,0.0,1.0,0.0,48162.0
4630.0,40.0,0.0,1.0,0.0,66137.0
4631.0,41.0,0.0,2.0,1.0,53662.0
4632.0,37.0,0.0,1.0,0.0,55162.0
4633.0,41.0,0.0,1.0,0.0,130162.0
4634.0,40.0,0.0,1.0,0.0,85842.0
4635.0,43.0,0.0,1.0,0.0,97062.0
4636.0,35.0,0.0,2.0,0.0,60162.0
4637.0,29.0,0.0,1.0,1.0,45162.0
4638.0,29.0,0.0,2.0,0.0,32482.0
4639.0,35.0,0.0,2.0,1.0,115162.0
4640.0,32.0,0.0,1.0,0.0,34662.0
4641.0,46.0,0.0,2.0,0.0,69185.4
4642.0,28.0,0.0,1.0,1.0,71473.5
4643.0,36.0,1.0,2.0,0.0,66495.15
4644.0,28.0,0.0,1.0,0.0,49060.8
4645.0,38.0,0.0,2.0,0.0,63162.0
4646.0,40.0,0.0,1.0,0.0,93162.0
4647.0,35.0,0.0,1.0,0.0,76856.31
4648.0,31.0,0.0,1.0,0.0,58162.0
4649.0,27.0,0.0,2.0,0.0,75162.0
4650.0,36.0,0.0,1.0,0.0,83162.0
4651.0,26.0,0.0,2.0,0.0,60162.0
4652.0,29.0,1.0,1.0,,70162.0
4653.0,27.0,0.0,2.0,0.0,45256.4
4654.0,31.0,0.0,2.0,0.0,28018.61
4655.0,44.0,0.0,1.0,0.0,45715.2
4656.0,46.0,0.0,2.0,0.0,85162.0
4657.0,34.0,0.0,2.0,0.0,65162.0
4658.0,23.0,0.0,2.0,0.0,35202.0
4659.0,47.0,0.0,2.0,0.0,38080.4
4660.0,42.0,0.0,1.0,0.0,56362.0
4661.0,39.0,0.0,2.0,0.0,62662.0
4662.0,38.0,0.0,1.0,0.0,75162.0
4663.0,38.0,0.0,2.0,0.0,87162.0
4664.0,32.0,0.0,2.0,0.0,38162.0
4665.0,36.0,0.0,2.0,0.0,85162.0
4666.0,27.0,0.0,2.0,1.0,56162.0
4667.0,29.0,0.0,1.0,0.0,65162.0
4668.0,30.0,0.0,2.0,0.0,30862.8
4669.0,46.0,0.0,2.0,0.0,18162.0
4670.0,34.0,0.0,2.0,,80162.0
4671.0,32.0,0.0,2.0,0.0,44532.0
4672.0,35.0,0.0,2.0,1.0,68162.0
4673.0,28.0,0.0,1.0,,75162.0
4674.0,29.0,0.0,1.0,0.0,38062.0
4675.0,27.0,0.0,2.0,0.0,40534.8
4676.0,32.0,0.0,2.0,0.0,37754.0
4677.0,35.0,0.0,2.0,0.0,117662.0
4678.0,28.0,0.0,1.0,1.0,54162.0
4679.0,53.0,0.0,2.0,0.0,18162.0
4680.0,38.0,0.0,2.0,0.0,78462.0
4681.0,26.0,0.0,1.0,0.0,56162.0
4682.0,44.0,0.0,2.0,0.0,72162.0
4683.0,47.0,0.0,2.0,0.0,20162.0
4684.0,39.0,0.0,2.0,0.0,62382.0
4685.0,28.0,0.0,1.0,,48162.0
4686.0,29.0,0.0,1.0,0.0,47286.0
4687.0,28.0,0.0,1.0,0.0,68162.0
4688.0,35.0,0.0,2.0,0.0,59670.8
4689.0,49.0,0.0,2.0,0.0,39162.0
4690.0,40.0,0.0,2.0,0.0,75162.0
4691.0,41.0,0.0,2.0,1.0,50162.0
4692.0,49.0,0.0,2.0,0.0,105162.0
4693.0,49.0,0.0,2.0,0.0,80162.0
4694.0,26.0,0.0,2.0,0.0,55262.0
4695.0,34.0,0.0,2.0,0.0,39034.2
4696.0,34.0,0.0,2.0,0.0,80162.0
4697.0,24.0,0.0,2.0,1.0,48162.0
4698.0,52.0,1.0,1.0,1.0,112362.0
4699.0,34.0,0.0,2.0,1.0,50162.0
4700.0,35.0,1.0,1.0,0.0,74412.0
4701.0,42.0,0.0,2.0,0.0,90162.0
4702.0,49.0,0.0,2.0,1.0,110162.0
4703.0,44.0,0.0,2.0,0.0,90162.0
4704.0,35.0,0.0,2.0,0.0,38162.0
4705.0,27.0,0.0,1.0,,54162.0
4706.0,25.0,0.0,2.0,0.0,50162.0
4707.0,44.0,0.0,2.0,0.0,66564.0
4708.0,36.0,0.0,1.0,1.0,54702.0
4709.0,34.0,0.0,2.0,0.0,18162.0
4710.0,42.0,0.0,2.0,0.0,67162.0
4711.0,35.0,0.0,1.0,0.0,53712.0
4712.0,55.0,0.0,2.0,0.0,87162.0
4713.0,35.0,0.0,2.0,1.0,81762.0
4714.0,31.0,0.0,1.0,,60162.0
4715.0,38.0,0.0,2.0,1.0,24162.0
4716.0,40.0,1.0,2.0,0.0,91512.0
4717.0,32.0,0.0,1.0,0.0,28803.6
4718.0,32.0,0.0,2.0,0.0,28522.8
4719.0,31.0,1.0,2.0,0.0,35862.0
4720.0,38.0,0.0,1.0,0.0,65162.0
4721.0,29.0,0.0,2.0,0.0,61662.0
4722.0,30.0,0.0,2.0,0.0,70162.0
4723.0,35.0,0.0,2.0,0.0,81320.68
4724.0,59.0,0.0,1.0,0.0,75030.0
4725.0,38.0,0.0,2.0,0.0,98162.0
4726.0,31.0,0.0,2.0,0.0,18162.0
4727.0,29.0,0.0,2.0,0.0,43862.0
4728.0,27.0,0.0,2.0,0.0,55162.0
4729.0,28.0,0.0,1.0,0.0,47162.0
4730.0,64.0,0.0,2.0,0.0,77162.0
4731.0,32.0,0.0,2.0,0.0,56362.0
4732.0,24.0,0.0,2.0,1.0,50162.0
4733.0,42.0,0.0,1.0,0.0,93662.0
4734.0,49.0,0.0,1.0,0.0,18162.0
4735.0,34.0,0.0,2.0,0.0,70162.0
4736.0,29.0,0.0,1.0,,36894.15
4737.0,24.0,0.0,2.0,0.0,37602.0
4738.0,37.0,0.0,1.0,0.0,112162.0
4739.0,50.0,0.0,2.0,0.0,115162.0
4740.0,31.0,0.0,2.0,0.0,45162.0
4741.0,38.0,0.0,1.0,0.0,75162.0
4742.0,25.0,0.0,2.0,0.0,43262.0
4743.0,44.0,0.0,2.0,0.0,73162.0
4744.0,27.0,0.0,2.0,0.0,32162.0
4745.0,32.0,0.0,2.0,1.0,18162.0
4746.0,55.0,0.0,1.0,0.0,43662.0
4747.0,34.0,0.0,1.0,0.0,85162.0
4748.0,48.0,0.0,1.0,0.0,85162.0
4749.0,41.0,0.0,2.0,1.0,95162.0
4750.0,39.0,0.0,1.0,0.0,95162.0
4751.0,39.0,0.0,1.0,0.0,90162.0
4752.0,43.0,0.0,2.0,0.0,62624.4
4753.0,46.0,0.0,2.0,0.0,48662.0
4754.0,56.0,0.0,1.0,0.0,92162.0
4755.0,52.0,0.0,1.0,0.0,46162.0
4756.0,40.0,0.0,2.0,0.0,90162.0
4757.0,40.0,0.0,1.0,0.0,79162.0
4758.0,37.0,0.0,2.0,0.0,55162.0
4759.0,34.0,0.0,1.0,0.0,80162.0
4760.0,27.0,0.0,1.0,0.0,57486.0
4761.0,31.0,0.0,2.0,1.0,57162.0
4762.0,38.0,0.0,1.0,0.0,51162.0
4763.0,44.0,0.0,2.0,0.0,98662.0
4764.0,28.0,0.0,2.0,0.0,20162.0
4765.0,36.0,0.0,1.0,0.0,50162.0
4766.0,30.0,0.0,2.0,0.0,66462.0
4767.0,36.0,0.0,1.0,0.0,63162.0
4768.0,24.0,0.0,2.0,0.0,41762.0
4769.0,29.0,0.0,2.0,0.0,33815.88
4770.0,38.0,0.0,1.0,0.0,47867.0
4771.0,28.0,1.0,2.0,0.0,65812.0
4772.0,34.0,1.0,2.0,0.0,33442.0
4773.0,38.0,0.0,2.0,0.0,102162.0
4774.0,31.0,0.0,2.0,0.0,18162.0
4775.0,47.0,0.0,2.0,0.0,50662.0
4776.0,28.0,0.0,2.0,,29880.0
4777.0,26.0,0.0,2.0,0.0,45162.0
4778.0,43.0,0.0,1.0,0.0,45612.0
4779.0,32.0,0.0,2.0,,29880.0
4780.0,21.0,0.0,1.0,,29880.0
4781.0,33.0,0.0,2.0,0.0,68162.0
4782.0,35.0,0.0,2.0,0.0,56362.0
4783.0,42.0,0.0,2.0,0.0,63162.0
4784.0,41.0,0.0,2.0,0.0,65162.0
4785.0,28.0,0.0,1.0,,29880.0
4786.0,45.0,0.0,2.0,0.0,66462.0
4787.0,30.0,0.0,1.0,,29880.0
4788.0,50.0,0.0,2.0,,29880.0
4789.0,28.0,0.0,2.0,0.0,48162.0
4790.0,29.0,0.0,2.0,,29880.0
4791.0,33.0,0.0,1.0,0.0,47662.0
4792.0,28.0,0.0,1.0,0.0,58302.0
4793.0,46.0,0.0,1.0,,29880.0
4794.0,27.0,0.0,1.0,,29880.0
4795.0,31.0,0.0,2.0,,29880.0
4796.0,26.0,0.0,1.0,,29880.0
4797.0,32.0,0.0,1.0,,29880.0
4798.0,26.0,0.0,2.0,,29880.0
4799.0,43.0,0.0,2.0,,29880.0
4800.0,26.0,0.0,1.0,,29880.0
4801.0,24.0,0.0,2.0,0.0,56362.0
4802.0,47.0,0.0,1.0,0.0,102162.0
4803.0,23.0,0.0,2.0,,29880.0
4804.0,30.0,0.0,2.0,,29880.0
4805.0,27.0,0.0,2.0,,29880.0
4806.0,36.0,0.0,1.0,,53163.0
4807.0,30.0,0.0,2.0,1.0,70162.0
4808.0,39.0,0.0,2.0,0.0,86427.0
4809.0,31.0,0.0,1.0,0.0,66662.0
4810.0,28.0,0.0,2.0,0.0,20162.0
4811.0,40.0,0.0,1.0,0.0,51662.0
4812.0,35.0,0.0,1.0,0.0,42162.0
4813.0,26.0,0.0,1.0,,29880.0
4814.0,39.0,0.0,2.0,0.0,118962.0
4815.0,37.0,0.0,2.0,0.0,61162.0
4816.0,36.0,0.0,1.0,0.0,50162.0
4817.0,33.0,0.0,1.0,0.0,73162.0
4818.0,36.0,1.0,1.0,,65162.0
4819.0,29.0,0.0,2.0,,29880.0
4820.0,35.0,0.0,1.0,0.0,39942.0
4821.0,32.0,0.0,2.0,0.0,35727.6
4822.0,39.0,0.0,1.0,1.0,95162.0
4823.0,36.0,0.0,1.0,0.0,81762.0
4824.0,45.0,0.0,1.0,0.0,105162.0
4825.0,24.0,0.0,1.0,0.0,28382.4
4826.0,25.0,0.0,2.0,0.0,28242.0
4827.0,44.0,0.0,2.0,0.0,31476.82
4828.0,32.0,0.0,2.0,0.0,28522.8
4829.0,33.0,1.0,1.0,,39162.0
4830.0,31.0,0.0,1.0,0.0,80162.0
4831.0,29.0,0.0,1.0,0.0,41982.0
4832.0,36.0,0.0,1.0,0.0,57486.0
4833.0,37.0,0.0,2.0,0.0,53162.0
4834.0,50.0,0.0,2.0,1.0,110162.0
4835.0,41.0,0.0,2.0,1.0,88162.0
4836.0,53.0,0.0,2.0,0.0,18162.0
4837.0,40.0,1.0,1.0,,37162.0
4838.0,34.0,0.0,2.0,0.0,50162.0
4839.0,29.0,0.0,2.0,0.0,69588.0
4840.0,35.0,0.0,1.0,0.0,73162.0
4841.0,50.0,0.0,2.0,0.0,80162.0
4842.0,43.0,0.0,1.0,1.0,88162.0
4843.0,37.0,0.0,2.0,0.0,75162.0
4844.0,48.0,0.0,1.0,1.0,86162.0
4845.0,27.0,0.0,1.0,1.0,42162.0
4846.0,34.0,0.0,1.0,0.0,60162.0
4847.0,31.0,0.0,1.0,0.0,51774.0
4848.0,26.0,0.0,1.0,1.0,45162.0
4849.0,35.0,0.0,1.0,0.0,39636.0
4850.0,35.0,0.0,2.0,0.0,79722.0
4851.0,51.0,0.0,2.0,0.0,70662.0
4852.0,41.0,0.0,2.0,0.0,88032.0
4853.0,57.0,0.0,1.0,0.0,62586.0
4854.0,34.0,1.0,1.0,,33442.0
4855.0,28.0,1.0,1.0,0.0,38122.0
4856.0,34.0,0.0,2.0,0.0,39411.6
4857.0,28.0,1.0,1.0,0.0,36229.2
4858.0,53.0,0.0,1.0,0.0,38881.2
4859.0,40.0,0.0,1.0,0.0,38881.2
4860.0,37.0,0.0,1.0,0.0,83373.0
4861.0,21.0,0.0,2.0,,28242.0
4862.0,25.0,0.0,1.0,,29322.0
4863.0,27.0,0.0,2.0,0.0,56262.0
4864.0,37.0,0.0,2.0,,90162.0
4865.0,46.0,0.0,1.0,0.0,48162.0
4866.0,34.0,0.0,1.0,0.0,76485.1
4867.0,35.0,0.0,1.0,1.0,105162.0
4868.0,29.0,0.0,1.0,0.0,55162.0
4869.0,32.0,0.0,1.0,1.0,70162.0
4870.0,30.0,0.0,2.0,0.0,30162.0
4871.0,30.0,0.0,2.0,0.0,52303.32
4872.0,42.0,0.0,1.0,0.0,35202.0
4873.0,35.0,0.0,2.0,0.0,90162.0
4874.0,37.0,0.0,1.0,0.0,91197.0
4875.0,55.0,0.0,2.0,0.0,21582.0
4876.0,57.0,0.0,1.0,0.0,78162.0
4877.0,31.0,0.0,1.0,0.0,70162.0
4878.0,33.0,0.0,2.0,0.0,76162.0
4879.0,44.0,1.0,1.0,0.0,60162.0
4880.0,24.0,0.0,2.0,0.0,32162.0
4881.0,27.0,0.0,2.0,0.0,27162.0
4882.0,29.0,0.0,2.0,1.0,75162.0
4883.0,28.0,0.0,2.0,0.0,42162.0
4884.0,34.0,0.0,2.0,0.0,18162.0
4885.0,43.0,0.0,1.0,1.0,90162.0
4886.0,28.0,0.0,1.0,0.0,52662.0
4887.0,26.0,0.0,2.0,0.0,56162.0
4888.0,34.0,0.0,1.0,1.0,49162.0
4889.0,36.0,0.0,1.0,0.0,90162.0
4890.0,48.0,0.0,1.0,,94002.0
4891.0,27.0,0.0,1.0,0.0,35202.0
4892.0,35.0,0.0,2.0,0.0,70162.0
4893.0,52.0,0.0,1.0,0.0,100162.0
4894.0,42.0,0.0,2.0,0.0,39162.0
4895.0,46.0,0.0,1.0,0.0,105162.0
4896.0,32.0,0.0,2.0,1.0,45162.0
4897.0,31.0,0.0,2.0,0.0,18162.0
4898.0,28.0,0.0,2.0,0.0,63662.0
4899.0,32.0,0.0,2.0,1.0,80162.0
4900.0,25.0,0.0,2.0,1.0,48162.0
4901.0,28.0,0.0,2.0,0.0,36912.0
4902.0,27.0,0.0,1.0,0.0,36362.0
4903.0,36.0,0.0,1.0,0.0,73162.0
4904.0,45.0,0.0,2.0,0.0,115162.0
4905.0,32.0,0.0,1.0,0.0,47662.0
4906.0,27.0,0.0,1.0,0.0,32082.0
4907.0,24.0,0.0,2.0,0.0,28242.0
4908.0,36.0,0.0,2.0,,38162.0
4909.0,49.0,0.0,2.0,0.0,18162.0
4910.0,38.0,0.0,1.0,0.0,75162.0
4911.0,29.0,0.0,1.0,0.0,29322.0
4912.0,30.0,0.0,1.0,,65162.0
4913.0,29.0,0.0,2.0,,63162.0
4914.0,30.0,0.0,2.0,0.0,75162.0
4915.0,40.0,0.0,2.0,0.0,90162.0
4916.0,39.0,0.0,1.0,1.0,77662.0
4917.0,35.0,0.0,1.0,0.0,51442.0
4918.0,27.0,0.0,2.0,0.0,50162.0
4919.0,25.0,0.0,2.0,0.0,28242.0
4920.0,31.0,0.0,2.0,0.0,30862.8
4921.0,36.0,0.0,2.0,0.0,29322.0
4922.0,38.0,0.0,1.0,0.0,18162.0
4923.0,49.0,0.0,1.0,1.0,90162.0
4924.0,26.0,0.0,1.0,0.0,45162.0
4925.0,23.0,0.0,2.0,0.0,38642.0
4926.0,25.0,1.0,1.0,0.0,37162.0
4927.0,35.0,0.0,2.0,0.0,24162.0
4928.0,24.0,0.0,2.0,0.0,38642.0
4929.0,41.0,0.0,1.0,0.0,60162.0
4930.0,40.0,0.0,2.0,0.0,76162.0
4931.0,31.0,0.0,2.0,0.0,73162.0
4932.0,43.0,0.0,1.0,0.0,44262.0
4933.0,32.0,0.0,1.0,0.0,66162.0
4934.0,28.0,0.0,1.0,0.0,55162.0
4935.0,48.0,0.0,2.0,0.0,85162.0
4936.0,42.0,0.0,2.0,0.0,18162.0
4937.0,30.0,0.0,2.0,0.0,58162.0
4938.0,27.0,0.0,1.0,0.0,48162.0
4939.0,30.0,0.0,2.0,0.0,50162.0
4940.0,37.0,0.0,2.0,0.0,95162.0
4941.0,40.0,0.0,2.0,0.0,52662.0
4942.0,37.0,0.0,1.0,0.0,43162.0
4943.0,35.0,0.0,1.0,0.0,35202.0
4944.0,28.0,0.0,2.0,0.0,18162.0
4945.0,41.0,0.0,1.0,0.0,93798.0
4946.0,43.0,0.0,2.0,0.0,88162.0
4947.0,34.0,0.0,2.0,0.0,50162.0
4948.0,37.0,0.0,2.0,0.0,35202.0
4949.0,28.0,0.0,2.0,0.0,18162.0
4950.0,58.0,0.0,2.0,0.0,75162.0
4951.0,42.0,0.0,1.0,,29880.0
4952.0,31.0,0.0,2.0,,29880.0
4953.0,30.0,0.0,2.0,0.0,82662.0
4954.0,27.0,0.0,2.0,0.0,50162.0
4955.0,24.0,0.0,2.0,,29880.0
4956.0,24.0,0.0,1.0,0.0,50162.0
4957.0,25.0,0.0,2.0,,29880.0
4958.0,23.0,0.0,2.0,,29880.0
4959.0,24.0,0.0,1.0,,29880.0
4960.0,25.0,0.0,1.0,,29880.0
4961.0,33.0,0.0,1.0,,29880.0
4962.0,23.0,0.0,2.0,,29880.0
4963.0,31.0,1.0,2.0,,35202.0
4964.0,33.0,0.0,2.0,0.0,85162.0
4965.0,31.0,0.0,2.0,0.0,62162.0
4966.0,26.0,0.0,2.0,1.0,46162.0
4967.0,55.0,0.0,2.0,0.0,24162.0
4968.0,26.0,0.0,2.0,0.0,47662.0
4969.0,33.0,0.0,2.0,0.0,91962.0
4970.0,31.0,0.0,2.0,0.0,36562.0
4971.0,25.0,0.0,2.0,1.0,22162.0
4972.0,30.0,0.0,2.0,0.0,35202.0
4973.0,30.0,0.0,2.0,0.0,40162.0
4974.0,45.0,0.0,2.0,0.0,75162.0
4975.0,40.0,0.0,2.0,0.0,82162.0
4976.0,27.0,0.0,2.0,0.0,64537.0
4977.0,30.0,0.0,2.0,0.0,67482.0
4978.0,28.0,0.0,2.0,0.0,46753.15
4979.0,41.0,0.0,1.0,0.0,18162.0
4980.0,30.0,0.0,2.0,0.0,24162.0
4981.0,27.0,0.0,2.0,1.0,18162.0
4982.0,27.0,0.0,2.0,0.0,25162.0
4983.0,35.0,0.0,1.0,0.0,45662.0
4984.0,25.0,0.0,2.0,0.0,45162.0
4985.0,37.0,0.0,2.0,,70162.0
4986.0,31.0,0.0,2.0,1.0,66462.0
4987.0,31.0,0.0,1.0,0.0,35202.0
4988.0,24.0,0.0,2.0,0.0,48162.0
4989.0,40.0,0.0,2.0,0.0,48162.0
4990.0,37.0,0.0,2.0,1.0,72662.0
4991.0,53.0,0.0,2.0,0.0,18162.0
4992.0,26.0,0.0,1.0,0.0,47662.0
4993.0,35.0,0.0,2.0,0.0,91268.4
4994.0,31.0,0.0,1.0,0.0,79332.0
4995.0,33.0,0.0,2.0,0.0,39162.0
4996.0,30.0,0.0,2.0,0.0,50162.0
4997.0,27.0,0.0,2.0,0.0,18162.0
4998.0,42.0,0.0,2.0,1.0,115162.0
4999.0,39.0,0.0,2.0,0.0,80162.0
5000.0,32.0,0.0,2.0,0.0,30762.0
5001.0,37.0,0.0,2.0,0.0,20162.0
5002.0,38.0,0.0,2.0,0.0,55712.0
5003.0,29.0,0.0,2.0,0.0,29880.0
5004.0,31.0,0.0,1.0,1.0,62600.2
5005.0,39.0,0.0,2.0,0.0,68502.0
5006.0,31.0,0.0,2.0,0.0,18162.0
5007.0,28.0,0.0,2.0,0.0,60162.0
5008.0,31.0,0.0,2.0,0.0,22162.0
5009.0,27.0,0.0,2.0,0.0,35202.0
5010.0,40.0,0.0,1.0,0.0,81362.0
5011.0,33.0,0.0,1.0,,38162.0
5012.0,35.0,0.0,2.0,0.0,91362.0
5013.0,30.0,0.0,1.0,,38162.0
5014.0,33.0,0.0,1.0,,38162.0
5015.0,23.0,0.0,1.0,,38162.0
5016.0,30.0,0.0,1.0,1.0,41162.0
5017.0,31.0,0.0,2.0,,38162.0
5018.0,59.0,0.0,1.0,,28242.0
5019.0,24.0,0.0,2.0,,38162.0
5020.0,37.0,0.0,1.0,0.0,37836.0
5021.0,32.0,0.0,2.0,,38162.0
5022.0,30.0,1.0,2.0,,28242.0
5023.0,43.0,0.0,2.0,0.0,78162.0
5024.0,40.0,0.0,2.0,0.0,60162.0
5025.0,30.0,0.0,2.0,,38162.0
5026.0,39.0,0.0,2.0,0.0,90162.0
5027.0,42.0,0.0,2.0,0.0,20162.0
5028.0,33.0,0.0,2.0,0.0,35202.0
5029.0,42.0,0.0,2.0,0.0,72882.0
5030.0,27.0,0.0,2.0,0.0,35202.0
5031.0,44.0,0.0,2.0,0.0,18162.0
5032.0,58.0,0.0,2.0,,38162.0
5033.0,52.0,0.0,2.0,0.0,120162.0
5034.0,35.0,0.0,2.0,0.0,60162.0
5035.0,35.0,0.0,2.0,1.0,30162.0
5036.0,29.0,0.0,2.0,0.0,18162.0
5037.0,29.0,0.0,1.0,0.0,60162.0
5038.0,43.0,0.0,2.0,,18162.0
5039.0,28.0,0.0,2.0,0.0,39682.0
5040.0,29.0,0.0,2.0,1.0,30162.0
5041.0,37.0,0.0,2.0,0.0,44262.0
5042.0,41.0,0.0,2.0,0.0,18162.0
5043.0,57.0,0.0,2.0,0.0,75162.0
5044.0,25.0,0.0,2.0,0.0,18162.0
5045.0,56.0,0.0,2.0,0.0,35202.0
5046.0,43.0,1.0,2.0,0.0,58162.0
5047.0,25.0,0.0,2.0,0.0,18162.0
5048.0,28.0,0.0,1.0,0.0,39682.0
5049.0,52.0,0.0,2.0,0.0,18162.0
5050.0,41.0,0.0,2.0,0.0,20162.0
5051.0,36.0,0.0,1.0,0.0,55162.0
5052.0,37.0,0.0,2.0,0.0,50162.0
5053.0,43.0,0.0,2.0,0.0,50162.0
5054.0,42.0,1.0,2.0,,50162.0
5055.0,43.0,1.0,1.0,,50162.0
5056.0,28.0,0.0,1.0,0.0,55712.0
5057.0,54.0,0.0,1.0,0.0,80162.0
5058.0,44.0,0.0,2.0,0.0,50162.0
5059.0,27.0,0.0,2.0,0.0,37914.0
5060.0,53.0,0.0,2.0,0.0,24162.0
5061.0,53.0,0.0,2.0,0.0,35202.0
5062.0,27.0,0.0,1.0,0.0,45162.0
5063.0,45.0,1.0,2.0,,18162.0
5064.0,31.0,0.0,2.0,0.0,50162.0
5065.0,50.0,0.0,2.0,0.0,49162.0
5066.0,29.0,0.0,2.0,,18162.0
5067.0,30.0,0.0,2.0,1.0,56162.0
5068.0,28.0,0.0,2.0,,18162.0
5069.0,52.0,0.0,1.0,0.0,45162.0
5070.0,36.0,0.0,2.0,0.0,82162.0
5071.0,32.0,0.0,1.0,0.0,49122.0
5072.0,39.0,0.0,1.0,1.0,58162.0
5073.0,25.0,0.0,2.0,0.0,20162.0
5074.0,36.0,0.0,2.0,0.0,18162.0
5075.0,25.0,0.0,2.0,0.0,20162.0
5076.0,36.0,0.0,2.0,1.0,65162.0
5077.0,35.0,1.0,2.0,,20162.0
5078.0,28.0,0.0,1.0,0.0,63489.0
5079.0,38.0,1.0,2.0,0.0,18162.0
5080.0,23.0,0.0,2.0,0.0,18162.0
5081.0,42.0,0.0,1.0,0.0,18162.0
5082.0,40.0,0.0,1.0,0.0,67662.0
5083.0,38.0,0.0,1.0,0.0,55162.0
5084.0,28.0,0.0,1.0,0.0,66162.0
5085.0,37.0,0.0,2.0,0.0,18162.0
5086.0,33.0,0.0,2.0,0.0,18162.0
5087.0,39.0,0.0,2.0,0.0,100162.0
5088.0,24.0,0.0,2.0,0.0,38162.0
5089.0,53.0,0.0,1.0,0.0,30762.0
5090.0,27.0,0.0,2.0,0.0,38162.0
5091.0,31.0,0.0,2.0,0.0,38162.0
5092.0,23.0,0.0,2.0,0.0,24162.0
5093.0,32.0,0.0,2.0,0.0,24162.0
5094.0,28.0,0.0,1.0,0.0,65162.0
5095.0,40.0,0.0,2.0,0.0,90162.0
5096.0,48.0,0.0,1.0,0.0,98162.0
5097.0,39.0,0.0,2.0,0.0,65162.0
5098.0,27.0,0.0,2.0,0.0,38162.0
5099.0,28.0,0.0,2.0,1.0,38162.0
5100.0,40.0,0.0,2.0,0.0,90162.0
5101.0,28.0,0.0,1.0,0.0,24162.0
5102.0,36.0,0.0,2.0,0.0,38162.0
5103.0,31.0,0.0,1.0,0.0,70162.0
5104.0,24.0,0.0,1.0,0.0,38162.0
5105.0,33.0,0.0,2.0,0.0,18162.0
5106.0,29.0,0.0,2.0,,40072.5
5107.0,32.0,1.0,1.0,0.0,55162.0
5108.0,26.0,0.0,1.0,0.0,55162.0
5109.0,53.0,0.0,2.0,0.0,24642.0
5110.0,40.0,0.0,2.0,0.0,39682.0
5111.0,23.0,0.0,1.0,0.0,40056.4
5112.0,25.0,0.0,2.0,0.0,22162.0
5113.0,46.0,0.0,2.0,0.0,43662.0
5114.0,34.0,0.0,2.0,0.0,71462.0
5115.0,42.0,0.0,1.0,1.0,80162.0
5116.0,38.0,0.0,2.0,0.0,28242.0
5117.0,27.0,0.0,2.0,0.0,28242.0
5118.0,51.0,0.0,1.0,0.0,30162.0
5119.0,26.0,0.0,2.0,0.0,30862.8
5120.0,27.0,0.0,2.0,1.0,67162.0
5121.0,26.0,0.0,2.0,0.0,18162.0
5122.0,34.0,0.0,2.0,0.0,18162.0
5123.0,30.0,0.0,1.0,0.0,56262.0
5124.0,47.0,0.0,2.0,0.0,70162.0
5125.0,32.0,0.0,2.0,0.0,18162.0
5126.0,41.0,0.0,1.0,0.0,75162.0
5127.0,40.0,0.0,1.0,1.0,77162.0
5128.0,42.0,0.0,2.0,0.0,55162.0
5129.0,33.0,0.0,2.0,1.0,23162.0
5130.0,40.0,0.0,2.0,0.0,95532.0
5131.0,39.0,0.0,1.0,0.0,80162.0
5132.0,39.0,0.0,2.0,,44216.4
5133.0,31.0,0.0,2.0,1.0,75162.0
5134.0,37.0,0.0,2.0,0.0,24162.0
5135.0,27.0,0.0,2.0,0.0,24162.0
5136.0,30.0,0.0,2.0,,81362.0
5137.0,22.0,0.0,1.0,,38162.0
5138.0,26.0,0.0,2.0,0.0,50162.0
5139.0,26.0,0.0,2.0,,38162.0
5140.0,52.0,0.0,2.0,0.0,23162.0
5141.0,36.0,0.0,1.0,,38162.0
5142.0,27.0,0.0,1.0,,38162.0
5143.0,49.0,1.0,1.0,,38162.0
5144.0,32.0,0.0,2.0,1.0,38162.0
5145.0,27.0,0.0,1.0,,38162.0
5146.0,30.0,0.0,2.0,,38162.0
5147.0,34.0,0.0,1.0,,38162.0
5148.0,45.0,0.0,2.0,0.0,50162.0
5149.0,36.0,0.0,2.0,,38162.0
5150.0,29.0,0.0,2.0,0.0,18162.0
5151.0,25.0,0.0,1.0,1.0,32082.0
5152.0,27.0,0.0,2.0,0.0,28242.0
5153.0,29.0,0.0,1.0,0.0,35162.0
5154.0,42.0,0.0,2.0,,75162.0
5155.0,46.0,0.0,1.0,0.0,80162.0
5156.0,43.0,1.0,2.0,0.0,24162.0
5157.0,29.0,0.0,1.0,0.0,70162.0
5158.0,33.0,1.0,2.0,0.0,71562.0
5159.0,26.0,0.0,2.0,0.0,58742.0
5160.0,32.0,0.0,2.0,1.0,69522.0
5161.0,33.0,0.0,1.0,0.0,78162.0
5162.0,27.0,0.0,2.0,0.0,50162.0
5163.0,27.0,0.0,1.0,0.0,28242.0
5164.0,36.0,0.0,1.0,0.0,72162.0
5165.0,25.0,0.0,1.0,0.0,40452.0
5166.0,28.0,0.0,1.0,0.0,47592.0
5167.0,46.0,1.0,1.0,,24162.0
5168.0,26.0,0.0,2.0,1.0,55162.0
5169.0,28.0,0.0,1.0,0.0,48366.0
5170.0,39.0,0.0,2.0,0.0,71562.0
5171.0,46.0,1.0,2.0,0.0,24162.0
5172.0,53.0,0.0,2.0,0.0,92162.0
5173.0,35.0,0.0,1.0,0.0,65162.0
5174.0,33.0,0.0,2.0,0.0,81362.0
5175.0,27.0,0.0,2.0,,18162.0
5176.0,32.0,0.0,2.0,0.0,87162.0
5177.0,27.0,0.0,1.0,0.0,40472.4
5178.0,54.0,0.0,2.0,0.0,20162.0
5179.0,26.0,0.0,2.0,0.0,23602.0
5180.0,27.0,0.0,2.0,0.0,46562.0
5181.0,26.0,0.0,2.0,0.0,58162.0
5182.0,30.0,0.0,2.0,0.0,50142.0
5183.0,32.0,0.0,2.0,0.0,18162.0
5184.0,33.0,0.0,1.0,0.0,60162.0
5185.0,28.0,0.0,2.0,1.0,56362.0
5186.0,35.0,0.0,2.0,0.0,56262.0
5187.0,33.0,0.0,2.0,,36912.0
5188.0,34.0,0.0,2.0,0.0,25162.0
5189.0,33.0,0.0,2.0,0.0,24162.0
5190.0,29.0,0.0,2.0,0.0,50162.0
5191.0,29.0,0.0,1.0,0.0,75162.0
5192.0,26.0,0.0,2.0,0.0,47662.0
5193.0,34.0,0.0,2.0,0.0,105162.0
5194.0,40.0,0.0,2.0,0.0,50162.0
5195.0,31.0,0.0,1.0,0.0,51662.0
5196.0,48.0,0.0,2.0,0.0,50162.0
5197.0,28.0,0.0,2.0,0.0,20162.0
5198.0,34.0,0.0,2.0,0.0,25162.0
5199.0,28.0,0.0,1.0,0.0,80162.0
5200.0,45.0,0.0,1.0,0.0,57162.0
5201.0,49.0,0.0,2.0,0.0,50162.0
5202.0,28.0,0.0,2.0,0.0,18162.0
5203.0,37.0,0.0,2.0,0.0,74162.0
5204.0,24.0,0.0,1.0,0.0,42162.0
5205.0,23.0,0.0,1.0,0.0,38642.0
5206.0,26.0,0.0,1.0,1.0,55162.0
5207.0,24.0,0.0,1.0,0.0,50162.0
5208.0,26.0,0.0,1.0,0.0,60162.0
5209.0,26.0,0.0,2.0,,35522.0
5210.0,28.0,0.0,1.0,0.0,37602.0
5211.0,26.0,0.0,2.0,0.0,28242.0
5212.0,23.0,0.0,1.0,0.0,37706.0
5213.0,28.0,0.0,1.0,0.0,28242.0
5214.0,53.0,0.0,2.0,0.0,66162.0
5215.0,53.0,0.0,2.0,0.0,50162.0
5216.0,35.0,0.0,2.0,0.0,50162.0
5217.0,41.0,0.0,2.0,0.0,95162.0
5218.0,28.0,0.0,2.0,0.0,28242.0
5219.0,27.0,0.0,1.0,0.0,28242.0
5220.0,48.0,0.0,2.0,0.0,50162.0
5221.0,38.0,0.0,2.0,0.0,50162.0
5222.0,33.0,0.0,1.0,0.0,80162.0
5223.0,30.0,0.0,2.0,0.0,60162.0
5224.0,53.0,0.0,2.0,0.0,95162.0
5225.0,36.0,0.0,2.0,0.0,50162.0
5226.0,34.0,0.0,2.0,1.0,80162.0
5227.0,59.0,0.0,2.0,0.0,72162.0
5228.0,46.0,0.0,2.0,1.0,120162.0
5229.0,55.0,0.0,2.0,0.0,50162.0
5230.0,23.0,0.0,2.0,0.0,18162.0
5231.0,35.0,0.0,2.0,0.0,50162.0
5232.0,48.0,0.0,2.0,0.0,50162.0
5233.0,45.0,0.0,2.0,0.0,50162.0
5234.0,25.0,0.0,2.0,0.0,65162.0
5235.0,29.0,0.0,2.0,0.0,37162.0
5236.0,32.0,0.0,2.0,0.0,50162.0
5237.0,38.0,0.0,2.0,0.0,40162.0
5238.0,32.0,0.0,1.0,0.0,75162.0
5239.0,45.0,0.0,2.0,0.0,50162.0
5240.0,36.0,0.0,2.0,1.0,80162.0
5241.0,26.0,0.0,2.0,0.0,50162.0
5242.0,36.0,0.0,2.0,0.0,137162.0
5243.0,25.0,0.0,1.0,0.0,40162.0
5244.0,53.0,0.0,1.0,0.0,88162.0
5245.0,38.0,0.0,2.0,0.0,97662.0
5246.0,32.0,0.0,2.0,0.0,82162.0
5247.0,34.0,0.0,2.0,0.0,78162.0
5248.0,37.0,0.0,1.0,0.0,45162.0
5249.0,44.0,0.0,2.0,0.0,50162.0
5250.0,26.0,0.0,2.0,0.0,50162.0
5251.0,30.0,0.0,1.0,,72662.0
5252.0,41.0,0.0,2.0,0.0,76162.0
5253.0,25.0,0.0,2.0,0.0,50162.0
5254.0,28.0,0.0,1.0,1.0,58162.0
5255.0,42.0,0.0,2.0,0.0,49162.0
5256.0,27.0,0.0,2.0,0.0,20362.0
5257.0,26.0,0.0,2.0,,55162.0
5258.0,43.0,0.0,2.0,0.0,50162.0
5259.0,34.0,0.0,1.0,0.0,85162.0
5260.0,40.0,0.0,1.0,1.0,65162.0
5261.0,38.0,0.0,2.0,0.0,80162.0
5262.0,32.0,0.0,1.0,1.0,52222.0
5263.0,47.0,0.0,2.0,0.0,75162.0
5264.0,45.0,0.0,1.0,0.0,85162.0
5265.0,40.0,0.0,2.0,0.0,40782.0
5266.0,39.0,0.0,2.0,0.0,50162.0
5267.0,38.0,0.0,2.0,0.0,55162.0
5268.0,31.0,0.0,1.0,0.0,80162.0
5269.0,27.0,0.0,2.0,0.0,43002.0
5270.0,36.0,0.0,1.0,0.0,60162.0
5271.0,30.0,0.0,1.0,0.0,65812.0
5272.0,29.0,0.0,2.0,0.0,52162.0
5273.0,29.0,0.0,1.0,0.0,38122.0
5274.0,42.0,0.0,2.0,0.0,77434.0
5275.0,27.0,0.0,2.0,0.0,50162.0
5276.0,38.0,0.0,1.0,0.0,56662.0
5277.0,61.0,0.0,2.0,0.0,50162.0
5278.0,42.0,0.0,2.0,0.0,82662.0
5279.0,26.0,0.0,1.0,0.0,40162.0
5280.0,54.0,0.0,2.0,0.0,50162.0
5281.0,42.0,0.0,2.0,0.0,50162.0
5282.0,56.0,0.0,2.0,0.0,50162.0
5283.0,36.0,0.0,2.0,0.0,54662.0
5284.0,30.0,0.0,1.0,0.0,50762.0
5285.0,23.0,0.0,2.0,0.0,46562.0
5286.0,27.0,0.0,2.0,0.0,50162.0
5287.0,26.0,0.0,2.0,0.0,50162.0
5288.0,45.0,0.0,2.0,0.0,50162.0
5289.0,44.0,0.0,1.0,0.0,25162.0
5290.0,36.0,0.0,2.0,0.0,50162.0
5291.0,37.0,1.0,2.0,0.0,80162.0
5292.0,38.0,0.0,2.0,0.0,50162.0
5293.0,45.0,0.0,2.0,0.0,50162.0
5294.0,25.0,0.0,1.0,0.0,52162.0
5295.0,30.0,0.0,2.0,0.0,62162.0
5296.0,39.0,0.0,1.0,0.0,38610.0
5297.0,32.0,0.0,2.0,0.0,50162.0
5298.0,37.0,0.0,1.0,0.0,50162.0
5299.0,26.0,0.0,2.0,0.0,20162.0
5300.0,28.0,0.0,2.0,,18162.0
5301.0,29.0,0.0,2.0,,18162.0
5302.0,25.0,0.0,2.0,0.0,57162.0
5303.0,39.0,0.0,2.0,0.0,75162.0
5304.0,33.0,0.0,2.0,0.0,50162.0
5305.0,31.0,0.0,2.0,0.0,50162.0
5306.0,29.0,0.0,1.0,0.0,45162.0
5307.0,35.0,0.0,2.0,0.0,75162.0
5308.0,44.0,0.0,1.0,0.0,50162.0
5309.0,37.0,0.0,1.0,1.0,50162.0
5310.0,29.0,0.0,2.0,0.0,43662.0
5311.0,27.0,0.0,2.0,0.0,50162.0
5312.0,34.0,0.0,2.0,1.0,64162.0
5313.0,28.0,0.0,2.0,0.0,75162.0
5314.0,36.0,0.0,2.0,0.0,55162.0
5315.0,22.0,0.0,1.0,0.0,37602.0
5316.0,35.0,0.0,2.0,0.0,50162.0
5317.0,31.0,0.0,2.0,0.0,22162.0
5318.0,38.0,0.0,2.0,0.0,90162.0
5319.0,36.0,0.0,2.0,0.0,18162.0
5320.0,26.0,0.0,2.0,0.0,50162.0
5321.0,26.0,0.0,2.0,0.0,50162.0
5322.0,32.0,0.0,2.0,0.0,50162.0
5323.0,24.0,0.0,2.0,0.0,18162.0
5324.0,42.0,0.0,2.0,0.0,50162.0
5325.0,23.0,0.0,2.0,0.0,18162.0
5326.0,32.0,0.0,2.0,0.0,65162.0
5327.0,29.0,0.0,1.0,1.0,70162.0
5328.0,40.0,0.0,2.0,0.0,18162.0
5329.0,25.0,0.0,2.0,0.0,65162.0
5330.0,35.0,0.0,2.0,1.0,71562.0
5331.0,30.0,0.0,1.0,0.0,62162.0
5332.0,37.0,0.0,1.0,0.0,85162.0
5333.0,40.0,0.0,1.0,0.0,78162.0
5334.0,42.0,0.0,2.0,0.0,50162.0
5335.0,36.0,0.0,2.0,1.0,95162.0
5336.0,30.0,0.0,2.0,0.0,23162.0
5337.0,27.0,0.0,2.0,0.0,37662.0
5338.0,31.0,0.0,2.0,0.0,67162.0
5339.0,33.0,0.0,2.0,0.0,32162.0
5340.0,31.0,0.0,2.0,,50162.0
5341.0,27.0,0.0,1.0,0.0,58162.0
5342.0,40.0,0.0,2.0,0.0,62662.0
5343.0,27.0,0.0,2.0,0.0,50162.0
5344.0,31.0,0.0,2.0,0.0,18162.0
5345.0,32.0,0.0,2.0,0.0,18162.0
5346.0,30.0,0.0,2.0,0.0,42162.0
5347.0,37.0,0.0,2.0,0.0,24162.0
5348.0,55.0,0.0,2.0,,50162.0
5349.0,42.0,1.0,1.0,0.0,90162.0
5350.0,25.0,1.0,1.0,0.0,28242.0
5351.0,49.0,0.0,2.0,,50162.0
5352.0,28.0,0.0,2.0,0.0,50162.0
5353.0,30.0,0.0,2.0,0.0,28242.0
5354.0,34.0,0.0,2.0,,57162.0
5355.0,34.0,0.0,1.0,,32162.0
5356.0,34.0,0.0,1.0,0.0,50162.0
5357.0,33.0,0.0,1.0,0.0,50162.0
5358.0,42.0,0.0,2.0,0.0,75162.0
5359.0,30.0,1.0,2.0,0.0,58162.0
5360.0,37.0,0.0,1.0,0.0,105162.0
5361.0,50.0,0.0,2.0,,50162.0
5362.0,27.0,0.0,2.0,,50162.0
5363.0,38.0,0.0,2.0,0.0,23162.0
5364.0,25.0,0.0,2.0,0.0,32862.0
5365.0,41.0,0.0,1.0,0.0,24162.0
5366.0,26.0,0.0,2.0,0.0,47162.0
5367.0,33.0,0.0,2.0,0.0,80162.0
5368.0,30.0,0.0,2.0,1.0,73662.0
5369.0,39.0,0.0,1.0,0.0,65162.0
5370.0,27.0,0.0,1.0,0.0,52162.0
5371.0,46.0,0.0,2.0,0.0,50162.0
5372.0,33.0,0.0,1.0,0.0,41162.0
5373.0,30.0,0.0,1.0,0.0,62662.0
5374.0,32.0,0.0,2.0,0.0,70162.0
5375.0,32.0,0.0,1.0,0.0,50162.0
5376.0,45.0,0.0,2.0,0.0,110162.0
5377.0,40.0,0.0,2.0,0.0,65162.0
5378.0,43.0,0.0,2.0,0.0,75162.0
5379.0,37.0,0.0,2.0,0.0,86162.0
5380.0,31.0,0.0,1.0,0.0,38162.0
5381.0,44.0,0.0,2.0,,35202.0
5382.0,33.0,0.0,1.0,1.0,53162.0
5383.0,37.0,0.0,2.0,0.0,50162.0
5384.0,32.0,0.0,2.0,0.0,35202.0
5385.0,44.0,0.0,2.0,0.0,18162.0
5386.0,56.0,0.0,2.0,0.0,55162.0
5387.0,46.0,0.0,2.0,0.0,50162.0
5388.0,42.0,0.0,2.0,0.0,18162.0
5389.0,44.0,0.0,1.0,0.0,70162.0
5390.0,45.0,0.0,2.0,0.0,18162.0
5391.0,45.0,0.0,2.0,0.0,73162.0
5392.0,32.0,0.0,2.0,0.0,70162.0
5393.0,45.0,0.0,2.0,0.0,50162.0
5394.0,39.0,0.0,2.0,0.0,41162.0
5395.0,32.0,0.0,2.0,0.0,38122.0
5396.0,41.0,0.0,1.0,0.0,46162.0
5397.0,45.0,1.0,2.0,,60162.0
5398.0,27.0,0.0,1.0,0.0,42162.0
5399.0,28.0,0.0,1.0,,52162.0
5400.0,26.0,0.0,1.0,0.0,41162.0
5401.0,61.0,0.0,1.0,0.0,70162.0
5402.0,43.0,0.0,2.0,0.0,70162.0
5403.0,38.0,0.0,2.0,0.0,91162.0
5404.0,35.0,0.0,2.0,0.0,30862.8
5405.0,35.0,0.0,1.0,0.0,49162.0
5406.0,43.0,0.0,2.0,0.0,75162.0
5407.0,32.0,0.0,2.0,0.0,78162.0
5408.0,60.0,0.0,2.0,0.0,65162.0
5409.0,52.0,0.0,2.0,0.0,78162.0
5410.0,37.0,0.0,1.0,0.0,110162.0
5411.0,31.0,0.0,2.0,0.0,28242.0
5412.0,38.0,0.0,2.0,1.0,90162.0
5413.0,42.0,0.0,1.0,0.0,115662.0
5414.0,38.0,0.0,2.0,0.0,52162.0
5415.0,48.0,0.0,2.0,0.0,67162.0
5416.0,27.0,0.0,2.0,0.0,28242.0
5417.0,48.0,0.0,1.0,0.0,80162.0
5418.0,30.0,0.0,2.0,0.0,24162.0
5419.0,55.0,1.0,2.0,0.0,18162.0
5420.0,26.0,0.0,2.0,0.0,39162.0
5421.0,32.0,0.0,2.0,0.0,50162.0
5422.0,35.0,0.0,1.0,0.0,39162.0
5423.0,28.0,0.0,1.0,,50162.0
5424.0,25.0,0.0,2.0,0.0,23162.0
5425.0,42.0,0.0,2.0,0.0,62162.0
5426.0,36.0,0.0,2.0,0.0,20162.0
5427.0,32.0,1.0,2.0,,50162.0
5428.0,27.0,0.0,1.0,,44162.0
5429.0,32.0,0.0,2.0,0.0,81162.0
5430.0,30.0,0.0,2.0,0.0,50162.0
5431.0,31.0,0.0,1.0,0.0,60162.0
5432.0,35.0,0.0,1.0,0.0,60162.0
5433.0,31.0,0.0,2.0,,50162.0
5434.0,42.0,0.0,1.0,0.0,50162.0
5435.0,56.0,0.0,2.0,,50162.0
5436.0,43.0,0.0,1.0,0.0,65162.0
5437.0,40.0,0.0,1.0,0.0,92162.0
5438.0,35.0,0.0,2.0,0.0,32162.0
5439.0,29.0,0.0,2.0,0.0,30842.0
5440.0,47.0,0.0,2.0,0.0,19162.0
5441.0,31.0,0.0,2.0,0.0,65162.0
5442.0,25.0,0.0,2.0,0.0,18162.0
5443.0,30.0,0.0,2.0,0.0,45162.0
5444.0,27.0,0.0,2.0,0.0,34162.0
5445.0,33.0,0.0,2.0,0.0,55162.0
5446.0,33.0,0.0,2.0,0.0,52162.0
5447.0,42.0,0.0,2.0,0.0,62162.0
5448.0,41.0,0.0,2.0,0.0,110162.0
5449.0,56.0,0.0,1.0,0.0,60162.0
5450.0,32.0,0.0,2.0,0.0,18162.0
5451.0,42.0,0.0,2.0,0.0,18162.0
5452.0,42.0,0.0,2.0,0.0,20162.0
5453.0,40.0,0.0,1.0,0.0,75162.0
5454.0,53.0,1.0,2.0,,94162.0
5455.0,49.0,0.0,1.0,0.0,72162.0
5456.0,44.0,0.0,1.0,,37162.0
5457.0,43.0,0.0,2.0,0.0,98162.0
5458.0,39.0,0.0,2.0,0.0,80162.0
5459.0,37.0,0.0,2.0,1.0,75162.0
5460.0,57.0,0.0,2.0,0.0,145162.0
5461.0,49.0,0.0,2.0,0.0,95162.0
5462.0,32.0,0.0,2.0,0.0,65162.0
5463.0,27.0,1.0,1.0,0.0,36162.0
5464.0,29.0,0.0,1.0,0.0,60162.0
5465.0,28.0,0.0,2.0,1.0,37862.0
5466.0,29.0,0.0,2.0,0.0,34162.0
5467.0,37.0,0.0,2.0,0.0,72162.0
5468.0,30.0,0.0,1.0,0.0,55956.38
5469.0,35.0,0.0,2.0,0.0,70162.0
5470.0,25.0,0.0,2.0,0.0,30322.0
5471.0,34.0,0.0,2.0,0.0,62662.0
5472.0,25.0,0.0,1.0,0.0,43162.0
5473.0,33.0,0.0,2.0,0.0,30162.0
5474.0,33.0,0.0,2.0,0.0,85162.0
5475.0,32.0,0.0,2.0,0.0,79662.0
5476.0,28.0,0.0,2.0,,32162.0
5477.0,32.0,0.0,2.0,0.0,91162.0
5478.0,27.0,0.0,2.0,0.0,35202.0
5479.0,39.0,0.0,2.0,0.0,126662.0
5480.0,25.0,0.0,2.0,0.0,30162.0
5481.0,27.0,0.0,1.0,0.0,30162.0
5482.0,37.0,0.0,2.0,0.0,81362.0
5483.0,26.0,0.0,2.0,0.0,40722.0
5484.0,23.0,0.0,1.0,0.0,40162.0
5485.0,29.0,0.0,2.0,0.0,28242.0
5486.0,47.0,0.0,2.0,0.0,65162.0
5487.0,39.0,0.0,2.0,0.0,71317.0
5488.0,44.0,0.0,2.0,0.0,110162.0
5489.0,25.0,0.0,2.0,0.0,35202.0
5490.0,37.0,0.0,2.0,0.0,82162.0
5491.0,34.0,0.0,1.0,0.0,95162.0
5492.0,47.0,0.0,2.0,0.0,27162.0
5493.0,39.0,0.0,2.0,0.0,52162.0
5494.0,53.0,0.0,2.0,,91162.0
5495.0,24.0,0.0,2.0,0.0,55162.0
5496.0,23.0,0.0,2.0,0.0,40162.0
5497.0,26.0,0.0,2.0,0.0,35202.0
5498.0,32.0,0.0,1.0,0.0,28242.0
5499.0,25.0,0.0,2.0,0.0,29282.0
5500.0,45.0,0.0,1.0,,105162.0
5501.0,43.0,0.0,1.0,0.0,120162.0
5502.0,36.0,0.0,2.0,0.0,50162.0
5503.0,41.0,0.0,2.0,,30162.0
5504.0,26.0,0.0,2.0,0.0,27162.0
5505.0,39.0,0.0,1.0,0.0,64512.0
5506.0,50.0,0.0,1.0,,95162.0
5507.0,37.0,0.0,2.0,0.0,24162.0
5508.0,29.0,0.0,2.0,,70162.0
5509.0,38.0,0.0,2.0,0.0,85162.0
5510.0,50.0,0.0,2.0,0.0,50162.0
5511.0,43.0,0.0,1.0,0.0,65162.0
5512.0,44.0,0.0,2.0,0.0,69162.0
5513.0,33.0,0.0,1.0,,65162.0
5514.0,46.0,0.0,1.0,0.0,100162.0
5515.0,36.0,0.0,1.0,0.0,28242.0
5516.0,46.0,0.0,2.0,0.0,90162.0
5517.0,53.0,0.0,2.0,,27162.0
5518.0,37.0,0.0,2.0,0.0,100162.0
5519.0,25.0,0.0,1.0,0.0,46162.0
5520.0,34.0,0.0,1.0,0.0,80162.0
5521.0,49.0,0.0,2.0,0.0,80162.0
5522.0,40.0,0.0,2.0,0.0,20162.0
5523.0,30.0,0.0,2.0,0.0,27162.0
5524.0,29.0,0.0,2.0,0.0,27162.0
5525.0,25.0,0.0,2.0,0.0,28242.0
5526.0,33.0,0.0,2.0,0.0,27162.0
5527.0,27.0,0.0,2.0,0.0,28242.0
5528.0,37.0,0.0,2.0,0.0,25162.0
5529.0,32.0,0.0,2.0,0.0,55162.0
5530.0,51.0,0.0,2.0,0.0,27162.0
5531.0,56.0,0.0,2.0,0.0,27162.0
5532.0,26.0,0.0,1.0,0.0,27162.0
5533.0,34.0,0.0,2.0,0.0,80162.0
5534.0,41.0,0.0,2.0,0.0,74162.0
5535.0,29.0,0.0,1.0,0.0,70162.0
5536.0,38.0,0.0,2.0,0.0,66662.0
5537.0,28.0,0.0,2.0,0.0,27162.0
5538.0,27.0,0.0,2.0,0.0,30322.0
5539.0,30.0,0.0,2.0,0.0,31362.0
5540.0,32.0,0.0,2.0,0.0,102162.0
5541.0,38.0,0.0,2.0,0.0,27162.0
5542.0,26.0,0.0,2.0,0.0,50162.0
5543.0,51.0,0.0,2.0,0.0,109162.0
5544.0,48.0,0.0,2.0,0.0,90162.0
5545.0,36.0,0.0,2.0,0.0,30162.0
5546.0,32.0,0.0,2.0,0.0,27162.0
5547.0,25.0,0.0,1.0,,24162.0
5548.0,34.0,0.0,1.0,0.0,29282.0
5549.0,40.0,0.0,2.0,0.0,27162.0
5550.0,35.0,0.0,2.0,0.0,80162.0
5551.0,28.0,0.0,2.0,,23162.0
5552.0,42.0,0.0,2.0,0.0,100162.0
5553.0,28.0,0.0,1.0,0.0,46362.0
5554.0,33.0,0.0,1.0,0.0,77162.0
5555.0,31.0,0.0,2.0,0.0,84162.0
5556.0,29.0,0.0,2.0,0.0,80162.0
5557.0,34.0,0.0,2.0,0.0,120162.0
5558.0,26.0,0.0,1.0,0.0,43666.5
5559.0,57.0,0.0,2.0,0.0,80162.0
5560.0,54.0,0.0,2.0,0.0,27162.0
5561.0,31.0,0.0,2.0,0.0,31362.0
5562.0,25.0,0.0,2.0,0.0,72162.0
5563.0,34.0,0.0,2.0,0.0,30162.0
5564.0,29.0,0.0,2.0,1.0,59161.0
5565.0,57.0,0.0,1.0,0.0,27162.0
5566.0,29.0,0.0,2.0,,27162.0
5567.0,26.0,0.0,2.0,0.0,45162.0
5568.0,55.0,0.0,1.0,0.0,30137.4
5569.0,43.0,1.0,2.0,,100162.0
5570.0,29.0,0.0,2.0,,27162.0
5571.0,42.0,0.0,2.0,,27162.0
5572.0,57.0,0.0,1.0,0.0,100162.0
5573.0,43.0,0.0,2.0,0.0,100162.0
5574.0,31.0,0.0,2.0,0.0,95162.0
5575.0,36.0,0.0,2.0,0.0,70162.0
5576.0,23.0,0.0,2.0,0.0,24162.0
5577.0,34.0,0.0,1.0,0.0,27162.0
5578.0,30.0,0.0,2.0,,27162.0
5579.0,47.0,0.0,2.0,0.0,27162.0
5580.0,48.0,0.0,2.0,,60482.0
5581.0,54.0,0.0,2.0,0.0,35202.0
5582.0,40.0,0.0,2.0,0.0,23162.0
5583.0,45.0,0.0,2.0,0.0,35202.0
5584.0,34.0,0.0,2.0,0.0,39661.2
5585.0,31.0,0.0,2.0,0.0,35202.0
5586.0,31.0,0.0,2.0,0.0,35202.0
5587.0,30.0,0.0,2.0,0.0,70162.0
5588.0,28.0,0.0,2.0,0.0,47162.0
5589.0,37.0,0.0,1.0,0.0,100162.0
5590.0,36.0,0.0,1.0,0.0,53662.0
5591.0,33.0,0.0,1.0,0.0,47162.0
5592.0,35.0,0.0,1.0,,90662.0
5593.0,38.0,0.0,2.0,0.0,57162.0
5594.0,49.0,0.0,2.0,0.0,20162.0
5595.0,28.0,0.0,2.0,0.0,62162.0
5596.0,29.0,0.0,1.0,0.0,32162.0
5597.0,33.0,0.0,2.0,,70162.0
5598.0,42.0,0.0,1.0,,75162.0
5599.0,37.0,0.0,2.0,,100162.0
5600.0,29.0,0.0,2.0,0.0,29282.0
5601.0,45.0,0.0,2.0,0.0,62162.0
5602.0,36.0,0.0,2.0,0.0,93162.0
5603.0,38.0,0.0,2.0,0.0,47162.0
5604.0,43.0,0.0,2.0,0.0,36912.0
5605.0,45.0,0.0,2.0,,38662.0
5606.0,56.0,0.0,2.0,0.0,36912.0
5607.0,25.0,0.0,1.0,,36962.0
5608.0,23.0,0.0,2.0,0.0,44662.0
5609.0,25.0,0.0,1.0,0.0,24162.0
5610.0,34.0,0.0,2.0,,35202.0
5611.0,31.0,0.0,1.0,0.0,92162.0
5612.0,40.0,0.0,2.0,0.0,120162.0
5613.0,40.0,1.0,1.0,,47662.0
5614.0,40.0,0.0,2.0,0.0,36912.0
5615.0,29.0,0.0,2.0,,46162.0
5616.0,27.0,0.0,1.0,,42662.0
5617.0,29.0,0.0,2.0,,60162.0
5618.0,50.0,0.0,2.0,,95162.0
5619.0,26.0,0.0,2.0,,60162.0
5620.0,43.0,0.0,1.0,0.0,93762.0
5621.0,35.0,0.0,2.0,0.0,55162.0
5622.0,40.0,0.0,2.0,0.0,55162.0
5623.0,51.0,0.0,1.0,,90162.0
5624.0,47.0,0.0,1.0,0.0,62162.0
5625.0,43.0,0.0,2.0,,90162.0
5626.0,41.0,0.0,1.0,,60162.0
5627.0,43.0,0.0,1.0,,100162.0
5628.0,36.0,0.0,2.0,,135762.0
5629.0,35.0,0.0,1.0,,85162.0
5630.0,44.0,0.0,1.0,,29282.0
5631.0,41.0,0.0,2.0,0.0,60162.0
5632.0,30.0,0.0,2.0,,18162.0
5633.0,40.0,0.0,2.0,,80162.0
5634.0,42.0,0.0,1.0,,65162.0
5635.0,30.0,0.0,1.0,,41662.0
5636.0,47.0,0.0,1.0,,100162.0
5637.0,27.0,0.0,1.0,,37153.5
5638.0,27.0,0.0,1.0,,68162.0
5639.0,29.0,0.0,2.0,,72162.0
5640.0,48.0,0.0,2.0,,68162.0
5641.0,29.0,0.0,2.0,,20162.0
5642.0,43.0,0.0,1.0,,30137.4
5643.0,40.0,0.0,1.0,,29282.0
5644.0,44.0,0.0,2.0,,87162.0
5645.0,31.0,0.0,1.0,,65162.0
5646.0,32.0,0.0,1.0,,50162.0
5647.0,51.0,0.0,2.0,,68162.0
