Pieces,Weight,Net
140.0,7.74,119.0
177.0,5.56,466.0
227.0,6.75,384.0
83.0,3.71,507.0
83.0,4.13,0.0
12.0,5.52,400.0
100.0,64.68,309.0
147.0,2.74,380.0
122.0,4.84,0.0
78.0,4.04,305.0
738.0,4.86,371.0
101.0,6.68,179.0
181.0,5.42,386.0
175.0,5.87,280.0
113.0,4.42,405.0
132.0,4.23,450.0
158.0,4.63,374.0
151.0,4.75,474.0
135.0,4.45,372.0
158.0,6.0,107.0
155.0,5.64,298.0
155.0,5.99,226.0
199.0,8.64,365.0
142.0,6.65,115.0
246.0,5.08,123.0
148.0,9.18,169.0
193.0,4.49,86.0
204.0,6.53,297.0
124.0,6.22,214.0
129.0,4.36,197.0
177.0,6.96,464.0
190.0,5.02,392.0
159.0,4.98,336.0
251.0,6.52,353.0
191.0,5.0,188.0
140.0,6.14,140.0
146.0,5.22,147.0
160.0,4.81,69.0
126.0,7.59,132.0
141.0,3.76,137.0
215.0,2.4,304.0
102.0,6.49,561.0
199.0,6.51,226.0
212.0,5.14,313.0
174.0,5.03,56.0
185.0,5.1,369.0
125.0,4.31,289.0
175.0,4.58,151.0
90.0,5.96,88.0
170.0,5.03,243.0
128.0,5.43,265.0
110.0,4.32,251.0
98.0,4.44,341.0
160.0,6.27,335.0
166.0,3.64,292.0
101.0,5.29,140.0
147.0,5.93,397.0
173.0,3.4,160.0
151.0,7.22,296.0
185.0,6.31,335.0
165.0,6.66,322.0
128.0,5.53,441.0
157.0,4.59,429.0
185.0,5.18,308.0
185.0,5.18,308.0
163.0,6.68,217.0
144.0,5.41,320.0
147.0,6.95,320.0
199.0,4.81,431.0
216.0,7.77,304.0
200.0,6.54,243.0
157.0,6.08,350.0
160.0,7.11,490.0
189.0,6.39,403.0
224.0,12.23,215.0
130.0,5.76,459.0
170.0,7.01,282.0
182.0,7.81,377.0
194.0,8.18,246.0
256.0,8.01,103.0
261.0,9.52,306.0
367.0,10.49,299.0
189.0,5.84,193.0
237.0,8.4,121.0
273.0,8.02,208.0
214.0,9.44,51.0
140.0,8.67,314.0
156.0,8.24,239.0
179.0,5.47,385.0
157.0,5.21,492.0
174.0,4.58,268.0
164.0,5.95,391.0
133.0,3.76,204.0
125.0,4.77,175.0
162.0,6.64,271.0
168.0,6.12,439.0
222.0,6.75,320.0
232.0,6.61,240.0
127.0,5.17,222.0
202.0,6.74,311.0
212.0,5.04,432.0
193.0,5.43,284.0
188.0,5.64,339.0
138.0,3.95,313.0
204.0,7.91,475.0
135.0,12.75,169.0
182.0,6.41,183.0
221.0,5.29,453.0
194.0,5.36,483.0
221.0,4.06,405.0
148.0,5.38,282.0
234.0,9.14,179.0
298.0,8.27,354.0
172.0,5.43,194.0
141.0,5.79,82.0
177.0,4.22,304.0
81.0,16.56,94.0
156.0,5.87,348.0
87.0,2.44,210.0
109.0,4.09,341.0
176.0,5.41,155.0
107.0,3.38,404.0
98.0,2.53,143.0
120.0,4.16,273.0
109.0,4.06,366.0
152.0,5.33,260.0
137.0,5.93,254.0
176.0,5.37,277.0
129.0,4.93,76.0
206.0,5.71,404.0
154.0,3.65,246.0
162.0,6.06,330.0
236.0,5.34,313.0
128.0,4.01,244.0
98.0,3.71,146.0
126.0,5.09,265.0
167.0,8.73,356.0
155.0,5.77,130.0
186.0,5.8,317.0
254.0,9.31,377.0
150.0,5.63,167.0
175.0,8.28,356.0
158.0,6.24,284.0
194.0,6.1,302.0
170.0,8.68,281.0
191.0,6.67,315.0
192.0,6.63,178.0
180.0,6.5,432.0
174.0,5.41,352.0
159.0,6.51,316.0
142.0,4.95,96.0
172.0,6.52,158.0
115.0,7.22,300.0
162.0,5.42,242.0
152.0,6.3,330.0
156.0,4.2,353.0
161.0,4.1,425.0
139.0,5.64,427.0
158.0,5.56,385.0
150.0,3.86,204.0
181.0,3.64,328.0
153.0,5.59,375.0
182.0,5.29,411.0
104.0,4.26,200.0
132.0,3.78,251.0
155.0,4.45,251.0
126.0,5.8,397.0
135.0,4.05,421.0
153.0,6.35,408.0
149.0,4.83,445.0
161.0,5.38,368.0
130.0,4.33,432.0
199.0,5.65,380.0
190.0,5.3,83.0
128.0,4.11,419.0
168.0,4.34,294.0
163.0,7.34,470.0
175.0,5.12,131.0
188.0,3.84,280.0
627.0,7.12,148.0
141.0,5.51,451.0
197.0,5.59,369.0
175.0,4.87,86.0
150.0,4.97,0.0
151.0,5.06,490.0
140.0,5.59,503.0
161.0,6.0,508.0
150.0,4.42,464.0
234.0,5.98,450.0
124.0,4.76,336.0
166.0,3.67,358.0
128.0,3.71,283.0
91.0,3.91,336.0
154.0,3.77,285.0
50.0,2.85,626.0
68.0,2.93,633.0
49.0,2.43,537.0
72.0,2.63,395.0
81.0,2.6,202.0
77.0,2.6,110.0
129.0,3.6,102.0
104.0,3.94,86.0
98.0,4.51,136.0
128.0,5.23,136.0
87.0,1.55,322.0
111.0,2.93,270.0
152.0,4.41,180.0
43.0,3.49,390.0
146.0,4.83,102.0
143.0,2.88,63.0
69.0,3.61,539.0
120.0,4.11,125.0
118.0,3.29,113.0
94.0,3.25,125.0
99.0,3.46,261.0
106.0,4.03,365.0
137.0,4.44,328.0
138.0,4.19,293.0
96.0,5.58,247.0
126.0,4.73,211.0
128.0,4.54,240.0
111.0,2.84,308.0
110.0,3.45,239.0
156.0,4.2,322.0
84.0,2.06,274.0
64.0,0.11,105.0
81.0,1.62,220.0
161.0,4.6,402.0
150.0,6.17,324.0
126.0,6.13,295.0
189.0,5.96,413.0
174.0,6.37,384.0
145.0,4.59,87.0
137.0,4.22,66.0
197.0,4.18,276.0
229.0,4.7,387.0
145.0,5.6,415.0
122.0,4.53,312.0
102.0,3.92,193.0
91.0,4.46,274.0
135.0,3.74,142.0
99.0,4.16,163.0
80.0,2.89,71.0
161.0,4.51,546.0
158.0,3.69,513.0
152.0,4.75,498.0
161.0,4.58,481.0
139.0,3.48,414.0
121.0,3.35,527.0
159.0,4.86,458.0
170.0,5.21,552.0
198.0,5.48,390.0
149.0,4.29,559.0
201.0,4.23,475.0
167.0,5.95,550.0
148.0,4.41,231.0
238.0,7.44,137.0
189.0,5.84,480.0
69.0,5.32,76.0
94.0,3.31,288.0
85.0,2.93,88.0
78.0,2.95,434.0
88.0,1.71,261.0
68.0,2.76,48.0
69.0,2.62,155.0
78.0,2.24,210.0
149.0,4.27,371.0
123.0,2.83,299.0
88.0,3.09,308.0
107.0,2.46,483.0
112.0,4.2,399.0
59.0,2.62,420.0
147.0,4.58,29.0
60.0,1.75,20.0
196.0,4.96,94.0
144.0,4.59,41.0
133.0,4.64,479.0
60.0,6.49,166.0
140.0,3.21,490.0
112.0,5.13,426.0
45.0,3.0,504.0
62.0,1.97,130.0
39.0,0.78,128.0
32.0,0.77,360.0
196.0,5.82,539.0
133.0,4.24,464.0
161.0,6.09,513.0
105.0,5.08,398.0
142.0,5.87,354.0
173.0,8.24,637.0
298.0,7.5,149.0
68.0,4.75,64.0
113.0,3.76,67.0
125.0,5.09,430.0
125.0,5.26,60.0
141.0,4.51,360.0
85.0,3.41,292.0
64.0,1.75,207.0
61.0,3.84,541.0
66.0,5.32,128.0
26.0,0.5,439.0
201.0,5.9,80.0
66.0,1.47,80.0
67.0,2.12,235.0
65.0,2.42,117.0
100.0,4.09,259.0
91.0,2.99,336.0
101.0,3.47,261.0
28.0,7.26,350.0
116.0,3.4,604.0
26.0,5.33,335.0
43.0,4.51,387.0
89.0,3.68,387.0
67.0,1.71,144.0
108.0,3.13,494.0
72.0,3.88,369.0
109.0,3.58,356.0
108.0,5.42,479.0
144.0,5.05,494.0
185.0,5.87,438.0
163.0,4.91,469.0
194.0,5.18,434.0
86.0,3.19,298.0
147.0,6.4,503.0
189.0,6.49,469.0
142.0,5.52,573.0
145.0,5.99,725.0
125.0,7.73,454.0
165.0,6.13,517.0
140.0,6.34,500.0
125.0,6.84,553.0
71.0,2.81,536.0
100.0,3.69,538.0
148.0,6.15,518.0
178.0,7.58,528.0
110.0,7.31,521.0
187.0,5.21,111.0
88.0,4.02,189.0
85.0,3.76,437.0
111.0,5.88,444.0
180.0,5.39,389.0
145.0,4.73,0.0
87.0,4.8,80.0
190.0,6.11,379.0
133.0,2.37,263.0
59.0,1.98,266.0
164.0,6.15,407.0
75.0,2.96,258.0
73.0,4.89,6235.0
104.0,3.44,625.0
162.0,6.9,412.0
127.0,7.93,211.0
243.0,6.83,283.0
140.0,6.1,411.0
162.0,5.9,456.0
36.0,11.16,621.0
223.0,5.45,43.0
109.0,5.11,513.0
136.0,4.0,409.0
72.0,1.97,379.0
80.0,3.23,361.0
156.0,5.59,387.0
135.0,4.63,454.0
83.0,4.69,464.0
85.0,8.24,343.0
110.0,3.9,208.0
115.0,4.82,370.0
160.0,5.5,376.0
121.0,5.96,414.0
196.0,6.06,443.0
147.0,5.49,361.0
153.0,4.44,424.0
101.0,3.39,535.0
121.0,5.91,480.0
132.0,4.66,479.0
154.0,2.63,468.0
145.0,4.23,432.0
111.0,3.91,268.0
126.0,4.57,449.0
130.0,4.29,365.0
93.0,2.63,252.0
104.0,3.21,355.0
149.0,3.63,168.0
155.0,4.67,389.0
160.0,5.68,463.0
155.0,5.32,430.0
139.0,7.14,297.0
105.0,6.13,477.0
125.0,5.87,308.0
123.0,5.82,822.0
144.0,5.39,127.0
110.0,12.74,465.0
139.0,5.19,332.0
72.0,3.94,512.0
109.0,5.67,404.0
46.0,1.2,425.0
51.0,1.9,410.0
86.0,2.73,361.0
53.0,1.98,362.0
73.0,3.48,456.0
67.0,6.58,124.0
97.0,4.97,192.0
211.0,5.14,117.0
111.0,4.0,521.0
72.0,5.68,394.0
190.0,4.84,187.0
116.0,5.18,374.0
94.0,4.5,738.0
68.0,2.45,298.0
167.0,8.2,503.0
83.0,6.42,421.0
59.0,5.03,187.0
170.0,8.28,97.0
77.0,7.31,560.0
106.0,3.26,353.0
117.0,2.88,419.0
126.0,3.9,407.0
190.0,4.44,479.0
174.0,4.05,38.0
106.0,2.82,359.0
114.0,3.86,435.0
133.0,6.22,302.0
176.0,5.27,389.0
185.0,6.29,421.0
147.0,6.41,359.0
136.0,4.8,129.0
174.0,4.59,254.0
102.0,2.85,108.0
136.0,3.82,90.0
144.0,3.84,353.0
80.0,3.32,329.0
128.0,3.56,286.0
88.0,5.46,188.0
136.0,3.82,212.0
158.0,5.18,471.0
107.0,3.98,202.0
58.0,4.95,142.0
26.0,2.84,61.0
183.0,4.89,170.0
84.0,5.06,276.0
127.0,3.88,133.0
91.0,4.19,303.0
114.0,3.2,0.0
108.0,3.02,343.0
254.0,8.34,442.0
227.0,6.16,174.0
212.0,6.2,325.0
127.0,9.86,426.0
121.0,3.99,150.0
181.0,4.67,312.0
73.0,5.08,311.0
136.0,4.69,63.0
144.0,5.98,453.0
110.0,66.38,299.0
50.0,2.05,136.0
133.0,5.36,435.0
199.0,6.82,289.0
124.0,5.97,348.0
136.0,5.25,387.0
145.0,5.0,61.0
180.0,4.56,381.0
98.0,9.09,610.0
128.0,5.7,472.0
104.0,6.73,88.0
133.0,7.56,565.0
105.0,7.36,99.0
229.0,5.86,71.0
215.0,4.9,368.0
157.0,4.54,448.0
108.0,4.88,458.0
178.0,4.89,447.0
112.0,4.19,152.0
157.0,4.11,660.0
87.0,3.51,509.0
151.0,5.05,598.0
382.0,3.38,627.0
466.0,15.91,336.0
402.0,3.53,105.0
303.0,8.13,252.0
173.0,4.4,475.0
134.0,5.04,410.0
172.0,8.37,511.0
81.0,2.93,299.0
103.0,3.11,287.0
52.0,2.43,0.0
76.0,2.39,372.0
95.0,2.38,532.0
118.0,5.06,275.0
77.0,2.32,159.0
67.0,2.81,167.0
57.0,4.79,143.0
140.0,3.3,311.0
51.0,5.71,401.0
113.0,3.78,360.0
109.0,4.4,384.0
90.0,3.43,379.0
122.0,4.23,288.0
116.0,3.91,427.0
56.0,2.16,157.0
47.0,2.3,336.0
94.0,2.49,431.0
68.0,3.33,446.0
50.0,1.47,371.0
81.0,3.45,363.0
132.0,3.54,364.0
82.0,2.95,436.0
125.0,3.99,453.0
107.0,3.45,390.0
63.0,5.01,218.0
63.0,5.01,218.0
132.0,4.6,294.0
110.0,4.92,459.0
167.0,4.64,476.0
114.0,4.13,411.0
162.0,3.77,301.0
164.0,5.86,434.0
184.0,7.39,647.0
130.0,6.17,525.0
82.0,5.11,270.0
58.0,3.12,118.0
97.0,4.56,422.0
94.0,6.83,547.0
75.0,6.23,596.0
177.0,2.25,266.0
108.0,3.96,227.0
119.0,4.05,417.0
60.0,2.48,410.0
136.0,3.97,87.0
148.0,64.89,397.0
110.0,4.66,538.0
114.0,5.85,484.0
71.0,5.32,102.0
86.0,3.11,104.0
61.0,3.44,435.0
122.0,3.53,386.0
85.0,2.67,429.0
92.0,6.56,356.0
111.0,3.9,461.0
100.0,4.75,344.0
74.0,4.27,308.0
131.0,4.44,423.0
68.0,3.66,265.0
114.0,4.13,366.0
122.0,4.1,429.0
94.0,4.65,302.0
127.0,4.6,443.0
160.0,3.86,268.0
110.0,3.46,175.0
101.0,3.73,385.0
111.0,3.68,218.0
94.0,2.83,295.0
57.0,2.77,134.0
106.0,3.57,138.0
105.0,4.47,512.0
153.0,3.16,322.0
67.0,3.23,180.0
68.0,3.22,379.0
102.0,3.89,411.0
85.0,4.2,415.0
113.0,2.68,224.0
130.0,5.21,344.0
159.0,6.6,574.0
137.0,4.1,181.0
144.0,4.08,303.0
140.0,6.09,347.0
204.0,5.51,411.0
141.0,6.76,411.0
96.0,8.28,282.0
137.0,7.39,501.0
119.0,5.71,259.0
150.0,6.4,225.0
95.0,6.5,207.0
89.0,6.71,217.0
88.0,6.14,340.0
149.0,5.08,423.0
112.0,5.05,414.0
170.0,5.1,430.0
123.0,3.47,441.0
142.0,4.05,42.0
158.0,4.28,467.0
124.0,4.28,476.0
138.0,3.95,312.0
99.0,3.46,424.0
112.0,6.34,413.0
151.0,5.03,404.0
130.0,3.32,375.0
83.0,4.57,340.0
168.0,4.24,473.0
133.0,5.25,440.0
118.0,3.85,435.0
101.0,3.08,392.0
123.0,4.23,396.0
136.0,5.02,470.0
164.0,5.61,458.0
104.0,3.89,542.0
122.0,3.86,299.0
137.0,3.57,241.0
105.0,4.86,378.0
111.0,3.64,378.0
158.0,4.33,233.0
114.0,3.93,245.0
178.0,3.27,178.0
77.0,3.7,431.0
78.0,4.46,482.0
266.0,4.3,210.0
53.0,5.57,65.0
193.0,4.17,522.0
140.0,2.0,113.0
282.0,5.81,128.0
126.0,65.14,102.0
110.0,8.3,119.0
176.0,5.34,52.0
154.0,4.76,62.0
165.0,3.46,511.0
218.0,6.67,532.0
218.0,6.94,388.0
182.0,64.99,297.0
138.0,5.56,388.0
211.0,6.03,256.0
757.0,7.07,423.0
159.0,4.62,223.0
104.0,5.48,94.0
501.0,5.26,68.0
108.0,4.76,454.0
183.0,6.06,270.0
74.0,2.81,0.0
124.0,10.27,316.0
174.0,5.18,487.0
79.0,6.65,0.0
207.0,6.5,0.0
85.0,4.63,0.0
51.0,1.97,0.0
157.0,5.98,0.0
159.0,6.22,0.0
194.0,5.43,0.0
181.0,4.89,0.0
119.0,4.49,54.0
136.0,4.08,81.0
64.0,4.91,47.0
148.0,7.45,0.0
172.0,5.47,3004.0
117.0,5.49,0.0
99.0,4.29,0.0
155.0,4.17,0.0
104.0,5.14,0.0
186.0,4.01,0.0
114.0,5.46,0.0
150.0,7.59,0.0
135.0,3.81,0.0
69.0,2.76,0.0
97.0,4.46,0.0
54.0,3.45,0.0
33.0,0.9,0.0
119.0,4.06,0.0
130.0,5.27,0.0
150.0,5.51,0.0
106.0,4.82,0.0
164.0,6.54,0.0
144.0,4.43,0.0
153.0,5.47,0.0
130.0,5.01,0.0
146.0,6.32,0.0
166.0,6.44,0.0
165.0,4.13,0.0
149.0,6.41,0.0
195.0,5.47,0.0
175.0,4.17,0.0
160.0,5.67,0.0
140.0,5.24,0.0
224.0,4.0,0.0
164.0,4.7,0.0
144.0,5.59,0.0
166.0,6.28,0.0
157.0,4.63,0.0
169.0,7.3,0.0
125.0,6.45,0.0
185.0,5.92,0.0
153.0,7.11,0.0
115.0,2.38,30.0
82.0,6.45,92.0
78.0,3.55,75.0
153.0,3.87,144.0
141.0,3.17,103.0
125.0,3.45,155.0
89.0,3.08,0.0
112.0,5.6,0.0
153.0,5.2,60.0
145.0,5.26,0.0
183.0,4.04,0.0
135.0,4.71,61.0
144.0,4.82,238.0
142.0,3.94,82.0
145.0,5.19,415.0
166.0,6.07,499.0
156.0,5.13,517.0
85.0,4.06,484.0
89.0,2.9,457.0
74.0,2.74,427.0
79.0,2.64,907.0
140.0,4.8,0.0
103.0,3.61,497.0
96.0,4.12,471.0
116.0,4.79,460.0
101.0,3.9,632.0
71.0,2.7,489.0
130.0,3.96,607.0
143.0,4.74,452.0
102.0,4.87,433.0
86.0,3.91,429.0
141.0,4.01,472.0
127.0,2.95,383.0
115.0,3.7,499.0
158.0,4.23,579.0
164.0,4.77,515.0
102.0,4.01,428.0
123.0,9.23,509.0
148.0,4.99,404.0
37.0,5.33,164.0
106.0,2.49,22.0
93.0,6.12,0.0
133.0,4.57,0.0
138.0,3.21,0.0
99.0,4.22,0.0
155.0,5.72,0.0
119.0,4.28,0.0
7.0,0.84,4.0
27.0,1.44,0.0
162.0,5.43,0.0
149.0,6.57,0.0
158.0,6.62,0.0
130.0,3.96,0.0
141.0,6.72,0.0
134.0,5.94,0.0
116.0,5.62,0.0
77.0,3.1,0.0
171.0,4.33,0.0
121.0,5.88,330.0
174.0,4.55,303.0
170.0,5.02,0.0
164.0,3.21,352.0
170.0,4.37,136.0
127.0,4.33,313.0
188.0,5.19,297.0
177.0,4.46,40.0
170.0,4.51,482.0
171.0,4.76,0.0
144.0,5.14,0.0
162.0,5.53,0.0
155.0,4.45,0.0
168.0,5.67,0.0
113.0,5.03,0.0
116.0,4.92,0.0
111.0,5.82,0.0
138.0,3.38,0.0
45.0,1.57,0.0
45.0,1.59,0.0
49.0,2.2,0.0
45.0,2.14,0.0
28.0,0.68,0.0
48.0,1.86,0.0
168.0,4.52,0.0
178.0,6.14,0.0
122.0,4.56,0.0
195.0,6.27,0.0
138.0,5.06,0.0
135.0,4.49,0.0
235.0,5.01,0.0
166.0,4.91,174.0
180.0,5.12,71.0
50.0,2.19,0.0
67.0,3.9,0.0
109.0,4.37,0.0
154.0,4.73,0.0
74.0,2.42,150.0
92.0,2.83,357.0
66.0,1.98,484.0
75.0,2.0,430.0
73.0,2.62,498.0
168.0,4.95,0.0
46.0,1.56,0.0
165.0,4.79,0.0
100.0,3.66,0.0
125.0,2.68,239.0
94.0,2.14,27.0
77.0,2.33,477.0
163.0,5.83,328.0
32.0,0.81,0.0
70.0,2.18,0.0
112.0,2.77,0.0
112.0,3.12,0.0
201.0,5.49,0.0
163.0,5.11,0.0
120.0,5.69,0.0
150.0,6.34,0.0
175.0,4.86,0.0
252.0,5.91,0.0
128.0,6.08,0.0
146.0,4.2,0.0
146.0,5.0,0.0
122.0,3.95,0.0
122.0,3.7,0.0
98.0,3.89,0.0
106.0,4.51,0.0
103.0,3.46,0.0
137.0,6.71,0.0
99.0,5.4,0.0
140.0,4.92,0.0
190.0,4.69,0.0
133.0,4.09,0.0
145.0,5.07,0.0
141.0,5.58,0.0
138.0,4.72,0.0
138.0,4.48,0.0
103.0,5.41,0.0
105.0,3.8,0.0
139.0,3.94,221.0
204.0,7.1,508.0
124.0,3.31,299.0
130.0,5.44,351.0
40.0,2.5,347.0
125.0,3.91,158.0
110.0,1.67,0.0
109.0,3.75,0.0
151.0,4.0,0.0
221.0,5.71,0.0
183.0,5.19,0.0
149.0,4.16,0.0
168.0,4.87,0.0
175.0,5.41,0.0
176.0,3.73,0.0
183.0,5.13,0.0
86.0,5.04,76.0
152.0,4.79,341.0
83.0,4.88,259.0
127.0,3.81,271.0
117.0,4.08,261.0
138.0,6.99,311.0
150.0,4.87,0.0
234.0,6.45,0.0
46.0,1.42,0.0
151.0,4.0,0.0
221.0,5.71,0.0
183.0,5.19,0.0
124.0,5.9,0.0
149.0,4.16,0.0
168.0,4.87,0.0
46.0,1.2,0.0
142.0,4.34,0.0
141.0,8.22,0.0
175.0,5.41,0.0
149.0,5.54,0.0
176.0,3.73,0.0
52.0,1.46,0.0
198.0,5.97,0.0
216.0,4.33,0.0
60.0,1.59,0.0
183.0,5.13,0.0
86.0,5.04,76.0
153.0,3.41,185.0
152.0,4.79,341.0
83.0,4.88,259.0
127.0,3.81,271.0
117.0,4.08,261.0
198.0,7.0,587.0
138.0,6.99,311.0
187.0,5.66,403.0
234.0,6.45,0.0
46.0,1.42,0.0
150.0,4.87,0.0
124.0,5.9,0.0
46.0,1.2,0.0
142.0,4.34,0.0
141.0,8.22,0.0
149.0,5.54,0.0
52.0,1.46,0.0
198.0,5.97,0.0
60.0,1.59,0.0
216.0,4.33,0.0
153.0,3.41,185.0
198.0,7.0,587.0
187.0,5.66,403.0
92.0,8.28,222.0
143.0,4.8,190.0
200.0,5.03,234.0
149.0,4.56,184.0
106.0,3.29,525.0
98.0,3.69,45.0
238.0,4.89,53.0
147.0,2.84,69.0
116.0,3.75,106.0
109.0,3.76,57.0
122.0,3.43,0.0
156.0,3.5,0.0
135.0,3.88,0.0
55.0,2.29,0.0
149.0,4.58,0.0
121.0,4.51,0.0
116.0,3.73,0.0
91.0,2.49,0.0
150.0,5.8,0.0
70.0,3.8,0.0
145.0,3.91,0.0
123.0,4.15,0.0
175.0,5.48,0.0
79.0,3.57,0.0
36.0,1.55,0.0
180.0,3.3,0.0
154.0,4.72,0.0
161.0,5.11,0.0
157.0,4.77,0.0
192.0,3.28,0.0
252.0,4.58,0.0
130.0,10.47,0.0
170.0,4.57,0.0
214.0,5.33,0.0
107.0,4.64,0.0
120.0,4.65,0.0
146.0,3.99,0.0
106.0,3.32,0.0
178.0,5.15,0.0
178.0,3.38,0.0
101.0,4.7,0.0
60.0,1.69,0.0
105.0,5.0,0.0
73.0,3.01,0.0
145.0,5.04,0.0
107.0,4.41,0.0
121.0,5.71,0.0
128.0,5.05,0.0
214.0,6.26,0.0
95.0,2.71,0.0
50.0,1.53,0.0
29.0,2.02,0.0
74.0,2.77,0.0
129.0,4.38,0.0
137.0,3.62,0.0
104.0,2.79,0.0
79.0,3.07,0.0
115.0,3.9,0.0
213.0,3.83,0.0
159.0,4.5,0.0
133.0,4.71,0.0
100.0,8.14,0.0
99.0,3.96,0.0
99.0,3.91,0.0
115.0,2.35,0.0
142.0,3.84,0.0
83.0,2.09,0.0
83.0,2.57,0.0
136.0,4.48,524.0
136.0,3.49,445.0
125.0,3.4,465.0
106.0,5.77,490.0
99.0,2.73,104.0
119.0,3.55,35.0
78.0,3.64,91.0
178.0,4.65,0.0
195.0,4.54,0.0
130.0,5.41,0.0
118.0,4.85,0.0
98.0,2.97,0.0
79.0,6.45,0.0
115.0,4.2,0.0
164.0,5.26,0.0
130.0,4.61,0.0
103.0,6.22,0.0
185.0,5.64,0.0
66.0,4.14,0.0
116.0,12.25,0.0
129.0,4.66,0.0
124.0,5.41,0.0
103.0,6.39,0.0
110.0,5.08,0.0
108.0,4.37,0.0
144.0,5.18,0.0
143.0,6.02,0.0
160.0,5.43,0.0
145.0,5.46,0.0
179.0,6.17,0.0
169.0,6.17,0.0
158.0,6.11,0.0
119.0,4.74,0.0
179.0,5.04,0.0
121.0,5.85,0.0
155.0,4.37,0.0
115.0,7.2,0.0
170.0,10.06,0.0
80.0,3.8,0.0
111.0,4.73,0.0
149.0,6.3,0.0
142.0,6.12,0.0
164.0,7.06,0.0
166.0,4.55,0.0
120.0,4.54,0.0
130.0,4.98,0.0
160.0,4.91,0.0
172.0,5.31,0.0
197.0,4.63,0.0
107.0,3.18,0.0
120.0,5.55,0.0
95.0,4.9,0.0
175.0,3.91,0.0
132.0,4.8,0.0
143.0,4.33,0.0
155.0,4.97,0.0
57.0,1.9,0.0
183.0,5.51,0.0
178.0,4.99,0.0
125.0,3.6,0.0
125.0,4.34,0.0
125.0,4.47,0.0
123.0,3.31,396.0
139.0,5.64,243.0
24.0,3.86,283.0
48.0,4.72,388.0
75.0,3.11990234,436.0
133.0,4.34,463.0
161.0,5.28,393.0
134.0,5.38,565.0
115.0,4.86,486.0
109.0,4.21,346.0
192.0,4.66,459.0
163.0,5.37,491.0
193.0,4.99,520.0
123.0,5.26,454.0
196.0,4.39,549.0
155.0,5.57,449.0
272.0,6.19,224.0
124.0,3.09,441.0
152.0,5.19,493.0
113.0,5.68,0.0
121.0,3.67,426.0
136.0,6.14,360.0
96.0,2.21,31.0
78.0,2.29,34.0
59.0,2.38,450.0
6.0,2.4,34.0
89.0,3.95,390.0
92.0,3.16,415.0
97.0,3.28,315.0
36.0,8.62,0.0
36.0,9.21,0.0
87.0,4.32,0.0
150.0,3.95,0.0
47.0,1.21,0.0
134.0,4.93,0.0
128.0,5.05,0.0
99.0,2.71,0.0
150.0,4.12,0.0
122.0,3.6,0.0
95.0,3.15,0.0
117.0,3.49,0.0
178.0,5.7,0.0
92.0,4.05,0.0
145.0,4.34,0.0
113.0,4.54,0.0
151.0,4.29,0.0
157.0,4.82,0.0
134.0,5.25,0.0
38.0,1.01,0.0
247.0,3.73,0.0
118.0,3.9,0.0
116.0,4.16,342.0
101.0,4.27,0.0
42.0,1.1,0.0
124.0,4.29,0.0
118.0,4.34,0.0
170.0,5.32,0.0
102.0,4.43,0.0
97.0,3.36,0.0
160.0,6.56,0.0
183.0,6.12,0.0
150.0,4.2,0.0
109.0,3.37,0.0
169.0,5.21,0.0
126.0,5.48,0.0
134.0,4.73,0.0
124.0,5.37,0.0
129.0,5.48,0.0
157.0,5.81,0.0
190.0,5.09,0.0
113.0,6.18,0.0
196.0,5.01,0.0
148.0,5.49,0.0
103.0,4.11,81.0
140.0,4.65,526.0
78.0,4.27,202.0
71.0,8.48,87.0
131.0,4.04,355.0
141.0,4.41,427.0
148.0,5.16,330.0
94.0,4.39,446.0
137.0,4.32,411.0
126.0,3.59,343.0
119.0,4.89,422.0
111.0,3.83,459.0
111.0,5.24,488.0
149.0,5.22,453.0
198.0,5.93,424.0
183.0,10.62,368.0
173.0,4.59,385.0
157.0,6.05,129.0
124.0,6.01,171.0
109.0,4.36,92.0
150.0,3.62,470.0
146.0,4.93,432.0
121.0,4.64,305.0
178.0,3.4,221.0
102.0,3.92,313.0
146.0,3.86,279.0
101.0,4.32,238.0
76.0,3.17,473.0
151.0,4.22,382.0
128.0,4.48,495.0
149.0,5.23,624.0
117.0,3.27,313.0
95.0,3.4,374.0
89.0,3.98,278.0
97.0,2.78,425.0
148.0,5.59,398.0
172.0,7.54,216.0
149.0,9.45,195.0
245.0,6.85,430.0
125.0,5.15,271.0
57.0,7.83,185.0
91.0,3.26,463.0
169.0,6.63,535.0
30.0,3.72,352.0
185.0,5.28,487.0
51.0,1.83,262.0
60.0,2.77,79.0
103.0,3.45,609.0
116.0,2.39,430.0
107.0,2.86,372.0
72.0,2.08,410.0
68.0,2.4,241.0
137.0,4.15,370.0
69.0,3.6,313.0
111.0,7.42,404.0
72.0,6.33,637.0
80.0,4.17,398.0
61.0,3.08,407.0
84.0,2.58,410.0
280.0,3.8,176.0
96.0,3.29,359.0
93.0,3.02,427.0
119.0,3.85,439.0
150.0,6.83,475.0
132.0,4.17,128.0
99.0,3.71,408.0
118.0,5.2,615.0
78.0,3.05,405.0
102.0,2.11,405.0
102.0,3.74,310.0
105.0,3.25,454.0
153.0,4.23,415.0
87.0,3.42,285.0
100.0,3.74,213.0
123.0,4.14,245.0
125.0,4.44,409.0
139.0,2.53,429.0
103.0,3.12,407.0
80.0,3.82,378.0
92.0,2.66,406.0
135.0,2.53,323.0
119.0,4.68,161.0
98.0,2.6,161.0
75.0,3.31,490.0
83.0,2.07,458.0
81.0,3.67,388.0
114.0,5.13,588.0
79.0,2.52,189.0
104.0,2.38,209.0
104.0,2.27,218.0
71.0,3.74,448.0
122.0,4.27,233.0
107.0,3.37,417.0
72.0,3.24,237.0
108.0,4.07,240.0
87.0,3.84,484.0
165.0,4.62,512.0
129.0,3.71,330.0
131.0,3.89,334.0
93.0,3.47,59.0
78.0,3.49,653.0
51.0,3.85,310.0
164.0,4.28,360.0
101.0,2.79,279.0
100.0,3.2,696.0
89.0,4.01,427.0
96.0,3.78,286.0
121.0,3.53,231.0
115.0,3.64,252.0
99.0,2.38,504.0
79.0,4.21,335.0
154.0,2.71,399.0
109.0,3.44,270.0
89.0,3.51,306.0
126.0,3.61,359.0
58.0,2.54,437.0
71.0,2.46,573.0
75.0,2.37,354.0
84.0,2.94,425.0
89.0,3.39,308.0
154.0,3.88,369.0
209.0,6.79,110.0
135.0,4.61,377.0
116.0,3.38,360.0
153.0,4.18,82.0
75.0,3.32,456.0
109.0,3.42,274.0
69.0,4.63,529.0
99.0,3.49,923.0
110.0,4.12,628.0
213.0,6.03,96.0
160.0,4.51,56.0
115.0,3.26,18.0
129.0,4.53,244.0
240.0,4.34,36.0
59.0,3.26,31.0
168.0,9.22,210.0
83.0,3.53,13.0
153.0,5.98,48.0
156.0,3.18,22.0
104.0,4.55,23.0
69.0,2.92,18.0
156.0,5.4,66.0
143.0,4.23,76.0
84.0,3.88,25.0
71.0,9.69,62.0
94.0,6.47,292.0
116.0,3.53,32.0
125.0,3.0,153.0
169.0,5.95,395.0
183.0,5.93,340.0
99.0,2.76,136.0
120.0,6.4,513.0
132.0,5.81,469.0
138.0,3.73,332.0
82.0,3.44,231.0
80.0,2.59,409.0
92.0,3.97,442.0
70.0,3.27,463.0
149.0,3.36,402.0
87.0,3.99,437.0
86.0,3.34,472.0
90.0,4.67,374.0
141.0,3.16,439.0
143.0,3.5,384.0
118.0,4.1,346.0
122.0,3.29,495.0
109.0,3.9,433.0
69.0,5.0,446.0
163.0,5.55,230.0
150.0,3.32,406.0
118.0,3.84,491.0
124.0,3.9,435.0
166.0,4.76,405.0
154.0,3.4,469.0
91.0,5.1,398.0
175.0,6.05,35.0
157.0,4.96,377.0
183.0,5.16,578.0
207.0,5.69,197.0
156.0,5.49,368.0
142.0,6.5,154.0
200.0,5.85,325.0
171.0,2.67,575.0
51.0,2.16,536.0
52.0,2.31,182.0
59.0,3.24,160.0
190.0,3.52,101.0
142.0,5.63,401.0
88.0,4.74,416.0
107.0,4.33,459.0
57.0,2.79,452.0
83.0,5.69,364.0
49.0,3.18,156.0
97.0,4.53,385.0
133.0,3.38,380.0
99.0,4.01,345.0
92.0,5.21,443.0
86.0,2.33,388.0
88.0,3.56,460.0
119.0,3.35,157.0
59.0,2.75,468.0
100.0,3.94,426.0
136.0,3.89,304.0
69.0,2.39,431.0
106.0,4.8,389.0
74.0,1.77,223.0
105.0,3.93,417.0
122.0,5.44,338.0
155.0,4.98,394.0
131.0,3.46,407.0
131.0,4.1,356.0
136.0,4.62,337.0
137.0,3.16,389.0
89.0,2.4,341.0
140.0,4.81,335.0
180.0,5.53,395.0
105.0,3.81,406.0
87.0,4.32,483.0
138.0,4.1,351.0
184.0,5.06,431.0
171.0,5.33,40.0
148.0,3.77,136.0
156.0,6.03,58.0
131.0,4.22,132.0
141.0,4.68,176.0
157.0,5.65,347.0
174.0,4.62,74.0
63.0,3.08,15.0
108.0,3.22,135.0
90.0,5.57,363.0
185.0,6.85,197.0
78.0,13.26,264.0
123.0,7.19,492.0
91.0,4.59,34.0
188.0,7.97,257.0
178.0,7.34,210.0
226.0,6.5,62.0
121.0,4.51,625.0
188.0,6.0,412.0
214.0,8.01,291.0
70.0,7.75,265.0
199.0,4.9,49.0
155.0,4.84,27.0
134.0,3.8,67.0
189.0,4.82,49.0
188.0,4.19,195.0
238.0,5.64,100.0
168.0,5.64,120.0
61.0,6.55,158.0
159.0,6.91,328.0
169.0,4.86,205.0
190.0,4.67,41.0
210.0,6.91,115.0
196.0,4.51,348.0
145.0,3.4,403.0
73.0,6.16,422.0
217.0,6.99,368.0
194.0,4.82,49.0
173.0,4.36,426.0
63.0,6.23,394.0
151.0,5.59,389.0
44.0,4.62,403.0
159.0,5.7,399.0
209.0,5.24,143.0
84.0,4.15,481.0
180.0,3.59,153.0
121.0,4.09,449.0
115.0,3.69,329.0
152.0,5.98,436.0
151.0,5.96,212.0
193.0,5.73,299.0
190.0,5.59,426.0
189.0,5.39,480.0
190.0,5.43,410.0
146.0,4.86,422.0
143.0,4.74,251.0
150.0,5.27,438.0
145.0,5.17,451.0
123.0,3.51,417.0
119.0,3.03,346.0
147.0,5.68,361.0
143.0,5.71,315.0
162.0,6.64,263.0
161.0,6.59,413.0
155.0,5.96,322.0
207.0,7.13,382.0
201.0,7.16,352.0
196.0,6.11,474.0
200.0,6.41,187.0
149.0,4.71,360.0
151.0,4.81,448.0
141.0,4.59,341.0
149.0,4.66,337.0
150.0,4.1,268.0
152.0,4.26,430.0
153.0,4.16,389.0
152.0,4.25,357.0
112.0,3.72,279.0
40.0,0.97,111.0
94.0,3.78,190.0
142.0,4.31,324.0
139.0,3.39,384.0
42.0,9.08,175.0
140.0,4.09,510.0
180.0,4.38,349.0
156.0,6.73,480.0
189.0,4.28,334.0
165.0,4.62,420.0
133.0,3.71,441.0
166.0,5.38,267.0
163.0,5.04,469.0
206.0,5.44,441.0
176.0,5.06,422.0
151.0,4.63,397.0
130.0,4.39,424.0
111.0,4.17,434.0
158.0,4.53,405.0
87.0,4.44,404.0
157.0,3.96,287.0
131.0,3.7,471.0
120.0,4.05,400.0
113.0,4.02,236.0
129.0,4.6,424.0
137.0,5.38,234.0
160.0,6.37,297.0
212.0,6.18,397.0
164.0,6.66,353.0
115.0,5.43,374.0
167.0,5.39,218.0
69.0,2.94,15.0
189.0,5.51,169.0
69.0,2.66,13.0
136.0,3.85,48.0
123.0,3.52,56.0
137.0,3.69,134.0
143.0,3.88,305.0
128.0,4.36,121.0
184.0,5.18,367.0
141.0,4.49,252.0
87.0,3.46,57.0
70.0,2.44,78.0
65.0,2.29,552.0
111.0,3.17,184.0
104.0,3.0,96.0
156.0,2.81,118.0
78.0,3.83,42.0
82.0,2.78,242.0
123.0,3.25,252.0
110.0,3.81,100.0
138.0,4.72,554.0
59.0,2.11,541.0
86.0,2.21,521.0
10.0,0.29,5.0
105.0,3.69,368.0
85.0,3.49,110.0
91.0,5.75,312.0
59.0,3.03,155.0
170.0,5.27,397.0
72.0,1.84,257.0
45.0,2.51,226.0
58.0,5.87,331.0
58.0,2.76,343.0
110.0,4.47,263.0
108.0,4.94,322.0
164.0,4.05,461.0
108.0,5.21,301.0
118.0,2.58,193.0
90.0,3.49,115.0
104.0,3.21,269.0
183.0,4.6,265.0
81.0,3.96,218.0
82.0,4.91,252.0
94.0,2.94,376.0
122.0,3.71,413.0
144.0,3.32,96.0
103.0,4.11,446.0
148.0,3.95,423.0
132.0,4.21,425.0
100.0,2.78,284.0
112.0,4.15,326.0
138.0,3.96,396.0
119.0,2.78,393.0
74.0,4.89,429.0
107.0,3.86,428.0
165.0,4.51,421.0
152.0,4.46,427.0
120.0,4.3,526.0
112.0,4.36,439.0
104.0,3.17,430.0
107.0,3.46,395.0
119.0,3.58,410.0
111.0,4.75,441.0
103.0,4.34,365.0
156.0,3.38,353.0
91.0,3.08,182.0
77.0,5.17,406.0
122.0,3.14,417.0
122.0,5.49,410.0
87.0,2.61,387.0
109.0,4.47,405.0
219.0,4.16,420.0
106.0,4.04,362.0
90.0,4.38,361.0
95.0,3.83,346.0
127.0,3.71,372.0
131.0,6.12,205.0
105.0,3.75,318.0
132.0,5.52,484.0
38.0,7.11,435.0
149.0,9.5,354.0
175.0,5.67,137.0
197.0,6.37,175.0
106.0,7.04,208.0
153.0,7.82,294.0
205.0,7.6,443.0
133.0,4.79,67.0
133.0,3.35,14.0
128.0,5.28,180.0
127.0,3.26,37.0
42.0,1.31,10.0
179.0,4.45,93.0
196.0,3.26,89.0
170.0,4.49,253.0
170.0,4.32,468.0
133.0,3.95,69.0
90.0,2.93,420.0
93.0,3.97,23.0
50.0,2.32,23.0
55.0,2.65,31.0
198.0,3.84,366.0
69.0,11.94,450.0
237.0,6.13,451.0
197.0,6.59,467.0
180.0,6.21,223.0
242.0,7.27,146.0
205.0,6.82,205.0
249.0,9.78,619.0
119.0,5.12,179.0
144.0,4.96,277.0
174.0,4.05,358.0
112.0,3.73,541.0
125.0,2.81,345.0
85.0,3.06,573.0
93.0,3.09,522.0
126.0,3.74,695.0
83.0,2.77,642.0
90.0,3.44,513.0
116.0,4.26,509.0
183.0,6.1,622.0
83.0,7.99,568.0
209.0,6.34,608.0
187.0,6.31,489.0
107.0,6.64,533.0
254.0,6.51,654.0
193.0,5.21,489.0
130.0,5.04,697.0
148.0,6.25,173.0
178.0,4.41,346.0
161.0,5.33,175.0
153.0,5.32,213.0
172.0,4.29,328.0
200.0,6.6,236.0
181.0,6.32,275.0
174.0,5.57,503.0
159.0,4.38,168.0
150.0,4.32,76.0
127.0,5.7,528.0
91.0,4.12,483.0
123.0,3.73,618.0
93.0,4.47,534.0
159.0,5.37,500.0
121.0,4.44,493.0
130.0,5.62,596.0
269.0,8.19,582.0
138.0,4.21,500.0
196.0,5.77,396.0
102.0,2.82,610.0
164.0,5.74,609.0
120.0,4.35,582.0
115.0,4.45,398.0
159.0,4.92,450.0
172.0,4.53,536.0
140.0,5.04,638.0
126.0,5.34,435.0
109.0,5.14,362.0
80.0,5.63,520.0
135.0,5.29,568.0
135.0,5.29,407.0
133.0,5.78,372.0
143.0,6.82,504.0
112.0,5.71,502.0
106.0,5.73,365.0
100.0,7.76,552.0
215.0,8.03,232.0
194.0,5.64,355.0
210.0,4.63,579.0
161.0,5.02,475.0
137.0,3.97,129.0
110.0,4.35,173.0
142.0,5.81,157.0
143.0,4.67,269.0
165.0,4.59,471.0
129.0,5.32,323.0
146.0,5.05,226.0
142.0,4.59,242.0
127.0,4.27,194.0
189.0,6.49,377.0
125.0,4.67,471.0
143.0,7.22,53.0
171.0,7.11,78.0
170.0,7.13,249.0
234.0,6.37,210.0
234.0,6.04,114.0
126.0,5.66,82.0
223.0,4.9,160.0
208.0,5.64,135.0
131.0,4.24,77.0
88.0,4.82,692.0
141.0,6.39,634.0
136.0,4.95,651.0
117.0,4.25,639.0
251.0,4.66,564.0
134.0,4.21,636.0
146.0,4.62,625.0
133.0,4.1,633.0
140.0,4.58,572.0
81.0,6.98,222.0
208.0,5.27,203.0
169.0,3.7,293.0
176.0,5.12,281.0
201.0,5.46,77.0
153.0,5.39,116.0
191.0,5.58,341.0
195.0,5.59,129.0
150.0,3.19,703.0
112.0,3.5,562.0
118.0,5.52,463.0
136.0,5.97,348.0
202.0,6.1,151.0
248.0,6.73,241.0
156.0,3.02,72.0
188.0,8.58,541.0
128.0,5.5,483.0
143.0,5.29,681.0
144.0,5.84,550.0
158.0,6.19,277.0
182.0,7.52,118.0
126.0,3.62,306.0
276.0,8.26,584.0
198.0,7.38,534.0
212.0,7.49,639.0
156.0,4.29,588.0
114.0,5.78,261.0
169.0,4.37,147.0
116.0,6.14,688.0
159.0,5.15,128.0
172.0,4.18,140.0
181.0,5.35,443.0
80.0,3.66,249.0
178.0,5.42,311.0
147.0,7.99,259.0
146.0,4.67,30.0
165.0,5.29,124.0
160.0,5.42,205.0
156.0,4.6,263.0
110.0,5.12,286.0
110.0,6.76,493.0
147.0,4.63,435.0
133.0,4.36,244.0
199.0,5.14,524.0
220.0,3.39,6273.0
135.0,6.17,426.0
146.0,4.68,502.0
136.0,5.28,504.0
135.0,5.39,277.0
124.0,3.26,466.0
122.0,6.49,466.0
154.0,3.76,631.0
148.0,5.21,307.0
398.0,4.61,536.0
108.0,3.33,584.0
114.0,4.93,595.0
119.0,3.83,388.0
114.0,3.25,521.0
127.0,2.6,500.0
123.0,14.6,3004.0
203.0,4.08,540.0
120.0,3.22,493.0
125.0,6.07,198.0
142.0,9.69,694.0
253.0,7.27,432.0
150.0,5.86,513.0
199.0,6.52,408.0
154.0,5.43,316.0
171.0,4.18,734.0
112.0,5.43,594.0
119.0,4.92,401.0
115.0,4.42,209.0
138.0,4.66,196.0
101.0,5.96,615.0
86.0,3.06,325.0
58.0,2.78,364.0
378.0,2.88,379.0
75.0,2.97,354.0
106.0,3.33,373.0
174.0,4.01,406.0
87.0,2.57,491.0
140.0,3.88,141.0
115.0,4.96,173.0
201.0,6.44,61.0
133.0,3.65,52.0
226.0,9.4,183.0
66.0,5.74,115.0
173.0,5.27,405.0
170.0,5.75,494.0
198.0,5.6,360.0
71.0,3.49,120.0
158.0,5.58,130.0
132.0,4.28,333.0
159.0,4.5,158.0
152.0,4.19,81.0
95.0,3.24,326.0
120.0,4.25,558.0
106.0,4.67,237.0
174.0,5.16,251.0
184.0,6.28,278.0
140.0,4.17,324.0
169.0,8.15,321.0
129.0,4.47,118.0
166.0,5.89,386.0
76.0,2.88,317.0
169.0,7.34,322.0
159.0,6.4,271.0
75.0,2.32,522.0
72.0,1.86,530.0
141.0,3.71,257.0
90.0,3.28,155.0
72.0,3.3,116.0
99.0,3.4,74.0
87.0,2.87,146.0
49.0,4.71,163.0
111.0,3.14,230.0
79.0,4.12,70.0
38.0,2.73,149.0
122.0,4.37,108.0
167.0,4.93,99.0
71.0,3.33,138.0
133.0,3.43,20.0
127.0,4.8,108.0
131.0,3.71,172.0
90.0,3.53,184.0
144.0,4.55,480.0
76.0,5.1,197.0
218.0,5.78,457.0
143.0,4.76,316.0
196.0,5.66,434.0
145.0,5.4,456.0
154.0,4.63,143.0
195.0,4.03,313.0
220.0,6.24,590.0
163.0,5.82,489.0
186.0,5.23,249.0
138.0,4.93,378.0
115.0,4.98,231.0
142.0,5.71,267.0
181.0,5.01,377.0
204.0,6.32,360.0
221.0,6.66,220.0
126.0,4.26,199.0
81.0,9.4,339.0
219.0,6.14,102.0
127.0,4.98,219.0
149.0,5.54,544.0
170.0,4.24,203.0
184.0,5.49,227.0
311.0,4.36,331.0
145.0,6.07,478.0
91.0,2.78,387.0
154.0,3.95,436.0
170.0,4.42,570.0
107.0,3.62,344.0
131.0,5.71,484.0
126.0,4.72,478.0
101.0,3.75,420.0
114.0,3.1,457.0
200.0,6.2,508.0
202.0,7.66,351.0
199.0,4.31,596.0
179.0,7.66,485.0
145.0,6.3,89.0
62.0,2.79,196.0
155.0,4.98,192.0
118.0,3.26,153.0
56.0,1.87,260.0
90.0,3.97,266.0
207.0,6.08,161.0
71.0,2.95,287.0
150.0,0.9,59.0
65.0,1.92,133.0
179.0,5.19,374.0
76.0,2.21,444.0
181.0,6.57,127.0
238.0,7.32,173.0
143.0,6.18,140.0
213.0,6.28,567.0
78.0,2.51,524.0
37.0,2.35,192.0
101.0,2.34,140.0
165.0,4.61,41.0
210.0,7.19,391.0
160.0,3.48,30.0
230.0,6.18,100.0
99.0,4.85,366.0
142.0,5.72,64.0
111.0,2.96,631.0
108.0,3.09,339.0
94.0,2.81,395.0
108.0,3.53,285.0
104.0,3.38,51.0
83.0,3.65,241.0
71.0,2.78,48.0
78.0,2.85,23.0
121.0,2.94,363.0
181.0,5.14,351.0
47.0,5.77,37.0
105.0,3.48,291.0
98.0,4.25,429.0
65.0,3.03,323.0
19.0,3.68,102.0
151.0,2.64,245.0
117.0,4.01,393.0
50.0,3.1,135.0
89.0,3.96,465.0
66.0,2.77,383.0
31.0,4.72,372.0
137.0,2.02,48.0
150.0,4.75,138.0
171.0,4.67,330.0
99.0,2.82,300.0
118.0,4.23,375.0
184.0,4.15,353.0
121.0,2.67,519.0
87.0,2.94,122.0
96.0,3.36,92.0
106.0,3.11,152.0
69.0,2.99,121.0
80.0,2.95,520.0
86.0,3.64,276.0
158.0,5.04,266.0
185.0,6.58,408.0
130.0,4.11,107.0
273.0,6.12,319.0
100.0,4.14,216.0
82.0,3.94,328.0
24.0,3.28,127.0
105.0,3.1,429.0
106.0,2.71,93.0
77.0,2.34,342.0
55.0,2.02,76.0
69.0,3.35,194.0
172.0,7.03,167.0
203.0,8.01,200.0
52.0,3.31,358.0
38.0,5.81,378.0
78.0,4.45,129.0
74.0,3.31,201.0
78.0,2.8,367.0
129.0,4.41,335.0
105.0,3.51,258.0
106.0,3.36,145.0
101.0,3.01,155.0
73.0,3.84,547.0
160.0,4.84,255.0
131.0,4.11,367.0
73.0,3.11,460.0
80.0,3.42,384.0
141.0,4.33,301.0
105.0,5.19,145.0
80.0,5.76,160.0
149.0,6.16,246.0
233.0,6.94,501.0
233.0,6.17,327.0
127.0,5.29,248.0
208.0,5.37,106.0
104.0,4.64,139.0
149.0,4.99,354.0
164.0,4.45,488.0
97.0,3.35,383.0
206.0,4.11,193.0
82.0,4.45,78.0
96.0,2.99,200.0
151.0,5.09,226.0
150.0,5.55,246.0
113.0,7.25,92.0
101.0,5.11,181.0
144.0,7.44,111.0
124.0,4.2,404.0
140.0,5.39,72.0
126.0,3.94,133.0
148.0,5.49,179.0
183.0,5.13,490.0
158.0,5.37,53.0
88.0,4.59,401.0
138.0,3.6,153.0
169.0,4.28,35.0
127.0,4.69,300.0
98.0,6.24,299.0
85.0,2.58,178.0
80.0,2.4,124.0
123.0,4.08,291.0
106.0,3.66,209.0
94.0,5.84,156.0
130.0,4.72,462.0
79.0,6.17,166.0
158.0,4.54,455.0
127.0,4.97,160.0
139.0,4.08,100.0
100.0,5.13,124.0
174.0,4.25,360.0
95.0,3.62,59.0
62.0,3.89,128.0
62.0,3.73,393.0
142.0,2.69,239.0
155.0,4.25,414.0
192.0,4.48,159.0
253.0,4.31,113.0
56.0,2.76,318.0
100.0,2.65,92.0
114.0,3.5,142.0
146.0,3.87,153.0
61.0,3.11,98.0
100.0,3.07,269.0
118.0,4.17,154.0
72.0,2.36,203.0
56.0,2.33,41.0
124.0,3.29,369.0
76.0,3.23,601.0
79.0,2.77,404.0
39.0,2.34,466.0
73.0,1.98,419.0
61.0,2.02,336.0
78.0,2.49,392.0
85.0,3.86,349.0
102.0,2.86,343.0
116.0,3.2,320.0
88.0,3.06,356.0
101.0,3.64,236.0
148.0,4.49,226.0
151.0,3.19,273.0
135.0,4.24,145.0
131.0,4.01,298.0
102.0,4.17,153.0
95.0,4.27,422.0
107.0,4.94,555.0
166.0,3.12,270.0
104.0,4.13,335.0
135.0,4.1,341.0
104.0,4.38,539.0
66.0,6.53,251.0
194.0,6.49,480.0
251.0,8.04,479.0
211.0,6.69,507.0
238.0,7.56,149.0
223.0,5.81,292.0
178.0,7.75,251.0
162.0,6.78,465.0
126.0,6.72,204.0
259.0,8.18,370.0
319.0,8.45,391.0
52.0,7.96,176.0
54.0,3.27,142.0
74.0,2.47,357.0
67.0,3.02,272.0
110.0,3.39,119.0
99.0,4.02,322.0
157.0,3.8,234.0
65.0,5.37,114.0
149.0,5.16,398.0
99.0,3.49,262.0
102.0,3.76,274.0
92.0,2.03,404.0
127.0,3.35,181.0
115.0,5.07,212.0
76.0,4.42,417.0
90.0,4.07,408.0
100.0,6.34,381.0
72.0,3.31,453.0
106.0,3.22,483.0
126.0,3.96,372.0
208.0,6.33,446.0
141.0,5.22,485.0
144.0,5.89,505.0
170.0,5.9,475.0
203.0,4.62,479.0
193.0,5.69,463.0
166.0,5.02,512.0
144.0,5.38,451.0
176.0,6.66,637.0
277.0,4.61,428.0
67.0,1.43,448.0
86.0,4.38,105.0
97.0,2.35,133.0
206.0,3.72,372.0
169.0,4.11,251.0
32.0,4.0,405.0
121.0,4.18,624.0
135.0,3.73,368.0
239.0,7.57,368.0
226.0,6.75,373.0
167.0,6.04,317.0
94.0,6.24,500.0
179.0,6.45,310.0
103.0,6.17,221.0
121.0,2.94,360.0
91.0,2.38,343.0
81.0,2.08,465.0
75.0,2.24,484.0
65.0,4.58,375.0
82.0,2.41,245.0
81.0,2.39,417.0
64.0,3.46,598.0
55.0,1.73,406.0
79.0,3.56,615.0
117.0,2.71,563.0
61.0,3.01,400.0
133.0,2.73,175.0
61.0,6.84,287.0
118.0,3.99,422.0
121.0,3.69,111.0
95.0,3.55,483.0
79.0,2.97,386.0
130.0,3.79,390.0
91.0,3.87,242.0
142.0,3.58,356.0
175.0,6.85,111.0
142.0,3.58,386.0
51.0,4.85,62.0
157.0,4.69,361.0
205.0,5.22,55.0
123.0,5.2,431.0
163.0,5.26,244.0
105.0,3.66,102.0
147.0,5.28,266.0
130.0,3.81,321.0
102.0,4.98,293.0
104.0,3.88,372.0
111.0,4.2,216.0
117.0,4.74,44.0
70.0,3.58,56.0
101.0,4.57,91.0
63.0,1.82,415.0
18.0,2.38,78.0
111.0,2.21,428.0
54.0,1.71,479.0
26.0,0.98,326.0
42.0,1.59,98.0
44.0,1.82,424.0
77.0,2.08,176.0
33.0,1.61,461.0
171.0,4.39,313.0
143.0,6.12,417.0
166.0,5.97,367.0
182.0,6.61,304.0
57.0,3.86,467.0
155.0,8.44,255.0
78.0,3.66,346.0
155.0,3.97,342.0
105.0,4.87,333.0
116.0,5.27,335.0
144.0,5.14,170.0
138.0,4.14,220.0
70.0,3.95,457.0
85.0,3.19,282.0
132.0,4.99,321.0
149.0,5.6,401.0
158.0,5.88,335.0
208.0,4.45,339.0
149.0,5.25,338.0
144.0,5.68,495.0
180.0,6.12,291.0
142.0,5.29,290.0
552.0,3.74,151.0
83.0,3.14,148.0
46.0,3.38,83.0
65.0,2.17,318.0
72.0,3.66,239.0
62.0,2.16,333.0
89.0,2.55,420.0
106.0,2.37,325.0
59.0,3.0,296.0
61.0,2.09,417.0
61.0,2.86,128.0
65.0,2.39,123.0
32.0,2.98,119.0
84.0,1.65,207.0
83.0,2.72,304.0
83.0,2.55,297.0
87.0,3.38,252.0
81.0,2.5,259.0
66.0,3.41,370.0
199.0,5.37,400.0
191.0,6.75,489.0
174.0,5.04,311.0
87.0,3.3,557.0
105.0,2.88,448.0
190.0,4.19,437.0
102.0,3.31,378.0
90.0,3.53,604.0
104.0,3.48,301.0
157.0,8.06,367.0
92.0,7.1,217.0
134.0,7.07,127.0
173.0,6.02,43.0
207.0,8.69,70.0
147.0,4.26,66.0
192.0,8.24,39.0
199.0,5.6,87.0
111.0,6.65,403.0
171.0,5.65,242.0
188.0,3.08,430.0
166.0,5.12,577.0
161.0,4.37,380.0
187.0,4.42,363.0
164.0,5.28,128.0
166.0,4.48,202.0
195.0,6.33,118.0
138.0,5.63,59.0
64.0,11.78,123.0
166.0,5.62,160.0
136.0,4.3,516.0
156.0,4.33,39.0
129.0,8.31,567.0
176.0,5.1,465.0
160.0,5.6,319.0
157.0,6.11,308.0
166.0,3.73,376.0
146.0,2.91,342.0
126.0,6.93,450.0
182.0,4.31,286.0
125.0,8.63,700.0
95.0,3.67,45.0
62.0,2.97,424.0
164.0,7.51,534.0
175.0,7.69,449.0
168.0,6.76,446.0
138.0,6.74,600.0
182.0,6.0,530.0
139.0,6.39,291.0
147.0,5.86,114.0
178.0,3.2,95.0
168.0,4.8,129.0
158.0,3.48,96.0
121.0,6.97,126.0
133.0,4.69,109.0
152.0,4.75,212.0
134.0,3.23,117.0
135.0,6.69,436.0
260.0,5.06,106.0
143.0,7.12,359.0
120.0,3.73,418.0
142.0,5.33,75.0
121.0,5.42,331.0
96.0,3.48,71.0
71.0,5.63,242.0
165.0,7.02,130.0
166.0,6.59,447.0
173.0,4.66,482.0
138.0,3.69,363.0
190.0,4.12,480.0
148.0,4.8,192.0
120.0,6.07,169.0
80.0,6.44,141.0
143.0,4.23,79.0
107.0,4.67,74.0
139.0,5.69,493.0
48.0,3.31,76.0
195.0,3.27,72.0
139.0,5.17,502.0
180.0,5.82,516.0
149.0,4.6,449.0
158.0,5.49,384.0
135.0,4.69,399.0
113.0,5.13,451.0
113.0,2.62,91.0
122.0,3.52,266.0
124.0,6.83,473.0
140.0,4.11,205.0
178.0,4.45,72.0
180.0,5.1,37.0
147.0,4.77,297.0
134.0,6.13,352.0
112.0,3.98,540.0
141.0,4.68,408.0
182.0,6.88,431.0
209.0,5.93,109.0
153.0,3.44,295.0
71.0,3.82,111.0
150.0,4.32,130.0
138.0,5.22,481.0
102.0,2.91,120.0
100.0,3.81,199.0
124.0,4.4,66.0
104.0,5.74,266.0
152.0,6.54,359.0
141.0,4.14,380.0
186.0,7.27,33.0
189.0,4.29,410.0
141.0,5.6,344.0
122.0,4.76,285.0
113.0,6.05,538.0
175.0,5.93,134.0
99.0,4.74,132.0
180.0,5.23,77.0
132.0,4.64,88.0
66.0,6.14,202.0
66.0,17.95,118.0
180.0,6.48,329.0
165.0,2.96,317.0
202.0,4.16,301.0
114.0,4.06,464.0
107.0,7.62,394.0
159.0,5.02,334.0
286.0,5.66,335.0
164.0,6.05,389.0
125.0,6.76,393.0
137.0,4.65,365.0
124.0,4.14,447.0
194.0,4.93,147.0
118.0,4.41,276.0
125.0,5.71,96.0
95.0,5.19,181.0
124.0,7.61,122.0
141.0,6.0,292.0
85.0,2.6,15.0
117.0,7.04,119.0
195.0,5.06,63.0
171.0,4.69,556.0
98.0,3.25,383.0
268.0,6.03,97.0
186.0,6.16,332.0
152.0,5.13,292.0
221.0,5.77,48.0
173.0,7.12,113.0
203.0,8.64,70.0
150.0,6.17,22.0
154.0,6.61,45.0
165.0,7.28,119.0
243.0,6.96,359.0
150.0,8.75,148.0
215.0,5.65,280.0
158.0,5.01,358.0
159.0,3.61,26.0
197.0,5.54,77.0
140.0,2.48,173.0
166.0,4.28,175.0
193.0,4.14,93.0
176.0,4.03,130.0
163.0,6.76,73.0
172.0,5.01,299.0
171.0,5.44,78.0
176.0,4.63,76.0
137.0,9.14,41.0
155.0,9.03,95.0
227.0,5.61,167.0
72.0,18.05,465.0
176.0,6.27,78.0
69.0,16.97,479.0
143.0,8.55,81.0
80.0,19.68,511.0
165.0,3.85,73.0
189.0,5.23,82.0
75.0,15.74,407.0
180.0,3.24,27.0
112.0,2.64,407.0
95.0,4.66,33.0
160.0,5.05,42.0
165.0,6.08,93.0
161.0,7.22,77.0
161.0,6.82,148.0
155.0,4.44,71.0
140.0,4.96,70.0
107.0,5.35,51.0
150.0,6.34,108.0
176.0,4.18,82.0
90.0,2.68,416.0
75.0,1.85,383.0
83.0,2.76,497.0
125.0,5.99,154.0
152.0,5.18,82.0
170.0,5.88,50.0
144.0,5.6,28.0
149.0,5.14,233.0
176.0,3.41,68.0
59.0,9.97,57.0
150.0,5.73,435.0
67.0,12.24,128.0
151.0,6.11,121.0
148.0,6.21,581.0
8.0,0.21,2.0
156.0,6.79,59.0
173.0,4.87,504.0
150.0,15.39,187.0
258.0,7.97,257.0
97.0,2.61,165.0
74.0,2.55,163.0
196.0,5.78,47.0
173.0,6.41,55.0
168.0,5.23,33.0
193.0,5.5,34.0
105.0,3.27,8.0
157.0,5.94,165.0
140.0,5.94,90.0
245.0,8.04,369.0
148.0,4.19,154.0
88.0,4.08,73.0
189.0,5.28,119.0
76.0,16.61,292.0
949.0,3.29,357.0
228.0,4.57,68.0
103.0,3.86,8.0
116.0,4.71,473.0
42.0,3.18,89.0
699.0,3.0,33.0
33.0,2.77,25.0
64.0,3.08,17.0
42.0,1.57,41.0
81.0,2.14,159.0
95.0,2.4,11.0
157.0,6.83,467.0
162.0,5.41,622.0
133.0,6.41,548.0
132.0,5.54,390.0
182.0,5.66,610.0
163.0,7.02,411.0
172.0,6.0,543.0
157.0,5.41,629.0
157.0,8.25,516.0
157.0,6.05,335.0
140.0,4.59,597.0
164.0,5.47,328.0
147.0,6.47,457.0
161.0,4.82,89.0
182.0,3.85,258.0
109.0,1.8,43.0
108.0,4.3,61.0
114.0,3.71,171.0
152.0,5.3,133.0
122.0,3.85,6.0
45.0,4.99,67.0
90.0,3.13,338.0
123.0,3.32,86.0
123.0,3.32,86.0
34.0,2.57,45.0
279.0,3.48,99.0
132.0,3.62,120.0
145.0,6.56,84.0
134.0,5.0,100.0
145.0,4.16,20.0
166.0,5.06,152.0
87.0,6.15,35.0
156.0,5.59,90.0
123.0,5.02,64.0
136.0,4.13,488.0
150.0,4.35,94.0
134.0,4.72,86.0
141.0,3.75,60.0
85.0,3.33,558.0
80.0,7.12,545.0
113.0,8.59,574.0
116.0,3.03,658.0
52.0,2.63,312.0
84.0,2.98,494.0
111.0,3.45,478.0
104.0,3.15,478.0
60.0,1.77,504.0
74.0,3.04,531.0
137.0,6.41,522.0
130.0,5.7,579.0
87.0,2.49,452.0
165.0,5.26,401.0
100.0,3.16,537.0
102.0,3.12,358.0
121.0,7.02,514.0
169.0,5.17,739.0
183.0,5.34,567.0
47.0,3.16,519.0
294.0,5.22,84.0
50.0,2.42,18.0
120.0,4.2,285.0
110.0,3.41,218.0
145.0,3.79,73.0
79.0,4.65,290.0
31.0,1.53,14.0
201.0,8.62,53.0
106.0,3.57,574.0
93.0,2.95,634.0
101.0,3.43,506.0
105.0,3.45,655.0
102.0,3.73,706.0
194.0,6.49,70.0
57.0,2.59,312.0
94.0,2.47,220.0
225.0,5.9,70.0
105.0,5.33,25.0
138.0,4.65,81.0
117.0,4.83,157.0
77.0,2.05,11.0
170.0,5.4,361.0
120.0,4.7,555.0
94.0,5.14,425.0
183.0,7.6,409.0
152.0,6.58,469.0
125.0,6.11,535.0
220.0,5.85,504.0
173.0,7.13,541.0
167.0,5.2,623.0
164.0,12.28,546.0
157.0,4.95,400.0
108.0,3.61,274.0
250.0,6.63,406.0
221.0,6.03,472.0
153.0,5.35,454.0
124.0,5.01,428.0
156.0,5.94,419.0
141.0,6.49,489.0
166.0,5.5,49.0
169.0,5.19,95.0
172.0,6.04,135.0
164.0,5.6,622.0
160.0,5.78,455.0
172.0,5.65,566.0
158.0,4.85,590.0
192.0,5.42,592.0
155.0,8.79,541.0
164.0,5.66,473.0
206.0,5.06,591.0
150.0,5.72,458.0
183.0,7.55,472.0
177.0,8.19,407.0
165.0,5.17,548.0
188.0,10.21,411.0
122.0,2.93,320.0
95.0,2.36,473.0
83.0,3.26,492.0
94.0,2.74,417.0
98.0,3.38,523.0
115.0,3.65,475.0
90.0,2.76,463.0
49.0,2.27,154.0
74.0,3.77,483.0
123.0,2.09995117,437.0
88.0,3.23,419.0
128.0,2.79,245.0
135.0,3.62,235.0
63.0,5.04,264.0
138.0,4.41,470.0
90.0,3.59,451.0
77.0,3.2,365.0
122.0,4.46,277.0
105.0,4.68,236.0
129.0,4.98,63.0
157.0,4.62,393.0
176.0,4.69,301.0
205.0,8.63,233.0
225.0,7.16,169.0
158.0,7.26,148.0
183.0,8.82,327.0
150.0,5.32,104.0
71.0,1.89,342.0
91.0,4.32,414.0
151.0,4.63,65.0
174.0,6.58,80.0
193.0,6.81,363.0
163.0,6.56,321.0
166.0,6.12,292.0
174.0,5.42,265.0
164.0,5.95,15.0
165.0,4.83,480.0
132.0,5.45,423.0
128.0,5.15,260.0
136.0,4.96,486.0
242.0,5.06,336.0
161.0,5.2,391.0
171.0,6.16,356.0
136.0,5.36,284.0
112.0,4.43,461.0
109.0,4.61,340.0
174.0,4.85,426.0
109.0,4.15,365.0
163.0,5.63,486.0
108.0,5.87,299.0
173.0,4.72,374.0
149.0,4.47,35.0
144.0,6.52,664.0
184.0,6.66,54.0
140.0,3.61,99.0
173.0,5.87,175.0
168.0,8.91,177.0
150.0,7.76,457.0
159.0,4.81,668.0
155.0,5.4,514.0
150.0,4.07,524.0
250.0,5.85,622.0
318.0,6.18,413.0
126.0,5.36,231.0
140.0,4.86,159.0
152.0,3.08,198.0
174.0,9.07,446.0
167.0,13.42,489.0
300.0,5.7,475.0
199.0,6.67,213.0
101.0,3.21,444.0
166.0,4.08,401.0
244.0,9.79,565.0
295.0,8.42,486.0
273.0,14.69,109.0
179.0,10.03,509.0
194.0,5.57,468.0
259.0,7.22,437.0
162.0,9.06,457.0
216.0,7.33,528.0
216.0,5.85,487.0
198.0,5.29,382.0
239.0,7.88,673.0
202.0,5.5,328.0
156.0,3.94,44.0
205.0,6.91,441.0
179.0,6.13,339.0
183.0,3.97,410.0
214.0,6.89,402.0
158.0,7.34,402.0
157.0,9.34,410.0
233.0,4.84,117.0
237.0,6.32,58.0
234.0,5.65,92.0
204.0,5.7,64.0
104.0,4.09,416.0
139.0,6.07,391.0
165.0,8.23,399.0
214.0,6.13,522.0
280.0,8.4,392.0
240.0,6.81,405.0
100.0,5.76,366.0
166.0,5.25,451.0
86.0,10.5,502.0
199.0,3.14,76.0
141.0,3.14,193.0
130.0,3.24,217.0
177.0,4.74,172.0
202.0,4.72,95.0
164.0,5.45,186.0
212.0,5.97,431.0
207.0,4.64,388.0
215.0,6.64,439.0
233.0,6.67,420.0
186.0,5.56,507.0
131.0,4.99,972.0
107.0,7.89,491.0
127.0,5.15,477.0
116.0,4.52,433.0
129.0,7.31,448.0
130.0,4.03,513.0
130.0,6.26,356.0
140.0,3.43,529.0
105.0,4.48,508.0
125.0,4.41,278.0
121.0,4.06,495.0
138.0,5.04,505.0
92.0,5.08,522.0
134.0,4.41,443.0
161.0,2.52,519.0
124.0,3.31,576.0
122.0,3.64,460.0
77.0,4.2,377.0
845.0,2.82,377.0
57.0,3.29,330.0
139.0,3.77,436.0
78.0,3.63,433.0
95.0,4.14,457.0
118.0,5.26,347.0
247.0,9.81,542.0
229.0,9.01,505.0
292.0,9.01,542.0
277.0,9.77,263.0
274.0,7.74,430.0
177.0,5.77,397.0
133.0,4.41,516.0
115.0,4.57,372.0
134.0,6.83,488.0
128.0,4.29,332.0
69.0,16.78,49.0
153.0,3.51,134.0
203.0,3.34,13.0
158.0,4.61,476.0
132.0,6.09,298.0
148.0,6.25,443.0
159.0,7.09,293.0
192.0,5.76,497.0
134.0,6.27,471.0
213.0,5.65,490.0
249.0,4.32,443.0
252.0,4.79,214.0
149.0,4.95,268.0
102.0,3.83,317.0
119.0,4.51,137.0
213.0,4.03,18.0
158.0,5.33,135.0
144.0,3.52,89.0
307.0,4.89,110.0
111.0,4.25,349.0
88.0,4.85,490.0
122.0,4.38,521.0
126.0,4.53,399.0
190.0,4.8,309.0
111.0,4.74,355.0
108.0,3.93,490.0
111.0,6.07,414.0
180.0,6.18,493.0
169.0,6.63,388.0
97.0,3.3,426.0
129.0,5.82,360.0
157.0,6.57,415.0
84.0,4.81,414.0
80.0,2.6,223.0
133.0,4.12,373.0
111.0,4.19,421.0
100.0,4.44,471.0
92.0,22.43,137.0
223.0,6.49,240.0
260.0,8.41,308.0
273.0,9.11,434.0
200.0,8.19,231.0
238.0,7.86,493.0
151.0,8.58,487.0
158.0,7.24,329.0
195.0,6.43,203.0
156.0,7.1,212.0
257.0,6.25,322.0
237.0,5.87,305.0
130.0,5.57,363.0
142.0,5.33,373.0
128.0,7.27,233.0
159.0,7.19,399.0
136.0,6.06,568.0
120.0,6.22,70.0
121.0,4.17,35.0
185.0,6.68,238.0
197.0,3.56,9.0
125.0,7.93,445.0
140.0,5.21,439.0
165.0,6.85,313.0
191.0,5.43,262.0
143.0,6.11,390.0
175.0,5.29,521.0
162.0,5.42,376.0
163.0,5.36,308.0
175.0,5.27,572.0
170.0,5.89,490.0
151.0,5.23,521.0
160.0,5.97,401.0
156.0,6.25,555.0
154.0,5.63,394.0
146.0,6.26,452.0
171.0,5.54,426.0
163.0,7.06,195.0
138.0,6.36,380.0
128.0,5.13,299.0
157.0,7.88,402.0
136.0,7.42,416.0
174.0,4.98,119.0
285.0,7.23,321.0
206.0,6.02,274.0
179.0,7.26,444.0
218.0,6.34,325.0
151.0,3.62,361.0
196.0,7.45,330.0
225.0,8.16,365.0
227.0,9.01,416.0
256.0,8.39,389.0
225.0,7.27,222.0
234.0,5.81,99.0
164.0,6.1,345.0
229.0,5.99,393.0
120.0,8.33,322.0
96.0,11.08,386.0
160.0,6.99,440.0
76.0,8.75,301.0
139.0,5.84,346.0
130.0,7.04,522.0
129.0,5.05,404.0
86.0,10.61,207.0
153.0,7.75,409.0
185.0,3.47,118.0
176.0,5.13,206.0
64.0,3.36,26.0
133.0,5.5,342.0
152.0,9.3,322.0
233.0,7.81,264.0
203.0,6.77,335.0
190.0,5.41,223.0
188.0,5.17,460.0
192.0,6.43,394.0
172.0,5.26,430.0
167.0,4.63,491.0
121.0,7.24,507.0
159.0,4.79,459.0
161.0,5.34,542.0
145.0,7.45,533.0
160.0,7.19,464.0
176.0,8.08,312.0
229.0,11.15,332.0
148.0,6.41,511.0
163.0,8.17,537.0
180.0,7.7,447.0
163.0,6.96,345.0
183.0,6.3,317.0
188.0,7.48,460.0
170.0,6.76,399.0
163.0,4.56,533.0
130.0,8.53,521.0
110.0,2.6,325.0
147.0,6.07,404.0
220.0,6.76,464.0
111.0,4.84,524.0
153.0,5.75,413.0
147.0,3.88,439.0
125.0,4.16,222.0
98.0,3.69,397.0
175.0,5.47,420.0
132.0,5.67,448.0
144.0,6.64,472.0
157.0,5.14,383.0
121.0,7.72,436.0
190.0,5.61,446.0
139.0,5.43,247.0
181.0,5.99,242.0
131.0,8.71,391.0
155.0,6.07,300.0
215.0,6.01,297.0
178.0,8.74,473.0
172.0,6.62,340.0
122.0,7.34,430.0
182.0,6.06,196.0
134.0,5.18,237.0
242.0,5.75,358.0
160.0,6.45,235.0
150.0,3.55,112.0
217.0,6.67,219.0
212.0,5.48,99.0
48.0,0.84,9.0
210.0,6.11,109.0
181.0,5.44,170.0
122.0,5.53,312.0
134.0,6.14,321.0
138.0,6.9,306.0
239.0,6.76,281.0
217.0,5.71,378.0
167.0,6.28,369.0
111.0,4.14,428.0
218.0,7.35,307.0
192.0,6.89,300.0
154.0,6.24,393.0
217.0,5.71,378.0
167.0,6.28,369.0
111.0,4.14,428.0
218.0,7.35,307.0
192.0,6.89,300.0
154.0,6.24,393.0
142.0,6.32,187.0
212.0,5.68,168.0
237.0,6.79,227.0
162.0,5.32,89.0
137.0,6.5,284.0
132.0,7.19,0.0
110.0,3.21,64.0
87.0,4.61,14.0
232.0,7.88,196.0
215.0,6.25,68.0
153.0,3.87,195.0
181.0,5.4,302.0
156.0,7.36,614.0
41.0,2.0,5.0
167.0,5.22,108.0
129.0,4.33,54.0
162.0,5.25,466.0
345.0,8.34,514.0
184.0,4.65,335.0
137.0,3.92,311.0
142.0,6.73,472.0
172.0,3.49,461.0
123.0,7.18,325.0
185.0,5.91,262.0
202.0,6.83,79.0
155.0,6.49,489.0
119.0,5.86,423.0
129.0,3.83,151.0
194.0,5.26,383.0
112.0,3.3,37.0
91.0,4.78,423.0
43.0,1.28,491.0
181.0,5.77,232.0
135.0,6.93,93.0
87.0,2.32,313.0
280.0,6.0,326.0
170.0,5.02,440.0
177.0,4.5,339.0
141.0,8.08,320.0
182.0,5.43,445.0
118.0,5.87,377.0
132.0,3.37,173.0
191.0,5.62,461.0
136.0,3.8,432.0
205.0,4.89,434.0
122.0,4.01,421.0
117.0,4.23,425.0
172.0,5.26,232.0
95.0,3.34,391.0
138.0,4.62,150.0
122.0,3.81,149.0
123.0,4.75,462.0
188.0,5.98,133.0
117.0,3.09,480.0
130.0,3.66,445.0
51.0,3.68,172.0
709.0,3.63,506.0
128.0,3.38,301.0
119.0,2.92,382.0
99.0,4.33,94.0
122.0,5.29,455.0
160.0,5.54,142.0
108.0,7.12,474.0
101.0,4.82,476.0
190.0,6.46,403.0
123.0,4.83,130.0
162.0,5.4,203.0
194.0,6.04,118.0
177.0,5.93,45.0
163.0,3.62,36.0
151.0,4.31,295.0
95.0,5.61,50.0
157.0,7.93,543.0
147.0,7.07,533.0
213.0,8.39,50.0
220.0,7.98,467.0
156.0,7.69,543.0
130.0,4.26,350.0
131.0,3.54,83.0
102.0,2.82,19.0
145.0,4.95,72.0
149.0,12.02,430.0
169.0,9.96,629.0
176.0,6.47,500.0
152.0,5.78,431.0
191.0,4.89,450.0
142.0,3.94,23.0
138.0,4.72,427.0
80.0,5.86,277.0
143.0,5.39,429.0
157.0,4.36,369.0
88.0,4.9,148.0
716.0,3.82,319.0
120.0,3.5,260.0
138.0,5.31,116.0
110.0,3.65,98.0
132.0,3.25,24.0
166.0,5.94,459.0
91.0,2.91,22.0
178.0,5.12,279.0
118.0,4.27,51.0
103.0,4.16,36.0
148.0,5.36,53.0
128.0,4.82,439.0
149.0,4.53,465.0
171.0,7.39,193.0
130.0,7.39,37.0
139.0,5.66,511.0
206.0,5.58,16.0
151.0,4.97,511.0
173.0,7.03,548.0
276.0,5.54,59.0
153.0,4.79,71.0
73.0,2.24,19.0
120.0,6.14,65.0
149.0,3.65,220.0
77.0,7.28,81.0
117.0,6.02,95.0
335.0,4.75,39.0
224.0,6.26,211.0
173.0,3.58,369.0
135.0,4.86,425.0
94.0,4.45,476.0
129.0,3.44,52.0
165.0,3.44,99.0
202.0,4.39,287.0
113.0,6.16,548.0
138.0,5.83,433.0
99.0,3.91,296.0
117.0,3.57,201.0
163.0,3.78,235.0
113.0,4.12,251.0
136.0,6.02,793.0
124.0,3.26,739.0
160.0,5.02,203.0
101.0,3.73,667.0
115.0,4.66,561.0
103.0,3.4,91.0
170.0,2.82,277.0
155.0,2.94,421.0
135.0,4.04,295.0
53.0,5.85,450.0
149.0,5.86,117.0
184.0,7.58,511.0
166.0,5.49,397.0
124.0,5.97,113.0
142.0,6.6,272.0
182.0,2.92,53.0
100.0,3.06,178.0
81.0,4.1,25.0
114.0,2.92,269.0
142.0,4.65,75.0
137.0,4.69,451.0
177.0,5.64,366.0
139.0,5.41,121.0
121.0,7.81,299.0
115.0,5.5,66.0
123.0,4.89,52.0
151.0,4.49,295.0
127.0,3.63,98.0
108.0,5.66,523.0
152.0,5.08,62.0
168.0,4.93,18.0
201.0,4.82,451.0
125.0,4.44,429.0
179.0,5.29,451.0
150.0,5.14,502.0
101.0,3.83,65.0
189.0,4.18,26.0
127.0,4.83,154.0
163.0,5.7,120.0
201.0,7.7,76.0
130.0,5.42,499.0
179.0,4.7,429.0
110.0,5.5,611.0
184.0,6.2,171.0
86.0,5.19,249.0
95.0,2.73,450.0
173.0,5.06,232.0
206.0,5.77,241.0
206.0,5.77,241.0
77.0,3.44,195.0
198.0,4.79,335.0
178.0,8.05,170.0
168.0,6.02,383.0
152.0,5.74,516.0
109.0,4.44,331.0
198.0,6.66,289.0
99.0,3.02,312.0
149.0,5.29,437.0
150.0,5.38,116.0
116.0,4.14,246.0
128.0,3.12,21.0
139.0,4.28,93.0
88.0,5.76,80.0
135.0,3.31,327.0
161.0,2.84,349.0
136.0,5.45,50.0
92.0,6.24,49.0
55.0,1.2,3.0
228.0,6.44,240.0
170.0,4.9,177.0
168.0,7.95,489.0
132.0,3.8,461.0
146.0,3.94,437.0
174.0,4.25,351.0
122.0,4.11,351.0
144.0,4.24,379.0
126.0,53.85,298.0
124.0,3.44,342.0
104.0,13.15,351.0
121.0,3.63,170.0
109.0,5.18,287.0
176.0,5.68,378.0
165.0,4.88,485.0
129.0,4.96,457.0
186.0,5.4,365.0
165.0,4.54,492.0
164.0,3.77,425.0
156.0,3.62,411.0
162.0,3.21,377.0
94.0,5.46,470.0
137.0,4.74,388.0
188.0,6.54,150.0
123.0,4.19,147.0
204.0,6.61,186.0
141.0,5.04,152.0
195.0,3.95,41.0
136.0,6.39,24.0
89.0,9.68,563.0
165.0,6.59,380.0
170.0,4.03,419.0
177.0,6.39,507.0
177.0,5.17,92.0
132.0,6.81,153.0
237.0,5.14,98.0
183.0,4.62,106.0
143.0,5.19,39.0
160.0,3.61,149.0
164.0,7.2,63.0
179.0,6.22,61.0
68.0,5.11,72.0
175.0,5.3,47.0
133.0,4.91,86.0
121.0,6.71,162.0
146.0,4.08,114.0
177.0,6.49,446.0
96.0,4.7,114.0
101.0,13.28,314.0
110.0,3.51,74.0
136.0,5.27,411.0
180.0,4.45,299.0
112.0,4.17,249.0
125.0,4.98,409.0
196.0,8.97,264.0
165.0,5.63,163.0
136.0,4.12,320.0
113.0,3.29,228.0
152.0,5.36,366.0
920.0,5.9,534.0
102.0,4.6,412.0
101.0,5.9,124.0
135.0,4.41,64.0
178.0,2.56,376.0
113.0,5.71,339.0
172.0,5.18,435.0
125.0,6.53,331.0
148.0,4.45,329.0
137.0,4.35,386.0
127.0,3.99,438.0
152.0,4.62,314.0
141.0,4.93,382.0
160.0,3.71,351.0
122.0,3.47,474.0
255.0,2.29,320.0
92.0,5.41,391.0
121.0,5.29,229.0
110.0,7.22,113.0
227.0,6.32,304.0
123.0,3.07,385.0
188.0,4.76,309.0
105.0,3.15,250.0
140.0,3.04,425.0
150.0,3.18,352.0
173.0,5.2,288.0
150.0,4.06,363.0
153.0,4.18,299.0
234.0,6.53,267.0
171.0,3.08,316.0
130.0,3.0,387.0
185.0,84.87,438.0
113.0,5.06,587.0
121.0,5.39,485.0
172.0,3.46,79.0
115.0,4.28,355.0
114.0,7.94,354.0
157.0,5.66,273.0
214.0,4.47,69.0
173.0,4.88,280.0
176.0,5.69,262.0
151.0,14.67,381.0
142.0,5.37,301.0
125.0,3.56,430.0
194.0,4.71,379.0
103.0,6.06,515.0
140.0,5.99,278.0
994.0,6.21,407.0
93.0,3.64,422.0
81.0,4.68,356.0
152.0,84.52,457.0
180.0,6.78,736.0
95.0,6.63,420.0
195.0,6.41,138.0
241.0,3.91,390.0
137.0,4.91,440.0
183.0,4.94,363.0
172.0,7.49,360.0
113.0,4.93,437.0
166.0,5.18,374.0
106.0,3.51,347.0
171.0,5.78,152.0
185.0,3.31,269.0
158.0,5.89,394.0
200.0,6.42,402.0
132.0,4.62,353.0
152.0,4.08,61.0
166.0,3.87,20.0
72.0,2.48,60.0
152.0,4.08,61.0
166.0,3.87,20.0
72.0,2.48,60.0
97.0,2.86,203.0
166.0,6.27,406.0
137.0,5.8,444.0
150.0,5.59,480.0
159.0,5.8,535.0
158.0,8.0,199.0
165.0,5.89,373.0
157.0,7.58,419.0
146.0,4.6,539.0
132.0,4.71,571.0
180.0,4.93,218.0
160.0,4.93,307.0
194.0,6.02,414.0
129.0,4.38,235.0
151.0,5.24,218.0
154.0,5.37,351.0
261.0,7.31,302.0
203.0,5.78,519.0
118.0,5.81,501.0
179.0,5.52,399.0
104.0,2.43,604.0
148.0,3.2,286.0
102.0,4.85,446.0
97.0,3.44,232.0
127.0,3.28,301.0
162.0,4.14,157.0
94.0,4.6,487.0
131.0,5.63,598.0
168.0,5.22,220.0
148.0,4.44,391.0
165.0,5.71,469.0
135.0,5.25,362.0
134.0,4.83,199.0
163.0,3.95,210.0
111.0,7.12,580.0
79.0,2.24,29.0
184.0,6.2,94.0
120.0,4.67,26.0
172.0,4.12,52.0
131.0,5.49,32.0
87.0,3.42,19.0
215.0,4.8,35.0
118.0,5.23,101.0
208.0,4.38,87.0
94.0,7.21,146.0
201.0,6.49,123.0
127.0,3.52,173.0
119.0,3.69,325.0
90.0,4.79,434.0
135.0,4.3,262.0
105.0,2.77,392.0
149.0,2.54,205.0
227.0,5.04,428.0
259.0,4.84,444.0
200.0,4.29,251.0
128.0,3.44,269.0
117.0,6.22,301.0
230.0,3.45,416.0
91.0,3.73,282.0
116.0,5.38,242.0
93.0,3.48,508.0
167.0,6.13,277.0
157.0,4.73,272.0
185.0,2.94,236.0
219.0,5.74,230.0
225.0,7.28,433.0
159.0,4.4,501.0
140.0,6.71,119.0
102.0,6.67,140.0
107.0,8.94,216.0
166.0,4.7,42.0
129.0,4.4,311.0
140.0,4.75,361.0
78.0,3.55,252.0
120.0,5.59,451.0
176.0,6.37,610.0
133.0,3.18,91.0
116.0,2.77,249.0
159.0,4.43,282.0
412.0,6.25,422.0
109.0,3.1,83.0
108.0,3.96,330.0
141.0,3.73,275.0
84.0,2.76,400.0
141.0,4.16,86.0
58.0,3.26,285.0
180.0,4.38,169.0
222.0,4.66,477.0
133.0,3.53,355.0
213.0,3.21,208.0
206.0,5.91,300.0
140.0,4.5,338.0
214.0,2.82,103.0
145.0,4.2,107.0
133.0,3.7,353.0
135.0,3.08,199.0
295.0,5.94,523.0
160.0,5.36,106.0
183.0,5.89,153.0
145.0,6.55,191.0
168.0,6.13,317.0
210.0,6.81,260.0
166.0,5.52,368.0
158.0,2.6,380.0
168.0,4.55,236.0
173.0,4.95,420.0
119.0,4.01,554.0
137.0,3.54,510.0
143.0,4.15,393.0
158.0,4.22,171.0
147.0,4.68,469.0
171.0,4.21,83.0
149.0,5.85,230.0
167.0,2.63,143.0
160.0,5.49,339.0
166.0,4.15,308.0
128.0,3.34,146.0
86.0,9.88,175.0
182.0,5.75,214.0
159.0,4.74,400.0
150.0,3.88,147.0
84.0,5.64,179.0
251.0,3.5,100.0
157.0,3.64,228.0
134.0,5.98,447.0
165.0,5.9,283.0
200.0,3.64,429.0
201.0,5.57,292.0
138.0,5.21,285.0
169.0,6.03,410.0
180.0,4.85,87.0
172.0,2.57,238.0
121.0,2.89,114.0
150.0,3.73,234.0
129.0,3.43,472.0
104.0,3.71,140.0
74.0,4.32,104.0
189.0,6.02,407.0
239.0,4.37,255.0
139.0,4.28,257.0
122.0,3.2,415.0
124.0,5.33,297.0
155.0,7.89,326.0
170.0,4.11,45.0
184.0,4.74,82.0
164.0,3.76,21.0
159.0,5.2,313.0
99.0,5.73,341.0
131.0,6.77,262.0
116.0,5.72,63.0
164.0,6.97,32.0
106.0,3.37,96.0
210.0,8.04,234.0
93.0,2.87,121.0
100.0,3.54,25.0
162.0,3.92,345.0
75.0,3.13,717.0
210.0,3.53,113.0
160.0,6.97,258.0
161.0,8.95,188.0
201.0,4.7,157.0
245.0,5.62,89.0
159.0,3.32,411.0
136.0,4.6,384.0
137.0,3.17,386.0
92.0,3.05,284.0
123.0,3.72,325.0
107.0,3.34,365.0
159.0,5.76,354.0
150.0,4.37,456.0
167.0,4.27,426.0
152.0,3.42,390.0
129.0,3.53,307.0
173.0,5.52,361.0
111.0,2.56,361.0
144.0,5.19,332.0
162.0,4.32,420.0
83.0,3.48,480.0
70.0,4.8,375.0
113.0,4.01,353.0
144.0,3.33,341.0
136.0,3.28,538.0
112.0,3.22,602.0
116.0,2.97,456.0
79.0,3.05,466.0
166.0,3.87,434.0
138.0,4.5,486.0
197.0,5.42,284.0
135.0,3.75,346.0
94.0,2.3,305.0
78.0,2.92,181.0
166.0,4.11,264.0
132.0,3.44,270.0
164.0,4.66,447.0
75.0,3.66,10.0
157.0,3.89,32.0
83.0,3.18,90.0
160.0,6.97,258.0
153.0,5.03,158.0
76.0,7.39,886.0
114.0,5.66,61.0
147.0,5.85,375.0
64.0,8.54,240.0
142.0,7.8,384.0
86.0,4.72,448.0
123.0,4.88,181.0
89.0,3.96,135.0
130.0,4.43,295.0
94.0,6.57,276.0
125.0,5.67,295.0
98.0,9.24,281.0
95.0,3.89,280.0
110.0,4.88,385.0
90.0,4.04,279.0
101.0,2.47,9.0
142.0,4.66,59.0
142.0,4.86,141.0
156.0,4.81,246.0
62.0,4.07,84.0
121.0,3.13,87.0
107.0,4.4,74.0
134.0,6.77,126.0
233.0,5.97,90.0
169.0,6.15,74.0
131.0,9.16,12.0
251.0,8.21,309.0
307.0,8.24,185.0
95.0,5.09,147.0
188.0,5.94,110.0
155.0,7.61,282.0
237.0,4.39,104.0
146.0,5.3,272.0
263.0,10.39,101.0
161.0,7.49,129.0
185.0,11.53,147.0
170.0,3.86,437.0
171.0,6.56,78.0
143.0,4.71,238.0
149.0,7.27,414.0
133.0,4.97,71.0
72.0,1.86,7.0
113.0,5.07,79.0
192.0,5.05,137.0
138.0,4.46,46.0
165.0,5.31,423.0
90.0,2.68,119.0
180.0,5.43,238.0
69.0,7.92,35.0
216.0,9.11,133.0
181.0,5.57,240.0
183.0,4.3,182.0
144.0,6.1,298.0
156.0,7.06,84.0
256.0,7.02,416.0
289.0,7.61,393.0
142.0,5.14,256.0
236.0,5.81,261.0
144.0,5.91,125.0
167.0,4.98,29.0
150.0,5.41,227.0
187.0,4.55,187.0
193.0,5.07,131.0
101.0,2.82,87.0
112.0,6.23,131.0
125.0,7.79,280.0
78.0,2.3,1.0
177.0,6.53,498.0
107.0,2.93,9.0
213.0,7.91,175.0
205.0,6.61,157.0
141.0,8.31,385.0
97.0,3.47,29.0
167.0,5.03,235.0
104.0,4.35,250.0
158.0,7.42,511.0
270.0,5.74,392.0
164.0,6.69,340.0
79.0,4.69,134.0
212.0,5.22,201.0
128.0,4.23,41.0
43.0,1.62,14.0
62.0,2.2,35.0
151.0,5.4,181.0
156.0,4.01,37.0
209.0,6.7,241.0
200.0,5.95,108.0
699.0,4.9,302.0
161.0,4.87,354.0
206.0,6.51,380.0
168.0,5.53,243.0
263.0,7.22,165.0
192.0,6.51,459.0
160.0,5.81,540.0
187.0,6.88,443.0
126.0,3.92,50.0
170.0,6.49,22.0
186.0,6.53,380.0
257.0,7.32,239.0
147.0,4.14,13.0
26.0,1.62,1.0
293.0,7.6,409.0
83.0,33.48,265.0
213.0,5.16,28.0
126.0,3.97,30.0
220.0,4.23,53.0
276.0,5.79,255.0
56.0,5.31,70.0
98.0,31.86,487.0
119.0,5.14,65.0
114.0,4.37,581.0
298.0,4.79,82.0
169.0,64.5,30.0
228.0,7.37,42.0
325.0,8.33,90.0
125.0,4.75,207.0
33.0,2.95,2.0
188.0,6.57,39.0
264.0,7.29,378.0
130.0,4.53,75.0
118.0,4.1,34.0
78.0,4.01,280.0
238.0,8.43,212.0
132.0,4.03,155.0
182.0,6.49,98.0
284.0,8.13,123.0
51.0,1.74,11.0
202.0,9.2,290.0
121.0,3.66,172.0
143.0,7.28,501.0
159.0,5.14,473.0
163.0,4.4,559.0
173.0,4.29,126.0
250.0,6.72,312.0
146.0,4.54,176.0
120.0,4.98,373.0
190.0,3.27,104.0
53.0,3.65,215.0
73.0,3.78,262.0
40.0,2.85,1.0
393.0,4.86,156.0
122.0,6.22,176.0
235.0,6.46,407.0
235.0,8.09,258.0
230.0,5.47,80.0
239.0,5.89,244.0
259.0,4.45,308.0
288.0,9.63,327.0
124.0,8.12,374.0
156.0,4.33,144.0
354.0,4.63,39.0
136.0,4.24,200.0
132.0,4.0,188.0
57.0,24.21,448.0
71.0,3.68,282.0
144.0,66.12,289.0
161.0,5.32,6163.0
41.0,6.62,157.0
137.0,5.05,394.0
150.0,4.32,325.0
118.0,3.81,158.0
109.0,4.39,481.0
164.0,7.11,99.0
92.0,3.9,272.0
164.0,6.17,340.0
148.0,4.5,71.0
164.0,5.73,464.0
131.0,7.4,256.0
128.0,5.21,303.0
98.0,5.61,81.0
4.0,3.13,268.0
192.0,7.21,236.0
240.0,5.96,29.0
165.0,5.58,267.0
108.0,4.83,107.0
104.0,6.24,65.0
148.0,4.16,332.0
125.0,5.17,343.0
144.0,5.01,161.0
90.0,5.55,395.0
132.0,4.28,299.0
142.0,5.12,289.0
224.0,7.19,158.0
192.0,6.52,300.0
135.0,5.99,152.0
206.0,6.26,154.0
119.0,3.2,24.0
194.0,4.94,259.0
154.0,5.51,488.0
191.0,5.11,555.0
130.0,6.86,58.0
217.0,4.44,35.0
128.0,5.84,458.0
225.0,6.92,451.0
154.0,4.66,120.0
141.0,3.97,39.0
125.0,5.7,91.0
183.0,4.27,282.0
77.0,4.78,433.0
118.0,5.45,444.0
185.0,4.38,462.0
121.0,5.44,511.0
127.0,8.02,392.0
154.0,4.8,334.0
161.0,5.82,441.0
151.0,5.38,501.0
142.0,3.95,399.0
201.0,5.03,327.0
135.0,5.42,368.0
161.0,4.24,315.0
100.0,4.37,499.0
181.0,5.51,233.0
134.0,3.27,51.0
161.0,5.44,479.0
111.0,4.81,240.0
135.0,3.67,201.0
94.0,3.74,482.0
107.0,6.94,253.0
79.0,5.22,521.0
127.0,5.4,477.0
135.0,5.17,406.0
1228.0,4.49,113.0
112.0,3.21,360.0
108.0,6.65,447.0
80.0,3.87,563.0
173.0,6.01,514.0
130.0,4.86,174.0
36.0,3.14,62.0
177.0,6.66,258.0
184.0,5.93,327.0
143.0,7.3,466.0
83.0,3.73,528.0
144.0,7.06,170.0
127.0,5.45,34.0
127.0,3.65,328.0
108.0,3.86,528.0
874.0,64.37,384.0
73.0,3.35,268.0
937.0,6.6,343.0
90.0,4.01,92.0
176.0,8.82,237.0
127.0,8.34,40.0
53.0,1.89,29.0
154.0,3.28,544.0
132.0,4.64,414.0
93.0,3.0,62.0
100.0,3.12,444.0
103.0,3.67,132.0
121.0,5.78,245.0
205.0,6.06,418.0
154.0,5.6,186.0
116.0,3.1,189.0
177.0,6.88,469.0
178.0,6.18,462.0
127.0,5.78,228.0
166.0,5.57,276.0
176.0,5.61,374.0
115.0,2.61,21.0
124.0,3.91,655.0
110.0,6.07,69.0
223.0,6.87,177.0
117.0,2.86,10.0
162.0,6.01,326.0
119.0,4.69,449.0
126.0,3.85,509.0
154.0,6.41,314.0
144.0,5.29,401.0
107.0,5.09,367.0
101.0,3.15,486.0
138.0,4.36,471.0
143.0,5.22,150.0
130.0,4.81,12.0
94.0,3.36,304.0
129.0,5.78,446.0
100.0,9.03,188.0
166.0,9.58,123.0
141.0,5.45,378.0
137.0,4.26,397.0
174.0,4.71,241.0
185.0,7.96,383.0
120.0,3.65,92.0
158.0,6.68,265.0
69.0,4.06,111.0
148.0,5.74,104.0
84.0,9.49,1574.0
156.0,5.4,514.0
111.0,9.11,1137.0
121.0,5.21,443.0
125.0,6.64,412.0
161.0,4.19,424.0
121.0,4.62,87.0
159.0,6.03,519.0
135.0,4.43,465.0
136.0,4.79,456.0
142.0,63.67,58.0
96.0,3.24,366.0
91.0,4.01,199.0
151.0,5.08,361.0
192.0,6.41,129.0
181.0,3.31,86.0
153.0,3.18,85.0
107.0,4.07,468.0
96.0,6.07,483.0
131.0,4.26,413.0
84.0,4.5,373.0
105.0,3.96,306.0
118.0,5.06,384.0
74.0,3.83,482.0
87.0,4.44,453.0
174.0,4.88,206.0
106.0,3.58,409.0
155.0,6.83,398.0
119.0,3.89,88.0
135.0,4.2,333.0
131.0,3.92,476.0
137.0,3.67,58.0
100.0,2.12,615.0
70.0,3.37,49.0
146.0,3.29,64.0
117.0,4.35,50.0
101.0,5.24,233.0
104.0,3.31,100.0
115.0,3.94,482.0
143.0,3.36,199.0
91.0,3.7,161.0
129.0,4.26,327.0
85.0,21.35,659.0
172.0,4.05,90.0
160.0,5.98,61.0
126.0,3.68,99.0
107.0,6.99,83.0
134.0,3.61,64.0
129.0,3.92,113.0
108.0,3.57,266.0
136.0,5.36,88.0
153.0,5.51,196.0
140.0,4.65,283.0
126.0,6.06,113.0
153.0,7.08,201.0
136.0,5.31,316.0
180.0,6.9,493.0
160.0,6.37,346.0
184.0,5.98,440.0
234.0,4.9,341.0
201.0,5.63,350.0
178.0,7.54,470.0
112.0,4.43,375.0
150.0,5.06,429.0
109.0,3.99,114.0
138.0,3.38,69.0
98.0,3.71,292.0
71.0,3.65,132.0
64.0,4.15,102.0
193.0,3.25,21.0
81.0,5.1,18.0
80.0,4.7,52.0
143.0,5.2,92.0
81.0,24.05,271.0
762.0,5.17,327.0
146.0,5.99,362.0
261.0,9.49,422.0
145.0,4.96,74.0
123.0,7.59,449.0
206.0,6.27,438.0
172.0,7.16,411.0
146.0,4.88,21.0
137.0,7.77,425.0
130.0,5.99,355.0
268.0,8.78,443.0
89.0,3.84,364.0
714.0,3.32,52.0
76.0,96.01,173.0
103.0,4.98,167.0
176.0,3.74,326.0
153.0,3.73,324.0
145.0,7.27,465.0
142.0,6.42,205.0
168.0,5.17,444.0
157.0,6.03,249.0
46.0,9.51,246.0
128.0,6.72,53.0
213.0,7.82,346.0
144.0,6.68,307.0
137.0,6.29,549.0
200.0,6.24,424.0
253.0,8.65,336.0
208.0,5.96,51.0
206.0,6.78,79.0
211.0,19.51,345.0
270.0,7.82,369.0
319.0,5.9,25.0
112.0,6.73,75.0
213.0,7.2,466.0
156.0,6.82,486.0
156.0,5.07,378.0
81.0,4.47,122.0
178.0,5.24,203.0
170.0,8.42,406.0
194.0,4.38,215.0
212.0,6.62,401.0
192.0,7.42,537.0
121.0,5.91,110.0
159.0,7.11,93.0
209.0,7.05,173.0
349.0,3.56,38.0
137.0,4.19,203.0
142.0,8.56,448.0
273.0,8.57,196.0
206.0,8.16,238.0
97.0,7.3,344.0
146.0,6.83,424.0
177.0,9.81,78.0
172.0,7.09,236.0
169.0,6.26,13.0
553.0,4.37,441.0
1342.0,4.12,120.0
137.0,3.49,103.0
168.0,7.4,149.0
300.0,8.73,428.0
166.0,6.32,399.0
114.0,6.08,387.0
115.0,4.4,290.0
99.0,6.79,391.0
139.0,4.98,376.0
288.0,7.1,470.0
76.0,5.45,478.0
180.0,4.59,360.0
198.0,8.74,409.0
176.0,5.49,39.0
181.0,5.02,306.0
139.0,6.39,266.0
200.0,7.42,377.0
214.0,6.99,381.0
154.0,6.16,96.0
124.0,6.49,284.0
161.0,6.86,446.0
105.0,6.32,396.0
194.0,6.5,328.0
172.0,6.17,414.0
193.0,6.96,378.0
159.0,6.25,440.0
179.0,5.96,360.0
134.0,6.93,390.0
129.0,6.16,417.0
182.0,5.78,455.0
148.0,6.16,365.0
176.0,3.64,351.0
115.0,5.54,571.0
109.0,5.56,406.0
185.0,7.61,501.0
114.0,6.6,464.0
207.0,6.64,69.0
170.0,5.82,381.0
190.0,6.5,437.0
180.0,6.01,415.0
196.0,6.92,406.0
72.0,7.94,44.0
138.0,13.22,360.0
132.0,6.79,438.0
142.0,6.6,21.0
239.0,6.84,50.0
807.0,5.49,144.0
96.0,6.92,95.0
68.0,4.89,409.0
75.0,3.3,422.0
122.0,6.59,69.0
155.0,7.93,457.0
146.0,4.43,342.0
101.0,3.12,73.0
191.0,5.36,436.0
140.0,6.89,131.0
146.0,6.48,283.0
82.0,3.43,475.0
123.0,3.11,267.0
160.0,6.0,579.0
105.0,5.55,524.0
185.0,5.67,524.0
113.0,4.62,438.0
165.0,5.53,312.0
152.0,5.41,350.0
144.0,8.15,246.0
179.0,6.0,427.0
148.0,8.14,144.0
139.0,5.13,207.0
175.0,7.82,342.0
181.0,5.5,173.0
164.0,6.87,395.0
143.0,6.86,251.0
186.0,6.76,334.0
147.0,7.67,380.0
180.0,5.94,382.0
185.0,7.23,425.0
122.0,4.95,41.0
181.0,6.52,501.0
181.0,5.96,349.0
181.0,6.1,425.0
150.0,6.51,417.0
155.0,6.58,504.0
181.0,5.94,426.0
240.0,6.87,380.0
163.0,6.34,334.0
168.0,5.58,21.0
140.0,8.63,310.0
145.0,4.6,337.0
136.0,8.16,172.0
102.0,4.92,111.0
227.0,6.97,204.0
202.0,7.02,237.0
103.0,5.23,453.0
151.0,4.82,230.0
216.0,6.27,372.0
18.0,0.56,20.0
106.0,4.85,153.0
66.0,5.24,355.0
114.0,6.13,358.0
173.0,5.9,367.0
148.0,4.07,487.0
248.0,63.2,245.0
110.0,3.98,460.0
143.0,5.85,459.0
123.0,6.22,341.0
117.0,5.3,328.0
158.0,5.41,354.0
149.0,5.42,467.0
152.0,7.74,451.0
172.0,5.59,365.0
176.0,6.2,496.0
168.0,5.06,433.0
161.0,5.45,341.0
174.0,5.28,503.0
177.0,5.49,387.0
138.0,4.81,68.0
142.0,3.94,186.0
178.0,5.82,373.0
105.0,5.38,368.0
82.0,3.01,352.0
99.0,3.38,401.0
135.0,4.02,168.0
91.0,3.74,433.0
136.0,4.08,172.0
137.0,4.91,359.0
93.0,3.69,333.0
158.0,2.66,137.0
111.0,3.58,467.0
84.0,2.99,222.0
70.0,5.3,373.0
155.0,2.48,106.0
87.0,3.9,28.0
73.0,3.77,113.0
132.0,3.66,364.0
127.0,4.33,365.0
122.0,22.62,165.0
101.0,26.86,535.0
72.0,24.14,399.0
105.0,6.92,150.0
122.0,4.04,166.0
173.0,3.82,66.0
199.0,4.51,394.0
159.0,3.93,226.0
120.0,5.37,323.0
148.0,5.31,196.0
181.0,5.34,334.0
100.0,2.75,88.0
172.0,4.8,319.0
135.0,4.19,339.0
154.0,4.34,170.0
100.0,2.82,474.0
127.0,3.82,325.0
178.0,5.63,366.0
96.0,4.3,53.0
178.0,4.72,336.0
135.0,5.35,218.0
119.0,2.85,179.0
126.0,4.11,284.0
152.0,3.8,569.0
101.0,4.66,335.0
263.0,4.41,272.0
128.0,6.95,305.0
211.0,5.58,440.0
114.0,4.11,386.0
96.0,3.0,292.0
111.0,4.46,389.0
98.0,4.99,364.0
156.0,6.17,395.0
166.0,4.04,290.0
168.0,4.08,320.0
106.0,3.46,24.0
196.0,7.7,417.0
120.0,6.07,85.0
75.0,1.96,16.0
109.0,3.24,61.0
115.0,4.4,54.0
139.0,2.09,284.0
81.0,2.53,28.0
135.0,2.62,285.0
129.0,3.36,33.0
114.0,3.37,58.0
74.0,2.19,21.0
81.0,2.19,20.0
176.0,3.27,44.0
142.0,3.54,31.0
163.0,2.82,42.0
124.0,2.22,242.0
107.0,2.28,42.0
68.0,2.66,298.0
94.0,2.67,250.0
97.0,2.58,237.0
68.0,2.56,77.0
72.0,2.8,231.0
74.0,2.1,201.0
40.0,1.56,424.0
67.0,2.66,410.0
123.0,2.57,83.0
78.0,4.4,468.0
236.0,4.56,103.0
144.0,6.13,114.0
80.0,4.88,349.0
125.0,4.31,126.0
104.0,3.71,83.0
190.0,5.65,127.0
185.0,5.54,236.0
59.0,1.25,268.0
63.0,1.98,387.0
59.0,2.22,400.0
84.0,2.73,425.0
66.0,2.8,279.0
61.0,3.94,281.0
174.0,2.32,361.0
72.0,2.44,518.0
35.0,2.1,462.0
145.0,5.13,357.0
139.0,5.28,402.0
168.0,4.91,468.0
141.0,4.82,430.0
187.0,4.59,342.0
86.0,5.3,324.0
102.0,4.82,465.0
127.0,4.35,377.0
147.0,4.16,290.0
206.0,5.87,242.0
123.0,4.65,472.0
163.0,4.34,336.0
122.0,3.62,329.0
114.0,5.63,440.0
141.0,4.25,230.0
120.0,5.91,104.0
209.0,5.01,296.0
147.0,4.66,417.0
166.0,5.14,474.0
164.0,4.34,39.0
113.0,4.16,22.0
181.0,4.87,59.0
85.0,4.15,321.0
189.0,2.12,57.0
223.0,7.61,234.0
124.0,4.08,141.0
187.0,5.31,295.0
153.0,5.2,220.0
38.0,3.27,106.0
89.0,4.79,44.0
107.0,2.02,436.0
99.0,3.2,210.0
156.0,5.15,222.0
80.0,4.76,1066.0
77.0,4.01,393.0
78.0,3.59,547.0
66.0,3.09,518.0
109.0,6.22,103.0
136.0,2.43,348.0
167.0,2.85,457.0
210.0,3.9,111.0
238.0,6.12,347.0
122.0,4.17,156.0
124.0,4.19,62.0
212.0,11.42,587.0
108.0,1.92,420.0
74.0,1.56,426.0
129.0,2.48,423.0
134.0,2.98,425.0
95.0,5.38,119.0
107.0,4.04,106.0
60.0,4.87,116.0
80.0,2.22,354.0
38.0,3.67,46.0
99.0,4.68,420.0
118.0,3.35,167.0
105.0,2.76,469.0
115.0,3.32,396.0
117.0,3.7,416.0
125.0,3.64,414.0
151.0,3.77,80.0
112.0,3.51,356.0
140.0,4.22,419.0
134.0,3.46,416.0
107.0,4.65,307.0
113.0,6.23,402.0
186.0,5.32,135.0
118.0,4.45,380.0
88.0,4.75,325.0
189.0,6.33,289.0
166.0,5.55,456.0
123.0,5.75,203.0
64.0,4.92,72.0
154.0,4.19,249.0
157.0,5.17,509.0
129.0,4.01,428.0
191.0,4.73,501.0
182.0,6.69,429.0
111.0,3.5,28.0
132.0,3.69,436.0
103.0,3.86,71.0
174.0,4.15,345.0
63.0,3.02,414.0
67.0,2.65,312.0
72.0,2.33,458.0
117.0,3.03,458.0
102.0,4.8,56.0
74.0,2.51,242.0
58.0,2.09,235.0
59.0,2.84,144.0
69.0,2.58,91.0
146.0,4.73,395.0
194.0,5.33,344.0
71.0,1.81,441.0
82.0,1.9,326.0
87.0,1.68,814.0
47.0,2.4,450.0
163.0,5.23,158.0
112.0,3.12,74.0
225.0,4.6,292.0
93.0,4.35,68.0
161.0,2.77,530.0
147.0,3.77,297.0
143.0,2.18,169.0
91.0,3.75,302.0
90.0,4.52,46.0
103.0,3.17,140.0
132.0,4.08,83.0
190.0,5.78,219.0
120.0,3.03,83.0
107.0,2.92,612.0
77.0,2.52,66.0
138.0,3.28,80.0
209.0,6.97,465.0
163.0,4.5,290.0
166.0,5.74,46.0
191.0,5.85,400.0
177.0,5.5,238.0
182.0,5.82,378.0
175.0,4.44,76.0
96.0,3.68,81.0
95.0,4.34,482.0
108.0,3.39,428.0
79.0,2.84,156.0
62.0,3.98,117.0
32.0,1.68,108.0
136.0,3.68,188.0
166.0,4.72,52.0
76.0,2.68,114.0
93.0,4.06,175.0
87.0,2.55,601.0
80.0,3.12,58.0
126.0,3.22,611.0
32.0,3.49,222.0
79.0,1.72,155.0
84.0,2.74,135.0
79.0,2.1,396.0
108.0,3.35,197.0
106.0,2.72,432.0
107.0,2.26,370.0
142.0,3.95,281.0
103.0,2.76,273.0
75.0,1.82,194.0
37.0,2.59,34.0
108.0,3.93,258.0
102.0,3.47,43.0
95.0,2.22,78.0
71.0,2.34,467.0
66.0,2.59,212.0
87.0,2.47,76.0
116.0,7.42,530.0
182.0,2.56,194.0
195.0,5.28,633.0
109.0,3.46,579.0
101.0,4.59,477.0
157.0,4.71,642.0
191.0,7.49,472.0
110.0,4.85,655.0
162.0,7.79,394.0
102.0,3.41,620.0
129.0,4.4,516.0
146.0,5.29,719.0
130.0,4.85,595.0
105.0,4.87,529.0
207.0,7.07,263.0
143.0,5.58,632.0
117.0,4.97,213.0
147.0,4.22,100.0
148.0,4.85,61.0
143.0,5.2,108.0
94.0,4.08,95.0
147.0,7.16,501.0
130.0,8.77,592.0
200.0,8.91,591.0
102.0,6.09,496.0
131.0,4.35,516.0
143.0,5.06,484.0
253.0,7.76,437.0
159.0,6.04,412.0
181.0,8.82,462.0
151.0,6.51,345.0
182.0,6.18,482.0
128.0,7.05,531.0
107.0,6.32,100.0
146.0,7.34,139.0
150.0,4.46,300.0
124.0,5.42,665.0
161.0,6.33,624.0
195.0,6.24,606.0
117.0,8.03,644.0
149.0,6.38,387.0
115.0,4.89,41.0
116.0,8.79,101.0
168.0,5.15,460.0
59.0,3.12,75.0
206.0,4.86,663.0
138.0,7.3,678.0
103.0,4.77,697.0
173.0,6.65,375.0
99.0,6.15,545.0
87.0,8.7,102.0
175.0,7.91,415.0
274.0,6.34,271.0
185.0,7.43,335.0
172.0,6.26,353.0
220.0,7.56,386.0
128.0,7.17,123.0
202.0,5.95,195.0
206.0,6.73,496.0
194.0,6.71,222.0
108.0,6.89,549.0
268.0,6.64,458.0
63.0,5.34,69.0
126.0,5.4,447.0
259.0,7.66,310.0
205.0,7.84,319.0
209.0,10.58,454.0
162.0,4.5,562.0
182.0,5.89,256.0
170.0,7.03,312.0
219.0,7.87,323.0
72.0,3.82,347.0
133.0,6.06,509.0
81.0,12.36,672.0
113.0,8.83,683.0
112.0,8.55,434.0
171.0,6.43,501.0
197.0,5.58,100.0
192.0,6.61,219.0
124.0,6.23,344.0
146.0,5.56,745.0
85.0,8.59,235.0
87.0,8.2,386.0
166.0,6.56,580.0
264.0,7.52,352.0
126.0,5.71,670.0
151.0,4.91,377.0
158.0,6.03,523.0
202.0,5.23,217.0
193.0,6.32,442.0
197.0,8.4,33.0
154.0,7.08,175.0
221.0,6.25,369.0
158.0,5.17,382.0
191.0,6.21,324.0
151.0,15.84,185.0
153.0,5.11,94.0
169.0,6.49,30.0
165.0,5.02,39.0
249.0,11.25,13.0
145.0,7.43,52.0
160.0,7.69,468.0
169.0,9.09,465.0
160.0,5.28,438.0
154.0,7.14,349.0
195.0,8.87,608.0
180.0,5.57,512.0
173.0,5.61,582.0
154.0,4.11,540.0
151.0,6.15,602.0
105.0,4.76,31.0
154.0,2.95,55.0
157.0,4.33,66.0
155.0,3.98,127.0
150.0,5.54,130.0
175.0,4.86,164.0
150.0,5.15,103.0
170.0,4.67,79.0
158.0,3.91,94.0
178.0,4.84,170.0
152.0,6.25,97.0
485.0,19.23,23.0
151.0,8.19,51.0
126.0,4.6,98.0
154.0,5.0,94.0
156.0,4.35,86.0
195.0,6.09,62.0
140.0,5.23,39.0
150.0,4.3,27.0
131.0,6.72,51.0
429.0,15.14,19.0
149.0,7.76,139.0
156.0,3.1,127.0
162.0,4.83,105.0
142.0,5.76,27.0
151.0,4.41,94.0
85.0,3.01,2.0
140.0,3.56,18.0
530.0,20.32,23.0
137.0,6.21,63.0
639.0,24.49,25.0
135.0,6.75,94.0
147.0,3.15,393.0
160.0,7.28,490.0
137.0,5.84,503.0
127.0,7.72,158.0
131.0,6.62,42.0
170.0,5.89,140.0
281.0,14.57,17.0
155.0,5.5,69.0
98.0,6.19,53.0
145.0,4.9,40.0
164.0,6.17,49.0
115.0,6.77,38.0
152.0,5.11,96.0
149.0,4.28,185.0
141.0,5.9,24.0
103.0,2.68,17.0
161.0,7.33,97.0
90.0,1.1,38.0
152.0,4.27,58.0
170.0,8.83,70.0
157.0,4.93,495.0
157.0,6.28,485.0
160.0,4.32,255.0
149.0,4.96,110.0
132.0,6.26,587.0
176.0,5.9,467.0
171.0,4.54,438.0
168.0,7.54,495.0
145.0,2.84,138.0
142.0,4.64,21.0
141.0,6.47,320.0
123.0,4.29,437.0
163.0,5.87,580.0
170.0,6.62,464.0
161.0,5.51,287.0
170.0,3.5,361.0
147.0,5.21,550.0
152.0,1.7,56.0
130.0,7.34,49.0
1100.0,21.15,23.0
157.0,4.32,63.0
156.0,3.76,32.0
128.0,6.17,72.0
150.0,4.19,557.0
128.0,5.35,476.0
151.0,4.74,147.0
631.0,23.89,27.0
430.0,16.82,16.0
140.0,6.55,119.0
152.0,5.96,105.0
388.0,16.46,18.0
235.0,18.18,20.0
150.0,3.0,84.0
416.0,20.02,21.0
144.0,4.82,41.0
148.0,3.49,96.0
145.0,6.15,523.0
141.0,5.88,78.0
128.0,3.95,32.0
116.0,7.44,112.0
135.0,4.81,39.0
153.0,3.94,185.0
103.0,5.51,60.0
150.0,5.69,36.0
155.0,5.08,77.0
147.0,6.2,30.0
151.0,5.93,721.0
159.0,6.43,54.0
113.0,6.49,63.0
132.0,4.99,217.0
149.0,5.01,82.0
144.0,5.96,408.0
150.0,6.98,504.0
148.0,4.15,146.0
143.0,6.09,99.0
158.0,5.86,86.0
130.0,6.61,30.0
472.0,25.82,27.0
140.0,4.9,53.0
127.0,3.76,148.0
161.0,7.4,144.0
126.0,4.59,131.0
112.0,5.37,79.0
2099.0,28.32,29.0
157.0,4.2,80.0
144.0,4.89,66.0
144.0,5.11,415.0
152.0,4.68,453.0
553.0,30.35,28.0
162.0,6.17,140.0
137.0,5.08,105.0
169.0,2.07,58.0
150.0,5.06,126.0
129.0,5.38,219.0
106.0,4.75,74.0
179.0,5.83,236.0
163.0,5.82,170.0
155.0,5.22,186.0
152.0,7.04,7.0
156.0,4.89,58.0
162.0,2.48,15.0
697.0,16.66,19.0
119.0,5.24,38.0
1348.0,39.08,40.0
164.0,6.27,44.0
570.0,19.64,18.0
154.0,9.19,212.0
161.0,5.85,227.0
150.0,3.68,163.0
145.0,3.84,227.0
149.0,7.17,34.0
135.0,6.7,39.0
155.0,5.08,41.0
154.0,5.28,24.0
151.0,4.33,80.0
110.0,4.56,25.0
116.0,5.51,59.0
147.0,5.83,41.0
152.0,5.54,215.0
148.0,4.9,38.0
144.0,3.39,107.0
310.0,8.25,10.0
150.0,4.0,105.0
153.0,5.23,155.0
122.0,7.8,186.0
163.0,6.32,30.0
153.0,5.39,149.0
151.0,5.11,159.0
155.0,7.53,81.0
156.0,5.67,43.0
140.0,2.82,307.0
149.0,6.34,67.0
151.0,6.95,47.0
157.0,4.83,236.0
132.0,4.05,446.0
156.0,5.02,175.0
139.0,4.17,73.0
228.0,6.36,33.0
154.0,6.23,348.0
155.0,4.12,509.0
158.0,6.66,397.0
149.0,5.7,369.0
158.0,4.94,379.0
132.0,4.59,357.0
112.0,2.82,354.0
134.0,3.35,349.0
141.0,8.8,40.0
164.0,5.37,43.0
311.0,13.07,16.0
110.0,4.99,58.0
140.0,6.99,100.0
329.0,12.74,15.0
150.0,4.67,502.0
81.0,3.46,454.0
132.0,6.01,137.0
338.0,14.04,18.0
175.0,6.72,108.0
184.0,6.08,76.0
166.0,4.67,73.0
161.0,6.48,56.0
164.0,5.8,483.0
200.0,7.0,444.0
169.0,4.87,478.0
181.0,5.68,525.0
151.0,4.88,125.0
153.0,4.52,114.0
139.0,9.35,575.0
162.0,5.92,493.0
795.0,13.11,10.0
116.0,6.99,51.0
140.0,4.87,90.0
143.0,2.87,319.0
140.0,4.69,124.0
151.0,6.78,365.0
149.0,4.85,289.0
150.0,4.39,100.0
149.0,5.84,204.0
125.0,5.53,82.0
150.0,5.45,100.0
150.0,5.2,107.0
90.0,6.12,129.0
106.0,4.24,56.0
121.0,5.59,20.0
580.0,9.3,8.0
141.0,5.28,121.0
102.0,4.97,31.0
116.0,5.07,53.0
126.0,5.22992676,35.0
246.0,6.48,36.0
147.0,5.16,99.0
159.0,5.06,211.0
204.0,6.22,231.0
163.0,6.1,93.0
172.0,6.66,25.0
193.0,5.09,120.0
234.0,5.78,147.0
198.0,19.12,71.0
112.0,5.06,577.0
274.0,8.65,234.0
199.0,6.03,212.0
151.0,6.71,232.0
347.0,9.02,136.0
212.0,6.46,180.0
222.0,4.67,82.0
283.0,8.08,68.0
234.0,6.99,29.0
235.0,3.23,55.0
206.0,4.15,121.0
167.0,9.71,500.0
137.0,5.73,181.0
132.0,3.04,6.0
189.0,6.02,34.0
232.0,5.21,50.0
482.0,4.9,46.0
145.0,3.83,16.0
229.0,4.56,30.0
197.0,7.25,259.0
151.0,3.77,10.0
160.0,5.29,160.0
160.0,5.21,101.0
178.0,5.21,101.0
197.0,5.83,229.0
110.0,25.75,30.0
150.0,3.92,118.0
1274.0,24.78,27.0
173.0,5.48,47.0
152.0,3.35,151.0
950.0,17.17,27.0
129.0,5.85,136.0
107.0,6.14,136.0
122.0,6.55,103.0
112.0,4.28,133.0
150.0,5.08,136.0
123.0,5.29,184.0
101.0,4.63,162.0
150.0,6.47,556.0
150.0,5.86,121.0
146.0,3.79,197.0
99.0,3.68,43.0
151.0,4.97,414.0
157.0,4.8,73.0
147.0,4.2,65.0
143.0,4.91,149.0
149.0,4.92,86.0
156.0,4.84,34.0
143.0,5.18,76.0
145.0,5.31,97.0
197.0,4.87,62.0
160.0,7.36,66.0
152.0,7.28,209.0
145.0,3.41,194.0
154.0,5.81,86.0
150.0,4.88,29.0
164.0,6.15,243.0
169.0,5.02,528.0
162.0,4.85,356.0
132.0,6.45,525.0
137.0,10.4,437.0
104.0,21.62,329.0
145.0,10.01,42.0
153.0,3.3,42.0
196.0,4.44,43.0
153.0,3.4,123.0
155.0,5.11,85.0
154.0,5.02,77.0
159.0,4.25,131.0
112.0,4.66,50.0
154.0,11.75,64.0
162.0,6.18,190.0
162.0,64.95,56.0
157.0,4.22,123.0
95.0,3.98,80.0
124.0,6.42,142.0
133.0,3.15,49.0
100.0,3.82,123.0
156.0,4.35,466.0
147.0,6.2,570.0
170.0,6.4,226.0
150.0,6.24,498.0
142.0,4.7,83.0
754.0,33.22,38.0
142.0,7.42,159.0
177.0,5.88,75.0
174.0,4.86,44.0
70.0,4.93,69.0
163.0,5.37,148.0
177.0,16.7,148.0
152.0,6.11,92.0
122.0,5.46,35.0
137.0,4.43,120.0
138.0,5.11,36.0
199.0,8.0,9.0
109.0,4.15,137.0
141.0,9.78,204.0
141.0,8.76,66.0
147.0,4.95,58.0
560.0,16.11,16.0
138.0,5.65,42.0
139.0,5.34,52.0
130.0,5.6,121.0
150.0,5.18,149.0
150.0,5.0,46.0
152.0,6.07,67.0
159.0,5.12,79.0
150.0,3.27,54.0
118.0,6.12,169.0
910.0,27.72,30.0
207.0,5.99,75.0
150.0,4.02,73.0
149.0,5.22,540.0
146.0,8.69,111.0
155.0,5.28,355.0
161.0,4.52,429.0
150.0,5.34,413.0
191.0,6.03,412.0
160.0,5.5,324.0
150.0,4.03,101.0
179.0,4.42,39.0
603.0,17.77,19.0
150.0,5.62,342.0
156.0,4.47,114.0
158.0,4.65,181.0
149.0,4.53,129.0
145.0,7.0,172.0
156.0,5.35,476.0
140.0,4.3,372.0
159.0,4.61,151.0
153.0,4.12,116.0
150.0,4.06,274.0
171.0,4.1,93.0
153.0,8.92,30.0
146.0,4.59,74.0
163.0,4.42,64.0
163.0,5.9,47.0
152.0,6.87,44.0
150.0,3.09,48.0
171.0,5.68,29.0
153.0,5.72,442.0
146.0,5.09,495.0
178.0,3.19,384.0
178.0,5.35,239.0
174.0,6.09,85.0
263.0,7.82,32.0
171.0,4.17,113.0
167.0,7.71,34.0
157.0,4.92,153.0
149.0,4.6,47.0
140.0,4.9,70.0
150.0,4.97,59.0
145.0,6.05,189.0
150.0,7.25,198.0
150.0,6.78,61.0
150.0,3.96,58.0
152.0,7.08,113.0
150.0,4.14,166.0
150.0,3.07,128.0
153.0,4.79,23.0
157.0,6.57,87.0
163.0,6.99,58.0
157.0,8.71,83.0
158.0,7.16,633.0
153.0,8.75,604.0
152.0,7.28,278.0
157.0,6.02,577.0
148.0,5.55,146.0
152.0,5.77,584.0
166.0,4.29,389.0
142.0,7.19,113.0
151.0,11.15,100.0
154.0,6.15,115.0
158.0,10.32,62.0
155.0,7.15,130.0
165.0,4.99,516.0
155.0,6.81,197.0
157.0,5.59,50.0
159.0,6.61,600.0
151.0,12.06,525.0
150.0,15.09,524.0
153.0,17.56,327.0
150.0,27.14,629.0
151.0,19.02,642.0
152.0,20.44,637.0
150.0,22.93,596.0
153.0,25.04,578.0
150.0,19.96,467.0
150.0,19.82,453.0
150.0,16.92,585.0
127.0,5.94,185.0
106.0,7.17,63.0
101.0,3.38,397.0
134.0,4.28,86.0
142.0,5.11,502.0
138.0,4.46,509.0
156.0,6.12,435.0
148.0,6.49,471.0
162.0,6.44,333.0
135.0,4.42,193.0
135.0,3.47,90.0
109.0,6.66,116.0
156.0,7.53,386.0
144.0,7.16,56.0
179.0,5.54,474.0
143.0,4.4,342.0
153.0,6.79,412.0
192.0,5.12,464.0
239.0,6.82,330.0
168.0,5.85,2118.0
111.0,2.63,840.0
224.0,7.9,289.0
240.0,6.84,519.0
108.0,4.28,103.0
81.0,3.84,37.0
115.0,3.26,108.0
145.0,4.01,468.0
250.0,6.93,103.0
180.0,5.18,280.0
148.0,6.95,217.0
142.0,4.56,289.0
117.0,4.46,261.0
141.0,4.42,435.0
130.0,5.01,230.0
123.0,4.12,182.0
95.0,3.35,222.0
220.0,6.06,259.0
58.0,5.85,121.0
64.0,9.87,170.0
63.0,9.64,164.0
184.0,5.53,605.0
195.0,6.2,556.0
178.0,6.1,32.0
163.0,4.74,48.0
134.0,4.7,72.0
191.0,6.43,421.0
79.0,1.66,385.0
172.0,4.32,401.0
101.0,3.09,410.0
115.0,4.24,297.0
161.0,4.38,0.0
104.0,3.61,0.0
104.0,4.37,425.0
170.0,5.11,137.0
165.0,5.54,302.0
115.0,6.14,581.0
145.0,5.02,432.0
116.0,5.41,29.0
194.0,9.03,98.0
147.0,5.59,532.0
142.0,4.79,31.0
121.0,67.11,589.0
100.0,2.44,502.0
168.0,5.23,366.0
142.0,4.48,337.0
240.0,5.86,35.0
200.0,5.98,164.0
205.0,6.57,408.0
311.0,7.74,106.0
154.0,6.98,550.0
145.0,7.12,466.0
130.0,7.35,491.0
185.0,6.1,362.0
124.0,4.71,258.0
103.0,3.56,32.0
34.0,6.96,81.0
43.0,4.09,22.0
181.0,4.69,256.0
139.0,4.69,459.0
117.0,4.24,28.0
189.0,5.18,127.0
134.0,3.92,104.0
152.0,3.59,237.0
149.0,4.08,365.0
172.0,6.64,571.0
142.0,6.91,426.0
167.0,4.53,28.0
160.0,6.35,81.0
144.0,3.86,85.0
156.0,7.83,640.0
200.0,6.4,415.0
169.0,5.18,439.0
212.0,4.06,72.0
155.0,5.3,44.0
181.0,6.36,393.0
157.0,4.22,292.0
175.0,7.19,178.0
120.0,6.57,559.0
173.0,6.58,499.0
126.0,4.61,224.0
139.0,5.41,187.0
160.0,5.28,456.0
133.0,4.69,141.0
116.0,7.1,348.0
159.0,4.79,271.0
138.0,3.82,258.0
191.0,5.31,447.0
139.0,4.5,335.0
78.0,3.7,270.0
126.0,5.02,221.0
175.0,4.93,582.0
181.0,5.7,339.0
126.0,5.46,215.0
137.0,4.19,186.0
156.0,7.17,443.0
143.0,5.74,531.0
155.0,7.13,242.0
211.0,8.66,387.0
165.0,5.59,402.0
131.0,5.01,247.0
96.0,3.16,372.0
172.0,5.61,201.0
117.0,4.48,164.0
153.0,4.62,396.0
191.0,6.4,475.0
171.0,6.16,189.0
121.0,3.55,245.0
126.0,5.46,256.0
144.0,6.12,457.0
193.0,5.09,425.0
125.0,3.82,134.0
141.0,5.78,436.0
240.0,6.39,370.0
139.0,3.99,124.0
86.0,3.71,332.0
105.0,4.37,278.0
108.0,3.84,544.0
134.0,3.45,204.0
86.0,4.05,215.0
133.0,3.65,297.0
129.0,5.43,335.0
97.0,4.74,269.0
113.0,4.46,53.0
138.0,6.98,534.0
280.0,9.56,432.0
118.0,6.0,366.0
133.0,5.56,225.0
222.0,4.37,377.0
135.0,5.19,260.0
91.0,2.8,0.0
105.0,3.11,510.0
253.0,4.31,109.0
79.0,3.98,6.0
45.0,1.93,6.0
71.0,5.36,10.0
105.0,4.95,129.0
178.0,6.15,54.0
110.0,3.75,303.0
92.0,5.79,378.0
262.0,4.92,139.0
123.0,5.32,423.0
182.0,5.93,506.0
155.0,5.03,104.0
177.0,6.75,209.0
121.0,4.06,193.0
198.0,7.12,784.0
161.0,6.73,406.0
236.0,5.63,52.0
219.0,5.38,104.0
155.0,6.17,151.0
136.0,5.37,640.0
101.0,7.35,248.0
213.0,6.22,463.0
131.0,4.29,485.0
187.0,5.1,25.0
194.0,5.87,219.0
138.0,7.23,567.0
172.0,5.56,262.0
197.0,4.79,255.0
156.0,5.72,176.0
236.0,4.95,442.0
192.0,5.42,424.0
125.0,4.49,549.0
143.0,5.14,331.0
126.0,4.1,501.0
193.0,8.35,607.0
152.0,6.57,523.0
160.0,4.9,586.0
177.0,5.81,124.0
82.0,7.35,63.0
165.0,3.45,131.0
189.0,4.72,59.0
130.0,4.24,410.0
53.0,1.95,2.0
262.0,7.25,571.0
204.0,8.22,316.0
340.0,6.98,128.0
201.0,3.8,44.0
195.0,9.24,116.0
214.0,5.28,154.0
210.0,7.51,227.0
122.0,8.8,736.0
205.0,10.57,216.0
102.0,2.56,72.0
157.0,6.2,553.0
195.0,4.57,212.0
127.0,5.23,553.0
161.0,5.92,93.0
194.0,4.9,351.0
172.0,6.16,521.0
210.0,6.29,118.0
190.0,5.51,213.0
210.0,7.09,260.0
324.0,6.97,313.0
180.0,6.34,79.0
145.0,4.62,264.0
201.0,5.78,651.0
139.0,3.73,545.0
173.0,5.6,704.0
175.0,5.72,571.0
145.0,6.32,529.0
159.0,6.94,471.0
169.0,4.84,551.0
158.0,5.51,427.0
175.0,5.08,566.0
166.0,5.42,683.0
151.0,5.91,26.0
191.0,5.63,30.0
157.0,5.28,82.0
152.0,4.49,244.0
182.0,5.7,171.0
156.0,6.26,496.0
164.0,3.74,25.0
106.0,6.34,75.0
155.0,5.77,94.0
123.0,6.02,502.0
140.0,5.26,315.0
138.0,5.3,414.0
129.0,5.17,518.0
217.0,5.34,412.0
93.0,3.07,644.0
80.0,3.58,683.0
88.0,2.89,450.0
97.0,4.17,485.0
136.0,4.96,486.0
136.0,11.21,384.0
100.0,10.9,517.0
142.0,17.44,635.0
169.0,6.05,433.0
190.0,4.13,448.0
114.0,4.0,84.0
127.0,4.62,388.0
51.0,1.83,3.0
174.0,5.58,500.0
192.0,7.51,378.0
181.0,6.57,737.0
122.0,5.78,465.0
188.0,4.91,90.0
137.0,4.72,94.0
138.0,4.47,63.0
134.0,6.74,0.0
228.0,5.98,0.0
132.0,5.87,0.0
106.0,6.13,259.0
98.0,3.41,349.0
103.0,2.82,0.0
97.0,3.05,0.0
87.0,4.27,0.0
70.0,2.1,32.0
52.0,4.98,143.0
142.0,3.61,97.0
126.0,4.47,93.0
88.0,5.46,121.0
120.0,4.17,68.0
130.0,3.94,0.0
95.0,4.4,0.0
108.0,3.19,0.0
131.0,4.09,0.0
96.0,4.35,0.0
119.0,3.33,0.0
219.0,3.9,0.0
122.0,3.53,0.0
141.0,5.94,359.0
153.0,5.43,349.0
146.0,4.39,344.0
139.0,6.07,130.0
168.0,4.74,234.0
140.0,4.45,177.0
123.0,4.3,0.0
180.0,5.04,0.0
271.0,4.03,0.0
153.0,4.55,0.0
177.0,2.7,0.0
121.0,4.65,0.0
135.0,2.8,0.0
92.0,5.57,0.0
152.0,3.68,0.0
97.0,5.13,0.0
154.0,6.07,0.0
169.0,5.28,0.0
121.0,6.35,0.0
103.0,6.53,0.0
125.0,4.61,660.0
116.0,4.94,587.0
202.0,5.95,522.0
133.0,4.73,546.0
241.0,5.91,165.0
85.0,3.7,432.0
156.0,4.59,496.0
148.0,5.45,599.0
93.0,4.85,0.0
102.0,1.91,0.0
97.0,3.41,0.0
155.0,4.53,0.0
158.0,4.9,0.0
62.0,2.6,0.0
99.0,4.66,0.0
120.0,3.74,152.0
130.0,4.02,119.0
131.0,3.74,133.0
149.0,4.59,390.0
156.0,2.85,137.0
28.0,3.35,263.0
181.0,3.17,236.0
167.0,4.47,0.0
123.0,5.37,0.0
173.0,7.3,0.0
206.0,3.59,0.0
79.0,2.6,0.0
215.0,5.98,0.0
117.0,6.65,0.0
137.0,6.15,0.0
130.0,4.87,0.0
124.0,5.54,0.0
134.0,3.54,0.0
93.0,3.33,0.0
150.0,5.94,0.0
135.0,5.22,360.0
108.0,4.09,0.0
141.0,3.47,0.0
99.0,3.16,0.0
636.0,3.18,0.0
100.0,3.59,0.0
156.0,4.59,0.0
143.0,4.76,0.0
90.0,4.12,0.0
97.0,4.09,0.0
130.0,4.49,312.0
103.0,4.6,0.0
89.0,3.02,0.0
122.0,3.58,0.0
92.0,3.34,595.0
122.0,4.76,345.0
70.0,3.16,24.0
105.0,4.74,44.0
127.0,5.57,39.0
159.0,4.67,58.0
76.0,4.66,0.0
63.0,4.45,0.0
82.0,4.86,0.0
70.0,2.33,0.0
63.0,3.54,0.0
57.0,3.88,0.0
153.0,5.85,0.0
208.0,6.44,0.0
83.0,3.76,114.0
55.0,4.01,77.0
113.0,5.03,83.0
89.0,4.19,0.0
55.0,8.33,81.0
76.0,3.51,201.0
135.0,3.68,0.0
343.0,7.77,0.0
99.0,3.19,0.0
98.0,3.21,0.0
125.0,3.83,0.0
358.0,5.56,254.0
249.0,1.9,0.0
84.0,2.41,0.0
139.0,4.39,0.0
102.0,4.9,0.0
151.0,6.5,0.0
134.0,4.65,0.0
131.0,4.25,0.0
197.0,5.61,210.0
67.0,2.89,184.0
189.0,5.4,140.0
128.0,1.43,161.0
141.0,4.87,101.0
119.0,4.77,0.0
114.0,4.9,0.0
119.0,5.16,0.0
214.0,4.96,0.0
110.0,4.43,220.0
309.0,4.38,0.0
307.0,3.76,0.0
75.0,4.06,0.0
127.0,2.84,165.0
123.0,4.69,0.0
117.0,6.23,0.0
128.0,5.42,0.0
90.0,3.6,355.0
108.0,2.17,597.0
72.0,2.26,180.0
116.0,3.53,91.0
130.0,3.8,220.0
42.0,3.63,0.0
56.0,3.29,0.0
64.0,3.23,205.0
92.0,2.41,385.0
149.0,5.22,0.0
116.0,6.76,0.0
187.0,3.61,0.0
122.0,5.62,0.0
234.0,6.68,0.0
137.0,5.2,0.0
207.0,6.48,0.0
95.0,3.59,0.0
85.0,3.53,0.0
152.0,2.8,0.0
101.0,2.87,0.0
121.0,4.54,0.0
90.0,3.65,0.0
79.0,2.79,0.0
97.0,2.81,441.0
112.0,3.73,400.0
100.0,2.31,324.0
84.0,4.18,0.0
136.0,3.17,0.0
159.0,4.76,0.0
75.0,3.48,0.0
105.0,2.1,0.0
103.0,2.44,0.0
69.0,3.91,0.0
100.0,3.75,0.0
15.0,5.34,225.0
140.0,3.82,27.0
53.0,3.03,154.0
76.0,4.24,211.0
91.0,2.56,180.0
126.0,3.2,78.0
158.0,4.71,457.0
192.0,4.19,527.0
138.0,2.5,0.0
201.0,5.19,0.0
241.0,5.26,0.0
174.0,4.6,0.0
197.0,5.33,0.0
140.0,5.76,0.0
219.0,7.08,0.0
183.0,5.93,0.0
129.0,3.26,60.0
132.0,3.62,145.0
132.0,5.75,286.0
97.0,4.18,176.0
76.0,4.68,0.0
126.0,4.22,0.0
90.0,4.86,0.0
165.0,5.01,0.0
67.0,4.26,0.0
64.0,3.99,0.0
100.0,4.58,0.0
190.0,5.13,0.0
90.0,4.8,0.0
72.0,3.51,0.0
86.0,3.9,0.0
102.0,3.23,0.0
68.0,3.93,0.0
102.0,5.64,0.0
94.0,2.84,449.0
99.0,3.67,410.0
89.0,2.46,57.0
85.0,3.2,0.0
79.0,4.07,0.0
37.0,3.08,48.0
93.0,3.22,100.0
128.0,5.35,215.0
83.0,2.96,26.0
111.0,3.28,239.0
99.0,2.82,249.0
89.0,2.78997559,6029.0
54.0,3.07,193.0
86.0,2.92,219.0
59.0,4.0,620.0
100.0,3.22,0.0
126.0,4.29,0.0
142.0,4.67,0.0
109.0,3.43,0.0
88.0,3.21,25.0
73.0,2.79,0.0
104.0,3.85,0.0
78.0,3.73,0.0
39.0,3.17,237.0
67.0,2.97,178.0
128.0,3.81,0.0
150.0,4.88,0.0
132.0,3.92,0.0
193.0,3.19,0.0
96.0,4.09,0.0
116.0,4.16,0.0
116.0,4.25,0.0
120.0,3.63,0.0
83.0,3.65,0.0
124.0,3.54,0.0
124.0,1.74,0.0
64.0,2.89,0.0
54.0,2.86,661.0
78.0,2.57,24.0
38.0,3.17,80.0
110.0,3.69,54.0
71.0,3.07,618.0
94.0,5.05,335.0
114.0,2.68992676,528.0
87.0,2.79,253.0
72.0,3.83,335.0
80.0,1.4,182.0
99.0,2.59,71.0
153.0,3.85,105.0
66.0,3.48,0.0
90.0,3.93,0.0
165.0,4.97,0.0
117.0,3.79,0.0
78.0,3.88,0.0
100.0,3.84,0.0
90.0,4.46,0.0
95.0,4.25,0.0
109.0,4.98,0.0
123.0,3.75,0.0
81.0,3.64,0.0
107.0,5.14,0.0
92.0,4.32,0.0
73.0,3.78,0.0
90.0,4.0,585.0
73.0,3.3,330.0
73.0,2.87,276.0
85.0,3.39,238.0
81.0,2.28,293.0
143.0,4.76,51.0
216.0,5.7,60.0
40.0,5.72,66.0
111.0,4.79,0.0
113.0,3.83,0.0
107.0,3.71,0.0
91.0,4.05,0.0
78.0,2.79,0.0
136.0,4.21,0.0
186.0,3.24,0.0
133.0,3.83,455.0
190.0,7.73,0.0
90.0,3.67,0.0
726.0,3.52,0.0
140.0,5.83,0.0
66.0,3.88,0.0
31.0,1.38,80.0
153.0,4.77,59.0
148.0,4.49,91.0
662.0,3.22,28.0
152.0,4.83,0.0
161.0,5.39,0.0
131.0,3.94,0.0
117.0,5.01,0.0
130.0,5.11,0.0
120.0,4.78,0.0
119.0,5.11,0.0
87.0,4.96,0.0
100.0,5.74,0.0
89.0,3.22,508.0
89.0,2.75,249.0
89.0,2.8,63.0
85.0,2.48,616.0
181.0,3.09,0.0
149.0,4.61,0.0
177.0,5.66,0.0
163.0,4.63,0.0
124.0,4.28,0.0
137.0,4.32,0.0
136.0,4.98,0.0
133.0,4.77,0.0
142.0,6.37,0.0
124.0,6.45,0.0
135.0,5.06,0.0
134.0,5.12,0.0
140.0,4.16,0.0
112.0,4.44,0.0
136.0,5.53,0.0
156.0,5.09,0.0
141.0,3.9,0.0
161.0,5.32,0.0
152.0,5.94,0.0
96.0,3.51,0.0
76.0,4.61,0.0
73.0,2.82,0.0
698.0,2.59,0.0
166.0,6.3,0.0
190.0,5.03,0.0
116.0,3.7,0.0
162.0,4.16,0.0
174.0,5.55,0.0
321.0,5.32,0.0
393.0,5.65,0.0
187.0,5.71,0.0
124.0,5.05,0.0
101.0,3.03,0.0
82.0,2.74,0.0
92.0,1.84,0.0
84.0,3.12,0.0
697.0,2.13,0.0
54.0,3.16,0.0
67.0,1.88,0.0
122.0,3.54,0.0
111.0,4.5,0.0
92.0,5.21,0.0
80.0,3.75,0.0
100.0,3.09,0.0
124.0,5.91,0.0
180.0,2.97,0.0
83.0,5.56,0.0
94.0,3.81,0.0
84.0,4.75,0.0
131.0,4.87,295.0
97.0,2.2,54.0
55.0,1.23,11.0
257.0,7.11,167.0
95.0,5.02,474.0
116.0,3.29,47.0
65.0,2.82,19.0
138.0,5.27,76.0
134.0,4.87,328.0
63.0,1.75,18.0
134.0,4.87,328.0
84.0,2.36,65.0
128.0,5.44,282.0
97.0,5.51,521.0
90.0,2.55,596.0
187.0,4.36,56.0
94.0,4.63,458.0
120.0,3.52,13.0
88.0,2.8,275.0
87.0,2.97,466.0
89.0,2.89,158.0
88.0,2.91,579.0
63.0,2.48,457.0
136.0,3.12,39.0
163.0,6.7,130.0
68.0,3.14,105.0
89.0,2.79,494.0
204.0,3.25,110.0
114.0,3.66,289.0
153.0,5.38,73.0
144.0,4.79,170.0
99.0,3.61,99.0
96.0,2.67,150.0
91.0,3.29,432.0
99.0,3.64,493.0
160.0,3.49,105.0
113.0,4.76,564.0
81.0,2.72,214.0
126.0,4.99,461.0
76.0,2.87,123.0
19.0,0.75,10.0
145.0,4.31,50.0
236.0,7.38,193.0
120.0,4.06,424.0
132.0,3.36,577.0
72.0,3.25,38.0
11.0,0.56,8.0
127.0,4.08,457.0
138.0,2.55,62.0
102.0,2.94,178.0
90.0,2.87,40.0
87.0,2.71,786.0
201.0,3.32,25.0
121.0,4.55,362.0
91.0,3.95,112.0
62.0,1.93,6.0
142.0,6.52,413.0
124.0,3.49,380.0
176.0,3.94,89.0
164.0,4.88,563.0
91.0,2.97,74.0
114.0,4.44,126.0
115.0,4.07,499.0
58.0,1.78,13.0
156.0,3.23,285.0
67.0,3.92,58.0
70.0,4.26,160.0
158.0,5.58,496.0
171.0,3.08,212.0
171.0,3.52,23.0
134.0,3.77,19.0
73.0,4.65,525.0
102.0,6.03,60.0
168.0,5.46,432.0
114.0,5.68,539.0
160.0,4.23,474.0
71.0,3.68,542.0
21.0,3.76,356.0
120.0,3.34,43.0
153.0,5.2,498.0
89.0,2.63,23.0
103.0,2.97,595.0
51.0,1.37,12.0
148.0,7.18,93.0
79.0,3.0,309.0
84.0,5.03,557.0
113.0,3.51,187.0
142.0,4.04,338.0
172.0,4.76,82.0
113.0,3.7,87.0
68.0,2.48,454.0
146.0,4.76,515.0
114.0,4.22,806.0
108.0,3.98,334.0
90.0,4.07,596.0
152.0,5.87,72.0
214.0,6.2,364.0
189.0,7.16,108.0
136.0,3.79,494.0
58.0,4.45,365.0
249.0,8.3,267.0
84.0,2.98,402.0
194.0,5.06,230.0
238.0,4.19,111.0
170.0,5.48,339.0
213.0,6.43,62.0
186.0,6.98,342.0
217.0,6.21,21.0
175.0,5.8,187.0
187.0,6.93,33.0
135.0,7.52,621.0
223.0,6.84,20.0
195.0,7.89,563.0
193.0,7.99,136.0
148.0,2.8,96.0
24.0,0.89,4.0
189.0,2.5,38.0
248.0,3.6,70.0
119.0,2.72,189.0
86.0,1.9,157.0
75.0,4.25,417.0
80.0,1.06,18.0
63.0,1.83,338.0
44.0,1.42,18.0
66.0,2.07,47.0
77.0,1.51,137.0
245.0,8.57,121.0
117.0,3.9,490.0
106.0,4.54,305.0
44.0,2.09,11.0
189.0,3.25,67.0
169.0,5.68,303.0
75.0,2.81,101.0
49.0,2.7,553.0
28.0,0.79,12.0
131.0,4.62,482.0
168.0,5.52,132.0
118.0,5.91,418.0
87.0,4.2,389.0
77.0,4.24,601.0
24.0,1.75,11.0
204.0,6.4,306.0
127.0,4.54,355.0
124.0,4.44,427.0
57.0,3.1,496.0
95.0,2.62,96.0
97.0,3.99,587.0
26.0,1.57,5.0
113.0,2.15,42.0
55.0,1.88,598.0
158.0,4.8,103.0
66.0,2.09,99.0
48.0,1.93,72.0
36.0,1.85,32.0
95.0,4.0,432.0
68.0,1.56,7.0
82.0,3.09,541.0
72.0,2.35,470.0
89.0,2.47,58.0
85.0,3.32,0.0
162.0,4.39,261.0
70.0,1.99,28.0
150.0,4.04,256.0
76.0,1.69,27.0
156.0,2.97,363.0
93.0,3.98,435.0
96.0,3.42,23.0
36.0,0.59,3.0
125.0,4.22,421.0
93.0,4.06,352.0
84.0,3.63,669.0
86.0,4.03,634.0
113.0,2.15,42.0
92.0,2.46,551.0
69.0,2.23,367.0
200.0,9.75,9.0
150.0,7.35,354.0
266.0,8.63,470.0
165.0,6.74,9.0
102.0,3.93,216.0
159.0,7.17,73.0
227.0,6.57,309.0
76.0,8.87,189.0
158.0,7.08,51.0
158.0,7.08,51.0
307.0,8.49,51.0
235.0,9.01,75.0
229.0,7.87,22.0
109.0,7.57,233.0
231.0,6.59,93.0
89.0,3.56,93.0
734.0,5.46,39.0
177.0,3.75,512.0
62.0,6.88,520.0
167.0,3.26,69.0
68.0,2.67,15.0
90.0,5.2,723.0
55.0,2.41,11.0
139.0,4.06,57.0
162.0,3.86,36.0
63.0,4.98,47.0
224.0,4.24,44.0
126.0,2.59,28.0
48.0,1.78,12.0
51.0,1.73,8.0
101.0,6.92,50.0
90.0,4.99,105.0
143.0,4.21,113.0
212.0,4.79,64.0
110.0,2.26,24.0
78.0,3.03,24.0
154.0,5.93,477.0
97.0,4.12,21.0
42.0,1.87,4.0
247.0,5.9,397.0
234.0,7.04,24.0
190.0,7.32,37.0
229.0,7.63,121.0
63.0,1.08,6.0
185.0,7.67,198.0
47.0,1.34,1.0
166.0,5.25,40.0
212.0,6.65,230.0
185.0,6.59,101.0
283.0,7.16,410.0
134.0,5.35,45.0
233.0,6.2,228.0
220.0,6.63,405.0
159.0,4.58,553.0
264.0,1.95,16.0
225.0,5.58,572.0
295.0,8.33,322.0
104.0,3.4,81.0
46.0,2.07,2.0
222.0,7.26,73.0
137.0,7.23,109.0
222.0,6.99,445.0
274.0,7.97,102.0
103.0,2.05,122.0
79.0,4.33,126.0
156.0,4.64,544.0
81.0,2.51,526.0
77.0,4.03,524.0
88.0,2.99,213.0
125.0,2.7,54.0
66.0,2.0,53.0
202.0,4.99,145.0
71.0,2.08,15.0
21.0,2.34,43.0
93.0,2.6,23.0
35.0,3.51,73.0
60.0,2.7,521.0
85.0,2.87,93.0
111.0,3.96,535.0
129.0,3.88,48.0
170.0,5.87,48.0
107.0,5.2,506.0
44.0,3.04,10.0
92.0,4.48,138.0
137.0,4.85,313.0
105.0,4.92,457.0
51.0,1.91,13.0
324.0,8.89,305.0
158.0,6.63,27.0
259.0,6.95,198.0
234.0,6.37,292.0
155.0,3.02,13.0
222.0,2.32,8.0
61.0,2.22,9.0
143.0,4.78,490.0
182.0,8.22,391.0
393.0,9.24,146.0
134.0,10.03,219.0
80.0,6.71,314.0
88.0,8.48,216.0
207.0,6.2,196.0
165.0,7.04,98.0
114.0,4.87,62.0
221.0,6.12,107.0
227.0,7.25,84.0
68.0,4.11,14.0
217.0,6.96,147.0
14.0,3.22,14.0
13.0,0.52,4.0
184.0,3.61,525.0
91.0,3.23,35.0
162.0,7.72,385.0
64.0,2.17,12.0
124.0,7.15,235.0
115.0,4.18,116.0
104.0,4.51,32.0
144.0,6.79,121.0
305.0,6.9,132.0
137.0,5.32,213.0
246.0,11.99,99.0
219.0,5.6,497.0
95.0,3.04,600.0
98.0,3.84,1027.0
113.0,5.05,498.0
126.0,9.74,600.0
119.0,5.72,23.0
126.0,4.74,479.0
181.0,3.99,281.0
147.0,6.17,194.0
64.0,1.55,4.0
92.0,4.28,143.0
106.0,4.35,174.0
99.0,4.16,41.0
236.0,4.7,107.0
113.0,3.16,407.0
164.0,2.31,61.0
52.0,5.13,382.0
110.0,3.76,138.0
64.0,4.56,358.0
106.0,0.69,12.0
84.0,3.7,430.0
126.0,3.32,89.0
179.0,4.59,80.0
138.0,3.87,142.0
129.0,5.37,603.0
93.0,67.22,229.0
157.0,4.5,534.0
213.0,6.26,164.0
145.0,4.21,508.0
124.0,5.44,418.0
195.0,1.03,15.0
98.0,4.49,113.0
142.0,5.34,403.0
127.0,4.98,574.0
93.0,4.3,30.0
93.0,6.47,650.0
96.0,3.42,471.0
132.0,2.74,429.0
126.0,4.62,77.0
40.0,1.29,0.0
47.0,4.58,210.0
153.0,5.52,183.0
186.0,6.36,455.0
178.0,5.89,480.0
121.0,5.22,197.0
124.0,3.97,210.0
49.0,2.59,26.0
192.0,5.72,516.0
120.0,5.02,582.0
102.0,5.43,419.0
222.0,3.38,20.0
102.0,5.73,105.0
90.0,6.06,553.0
97.0,3.9,330.0
144.0,4.6,66.0
99.0,3.8,40.0
21.0,1.35,10.0
98.0,3.94,479.0
71.0,3.03,414.0
103.0,3.86,41.0
101.0,3.99,497.0
120.0,4.46,453.0
130.0,4.01,87.0
166.0,6.13,535.0
105.0,4.61,517.0
139.0,4.87,135.0
75.0,2.82,29.0
105.0,2.35,13.0
43.0,5.74,44.0
73.0,10.15,91.0
221.0,4.66,191.0
143.0,3.58,518.0
15.0,3.63,46.0
95.0,4.49,20.0
94.0,5.16,119.0
111.0,5.93,237.0
99.0,2.34,249.0
160.0,5.63,134.0
105.0,1.55,13.0
189.0,3.31,102.0
161.0,3.39,217.0
97.0,4.45,136.0
130.0,4.94,532.0
128.0,2.76,24.0
136.0,5.38,224.0
185.0,5.01,174.0
121.0,4.51,117.0
99.0,2.32,541.0
108.0,4.31,498.0
145.0,4.91,213.0
114.0,3.86,68.0
131.0,4.03,327.0
165.0,5.9,360.0
137.0,5.12,543.0
110.0,6.06,694.0
121.0,3.57,59.0
124.0,4.3,476.0
139.0,4.19,544.0
121.0,4.48,241.0
74.0,5.52,109.0
147.0,5.82,519.0
75.0,4.99,400.0
139.0,5.45,560.0
204.0,7.04,374.0
107.0,6.59,187.0
178.0,6.0,578.0
135.0,7.26,509.0
181.0,5.53,598.0
156.0,6.22,585.0
135.0,6.94,686.0
141.0,4.96,530.0
175.0,5.79,314.0
133.0,4.24,499.0
101.0,7.35,719.0
140.0,4.57,463.0
173.0,5.49,506.0
120.0,5.47,676.0
161.0,4.64,535.0
101.0,4.11,40.0
131.0,4.33,537.0
89.0,4.55,295.0
198.0,6.37,264.0
87.0,3.79,111.0
65.0,3.99,90.0
128.0,5.44,128.0
120.0,4.97,137.0
123.0,4.17,374.0
85.0,4.78,488.0
121.0,4.24,456.0
106.0,4.53,571.0
117.0,3.79,484.0
140.0,6.43,95.0
82.0,3.3,109.0
138.0,8.86,67.0
187.0,5.49,53.0
169.0,7.33,605.0
164.0,5.83,487.0
111.0,9.91,573.0
148.0,5.69,395.0
207.0,6.02,84.0
127.0,3.64,454.0
152.0,3.92,362.0
115.0,3.26,351.0
63.0,3.08,35.0
222.0,6.48,833.0
184.0,4.26,30.0
100.0,7.08,229.0
155.0,7.72,81.0
181.0,7.49,134.0
210.0,5.33,85.0
152.0,5.72,50.0
201.0,5.06,71.0
122.0,4.36,247.0
120.0,64.23,53.0
100.0,4.47,163.0
80.0,5.99,56.0
135.0,3.84,135.0
57.0,1.47,17.0
156.0,3.49,31.0
95.0,4.46,103.0
177.0,5.77,311.0
161.0,4.49,323.0
145.0,6.42,421.0
90.0,5.59,276.0
415.0,4.23,48.0
94.0,4.22,104.0
127.0,7.68,514.0
123.0,4.77,322.0
140.0,7.35,263.0
121.0,8.71,450.0
119.0,5.6,641.0
159.0,6.97,547.0
164.0,6.04,390.0
159.0,5.73,550.0
181.0,9.31,374.0
144.0,6.3,317.0
31.0,3.03,668.0
99.0,3.54,634.0
130.0,4.56,555.0
96.0,3.48,18.0
57.0,2.92,43.0
78.0,2.11,62.0
108.0,2.31,62.0
155.0,9.11,98.0
125.0,4.91,141.0
318.0,7.22,152.0
238.0,3.27,177.0
80.0,2.33,59.0
80.0,2.33,59.0
169.0,5.38,80.0
127.0,4.74,247.0
159.0,9.4,151.0
139.0,5.33,439.0
149.0,5.62,384.0
180.0,5.47,326.0
149.0,4.0,82.0
191.0,5.5,185.0
184.0,6.97,535.0
127.0,5.61,253.0
163.0,5.91,193.0
152.0,4.97,500.0
214.0,6.0,119.0
215.0,4.27,253.0
117.0,6.36,404.0
95.0,4.07,179.0
151.0,5.23,425.0
122.0,6.17,241.0
115.0,4.86,532.0
132.0,5.08,520.0
176.0,5.51,356.0
163.0,4.67,79.0
211.0,8.4,48.0
167.0,6.23,185.0
187.0,6.72,512.0
175.0,3.46,91.0
128.0,5.56,140.0
137.0,4.12,60.0
170.0,6.23,658.0
196.0,6.67,157.0
249.0,6.51,422.0
180.0,5.84,302.0
161.0,6.05,521.0
140.0,8.62,286.0
202.0,6.8,618.0
199.0,6.27,528.0
166.0,6.29,587.0
151.0,4.74,420.0
176.0,6.99,124.0
174.0,5.74,219.0
231.0,7.07,402.0
140.0,5.62,435.0
190.0,6.12,414.0
149.0,6.49,457.0
203.0,7.18,489.0
180.0,6.94,190.0
160.0,6.04,544.0
153.0,5.0,224.0
172.0,5.85,133.0
162.0,6.25,236.0
252.0,6.72,393.0
207.0,4.9,552.0
204.0,5.14,209.0
165.0,4.86,178.0
145.0,4.91,351.0
153.0,5.06,662.0
165.0,6.2,374.0
164.0,6.71,246.0
140.0,7.04,140.0
157.0,9.86,314.0
166.0,9.74,94.0
131.0,4.77,70.0
88.0,2.84,54.0
135.0,3.69,183.0
114.0,3.75,429.0
148.0,6.8,185.0
204.0,4.93,225.0
148.0,4.77,59.0
176.0,5.07,498.0
167.0,6.26,242.0
145.0,6.09,454.0
146.0,5.3,58.0
182.0,5.13,232.0
196.0,5.39,542.0
167.0,4.54,320.0
152.0,5.73,237.0
149.0,4.63,56.0
283.0,3.4,324.0
150.0,4.73,126.0
217.0,6.51,162.0
147.0,6.08,235.0
358.0,7.91,13.0
274.0,7.43,66.0
355.0,6.15,104.0
266.0,9.18,94.0
271.0,7.69,95.0
185.0,5.01,257.0
140.0,5.39,53.0
142.0,5.06,109.0
199.0,4.33,326.0
136.0,7.43,441.0
45.0,6.44,213.0
156.0,4.89,130.0
43.0,6.27,130.0
188.0,5.88,156.0
396.0,10.58,397.0
187.0,7.52,83.0
171.0,10.87,95.0
171.0,10.87,95.0
199.0,6.82,77.0
349.0,12.31,241.0
160.0,6.35,120.0
174.0,6.03,631.0
103.0,4.71,188.0
165.0,5.83,171.0
173.0,5.93,620.0
94.0,2.54,165.0
159.0,6.18,433.0
206.0,6.45,624.0
133.0,4.02,260.0
143.0,5.43,374.0
190.0,5.46,56.0
147.0,7.37,168.0
138.0,5.02,77.0
143.0,6.18,447.0
205.0,6.37,252.0
169.0,6.49,447.0
248.0,7.54,634.0
161.0,5.1,294.0
153.0,7.86,148.0
172.0,6.17,419.0
203.0,6.72,451.0
197.0,6.14,198.0
156.0,5.06,209.0
130.0,4.56,598.0
221.0,6.42,87.0
176.0,6.61,114.0
186.0,6.15,715.0
213.0,6.2,559.0
181.0,6.0,479.0
234.0,5.96,119.0
120.0,5.54,54.0
196.0,5.57,215.0
159.0,6.28,369.0
175.0,8.29,76.0
206.0,6.71,198.0
171.0,7.84,434.0
170.0,6.1,81.0
166.0,5.66,165.0
187.0,6.9,417.0
187.0,7.02,463.0
179.0,6.02,304.0
205.0,5.89,144.0
178.0,6.49,205.0
203.0,8.47,64.0
210.0,8.21,291.0
189.0,7.7,72.0
164.0,5.49,137.0
261.0,10.03,296.0
59.0,3.2,82.0
326.0,8.65,450.0
248.0,10.77,333.0
95.0,3.85,48.0
246.0,10.66,141.0
312.0,9.95,226.0
344.0,16.73,557.0
67.0,4.69,89.0
346.0,11.07,379.0
334.0,9.8,261.0
130.0,6.49,224.0
153.0,4.28,529.0
118.0,4.53,56.0
180.0,5.11,64.0
193.0,6.37,41.0
128.0,3.81,58.0
161.0,6.37,50.0
120.0,4.71,366.0
144.0,6.74,100.0
109.0,5.87,100.0
154.0,6.52,295.0
165.0,5.37,61.0
103.0,4.33,50.0
117.0,3.86,215.0
123.0,5.62,229.0
136.0,6.54,35.0
207.0,5.53,273.0
166.0,2.34,159.0
145.0,5.09,284.0
178.0,6.06,313.0
146.0,6.19,440.0
159.0,5.26,447.0
173.0,5.59,481.0
149.0,4.89,486.0
169.0,4.94,114.0
170.0,5.31,492.0
144.0,15.64,114.0
180.0,7.23,85.0
197.0,6.4,312.0
179.0,5.35,288.0
199.0,5.43,201.0
173.0,6.09,355.0
175.0,6.35,266.0
177.0,7.32,95.0
186.0,5.25,197.0
118.0,3.79,434.0
173.0,6.76,559.0
162.0,5.91,665.0
167.0,5.35,155.0
149.0,5.56,326.0
133.0,4.51,144.0
179.0,6.25,28.0
154.0,5.93,501.0
165.0,8.65,179.0
161.0,5.38,432.0
154.0,6.09,308.0
133.0,4.12,53.0
181.0,5.34,580.0
147.0,6.56,332.0
145.0,5.19,90.0
162.0,4.77,245.0
236.0,8.6,49.0
143.0,4.96,151.0
160.0,5.55,353.0
95.0,4.27,209.0
88.0,2.45,179.0
230.0,7.3,151.0
188.0,9.08,81.0
243.0,7.63,149.0
177.0,5.56,297.0
168.0,7.77,118.0
198.0,7.24,231.0
310.0,8.64,201.0
234.0,7.63,334.0
277.0,4.57,233.0
136.0,4.02,544.0
69.0,2.85,75.0
126.0,4.52,281.0
78.0,1.76,27.0
102.0,4.08,261.0
147.0,4.53,74.0
162.0,8.1,95.0
218.0,5.04,64.0
328.0,7.1,201.0
153.0,6.44,87.0
80.0,5.65,251.0
123.0,5.19,279.0
233.0,6.54,42.0
186.0,6.75,12.0
185.0,6.62,447.0
139.0,4.24,72.0
163.0,6.99,79.0
205.0,6.51,102.0
141.0,5.18,93.0
183.0,5.55,219.0
191.0,4.36,355.0
131.0,4.53,541.0
171.0,5.0,99.0
33.0,6.2,151.0
83.0,4.75,43.0
159.0,13.67,33.0
141.0,5.62,565.0
132.0,4.28,399.0
181.0,5.08,176.0
175.0,4.69,394.0
183.0,5.06,220.0
188.0,5.21,143.0
186.0,5.69,454.0
153.0,6.1,591.0
141.0,5.48,112.0
114.0,4.12,302.0
139.0,5.31,508.0
124.0,6.18,577.0
159.0,5.11,173.0
198.0,5.64,115.0
160.0,5.43,519.0
149.0,4.64,350.0
133.0,5.3,275.0
165.0,4.8,99.0
110.0,5.71,91.0
115.0,4.21,483.0
156.0,5.19,648.0
242.0,4.65,124.0
165.0,5.55,548.0
142.0,5.2,673.0
199.0,7.03,639.0
170.0,5.71,627.0
126.0,6.82,454.0
182.0,5.1,485.0
204.0,4.95,284.0
173.0,5.01,627.0
132.0,4.35,204.0
123.0,3.98,495.0
162.0,5.49,503.0
156.0,4.88,245.0
143.0,6.33,80.0
159.0,5.27,487.0
137.0,4.56,368.0
177.0,6.1,412.0
139.0,5.35,295.0
153.0,4.85,288.0
150.0,5.57,359.0
156.0,5.48,280.0
96.0,3.09,149.0
148.0,5.53,225.0
87.0,3.93,86.0
186.0,5.04,145.0
159.0,3.79,299.0
193.0,6.95,441.0
170.0,5.54,673.0
142.0,5.84,268.0
120.0,4.76,663.0
151.0,6.26,262.0
228.0,5.7,174.0
173.0,7.32,322.0
247.0,7.97,49.0
71.0,5.25,179.0
108.0,3.58,610.0
189.0,4.48,140.0
204.0,6.8,435.0
99.0,2.6,90.0
166.0,5.61,535.0
170.0,6.12,221.0
69.0,2.45,62.0
162.0,6.53,30.0
136.0,4.36,353.0
174.0,4.88,91.0
81.0,4.39,43.0
104.0,5.42,260.0
112.0,10.94,225.0
55.0,3.62,168.0
173.0,5.43,171.0
103.0,3.39,73.0
128.0,4.45,461.0
147.0,4.53,74.0
669.0,2.85,75.0
78.0,1.76,27.0
230.0,7.3,151.0
188.0,9.08,81.0
243.0,7.63,149.0
177.0,5.56,297.0
168.0,7.77,118.0
198.0,7.24,231.0
310.0,8.64,201.0
234.0,7.58,334.0
277.0,4.57,233.0
136.0,4.02,544.0
102.0,4.08,261.0
162.0,8.1,95.0
268.0,7.1,201.0
88.0,2.45,179.0
218.0,5.04,64.0
233.0,6.54,42.0
186.0,6.75,12.0
185.0,6.62,447.0
139.0,4.24,72.0
163.0,6.99,79.0
205.0,6.51,102.0
141.0,5.18,93.0
183.0,5.55,219.0
191.0,4.36,355.0
131.0,4.53,541.0
171.0,5.0,99.0
80.0,5.65,251.0
123.0,5.13,219.0
153.0,6.5,87.0
380.0,7.55,48.0
63.0,5.47,395.0
51.0,3.54,104.0
20.0,3.38,83.0
76.0,3.64,20.0
74.0,3.01,41.0
239.0,6.75,251.0
229.0,6.76,477.0
103.0,3.31,119.0
202.0,7.07,634.0
230.0,8.34,408.0
283.0,7.57,256.0
139.0,5.31,140.0
115.0,2.99,43.0
188.0,6.87,389.0
51.0,3.73,242.0
70.0,2.68,76.0
137.0,4.48,202.0
50.0,1.61,28.0
221.0,8.37,264.0
120.0,6.54,214.0
30.0,2.01,146.0
120.0,9.4,289.0
182.0,6.54,557.0
46.0,2.29,36.0
141.0,5.32,522.0
52.0,2.21,526.0
68.0,1.94,140.0
145.0,3.98,97.0
193.0,6.53,181.0
160.0,5.96,511.0
178.0,5.13,431.0
130.0,5.32,474.0
77.0,2.86,387.0
215.0,5.79,432.0
131.0,3.27,214.0
214.0,7.03,520.0
244.0,7.28,147.0
245.0,5.85,425.0
140.0,7.48,310.0
162.0,7.16,115.0
207.0,5.11,191.0
216.0,7.07,373.0
158.0,6.17,617.0
149.0,4.91,195.0
197.0,5.13,269.0
192.0,5.52,134.0
146.0,7.47,414.0
151.0,5.34,444.0
141.0,5.6,178.0
118.0,4.78,315.0
155.0,5.28,239.0
166.0,5.62,478.0
27.0,1.92,77.0
88.0,3.0,173.0
122.0,4.38,514.0
165.0,6.31,505.0
251.0,6.33,585.0
174.0,5.59,526.0
67.0,3.18,16.0
45.0,1.89,6.0
98.0,5.98,68.0
104.0,4.36,29.0
129.0,4.97,155.0
144.0,5.58,91.0
25.0,1.94,8.0
172.0,5.2,53.0
147.0,4.11,476.0
146.0,2.57,297.0
94.0,1.52,26.0
77.0,3.13,58.0
468.0,3.96,171.0
109.0,2.78,378.0
178.0,4.16,459.0
154.0,4.45,91.0
135.0,3.41,19.0
165.0,3.45,59.0
75.0,3.25,61.0
137.0,7.04,188.0
181.0,3.67,108.0
110.0,6.31,106.0
160.0,5.86,510.0
145.0,3.42,62.0
120.0,5.45,327.0
149.0,6.55,180.0
141.0,4.16,271.0
188.0,2.88,309.0
763.0,5.38,79.0
162.0,4.19,280.0
149.0,4.69,170.0
128.0,3.34,195.0
148.0,3.28,285.0
150.0,4.17,501.0
175.0,3.42,294.0
140.0,3.74,287.0
139.0,3.62,252.0
137.0,6.6,343.0
154.0,4.63,197.0
133.0,3.48,138.0
143.0,2.85,327.0
150.0,4.13,254.0
120.0,4.69,343.0
134.0,4.45,240.0
133.0,2.55,343.0
146.0,4.85,302.0
134.0,4.01,271.0
263.0,5.89,80.0
137.0,3.61,508.0
102.0,5.61,357.0
70.0,1.38,18.0
162.0,3.86,61.0
119.0,7.15,50.0
190.0,4.75,93.0
103.0,3.01,50.0
117.0,5.01,16.0
184.0,3.74,109.0
139.0,4.36,38.0
120.0,4.13,27.0
159.0,6.02,545.0
133.0,4.89,54.0
123.0,11.46,83.0
224.0,4.06,94.0
148.0,4.6,142.0
58.0,2.28,9.0
158.0,3.75,351.0
101.0,6.17,38.0
129.0,5.82,68.0
136.0,5.05,538.0
124.0,2.71,27.0
110.0,3.35,14.0
101.0,5.06,16.0
131.0,3.99,71.0
140.0,4.69,38.0
78.0,2.96,221.0
137.0,4.31,68.0
99.0,2.26,202.0
57.0,2.86,380.0
131.0,4.86,366.0
124.0,3.73,234.0
158.0,4.08,94.0
105.0,12.62,73.0
113.0,5.39,161.0
139.0,3.84,276.0
141.0,3.85,316.0
137.0,3.77,95.0
130.0,3.42,219.0
153.0,3.36,40.0
117.0,4.56,302.0
120.0,4.25,335.0
130.0,2.67,193.0
115.0,4.99,218.0
156.0,3.47,227.0
158.0,4.99,356.0
171.0,3.79,245.0
143.0,2.3,227.0
177.0,3.35,283.0
160.0,4.0,239.0
159.0,3.94,285.0
107.0,4.62,253.0
152.0,5.33,134.0
97.0,8.73,482.0
128.0,4.44,109.0
157.0,5.43,160.0
100.0,4.18,303.0
133.0,5.23,375.0
196.0,4.5,172.0
131.0,4.82,377.0
140.0,5.09,508.0
162.0,4.22,393.0
154.0,5.07,409.0
223.0,4.46,356.0
191.0,4.86,304.0
147.0,4.79,104.0
148.0,5.08,388.0
63.0,1.86,12.0
137.0,2.91,453.0
168.0,4.41,264.0
232.0,3.53,197.0
117.0,7.7,262.0
148.0,4.49,327.0
168.0,4.17,370.0
123.0,3.47,317.0
196.0,3.47,418.0
150.0,2.94,501.0
140.0,3.14,422.0
105.0,3.06,402.0
128.0,3.53,182.0
76.0,4.21,217.0
89.0,3.21,477.0
137.0,3.96,19.0
98.0,4.17,19.0
110.0,2.92,201.0
130.0,2.34,347.0
118.0,2.36,112.0
89.0,3.34,560.0
66.0,3.15,294.0
105.0,3.19,402.0
94.0,2.71,492.0
138.0,8.72,179.0
123.0,8.94,137.0
88.0,3.55,22.0
75.0,2.91,31.0
146.0,6.44,232.0
138.0,4.43,35.0
144.0,4.92,148.0
76.0,4.15,61.0
79.0,3.25,138.0
64.0,3.63,23.0
118.0,5.56,82.0
40.0,5.11,25.0
39.0,2.3,17.0
182.0,2.87,94.0
204.0,4.4,55.0
212.0,4.22,204.0
132.0,4.16,61.0
175.0,4.25,175.0
205.0,4.63,189.0
52.0,4.85,15.0
147.0,4.67,60.0
181.0,8.24,198.0
150.0,3.92,64.0
128.0,6.06,29.0
134.0,4.28,184.0
263.0,3.7,159.0
79.0,4.79,116.0
235.0,4.5,186.0
128.0,5.33,364.0
219.0,5.55,85.0
91.0,8.86,305.0
133.0,5.09,259.0
131.0,3.96,21.0
111.0,4.91,18.0
189.0,4.25,60.0
136.0,6.68,324.0
143.0,5.12,360.0
110.0,3.62,17.0
54.0,1.17,9.0
81.0,6.82,353.0
236.0,6.93,43.0
138.0,3.14,89.0
312.0,6.24,500.0
145.0,3.94,370.0
146.0,3.4,48.0
149.0,4.04,156.0
147.0,4.33,430.0
148.0,2.23,109.0
188.0,5.98,98.0
105.0,3.1,470.0
102.0,1.7,106.0
136.0,3.14,267.0
123.0,2.7,141.0
145.0,3.81,40.0
143.0,5.49,56.0
167.0,5.38,357.0
100.0,6.69,425.0
92.0,3.43,53.0
228.0,4.1,500.0
109.0,3.52,292.0
116.0,4.25,70.0
304.0,5.32,153.0
209.0,8.42,447.0
256.0,7.03,465.0
272.0,6.76,296.0
184.0,5.67,186.0
222.0,5.9,394.0
217.0,4.1,481.0
279.0,4.64,392.0
218.0,5.25,383.0
207.0,3.68,319.0
163.0,4.79,461.0
148.0,5.11,243.0
148.0,3.0,240.0
230.0,3.41,261.0
145.0,4.57,302.0
132.0,3.52,336.0
154.0,5.51,130.0
127.0,3.93,454.0
109.0,4.03,271.0
148.0,2.96,244.0
34.0,1.05,14.0
212.0,2.87,500.0
106.0,3.67,75.0
61.0,1.7,10.0
84.0,3.21,9.0
130.0,2.96,358.0
208.0,3.69,234.0
108.0,2.51,357.0
116.0,5.2,212.0
146.0,3.33,382.0
135.0,3.51,438.0
171.0,5.17,69.0
103.0,2.28,724.0
81.0,2.57,289.0
165.0,3.97,26.0
92.0,4.32,71.0
122.0,3.63,365.0
99.0,3.6,158.0
121.0,2.47,370.0
110.0,4.39,66.0
155.0,2.85,368.0
94.0,4.71,30.0
143.0,5.6,107.0
123.0,4.59,185.0
123.0,4.59,185.0
158.0,4.9,286.0
159.0,4.94,370.0
169.0,6.29,294.0
108.0,4.58,144.0
201.0,5.79,306.0
127.0,2.57,173.0
125.0,4.62,173.0
735.0,4.2,233.0
155.0,5.16,317.0
252.0,5.93,309.0
70.0,4.77,178.0
152.0,4.77,388.0
819.0,66.79,311.0
284.0,6.6,532.0
53.0,5.63,143.0
175.0,6.21,125.0
161.0,4.5,92.0
367.0,8.97,199.0
201.0,6.44,105.0
114.0,7.04,250.0
174.0,5.63,189.0
187.0,5.91,267.0
202.0,5.72,416.0
246.0,2.25,60.0
133.0,3.9,127.0
167.0,4.19,477.0
67.0,3.67,76.0
230.0,4.32,226.0
76.0,3.04,136.0
150.0,4.51,250.0
192.0,5.17,123.0
1099.0,6.85,433.0
115.0,3.66,89.0
85.0,5.86,250.0
124.0,5.08,88.0
113.0,3.7,217.0
128.0,3.34,154.0
101.0,3.84,240.0
144.0,5.64,512.0
119.0,5.33,223.0
101.0,5.24,158.0
49.0,3.94,505.0
102.0,2.77,459.0
145.0,4.47,238.0
83.0,5.96,114.0
157.0,5.94,107.0
190.0,65.95,446.0
144.0,6.04,152.0
143.0,7.33,438.0
108.0,4.88,154.0
118.0,4.85,132.0
182.0,6.89,172.0
122.0,5.11,126.0
148.0,6.33,267.0
102.0,66.2,389.0
83.0,4.28,625.0
105.0,3.9,484.0
153.0,4.73,121.0
107.0,4.11,276.0
141.0,4.12,266.0
107.0,3.47,125.0
188.0,4.98,142.0
160.0,5.21,190.0
112.0,3.61,231.0
176.0,6.26,470.0
141.0,4.7,231.0
186.0,4.9,436.0
124.0,6.24,221.0
159.0,4.15,522.0
220.0,5.13,520.0
155.0,65.64,461.0
155.0,4.91,527.0
160.0,5.1,362.0
176.0,5.1,581.0
126.0,5.04,399.0
177.0,4.56,525.0
300.0,5.11,591.0
95.0,4.2,102.0
143.0,5.05,259.0
142.0,4.14,339.0
169.0,4.8,217.0
79.0,5.32,188.0
99.0,5.07,96.0
167.0,5.64,271.0
139.0,5.14,110.0
84.0,4.25,186.0
155.0,5.74,222.0
178.0,4.92,594.0
194.0,8.11,551.0
167.0,7.55,332.0
194.0,5.05,220.0
80.0,6.19,136.0
419.0,5.78,89.0
231.0,6.95,246.0
147.0,5.62,82.0
152.0,6.3,427.0
151.0,5.5,506.0
128.0,9.41,66.0
247.0,7.87,238.0
151.0,6.12,377.0
209.0,5.15,95.0
136.0,5.25,409.0
126.0,4.52,124.0
176.0,5.29,220.0
201.0,6.41,91.0
89.0,7.93,147.0
190.0,5.96,223.0
186.0,6.11,113.0
205.0,9.44,238.0
116.0,5.79,110.0
237.0,5.56,143.0
273.0,6.94,128.0
296.0,5.7,268.0
135.0,6.69,87.0
105.0,4.67,11.0
160.0,5.2,238.0
172.0,5.38,187.0
218.0,6.97,296.0
168.0,6.32,222.0
226.0,10.46,172.0
202.0,6.49,174.0
142.0,4.38,132.0
172.0,6.04,340.0
207.0,6.98,527.0
171.0,11.62,190.0
271.0,7.6,519.0
142.0,5.25,469.0
166.0,3.58,515.0
185.0,4.71,398.0
90.0,2.93,187.0
88.0,3.77,193.0
130.0,3.63,114.0
103.0,5.37,203.0
119.0,7.44,187.0
198.0,6.25,526.0
197.0,6.78,366.0
110.0,4.53,644.0
88.0,2.87,271.0
109.0,3.27,632.0
136.0,6.66,207.0
129.0,5.87,445.0
172.0,6.25,163.0
152.0,8.83,236.0
118.0,4.31,204.0
124.0,3.94,112.0
122.0,4.19,314.0
178.0,6.2,111.0
198.0,5.76,160.0
118.0,4.26,194.0
103.0,3.99,595.0
134.0,5.42,434.0
160.0,5.8,385.0
63.0,3.02,209.0
121.0,3.81,298.0
194.0,6.15,313.0
186.0,6.33,143.0
122.0,4.68,134.0
157.0,5.87,200.0
164.0,6.14,172.0
146.0,4.8,338.0
136.0,5.06,525.0
144.0,4.36,300.0
157.0,5.89,466.0
108.0,3.75,149.0
117.0,5.19,109.0
187.0,3.98,167.0
149.0,5.58,460.0
105.0,3.98,188.0
94.0,4.73,228.0
240.0,4.47,73.0
134.0,5.78,463.0
139.0,5.4,285.0
136.0,4.7,287.0
173.0,5.49,393.0
133.0,4.96,188.0
100.0,3.49,197.0
108.0,5.3,281.0
122.0,7.76,160.0
143.0,4.89,134.0
113.0,3.95,417.0
251.0,7.46,573.0
128.0,5.29,613.0
144.0,3.71,551.0
274.0,4.44,507.0
115.0,4.34,525.0
89.0,5.47,599.0
143.0,5.59,177.0
167.0,4.98,439.0
99.0,6.29,77.0
120.0,5.85,118.0
216.0,6.02,125.0
226.0,6.11,185.0
171.0,6.68,254.0
148.0,4.64,424.0
149.0,5.34,198.0
47.0,5.39,194.0
165.0,6.86,98.0
92.0,4.73,611.0
143.0,4.0,217.0
141.0,3.4,105.0
173.0,6.02,474.0
181.0,5.57,150.0
144.0,5.13,508.0
133.0,4.83,49.0
186.0,6.22,512.0
122.0,4.76,327.0
153.0,4.74,504.0
170.0,11.22,115.0
154.0,11.75,44.0
130.0,4.21,215.0
131.0,3.72,224.0
145.0,4.12,528.0
121.0,4.06,461.0
142.0,4.68,69.0
173.0,6.2,533.0
221.0,6.97,394.0
226.0,6.9,663.0
119.0,4.89,312.0
160.0,5.11,540.0
129.0,4.01,538.0
105.0,4.51,550.0
135.0,4.99,598.0
150.0,5.67,560.0
130.0,4.41,385.0
142.0,4.81,587.0
177.0,4.96,659.0
165.0,5.3,360.0
107.0,5.07,306.0
135.0,3.83,188.0
165.0,5.05,444.0
149.0,4.58,113.0
109.0,11.05,130.0
127.0,3.22,47.0
121.0,3.79,39.0
267.0,9.29,248.0
204.0,5.95,98.0
116.0,6.11,226.0
154.0,5.87,659.0
115.0,4.17,636.0
160.0,5.55,419.0
177.0,6.67,136.0
266.0,7.89,226.0
152.0,8.23,174.0
149.0,6.14,26.0
152.0,4.73,229.0
26.0,1.05,12.0
45.0,1.6,12.0
125.0,3.71,310.0
119.0,5.06,260.0
58.0,1.97,17.0
137.0,5.06,202.0
135.0,7.13,261.0
109.0,3.89,335.0
176.0,5.59,55.0
160.0,5.76,109.0
163.0,5.76,649.0
185.0,6.46,169.0
121.0,4.24,421.0
97.0,3.76,102.0
158.0,4.17,186.0
156.0,5.02,108.0
214.0,8.95,569.0
205.0,7.43,608.0
180.0,7.12,614.0
178.0,5.72,165.0
89.0,3.57,61.0
237.0,5.9,108.0
152.0,5.76,409.0
53.0,8.6,65.0
113.0,3.73,291.0
101.0,3.29,467.0
220.0,6.13,420.0
99.0,5.05,20.0
143.0,3.33,134.0
136.0,4.07,414.0
734.0,7.2,35.0
175.0,6.85,111.0
185.0,7.19,162.0
117.0,5.16,162.0
186.0,6.51,558.0
151.0,5.6,262.0
99.0,4.15,443.0
52.0,3.26,204.0
174.0,4.05,403.0
120.0,3.51,313.0
143.0,4.52,349.0
114.0,3.8,229.0
53.0,3.84,393.0
119.0,4.44,212.0
144.0,6.72,313.0
146.0,4.57,237.0
740.0,4.85,360.0
170.0,6.28,337.0
177.0,5.65,127.0
126.0,3.53,84.0
162.0,6.13,463.0
155.0,6.13,265.0
138.0,6.32,406.0
129.0,3.7,208.0
92.0,3.04,559.0
220.0,6.04,316.0
183.0,6.4,395.0
169.0,5.79,274.0
92.0,4.03,387.0
163.0,6.06,230.0
937.0,10.65,189.0
984.0,3.89,505.0
125.0,5.65,338.0
141.0,4.3,572.0
105.0,4.11,578.0
86.0,8.71,473.0
545.0,4.45,434.0
156.0,4.75,507.0
132.0,3.78,492.0
265.0,10.35,520.0
118.0,4.21,438.0
180.0,5.65,49.0
127.0,5.57,146.0
246.0,4.94,35.0
209.0,7.97,82.0
132.0,6.9,80.0
216.0,6.58,587.0
137.0,4.48,352.0
124.0,7.13,427.0
182.0,7.85,459.0
97.0,4.19,95.0
220.0,7.75,536.0
125.0,3.99,104.0
116.0,2.9,132.0
164.0,6.18,143.0
187.0,6.43,452.0
194.0,7.59,231.0
51.0,1.56,9.0
24.0,2.98,17.0
36.0,2.22,484.0
61.0,2.94,486.0
69.0,2.84,185.0
89.0,3.3,345.0
70.0,3.14,170.0
81.0,3.32,174.0
103.0,3.97,359.0
137.0,6.82,182.0
183.0,5.58,141.0
201.0,5.38,514.0
49.0,11.59,220.0
193.0,6.25,273.0
99.0,6.32,161.0
215.0,5.01,82.0
161.0,7.37,241.0
151.0,5.2,41.0
198.0,5.98,191.0
184.0,5.51,503.0
193.0,6.57,413.0
189.0,3.67,418.0
205.0,11.33,187.0
126.0,4.7,490.0
191.0,4.29,336.0
191.0,4.29,440.0
130.0,5.59,501.0
159.0,4.38,464.0
101.0,9.07,125.0
170.0,4.82,464.0
148.0,5.35,504.0
205.0,6.76,312.0
167.0,4.98,592.0
92.0,4.55,474.0
82.0,2.22,164.0
177.0,4.84,151.0
78.0,6.35,194.0
186.0,6.86,473.0
197.0,6.38,195.0
226.0,7.89,450.0
43.0,2.12,27.0
16.0,2.53,67.0
22.0,1.0,40.0
229.0,6.12,529.0
186.0,5.11,547.0
247.0,8.27,112.0
90.0,8.79,281.0
22.0,3.89,44.0
162.0,5.78,449.0
143.0,4.91,472.0
154.0,4.84,517.0
148.0,4.78,199.0
120.0,7.15,387.0
114.0,5.23,236.0
123.0,4.36,549.0
174.0,4.81,360.0
92.0,4.95,660.0
160.0,5.17,277.0
273.0,4.15,192.0
237.0,5.65,217.0
171.0,6.73,384.0
105.0,8.06,133.0
193.0,6.93,101.0
189.0,6.67,98.0
147.0,10.13,481.0
294.0,8.29,220.0
138.0,5.2,333.0
220.0,5.97,364.0
219.0,6.1,465.0
241.0,5.8,424.0
200.0,5.0,121.0
131.0,3.98,361.0
157.0,7.02,446.0
170.0,7.6,450.0
134.0,6.62,771.0
135.0,7.78,409.0
173.0,6.82,346.0
143.0,7.02,177.0
17.0,3.67,18.0
115.0,4.02,581.0
68.0,6.35,31.0
264.0,7.25,108.0
184.0,4.71,46.0
147.0,7.09,148.0
160.0,5.2,59.0
147.0,5.23,31.0
168.0,4.39,33.0
154.0,5.28,41.0
70.0,2.17,7.0
72.0,3.0,8.0
161.0,4.49,303.0
181.0,5.48,52.0
27.0,3.14,10.0
166.0,6.08,432.0
197.0,6.69,53.0
58.0,6.14,95.0
189.0,4.73,108.0
63.0,3.22,76.0
106.0,4.57,77.0
158.0,5.55,510.0
207.0,7.36,291.0
71.0,2.98,411.0
224.0,4.97,82.0
86.0,3.31,186.0
88.0,4.16,101.0
213.0,7.07,374.0
103.0,4.54,265.0
77.0,3.66,157.0
193.0,4.17,421.0
89.0,4.42,454.0
108.0,5.68,529.0
162.0,5.65,474.0
97.0,9.24,518.0
170.0,5.45,91.0
147.0,3.67,518.0
146.0,4.79,589.0
113.0,3.91,402.0
139.0,6.43,602.0
94.0,3.2,414.0
158.0,5.44,276.0
105.0,2.99,273.0
118.0,8.52,32.0
109.0,10.93,81.0
99.0,9.96,189.0
74.0,11.39,107.0
145.0,7.82,414.0
164.0,4.1,518.0
178.0,5.11,542.0
117.0,5.6,489.0
177.0,4.63,515.0
187.0,5.66,534.0
223.0,10.93,521.0
234.0,10.76,480.0
284.0,7.92,439.0
205.0,6.11,496.0
165.0,6.37,431.0
195.0,6.9,202.0
181.0,9.89,1014.0
136.0,15.63,326.0
137.0,5.66,457.0
231.0,4.3,392.0
186.0,4.82,281.0
231.0,5.79,380.0
202.0,6.61,417.0
149.0,5.7,391.0
171.0,5.41,386.0
211.0,7.1,182.0
233.0,6.93,474.0
178.0,7.65,203.0
209.0,7.38,198.0
150.0,3.59,71.0
102.0,5.21,45.0
46.0,1.59,13.0
75.0,6.17,317.0
166.0,4.15,517.0
216.0,5.8,477.0
92.0,7.78,566.0
466.0,9.93,541.0
121.0,13.28,418.0
147.0,5.29,409.0
120.0,5.2,528.0
167.0,5.08,223.0
105.0,3.84,542.0
115.0,3.91,563.0
137.0,5.66,457.0
156.0,4.77,425.0
86.0,2.91,453.0
129.0,3.62,545.0
128.0,66.09,478.0
742.0,6.19,418.0
130.0,4.36,363.0
170.0,3.82,550.0
107.0,4.19,399.0
156.0,5.09,422.0
152.0,3.61,816.0
160.0,6.01,253.0
164.0,5.07,734.0
158.0,4.0,504.0
134.0,5.05,1103.0
167.0,5.5,261.0
152.0,4.59,53.0
122.0,3.82,19.0
193.0,4.26,54.0
156.0,4.78,95.0
184.0,5.84,122.0
195.0,6.75,210.0
189.0,5.49,180.0
224.0,12.57,395.0
118.0,11.97,200.0
138.0,10.87,518.0
173.0,6.3,962.0
185.0,7.31,241.0
151.0,7.66,374.0
193.0,8.9,482.0
193.0,8.9,482.0
145.0,8.24,268.0
167.0,11.57,327.0
239.0,9.19,279.0
166.0,7.57,185.0
170.0,7.21,265.0
162.0,2.34,187.0
124.0,6.45,30.0
707.0,7.42,481.0
31.0,18.95,75.0
135.0,5.0,342.0
140.0,6.48,488.0
164.0,4.62,140.0
201.0,6.86,440.0
171.0,6.29,225.0
151.0,4.62,560.0
168.0,3.72,249.0
151.0,6.06,379.0
173.0,3.48,73.0
150.0,5.98,147.0
169.0,4.9,165.0
151.0,4.64,54.0
77.0,9.87,103.0
122.0,10.78,218.0
126.0,1.34,250.0
214.0,7.8,408.0
221.0,6.65,116.0
204.0,5.94,95.0
231.0,10.32,386.0
150.0,14.21,334.0
185.0,5.65,410.0
122.0,4.43,575.0
146.0,6.26,322.0
186.0,5.26,326.0
135.0,6.75,605.0
154.0,5.04,521.0
172.0,5.15,457.0
150.0,4.85,91.0
170.0,4.6,499.0
151.0,3.89,251.0
154.0,4.81,259.0
151.0,4.0,368.0
155.0,5.48,507.0
168.0,6.43,319.0
150.0,5.61,307.0
160.0,5.09,260.0
153.0,4.31,515.0
146.0,5.37,364.0
129.0,6.83,489.0
142.0,5.27,503.0
157.0,4.61,90.0
148.0,5.6,235.0
159.0,5.82,485.0
50.0,8.02,100.0
170.0,8.71,92.0
156.0,5.53,107.0
150.0,4.57,368.0
154.0,4.55,293.0
150.0,3.5,68.0
167.0,5.12,333.0
149.0,4.3,243.0
142.0,4.3,181.0
83.0,2.0,335.0
101.0,3.54,302.0
137.0,4.69,243.0
134.0,4.18,68.0
120.0,5.26,104.0
140.0,4.95,260.0
143.0,4.96,192.0
230.0,2.82,47.0
144.0,3.49,58.0
145.0,4.43,310.0
137.0,5.12,222.0
167.0,5.2,453.0
184.0,6.11,412.0
155.0,4.37,419.0
154.0,6.18,623.0
150.0,6.49,129.0
144.0,23.13,304.0
150.0,8.45,79.0
153.0,3.81,96.0
35.0,1.34,12.0
115.0,4.36,54.0
35.0,7.68,70.0
157.0,4.92,98.0
85.0,15.72,46.0
163.0,4.29,45.0
164.0,4.89,163.0
170.0,4.99,428.0
162.0,4.66,147.0
156.0,7.18,82.0
150.0,8.17,166.0
151.0,4.43,311.0
166.0,4.79,452.0
155.0,5.13,141.0
176.0,5.88,398.0
158.0,7.45,383.0
714.0,4.64,290.0
557.0,9.17,7321.0
149.0,3.75,303.0
152.0,4.42,303.0
161.0,5.55,420.0
154.0,6.0,362.0
171.0,8.64,508.0
161.0,4.9,366.0
166.0,4.34,410.0
150.0,8.61,431.0
210.0,7.59,404.0
159.0,4.57,319.0
100.0,5.21,95.0
138.0,9.46,381.0
189.0,5.48,192.0
188.0,5.23,55.0
177.0,7.3,175.0
161.0,8.78,297.0
143.0,2.24,136.0
199.0,5.22,225.0
193.0,6.14,274.0
263.0,8.34,303.0
139.0,4.3,233.0
174.0,3.8,119.0
156.0,4.59,68.0
151.0,4.03,289.0
77.0,2.34,252.0
111.0,4.18,325.0
131.0,2.16,305.0
208.0,5.09,276.0
81.0,3.96,465.0
121.0,4.43,297.0
166.0,5.56,237.0
377.0,9.8,286.0
165.0,3.02,326.0
178.0,6.81,613.0
124.0,5.12,236.0
125.0,3.76,190.0
176.0,5.78,168.0
176.0,3.27,271.0
290.0,4.46,284.0
168.0,5.04,101.0
93.0,5.99,36.0
259.0,4.16,263.0
102.0,4.57,356.0
213.0,5.19,258.0
102.0,1.6,112.0
169.0,4.42,110.0
205.0,3.15,92.0
189.0,5.91,478.0
133.0,5.05,757.0
193.0,4.56,459.0
146.0,5.47,390.0
150.0,5.32,328.0
144.0,5.3,343.0
125.0,6.3,429.0
165.0,4.4,377.0
164.0,5.97,418.0
124.0,3.41,406.0
59.0,15.52,163.0
96.0,5.18,33.0
180.0,2.66,56.0
138.0,7.64,87.0
121.0,3.38,12.0
123.0,3.38,12.0
88.0,5.59,277.0
141.0,6.18,76.0
145.0,6.48,134.0
190.0,5.38,66.0
171.0,6.58,73.0
53.0,4.63,377.0
114.0,3.76,400.0
193.0,13.44,499.0
273.0,10.31,539.0
211.0,6.28,528.0
237.0,9.44,407.0
247.0,9.37,417.0
214.0,8.71,434.0
187.0,8.24,406.0
225.0,5.59,384.0
191.0,7.21,540.0
157.0,9.38,318.0
215.0,7.74,351.0
172.0,9.0,537.0
501.0,2.81,339.0
212.0,6.22,482.0
182.0,11.52,427.0
167.0,5.76,157.0
172.0,4.1,257.0
155.0,7.23,289.0
150.0,4.44,121.0
169.0,7.46,449.0
150.0,38.69,584.0
150.0,15.84,48.0
171.0,7.06,368.0
158.0,5.99,1057.0
174.0,7.58,815.0
167.0,5.61,287.0
188.0,6.86,291.0
171.0,5.99,676.0
171.0,6.65,984.0
122.0,15.51,840.0
177.0,5.48,1101.0
174.0,6.21,445.0
244.0,6.83,331.0
157.0,7.98,63.0
110.0,10.17,217.0
134.0,7.63,1220.0
138.0,5.73,421.0
131.0,4.83,1107.0
152.0,5.01,366.0
155.0,5.67,169.0
137.0,4.9,1008.0
154.0,3.64,502.0
87.0,6.7,82.0
76.0,9.64,331.0
104.0,8.41,205.0
66.0,3.82,63.0
163.0,4.03,23.0
181.0,4.65,74.0
97.0,3.17,481.0
110.0,6.12,293.0
177.0,9.06,602.0
745.0,64.98,444.0
149.0,4.97,180.0
161.0,5.96,81.0
178.0,4.7,68.0
131.0,4.23,273.0
140.0,3.34,328.0
125.0,3.9,230.0
150.0,3.52,475.0
135.0,7.15,239.0
156.0,4.68,599.0
108.0,4.39,156.0
145.0,2.16,412.0
190.0,4.43,427.0
204.0,5.06,388.0
81.0,2.1,366.0
112.0,3.4,30.0
105.0,3.25,50.0
221.0,1.65,47.0
215.0,3.46,61.0
151.0,3.66,449.0
109.0,6.6,165.0
148.0,6.56,240.0
181.0,6.99,47.0
137.0,4.87,512.0
131.0,6.24,407.0
135.0,5.25,429.0
93.0,4.54,424.0
183.0,3.45,407.0
133.0,4.32,504.0
101.0,3.06,49.0
187.0,4.51,573.0
97.0,4.25,443.0
131.0,3.11,321.0
150.0,3.09,446.0
127.0,4.0,408.0
140.0,3.52,421.0
160.0,2.38,438.0
146.0,3.41,452.0
70.0,2.85,452.0
125.0,3.73,445.0
137.0,3.21,377.0
151.0,3.31,512.0
84.0,3.17,433.0
108.0,2.72,260.0
164.0,4.07,410.0
174.0,4.35,55.0
177.0,4.05,58.0
237.0,5.63,496.0
164.0,4.96,327.0
128.0,4.43,543.0
250.0,5.34,452.0
173.0,3.72,490.0
240.0,9.31,575.0
176.0,5.18,557.0
113.0,7.33,542.0
155.0,6.21,421.0
139.0,5.29,570.0
158.0,3.68,530.0
126.0,4.32,467.0
132.0,2.87,430.0
145.0,3.25,554.0
200.0,4.4,520.0
110.0,3.09,528.0
145.0,4.77,129.0
210.0,4.48,170.0
101.0,10.28,400.0
127.0,4.66,313.0
222.0,2.62,554.0
160.0,5.19,487.0
128.0,3.82,408.0
167.0,3.71,54.0
124.0,3.74,74.0
105.0,5.16,581.0
114.0,4.34,114.0
181.0,3.69,554.0
152.0,4.08,322.0
242.0,7.71,453.0
186.0,4.33,347.0
161.0,6.58,112.0
133.0,5.27,494.0
120.0,3.51,401.0
108.0,3.57,432.0
197.0,4.62,397.0
161.0,3.68,503.0
188.0,2.68,110.0
110.0,3.62,424.0
83.0,2.36,376.0
163.0,5.67,492.0
154.0,4.45,294.0
157.0,4.98,428.0
85.0,5.24,402.0
62.0,2.72,47.0
150.0,3.29,511.0
186.0,4.17,520.0
167.0,6.88,704.0
130.0,9.0,521.0
146.0,7.48,544.0
221.0,3.1,350.0
184.0,4.54,962.0
138.0,3.85,265.0
108.0,4.69,539.0
79.0,4.3,556.0
155.0,3.17,330.0
162.0,4.51,267.0
75.0,2.34,489.0
154.0,4.77,329.0
134.0,4.59,394.0
221.0,3.4,318.0
146.0,9.01,5.0
162.0,6.02,258.0
182.0,6.67,578.0
154.0,4.22,187.0
146.0,3.75,604.0
110.0,5.86,412.0
193.0,4.65,452.0
94.0,2.64,521.0
219.0,5.34,495.0
183.0,3.22,340.0
156.0,4.84,485.0
152.0,4.87,504.0
114.0,4.31,489.0
152.0,3.6,252.0
131.0,4.25,488.0
110.0,5.86,412.0
206.0,4.85,556.0
159.0,2.24,312.0
139.0,3.57,574.0
145.0,5.26,133.0
137.0,4.57,179.0
190.0,6.02,155.0
55.0,34.09,405.0
167.0,3.34,58.0
154.0,4.71,86.0
104.0,3.58,352.0
136.0,3.69,279.0
115.0,3.99,18.0
178.0,2.66,110.0
125.0,4.45,43.0
131.0,5.37,409.0
168.0,3.45,356.0
126.0,4.27,413.0
308.0,3.21,407.0
198.0,5.33,204.0
123.0,4.02,481.0
156.0,4.0,298.0
68.0,6.44,454.0
128.0,4.33,221.0
108.0,4.0,597.0
184.0,3.77,552.0
157.0,4.28,347.0
83.0,5.95,611.0
254.0,6.65,454.0
192.0,5.51,490.0
116.0,6.9,422.0
118.0,6.2,51.0
93.0,3.22,98.0
310.0,5.88,502.0
120.0,5.81,445.0
206.0,7.76,503.0
345.0,5.9,568.0
164.0,6.39,449.0
225.0,5.12,483.0
175.0,5.93,493.0
163.0,5.67,88.0
182.0,5.98,100.0
151.0,6.57,169.0
116.0,4.45,537.0
205.0,3.88,469.0
124.0,3.75,481.0
135.0,3.12,411.0
116.0,5.22,179.0
136.0,5.67,263.0
165.0,5.59,277.0
108.0,5.22,280.0
142.0,4.22,372.0
144.0,6.13,329.0
175.0,5.94,419.0
207.0,5.25,359.0
143.0,2.82,407.0
180.0,5.67,274.0
205.0,6.0,248.0
173.0,3.1,222.0
144.0,3.12,398.0
134.0,3.81,424.0
227.0,4.32,467.0
168.0,4.41,440.0
141.0,5.01,165.0
155.0,2.26,249.0
141.0,5.21,472.0
158.0,5.81,283.0
152.0,5.86,456.0
151.0,5.31,190.0
246.0,6.57,312.0
162.0,6.24,162.0
162.0,5.78,344.0
765.0,14.34,286.0
144.0,6.94,286.0
229.0,6.35,529.0
236.0,6.17,587.0
226.0,4.8,77.0
145.0,5.01,60.0
206.0,5.73,56.0
168.0,5.05,128.0
114.0,3.95,511.0
138.0,3.97,406.0
128.0,4.88,218.0
160.0,4.01,90.0
130.0,2.85,262.0
261.0,5.54,521.0
136.0,2.87,573.0
124.0,3.93,407.0
152.0,5.15,515.0
101.0,3.98,100.0
154.0,4.19,492.0
132.0,4.92,311.0
141.0,3.1,395.0
150.0,3.6,416.0
138.0,4.41,460.0
232.0,5.72,451.0
210.0,5.84,436.0
245.0,6.46,499.0
161.0,7.47,534.0
143.0,6.32,513.0
127.0,3.44,541.0
156.0,4.0,470.0
118.0,4.5,472.0
124.0,3.81,291.0
93.0,2.28,361.0
130.0,2.95,464.0
129.0,6.1,520.0
156.0,6.16,545.0
190.0,5.55,277.0
152.0,4.06,492.0
167.0,65.39,417.0
111.0,6.99,452.0
90.0,5.39,264.0
115.0,5.99,294.0
150.0,3.15,240.0
141.0,3.4,87.0
196.0,5.48,364.0
135.0,4.91,541.0
106.0,3.47,286.0
74.0,2.98,463.0
79.0,2.91,519.0
113.0,3.0,496.0
103.0,2.42,438.0
110.0,3.43,511.0
104.0,4.0,567.0
136.0,4.62,354.0
100.0,4.79,542.0
227.0,4.15,384.0
184.0,5.33,521.0
211.0,5.52,449.0
207.0,7.03,37.0
127.0,3.68,468.0
171.0,5.08,189.0
90.0,3.61,318.0
124.0,3.61,106.0
212.0,7.53,37.0
44.0,1.48,137.0
153.0,4.97,106.0
145.0,4.72,208.0
151.0,7.08,514.0
200.0,5.51,381.0
148.0,4.53,170.0
158.0,3.75,365.0
142.0,3.84,472.0
212.0,4.33,348.0
198.0,2.92,111.0
168.0,5.32,146.0
110.0,3.14,38.0
163.0,4.52,39.0
152.0,6.05,334.0
199.0,4.04,145.0
383.0,5.81,191.0
129.0,5.52,485.0
179.0,4.49,340.0
159.0,3.62,378.0
165.0,5.44,363.0
146.0,3.89,172.0
155.0,2.77,154.0
146.0,3.44,406.0
136.0,4.8,471.0
141.0,1.78,131.0
130.0,4.4,250.0
161.0,3.68,234.0
198.0,2.92,418.0
122.0,4.78,492.0
175.0,5.93,272.0
160.0,3.67,505.0
105.0,4.62,264.0
126.0,4.84,312.0
145.0,6.96,551.0
256.0,5.37,554.0
190.0,4.16,394.0
83.0,2.89,241.0
88.0,3.82,379.0
105.0,1.43,60.0
118.0,2.74,317.0
141.0,4.77,410.0
120.0,5.15,287.0
110.0,5.0,114.0
163.0,5.08,559.0
128.0,5.06,433.0
169.0,4.97,470.0
140.0,5.8,610.0
205.0,5.34,462.0
266.0,5.68,515.0
165.0,2.43,413.0
178.0,4.7,258.0
195.0,3.89,430.0
156.0,4.39,384.0
240.0,5.1,40.0
132.0,3.83,293.0
186.0,5.73,465.0
159.0,6.0,392.0
130.0,3.43,312.0
276.0,7.01,515.0
300.0,6.55,488.0
275.0,7.6,627.0
157.0,5.58,322.0
164.0,6.1,451.0
187.0,4.9,469.0
207.0,5.84,437.0
121.0,4.86,426.0
152.0,5.39,365.0
164.0,4.68,402.0
155.0,3.56,329.0
153.0,3.09,258.0
250.0,4.41,406.0
171.0,4.47,433.0
152.0,5.22,162.0
132.0,4.28,434.0
113.0,2.35,360.0
174.0,5.59,399.0
150.0,5.09,394.0
92.0,7.23,49.0
113.0,2.88,30.0
134.0,3.91,316.0
133.0,6.88,460.0
140.0,4.86,281.0
113.0,4.19,98.0
114.0,5.19,164.0
175.0,5.12,337.0
170.0,4.8,354.0
151.0,4.62,421.0
132.0,3.67,332.0
87.0,3.24,245.0
181.0,3.12,385.0
86.0,2.38,592.0
54.0,5.46,581.0
280.0,6.08,43.0
34.0,1.14,449.0
140.0,4.1,95.0
165.0,7.12,461.0
154.0,7.13,495.0
166.0,5.26,538.0
179.0,6.74,686.0
222.0,5.13,108.0
269.0,7.89,739.0
225.0,5.75,73.0
191.0,5.96,604.0
136.0,4.81,672.0
276.0,4.8,430.0
148.0,4.59,437.0
172.0,5.36,464.0
154.0,7.39,466.0
163.0,3.95,327.0
146.0,6.41,407.0
156.0,2.45,452.0
87.0,2.95,455.0
160.0,3.36,400.0
151.0,3.82,406.0
164.0,4.47,167.0
124.0,1.43,164.0
153.0,4.64,274.0
78.0,4.45,175.0
156.0,5.25,284.0
204.0,3.46,367.0
186.0,6.84,485.0
186.0,5.62,386.0
164.0,3.7,380.0
189.0,5.14,112.0
148.0,4.38,210.0
122.0,9.64,573.0
163.0,5.84,478.0
211.0,3.01,208.0
144.0,5.42,500.0
175.0,2.53,30.0
219.0,4.02,432.0
157.0,3.54,363.0
164.0,4.12,300.0
165.0,7.04,352.0
153.0,3.82,487.0
151.0,3.28,117.0
139.0,5.5,213.0
147.0,3.63,389.0
101.0,4.4,441.0
142.0,5.01,424.0
158.0,4.09,258.0
137.0,5.03,481.0
102.0,7.78,435.0
198.0,4.89,449.0
156.0,4.82,464.0
161.0,5.94,443.0
162.0,5.17,486.0
105.0,6.24,596.0
138.0,4.69,445.0
133.0,4.57,542.0
149.0,3.85,514.0
131.0,4.4,525.0
143.0,4.78,412.0
138.0,6.75,559.0
119.0,2.84,523.0
155.0,6.25,499.0
150.0,4.66,355.0
117.0,3.65,389.0
212.0,5.14,437.0
154.0,3.76,405.0
170.0,2.49,372.0
133.0,4.0,428.0
156.0,8.73,562.0
199.0,6.7,510.0
172.0,4.36,484.0
170.0,4.13,515.0
113.0,4.75,482.0
139.0,4.29,510.0
179.0,4.72,602.0
71.0,4.59,571.0
70.0,5.01,210.0
120.0,3.84,559.0
131.0,4.69,441.0
153.0,4.09,397.0
198.0,4.22,302.0
246.0,3.68,282.0
86.0,4.28,255.0
147.0,3.11,107.0
125.0,2.44,398.0
147.0,2.0,390.0
78.0,4.47,122.0
89.0,2.71,438.0
130.0,2.54,465.0
131.0,2.91,464.0
122.0,2.72,561.0
115.0,3.75,783.0
122.0,2.62,474.0
100.0,2.79,388.0
127.0,4.14,219.0
136.0,4.01,57.0
129.0,2.58,419.0
200.0,5.68,750.0
134.0,4.18,182.0
91.0,2.96,251.0
175.0,3.9,507.0
152.0,3.68,306.0
125.0,3.06,410.0
154.0,3.68,590.0
109.0,3.52,421.0
160.0,3.16,484.0
98.0,2.79,16.0
134.0,2.77,532.0
165.0,2.37,365.0
289.0,4.5,453.0
89.0,3.16,162.0
111.0,4.0,177.0
92.0,3.66,289.0
187.0,7.44,514.0
152.0,3.88,327.0
136.0,4.11,565.0
231.0,3.91,50.0
143.0,2.83,368.0
156.0,6.33,399.0
74.0,45.03,352.0
117.0,3.09,320.0
113.0,3.54,403.0
153.0,4.2,352.0
138.0,3.56,533.0
100.0,5.23,526.0
145.0,4.17,437.0
116.0,3.08,462.0
124.0,3.73,544.0
137.0,4.66,555.0
190.0,4.76,552.0
135.0,3.65,548.0
171.0,3.31,483.0
185.0,3.5,394.0
142.0,3.33,475.0
111.0,3.62,358.0
92.0,3.37,231.0
132.0,1.93,121.0
103.0,3.66,114.0
84.0,2.7,146.0
165.0,2.8,394.0
81.0,2.17,120.0
101.0,3.62,28.0
91.0,5.78,338.0
176.0,1.69,166.0
136.0,3.45,368.0
243.0,5.25,240.0
88.0,2.53,201.0
750.0,4.33,255.0
145.0,4.99,321.0
983.0,3.84,396.0
123.0,7.11,228.0
222.0,6.42,444.0
128.0,3.23,469.0
102.0,3.2,33.0
174.0,6.0,88.0
109.0,3.48,487.0
122.0,5.63,236.0
41.0,1.33,17.0
52.0,1.73,10.0
159.0,4.55,401.0
94.0,4.31,680.0
107.0,3.79,477.0
153.0,4.25,449.0
228.0,6.09,400.0
92.0,12.04,138.0
164.0,4.7,16.0
233.0,5.68,498.0
155.0,6.79,371.0
148.0,9.33,267.0
138.0,3.74,74.0
100.0,3.41,78.0
108.0,4.53,508.0
45.0,1.2,24.0
25.0,0.78,2.0
90.0,3.55,426.0
32.0,1.23,35.0
93.0,2.83,477.0
88.0,2.95,86.0
61.0,2.24,58.0
68.0,1.01,30.0
165.0,6.99,395.0
126.0,3.54,320.0
129.0,2.83,122.0
168.0,4.99,521.0
103.0,3.75,135.0
90.0,2.9,12.0
152.0,5.49,396.0
96.0,4.47,139.0
65.0,1.65,29.0
28.0,1.2,31.0
75.0,3.01,427.0
115.0,6.57,294.0
149.0,5.97,131.0
18.0,2.37,31.0
54.0,1.64,64.0
47.0,2.06,52.0
63.0,1.51,9.0
22.0,0.84,34.0
28.0,0.89,47.0
28.0,2.84,105.0
115.0,4.07,460.0
106.0,3.07,424.0
71.0,2.53,404.0
27.0,0.54,24.0
85.0,3.76,337.0
82.0,2.49,274.0
104.0,2.89,304.0
85.0,2.93,418.0
102.0,3.4,526.0
56.0,3.62,383.0
64.0,1.35,14.0
60.0,2.04,14.0
32.0,0.98,33.0
104.0,3.25,464.0
86.0,1.67,27.0
102.0,4.18,495.0
130.0,3.27,422.0
135.0,3.06,429.0
126.0,3.09,314.0
307.0,4.37,330.0
46.0,1.04,43.0
147.0,4.34,481.0
132.0,4.15,419.0
110.0,3.99,472.0
135.0,5.05,510.0
100.0,4.8,456.0
152.0,4.58,490.0
95.0,6.5,372.0
77.0,1.83,49.0
66.0,2.24,6009.0
186.0,5.61,532.0
152.0,5.62,584.0
231.0,7.84,534.0
144.0,5.85,425.0
159.0,6.62,644.0
191.0,5.79,157.0
85.0,4.17,75.0
191.0,5.63,99.0
89.0,0.91,56.0
54.0,0.55,23.0
136.0,4.3,53.0
47.0,2.37,391.0
27.0,1.08,9.0
109.0,3.0,35.0
186.0,5.16,78.0
112.0,5.54,532.0
126.0,5.18,35.0
140.0,4.99,45.0
142.0,4.04,429.0
85.0,3.21,28.0
67.0,2.75,24.0
105.0,4.24,85.0
56.0,2.11,15.0
183.0,6.76,408.0
200.0,6.43,508.0
46.0,1.45,466.0
238.0,6.48,425.0
267.0,9.46,137.0
81.0,1.05,10.0
109.0,6.93,561.0
173.0,4.13,358.0
135.0,4.6,510.0
74.0,1.07,45.0
52.0,1.15,78.0
70.0,3.96,591.0
105.0,6.71,394.0
185.0,5.92,390.0
147.0,4.85,451.0
119.0,4.73,462.0
88.0,3.2,273.0
48.0,1.06,65.0
58.0,2.08,70.0
66.0,2.14,41.0
160.0,6.88,332.0
168.0,6.04,194.0
21.0,7.35,98.0
113.0,5.68,385.0
209.0,7.19,470.0
163.0,5.88,423.0
112.0,4.45,436.0
111.0,3.92,463.0
65.0,1.8,69.0
274.0,6.95,481.0
222.0,5.99,415.0
188.0,6.04,220.0
198.0,7.36,430.0
163.0,6.63,351.0
107.0,4.58,157.0
153.0,5.37,33.0
187.0,4.52,423.0
96.0,4.51,513.0
190.0,5.73,330.0
193.0,4.61,490.0
100.0,2.14,31.0
109.0,4.21,430.0
91.0,3.04,310.0
153.0,4.72,488.0
54.0,4.93,103.0
172.0,7.04,86.0
127.0,4.72,397.0
125.0,4.19,520.0
105.0,3.86,467.0
38.0,2.72,145.0
82.0,4.46,280.0
110.0,2.23,285.0
94.0,3.18,30.0
135.0,4.4,349.0
110.0,4.89,390.0
137.0,4.52,433.0
104.0,5.18,419.0
68.0,2.84,331.0
108.0,3.99,405.0
77.0,3.32,502.0
74.0,2.4,380.0
192.0,3.84,355.0
72.0,3.21,321.0
109.0,3.31,454.0
56.0,2.1,23.0
160.0,5.15,548.0
61.0,2.42,21.0
63.0,2.58,43.0
60.0,1.73,11.0
63.0,1.82,7.0
147.0,5.25,443.0
200.0,5.84,462.0
147.0,4.94,282.0
149.0,4.52,276.0
77.0,4.35,166.0
84.0,4.29,403.0
100.0,3.27,455.0
97.0,2.91,301.0
94.0,3.49,435.0
79.0,2.95,435.0
122.0,4.06,426.0
139.0,4.34,450.0
82.0,3.04,444.0
9.0,1.75,17.0
23.0,61.48,42.0
197.0,4.91,395.0
56.0,4.22,370.0
144.0,3.79,513.0
77.0,6.44,220.0
118.0,5.16,372.0
108.0,5.2,446.0
109.0,4.05,453.0
211.0,6.5,478.0
161.0,6.48,505.0
103.0,3.03,22.0
136.0,5.37,507.0
94.0,4.1,366.0
136.0,6.33,352.0
115.0,9.06,451.0
147.0,4.91,490.0
155.0,4.3,209.0
157.0,4.12,64.0
94.0,2.86,34.0
264.0,10.06,223.0
198.0,6.2,20.0
195.0,5.22,108.0
234.0,7.67,527.0
206.0,7.01,502.0
97.0,7.02,172.0
263.0,8.09,41.0
67.0,16.51,140.0
110.0,8.16,110.0
123.0,4.86,114.0
198.0,5.46,328.0
154.0,6.09,60.0
169.0,4.53,113.0
57.0,1.52,5.0
187.0,5.78,595.0
163.0,5.69,540.0
161.0,4.53,232.0
159.0,4.78,111.0
53.0,1.16,6.0
91.0,2.2,9.0
186.0,4.01,262.0
193.0,6.27,339.0
127.0,6.54,461.0
59.0,7.2,580.0
156.0,5.13,580.0
160.0,6.1,241.0
135.0,3.99,49.0
170.0,4.58,102.0
132.0,5.67,237.0
112.0,5.44,370.0
55.0,3.26,386.0
136.0,5.49,545.0
109.0,5.22,293.0
98.0,3.81,333.0
134.0,4.56,129.0
116.0,6.28,521.0
120.0,3.44,102.0
146.0,4.77,29.0
114.0,4.55,73.0
168.0,5.99,320.0
147.0,5.07,513.0
157.0,4.7,88.0
220.0,5.05,27.0
115.0,8.97,237.0
161.0,7.55,211.0
43.0,13.99,338.0
175.0,5.18,228.0
162.0,5.49,255.0
104.0,7.95,160.0
181.0,6.47,467.0
127.0,3.37,150.0
180.0,3.78,82.0
149.0,4.53,22.0
132.0,6.05,36.0
129.0,3.17,204.0
200.0,4.95,425.0
164.0,6.29,214.0
212.0,7.09,340.0
235.0,6.99,332.0
232.0,9.57,539.0
108.0,4.48,524.0
165.0,5.28,340.0
148.0,4.42,221.0
161.0,5.15,155.0
190.0,5.58,636.0
166.0,4.88,37.0
133.0,4.62,463.0
143.0,5.61,322.0
40.0,5.64,94.0
224.0,6.39,409.0
166.0,6.6,340.0
122.0,3.91,42.0
212.0,7.45,194.0
134.0,5.18,558.0
194.0,5.88,480.0
121.0,5.36,266.0
249.0,5.85,274.0
110.0,5.51,389.0
114.0,7.95,186.0
145.0,7.81,700.0
150.0,5.91,508.0
151.0,5.3,583.0
150.0,6.38,444.0
162.0,5.61,611.0
170.0,5.0,137.0
161.0,3.96,221.0
225.0,6.15,256.0
125.0,3.24,115.0
179.0,7.32,84.0
69.0,2.99,5.0
168.0,6.66,243.0
171.0,5.35,194.0
157.0,5.5,453.0
165.0,4.44,344.0
171.0,4.71,462.0
180.0,5.74,391.0
65.0,4.88,37.0
91.0,5.25,120.0
173.0,2.98,203.0
75.0,2.93,240.0
117.0,4.4,497.0
58.0,4.05,462.0
64.0,2.74,476.0
101.0,4.56,315.0
109.0,3.98,412.0
139.0,4.65,394.0
45.0,3.49,52.0
122.0,3.59,111.0
66.0,3.12,97.0
111.0,2.77,35.0
114.0,2.96,47.0
63.0,4.83,35.0
194.0,6.55,291.0
131.0,3.28,55.0
120.0,2.68,416.0
155.0,6.75,58.0
197.0,4.4,498.0
153.0,4.0,403.0
126.0,6.34,476.0
181.0,8.08,327.0
128.0,8.7,478.0
127.0,3.8,338.0
750.0,5.04,133.0
89.0,5.25,95.0
101.0,4.76,122.0
73.0,2.52,259.0
89.0,3.75,361.0
119.0,2.74,421.0
136.0,3.45,179.0
111.0,2.32,430.0
117.0,4.35,322.0
115.0,3.69,456.0
118.0,3.86,226.0
500.0,11.01,207.0
95.0,5.0,224.0
96.0,4.28,210.0
202.0,4.96,194.0
98.0,2.05,46.0
45.0,3.09,39.0
114.0,4.55,382.0
139.0,4.5,94.0
121.0,4.8,76.0
47.0,2.06,10.0
47.0,3.58,25.0
59.0,1.99,37.0
53.0,1.49,49.0
19.0,4.79,29.0
18.0,3.49,88.0
21.0,2.14,31.0
12.0,1.29,8.0
45.0,1.43,81.0
18.0,2.73,95.0
50.0,2.13,43.0
49.0,3.55,111.0
68.0,2.33,44.0
61.0,4.94,61.0
59.0,2.88,44.0
46.0,1.65,14.0
31.0,5.16,18.0
165.0,4.19,392.0
128.0,5.36,189.0
72.0,4.73,482.0
128.0,5.01,347.0
138.0,6.11,137.0
182.0,5.05,513.0
96.0,3.75,420.0
165.0,5.41,451.0
160.0,3.77,455.0
123.0,3.42,461.0
134.0,3.73,423.0
162.0,4.22,561.0
113.0,5.32,169.0
111.0,5.15,256.0
115.0,6.35,372.0
126.0,3.44,517.0
126.0,4.46,1457.0
155.0,3.78,469.0
135.0,4.11,171.0
111.0,3.41,488.0
172.0,5.39,391.0
174.0,5.88,292.0
139.0,4.68,272.0
151.0,6.06,443.0
78.0,6.72,69.0
57.0,4.65,50.0
44.0,1.66,22.0
73.0,2.98,325.0
130.0,4.72,94.0
127.0,4.8,397.0
159.0,4.4,254.0
164.0,3.32,438.0
209.0,4.74,399.0
136.0,4.34,236.0
199.0,5.51,353.0
157.0,6.03,218.0
95.0,4.17,531.0
94.0,5.52,513.0
214.0,5.53,508.0
78.0,4.15,437.0
145.0,7.22,390.0
166.0,4.4,482.0
93.0,3.78,217.0
75.0,3.08,506.0
80.0,4.8,208.0
113.0,3.74,477.0
125.0,4.29,635.0
103.0,2.9,625.0
118.0,3.71,538.0
131.0,3.52,444.0
153.0,8.4,509.0
188.0,7.13,531.0
159.0,5.7,384.0
123.0,4.02,376.0
173.0,5.29,110.0
167.0,4.72,459.0
114.0,4.8,185.0
144.0,3.51,463.0
83.0,3.94,502.0
111.0,3.47,429.0
111.0,4.1,146.0
61.0,3.83,597.0
196.0,4.47,92.0
241.0,5.15,380.0
97.0,6.88,290.0
187.0,5.44,243.0
51.0,8.33,240.0
191.0,4.56,521.0
189.0,6.96,410.0
226.0,6.61,368.0
101.0,2.64,56.0
60.0,2.34,106.0
155.0,5.04,331.0
72.0,5.1,327.0
36.0,2.91,49.0
62.0,2.14,153.0
25.0,0.72,9.0
162.0,6.11,156.0
140.0,3.86,357.0
88.0,2.27,70.0
139.0,4.26,377.0
135.0,5.39,417.0
176.0,8.19,597.0
118.0,3.83,386.0
276.0,6.39,315.0
254.0,6.92,461.0
101.0,5.85,366.0
200.0,6.43,316.0
132.0,4.36,435.0
178.0,5.02,281.0
174.0,5.59,359.0
175.0,5.25,436.0
149.0,4.91,397.0
112.0,3.57,537.0
55.0,2.52,487.0
87.0,3.15,292.0
62.0,1.82,316.0
101.0,3.63,6414.0
47.0,2.71,389.0
171.0,3.91,446.0
158.0,4.14,441.0
158.0,4.27,375.0
790.0,5.58,427.0
188.0,6.34,257.0
179.0,4.75,478.0
122.0,6.28,417.0
168.0,4.9,470.0
294.0,4.27,453.0
162.0,4.31,391.0
187.0,5.67,404.0
145.0,5.57,522.0
164.0,3.57,451.0
57.0,4.29,348.0
181.0,9.18,455.0
98.0,4.88,348.0
173.0,6.64,443.0
121.0,4.95,371.0
76.0,16.58,646.0
65.0,2.37,87.0
226.0,6.41,522.0
151.0,3.18,350.0
60.0,1.42,43.0
91.0,3.6,496.0
85.0,2.58,444.0
41.0,2.08,448.0
38.0,1.86,116.0
35.0,0.84,34.0
125.0,2.59,165.0
122.0,3.23,278.0
189.0,5.04,139.0
193.0,2.57,238.0
51.0,1.85,480.0
109.0,6.27,364.0
168.0,4.63,412.0
106.0,6.25,88.0
147.0,5.27,124.0
186.0,6.45,138.0
137.0,4.09,528.0
53.0,1.28,50.0
95.0,4.09,537.0
56.0,4.11,563.0
103.0,4.96,158.0
170.0,4.72,233.0
106.0,3.96,347.0
87.0,3.16,227.0
93.0,2.95,233.0
137.0,4.76,192.0
118.0,3.67,210.0
54.0,4.54,148.0
123.0,4.72,420.0
120.0,4.75,600.0
70.0,5.89,120.0
82.0,1.99,269.0
76.0,2.16,450.0
163.0,4.69,181.0
98.0,4.17,196.0
72.0,2.31,464.0
77.0,3.28,518.0
716.0,4.34,365.0
230.0,3.55,488.0
99.0,3.46,474.0
126.0,4.98,294.0
64.0,5.18,367.0
86.0,3.6,330.0
118.0,3.89,437.0
75.0,3.82,463.0
88.0,2.7,152.0
107.0,2.49,143.0
82.0,3.97,114.0
47.0,3.65,141.0
56.0,2.34,64.0
55.0,4.48,200.0
164.0,4.8,79.0
34.0,4.19,52.0
33.0,6.08,142.0
102.0,3.71,491.0
139.0,3.11,287.0
104.0,3.02,425.0
125.0,2.6,365.0
79.0,3.15,410.0
100.0,1.91,224.0
37.0,3.7,391.0
75.0,2.33,428.0
28.0,8.7,190.0
52.0,3.1,165.0
99.0,3.31,103.0
80.0,2.45,196.0
29.0,8.89,56.0
94.0,2.86,287.0
46.0,3.61,62.0
71.0,3.63,167.0
121.0,2.29,85.0
56.0,3.18,130.0
72.0,5.18,136.0
180.0,6.98,421.0
110.0,4.84,470.0
68.0,2.69,288.0
44.0,7.88,37.0
159.0,5.92,178.0
98.0,4.66,30.0
73.0,4.31,529.0
187.0,5.62,409.0
132.0,5.96,426.0
107.0,3.27,210.0
116.0,4.66,202.0
288.0,7.88,104.0
279.0,6.46,320.0
137.0,5.5,139.0
147.0,3.79,181.0
134.0,8.63,97.0
68.0,3.48,21.0
71.0,5.35,6092.0
145.0,5.1,544.0
194.0,5.97,546.0
115.0,5.47,126.0
116.0,4.56,76.0
107.0,4.91,510.0
143.0,5.4,336.0
146.0,4.79,260.0
130.0,4.48,151.0
152.0,3.42,617.0
121.0,4.06,28.0
187.0,4.68,570.0
153.0,3.1,471.0
141.0,4.48,569.0
137.0,4.81,359.0
112.0,5.01,233.0
188.0,5.34,253.0
152.0,5.17,383.0
105.0,5.69,183.0
171.0,4.91,387.0
149.0,4.41,409.0
74.0,5.4,166.0
89.0,2.77,20.0
94.0,5.42,421.0
106.0,4.09,123.0
150.0,4.98,481.0
144.0,5.48,474.0
59.0,2.11,20.0
120.0,4.07,518.0
180.0,11.05,112.0
197.0,4.59,353.0
50.0,2.98,13.0
65.0,1.87,20.0
147.0,7.98,118.0
74.0,3.87,438.0
92.0,5.31,214.0
62.0,6.51,502.0
99.0,3.5,411.0
209.0,5.35,180.0
127.0,5.66,322.0
123.0,5.95,115.0
139.0,6.15,412.0
703.0,5.16,535.0
97.0,4.66,108.0
130.0,4.98,345.0
129.0,6.56,62.0
90.0,4.11,133.0
110.0,4.45,256.0
115.0,4.09,99.0
85.0,2.91,272.0
129.0,5.79,386.0
104.0,5.53,569.0
156.0,4.75,578.0
84.0,6.47,401.0
107.0,3.78,421.0
304.0,5.93,486.0
151.0,2.84,187.0
96.0,5.59,359.0
94.0,4.26,420.0
1356.0,7.6,63.0
80.0,3.62,61.0
82.0,3.48,52.0
88.0,6.99,49.0
76.0,3.2,117.0
44.0,2.5,24.0
141.0,5.41,135.0
168.0,4.73,97.0
113.0,4.28,219.0
154.0,4.29,99.0
174.0,4.41,72.0
133.0,5.1,459.0
76.0,5.64,568.0
82.0,3.41,25.0
216.0,7.64,96.0
196.0,5.96,186.0
206.0,4.66,435.0
122.0,3.09,651.0
39.0,5.22,259.0
48.0,1.54,7.0
115.0,3.67,570.0
116.0,6.97,330.0
23.0,0.51,6.0
69.0,1.35,12.0
73.0,4.86,503.0
43.0,3.81,50.0
101.0,2.84,46.0
129.0,4.08,179.0
684.0,4.27,603.0
127.0,5.21,63.0
167.0,6.86,60.0
119.0,5.73,173.0
54.0,1.85,12.0
54.0,3.85,154.0
51.0,7.18,123.0
113.0,3.95,41.0
104.0,5.55,186.0
152.0,4.0,549.0
172.0,4.46,559.0
85.0,1.26,423.0
218.0,5.05,592.0
170.0,7.18,582.0
197.0,5.0,572.0
222.0,5.55,83.0
109.0,7.09,476.0
133.0,5.3,557.0
124.0,8.21,535.0
147.0,5.59,488.0
199.0,5.7,586.0
144.0,5.43,42.0
104.0,2.54,565.0
205.0,4.7,548.0
150.0,5.77,462.0
112.0,3.3,290.0
190.0,5.0,591.0
199.0,5.78,471.0
141.0,3.15,714.0
119.0,5.04,172.0
218.0,5.19,492.0
213.0,5.77,369.0
209.0,6.1,481.0
93.0,2.11,19.0
133.0,4.85,78.0
146.0,4.74,144.0
126.0,4.81,29.0
129.0,3.43,23.0
137.0,5.73,492.0
102.0,4.28,563.0
185.0,6.41,463.0
99.0,4.25,497.0
159.0,4.95,827.0
22.0,2.35,21.0
124.0,4.47,428.0
155.0,3.94,403.0
108.0,4.17,421.0
121.0,4.09,515.0
120.0,4.08,399.0
162.0,5.78,69.0
729.0,95.4,122.0
151.0,3.74,56.0
122.0,5.56,350.0
121.0,2.97,101.0
142.0,4.68,105.0
96.0,5.71,351.0
105.0,3.77,145.0
153.0,4.17,52.0
96.0,2.99,6.0
186.0,5.94,74.0
174.0,4.16,202.0
181.0,4.47,56.0
119.0,8.1,64.0
71.0,4.7,361.0
93.0,3.32,191.0
112.0,3.54,135.0
128.0,5.55,39.0
170.0,5.05,140.0
55.0,2.71,5.0
81.0,2.57,32.0
100.0,3.38,365.0
132.0,6.19,110.0
89.0,2.74,39.0
120.0,4.16,142.0
199.0,4.23,30.0
75.0,3.82,58.0
42.0,0.33,7.0
107.0,3.41,293.0
46.0,1.08,1.0
131.0,4.47,96.0
62.0,1.72,9.0
60.0,1.98,243.0
25.0,0.52,6.0
183.0,3.5,406.0
104.0,4.47,25.0
146.0,4.59,350.0
60.0,17.89,341.0
61.0,12.35,47.0
68.0,8.37,9.0
61.0,12.35,47.0
32.0,4.41,190.0
78.0,1.92,15.0
123.0,4.19,318.0
123.0,4.11,99.0
76.0,1.76,82.0
70.0,1.67,150.0
40.0,8.98,5.0
56.0,8.03,71.0
115.0,6.66,269.0
261.0,4.51,423.0
174.0,6.22,76.0
116.0,3.97,222.0
139.0,7.02,451.0
123.0,5.27,102.0
59.0,6.31,46.0
124.0,2.23,49.0
88.0,2.09,63.0
67.0,2.64,135.0
78.0,4.68,62.0
110.0,2.58,8.0
120.0,5.19,296.0
105.0,4.69,388.0
110.0,4.2,68.0
36.0,1.07,1.0
113.0,2.93,29.0
714.0,2.66,37.0
72.0,4.88,243.0
140.0,5.43,357.0
113.0,4.03,274.0
174.0,4.78,188.0
161.0,4.02,444.0
88.0,5.64,89.0
92.0,4.92,55.0
83.0,2.56,50.0
88.0,5.88,394.0
43.0,1.36,11.0
51.0,1.41,4.0
63.0,5.2,210.0
110.0,4.08,60.0
109.0,6.59,120.0
134.0,5.81,256.0
149.0,6.05,340.0
195.0,4.39,231.0
18.0,9.91,242.0
68.0,3.82,330.0
112.0,3.28,33.0
174.0,4.44,379.0
37.0,5.99,47.0
163.0,4.39,231.0
78.0,2.32,30.0
159.0,7.04,69.0
137.0,4.45,266.0
113.0,3.17,53.0
133.0,6.08,170.0
101.0,3.74,148.0
4.0,0.47,2.0
140.0,4.47,105.0
11.0,4.3,28.0
172.0,5.05,443.0
82.0,2.23,24.0
80.0,3.21,194.0
115.0,3.64,55.0
148.0,4.71,227.0
145.0,5.31,137.0
46.0,0.14,12.0
55.0,2.3,191.0
313.0,3.93,395.0
194.0,5.23,119.0
73.0,3.1,32.0
173.0,3.16,32.0
110.0,2.94,98.0
112.0,4.15,20.0
98.0,4.05,128.0
627.0,7.51,140.0
142.0,6.05,47.0
131.0,6.05,374.0
99.0,3.04,105.0
148.0,6.28,533.0
81.0,65.47,127.0
82.0,3.95,170.0
145.0,3.48,98.0
261.0,7.22,74.0
114.0,3.92,109.0
159.0,4.1,26.0
200.0,6.76,267.0
168.0,4.94,282.0
106.0,5.65,305.0
126.0,2.77,125.0
121.0,3.43,381.0
162.0,3.13,208.0
134.0,3.96,213.0
93.0,4.37,237.0
143.0,2.85,351.0
30.0,8.01,106.0
55.0,3.39,365.0
86.0,4.73,261.0
153.0,4.32,505.0
248.0,5.49,400.0
122.0,3.96,156.0
123.0,4.77,193.0
122.0,3.81,140.0
80.0,2.66,135.0
128.0,4.1,500.0
119.0,4.47,379.0
99.0,3.38,268.0
102.0,4.38,98.0
120.0,5.87,208.0
138.0,4.04,359.0
158.0,5.41,401.0
156.0,5.79,216.0
185.0,7.08,145.0
164.0,2.77,197.0
103.0,3.47,276.0
115.0,4.34,285.0
130.0,4.93,326.0
160.0,7.55,317.0
148.0,4.25,627.0
162.0,4.42,281.0
133.0,6.68,316.0
75.0,0.92,58.0
108.0,3.3,102.0
188.0,6.21,314.0
62.0,12.62,273.0
125.0,66.17,363.0
244.0,6.43,347.0
169.0,5.9,458.0
126.0,4.79,340.0
74.0,5.86,305.0
168.0,6.09,93.0
163.0,4.84,292.0
154.0,9.47,106.0
158.0,5.47,145.0
132.0,51.98,365.0
177.0,5.32,540.0
134.0,18.94,225.0
157.0,4.92,320.0
133.0,5.68,404.0
177.0,12.38,232.0
161.0,4.29,501.0
175.0,7.95,118.0
149.0,4.19,410.0
179.0,6.52,16.0
806.0,7.34,38.0
140.0,5.18,451.0
151.0,6.36,313.0
162.0,5.33,236.0
98.0,5.83,103.0
126.0,6.74,598.0
221.0,8.02,164.0
182.0,10.13,45.0
211.0,5.35,73.0
123.0,4.21,131.0
107.0,3.64,46.0
155.0,4.6,590.0
176.0,6.44,141.0
182.0,5.66,575.0
169.0,5.67,144.0
103.0,4.65,6.0
172.0,5.9,339.0
200.0,5.86,89.0
142.0,4.86,514.0
218.0,7.52,582.0
170.0,7.27,291.0
165.0,7.68,577.0
151.0,6.99,208.0
50.0,0.88,10.0
189.0,6.09,454.0
62.0,8.4,126.0
154.0,5.41,85.0
97.0,3.75,17.0
104.0,4.96,31.0
165.0,4.54,61.0
170.0,3.41,317.0
143.0,4.15,88.0
98.0,2.31,18.0
157.0,4.19,134.0
275.0,5.77,22.0
120.0,10.13,54.0
130.0,35.53,42.0
227.0,7.18,453.0
172.0,5.05,273.0
241.0,6.26,300.0
191.0,8.67,246.0
236.0,6.55,348.0
213.0,7.85,257.0
196.0,4.44,490.0
193.0,4.9,146.0
257.0,7.84,570.0
99.0,12.68,880.0
200.0,5.92,371.0
187.0,5.2,147.0
186.0,85.86,436.0
185.0,4.53,347.0
134.0,4.96,437.0
150.0,6.17,73.0
96.0,5.23,13.0
150.0,5.24,335.0
150.0,4.11,149.0
150.0,4.53,159.0
136.0,2.82,56.0
52.0,0.29,15.0
124.0,3.35,100.0
118.0,2.88,457.0
151.0,5.32,619.0
164.0,4.77,503.0
179.0,5.01,479.0
192.0,5.18,367.0
143.0,3.9,322.0
114.0,3.94,242.0
172.0,4.2,63.0
129.0,4.66,502.0
237.0,5.38,99.0
73.0,3.87,301.0
122.0,3.07,142.0
88.0,3.09,559.0
218.0,5.35,589.0
112.0,3.64,164.0
145.0,4.34,493.0
126.0,3.88,440.0
114.0,4.69,311.0
104.0,4.38,263.0
130.0,5.92,270.0
140.0,4.37,441.0
154.0,4.88,476.0
145.0,5.18,219.0
133.0,5.13,192.0
239.0,5.18,109.0
133.0,4.6,234.0
137.0,4.54,255.0
81.0,3.73,141.0
80.0,3.73,577.0
167.0,5.1,591.0
127.0,4.88,147.0
266.0,4.01,75.0
131.0,4.36,517.0
182.0,4.37,203.0
186.0,5.76,80.0
119.0,3.74,100.0
1032.0,4.88,608.0
112.0,3.75,114.0
122.0,7.78,495.0
147.0,5.84,565.0
196.0,6.48,551.0
169.0,6.03,669.0
193.0,7.16,445.0
220.0,7.86,555.0
193.0,7.12,413.0
166.0,7.33,459.0
170.0,8.0,467.0
235.0,6.6,447.0
259.0,6.27,596.0
198.0,4.9,55.0
216.0,5.9,494.0
154.0,4.22,160.0
140.0,4.63,548.0
85.0,15.06,148.0
157.0,4.93,293.0
731.0,6.53,47.0
773.0,6.94,6277.0
249.0,4.21,142.0
806.0,1.85,163.0
148.0,4.85,100.0
138.0,4.07,220.0
40.0,8.33,141.0
130.0,6.84,73.0
97.0,3.07,134.0
177.0,2.69,171.0
181.0,6.65,312.0
128.0,4.59,102.0
201.0,6.24,340.0
217.0,6.26,467.0
57.0,4.48,291.0
196.0,4.86,531.0
59.0,4.62,176.0
171.0,4.46,451.0
160.0,5.2,265.0
161.0,4.72,108.0
163.0,5.26,119.0
155.0,4.51,179.0
153.0,3.63,253.0
108.0,3.92,213.0
208.0,5.56,194.0
127.0,4.04,375.0
119.0,3.55,147.0
92.0,2.86,50.0
108.0,4.94,601.0
80.0,5.23,535.0
90.0,2.93,111.0
151.0,4.22,187.0
140.0,4.34,137.0
140.0,4.51,82.0
207.0,5.36,241.0
218.0,5.37,571.0
170.0,5.6,285.0
143.0,9.77,393.0
179.0,5.31,92.0
174.0,6.06,464.0
182.0,4.66,285.0
150.0,3.9,27.0
150.0,8.86,133.0
150.0,5.16,140.0
298.0,7.75,378.0
162.0,10.85,33.0
52.0,1.78,7.0
156.0,5.01,55.0
157.0,4.4,68.0
184.0,4.54,299.0
79.0,6.49,120.0
170.0,8.38,280.0
31.0,7.07,71.0
167.0,6.22,328.0
121.0,4.38,219.0
120.0,7.64,470.0
93.0,6.34,303.0
159.0,10.04,145.0
139.0,8.03,147.0
352.0,8.58,185.0
146.0,6.31,60.0
191.0,9.27,54.0
235.0,8.75,29.0
131.0,3.86,147.0
196.0,5.72,146.0
193.0,4.89,80.0
179.0,5.92,81.0
95.0,6.26,103.0
255.0,6.12,69.0
129.0,4.37,112.0
150.0,5.89,60.0
740.0,16.66,45.0
118.0,11.04,86.0
123.0,5.21,620.0
165.0,7.87,47.0
199.0,8.83,75.0
167.0,6.2,328.0
195.0,5.76,467.0
230.0,7.43,56.0
180.0,5.25,128.0
209.0,7.21,265.0
191.0,3.18,103.0
215.0,6.58,507.0
141.0,8.09,85.0
119.0,4.72,63.0
167.0,6.2,250.0
186.0,6.15,164.0
200.0,7.09,375.0
167.0,7.13,386.0
186.0,5.3,532.0
91.0,14.28,169.0
170.0,6.14,346.0
166.0,4.63,364.0
227.0,5.06,455.0
190.0,6.7,531.0
246.0,7.32,441.0
186.0,7.31,167.0
148.0,8.05,158.0
210.0,6.95,364.0
148.0,6.9,390.0
228.0,5.14,395.0
197.0,5.14,457.0
225.0,6.92,435.0
111.0,14.81,501.0
205.0,5.07,490.0
204.0,7.37,510.0
165.0,7.14,468.0
214.0,5.98,476.0
194.0,6.49,390.0
185.0,6.51,194.0
204.0,6.44,355.0
144.0,5.47,216.0
146.0,5.86,354.0
165.0,5.18,340.0
157.0,5.71,64.0
126.0,4.8,29.0
157.0,4.97,490.0
167.0,5.2,521.0
162.0,11.21,90.0
206.0,4.87,282.0
168.0,7.1,469.0
134.0,4.59,191.0
160.0,5.62,191.0
68.0,9.11,102.0
112.0,7.43,62.0
133.0,6.03,429.0
205.0,4.88,503.0
201.0,5.15,585.0
215.0,9.36,295.0
208.0,6.24,547.0
139.0,4.9,190.0
146.0,20.21,294.0
302.0,9.4,465.0
204.0,6.15,136.0
186.0,5.38,257.0
151.0,6.25,206.0
153.0,6.0,605.0
167.0,5.35,303.0
132.0,18.18,187.0
35.0,1.87,187.0
76.0,7.99,340.0
199.0,10.69,78.0
249.0,6.03,561.0
315.0,4.75,475.0
807.0,6.27,499.0
201.0,7.85,676.0
235.0,6.37,145.0
183.0,7.52,243.0
229.0,4.94,487.0
164.0,7.24,78.0
247.0,6.69,463.0
77.0,9.19,314.0
136.0,5.11,505.0
201.0,6.86,240.0
179.0,5.34,428.0
241.0,5.21,348.0
145.0,8.91,127.0
243.0,7.85,133.0
275.0,5.78,318.0
169.0,4.64,555.0
127.0,5.07,550.0
203.0,6.05,123.0
268.0,5.82,229.0
233.0,6.01,480.0
190.0,6.34,420.0
802.0,6.22,279.0
193.0,5.61,474.0
166.0,7.26,478.0
188.0,5.23,462.0
170.0,5.32,494.0
154.0,19.33,221.0
205.0,5.37,465.0
131.0,4.35,402.0
155.0,4.55,253.0
152.0,4.33,280.0
100.0,4.28,427.0
166.0,5.18,505.0
159.0,5.07,156.0
136.0,6.83,34.0
104.0,13.77,187.0
175.0,5.67,41.0
169.0,5.96,165.0
228.0,11.69,352.0
199.0,5.39,503.0
205.0,5.59,517.0
215.0,7.84,669.0
279.0,8.71,538.0
129.0,4.0,270.0
172.0,5.45,607.0
126.0,3.52,437.0
93.0,1.86,315.0
147.0,4.67,122.0
167.0,5.31,177.0
85.0,5.16,142.0
168.0,5.4,466.0
141.0,3.63,297.0
188.0,4.09,401.0
146.0,3.28,209.0
150.0,4.64,189.0
194.0,11.14,54.0
167.0,8.34,134.0
145.0,32.31,128.0
126.0,5.01,204.0
122.0,3.73,93.0
147.0,7.16,85.0
200.0,5.16,464.0
167.0,6.77,849.0
195.0,5.97,48.0
181.0,5.93,459.0
166.0,5.57,362.0
147.0,3.59,424.0
183.0,6.13,474.0
133.0,3.51,444.0
223.0,7.04,331.0
122.0,5.95,502.0
224.0,5.45,544.0
205.0,5.35,476.0
146.0,6.49,554.0
184.0,6.18,548.0
148.0,4.44,342.0
155.0,4.28,443.0
213.0,7.49,477.0
138.0,3.75,506.0
158.0,3.43,483.0
133.0,3.91,274.0
199.0,5.12,476.0
119.0,3.6,472.0
114.0,4.87,474.0
147.0,5.98,375.0
183.0,3.36,471.0
96.0,4.61,580.0
150.0,7.86,422.0
180.0,6.69,73.0
132.0,3.94,516.0
201.0,5.77,536.0
173.0,3.79,468.0
147.0,5.24,393.0
141.0,4.03,430.0
104.0,2.83,397.0
151.0,10.14,243.0
162.0,4.8,243.0
792.0,6.1,241.0
1337.0,4.55,402.0
246.0,4.84,512.0
116.0,6.47,243.0
201.0,5.41,6541.0
186.0,4.01,324.0
180.0,6.56,6243.0
211.0,4.97,449.0
143.0,5.11,243.0
89.0,3.09,438.0
119.0,5.62,306.0
734.0,4.69,331.0
149.0,3.99,250.0
122.0,4.16,331.0
100.0,5.03,538.0
152.0,5.71,536.0
116.0,5.06,477.0
833.0,4.4,481.0
423.0,4.94,377.0
144.0,64.25,194.0
153.0,4.75,112.0
153.0,4.83,471.0
136.0,4.42,402.0
156.0,8.11,273.0
280.0,4.15,133.0
120.0,4.34,234.0
137.0,3.36,213.0
175.0,5.45,265.0
180.0,9.63,144.0
160.0,11.66,155.0
188.0,4.41,91.0
139.0,5.9,50.0
193.0,13.96,134.0
156.0,5.1,343.0
169.0,4.67,389.0
150.0,6.12,427.0
50.0,4.18,470.0
117.0,5.02,279.0
75.0,3.37,406.0
88.0,3.72,429.0
152.0,4.7,408.0
92.0,4.14,494.0
111.0,4.21,525.0
139.0,3.87,489.0
92.0,4.14,494.0
160.0,10.18,436.0
123.0,3.76,385.0
147.0,5.29,423.0
162.0,4.47,711.0
131.0,3.91,543.0
99.0,3.11,453.0
200.0,6.38,505.0
174.0,6.79,120.0
138.0,3.36,225.0
119.0,4.79,538.0
124.0,3.96,426.0
164.0,4.39,519.0
123.0,3.09,451.0
134.0,5.27,571.0
119.0,5.0,554.0
174.0,5.89,548.0
162.0,4.88,446.0
142.0,4.2,438.0
83.0,4.53,353.0
162.0,5.45,257.0
147.0,5.63,244.0
182.0,4.91,289.0
168.0,65.37,278.0
163.0,6.06,504.0
163.0,5.31,112.0
188.0,6.54,172.0
178.0,5.95,419.0
138.0,4.73,362.0
256.0,7.71,472.0
202.0,5.99,332.0
168.0,5.64,225.0
155.0,5.53,446.0
133.0,10.17,457.0
167.0,7.83,100.0
144.0,4.99,364.0
185.0,64.76,544.0
125.0,4.41,359.0
172.0,6.09,524.0
182.0,6.43,575.0
168.0,4.76,422.0
100.0,4.9,176.0
169.0,4.17,456.0
804.0,5.58,191.0
150.0,4.65,231.0
199.0,6.71,420.0
126.0,3.73,246.0
139.0,7.56,489.0
99.0,5.33,396.0
185.0,4.39,411.0
196.0,4.79,425.0
159.0,3.75,372.0
168.0,6.76,556.0
219.0,5.51,451.0
159.0,4.11,541.0
138.0,4.95,430.0
182.0,6.09,524.0
174.0,5.88,458.0
170.0,4.32,268.0
249.0,5.41,121.0
220.0,7.21,160.0
174.0,6.6,461.0
159.0,7.46,526.0
148.0,7.91,76.0
292.0,4.68,216.0
115.0,5.9,487.0
131.0,4.32,49.0
151.0,5.98,520.0
115.0,7.52,220.0
173.0,4.72,382.0
199.0,4.39,234.0
212.0,5.18,518.0
210.0,7.83,500.0
199.0,6.12,510.0
156.0,5.0,495.0
185.0,5.17,497.0
221.0,5.23,462.0
182.0,6.05,362.0
172.0,5.33,380.0
193.0,5.88,420.0
213.0,5.68,226.0
167.0,9.94,476.0
197.0,6.19,427.0
262.0,6.08,388.0
98.0,4.65,143.0
135.0,5.29,150.0
191.0,5.44,188.0
179.0,6.32,468.0
148.0,4.22,211.0
174.0,6.69,505.0
133.0,10.38,217.0
180.0,4.48,602.0
206.0,5.04,474.0
163.0,4.76,530.0
200.0,3.95,255.0
109.0,6.88,234.0
824.0,6.53,335.0
108.0,4.91,164.0
179.0,5.13,353.0
75.0,2.68,5.0
87.0,5.41,460.0
92.0,3.28,584.0
97.0,4.18,23.0
186.0,5.02,499.0
124.0,5.0,360.0
144.0,3.52,458.0
186.0,3.67,521.0
194.0,6.51,418.0
192.0,6.5,462.0
138.0,6.38,69.0
150.0,4.8,394.0
144.0,5.46,452.0
180.0,6.49,322.0
239.0,5.85,381.0
740.0,4.96,149.0
87.0,7.18,78.0
122.0,6.14,65.0
180.0,5.06,167.0
133.0,3.07,106.0
124.0,5.14,85.0
140.0,4.34,48.0
93.0,3.09,15.0
150.0,6.1,447.0
187.0,5.45,402.0
133.0,5.95,486.0
169.0,5.91,352.0
136.0,5.36,283.0
171.0,4.35,366.0
189.0,7.18,277.0
184.0,6.47,143.0
190.0,5.4,244.0
209.0,5.08,377.0
154.0,4.14,444.0
121.0,6.11,298.0
171.0,5.1,543.0
150.0,5.25,488.0
169.0,3.68,475.0
158.0,5.91,442.0
175.0,5.95,210.0
167.0,5.6,437.0
201.0,5.52,491.0
165.0,4.69,748.0
179.0,4.58,397.0
189.0,5.68,127.0
114.0,5.85,535.0
186.0,5.99,100.0
146.0,3.93,520.0
170.0,66.03,486.0
145.0,7.19,561.0
153.0,4.58,590.0
155.0,6.55,26.0
154.0,5.22,164.0
129.0,5.15,390.0
211.0,5.14,376.0
208.0,5.02,405.0
161.0,5.02,456.0
148.0,67.7,394.0
146.0,6.53,569.0
81.0,3.57,108.0
167.0,4.61,80.0
120.0,5.78,8441.0
95.0,4.45,578.0
144.0,4.71,447.0
107.0,3.58,174.0
181.0,4.9,284.0
135.0,4.86,151.0
102.0,3.94,171.0
102.0,3.74,351.0
106.0,3.07,68.0
124.0,4.94,426.0
97.0,4.54,79.0
107.0,4.96,531.0
148.0,4.36,574.0
134.0,4.46,430.0
178.0,5.47,495.0
200.0,6.49,427.0
168.0,5.76,57.0
179.0,5.48,423.0
137.0,4.78,396.0
154.0,7.11,115.0
156.0,6.9,551.0
140.0,6.17,377.0
181.0,6.12,543.0
153.0,7.76,240.0
150.0,3.68,319.0
238.0,5.03,121.0
92.0,7.63,121.0
142.0,6.99,19.0
240.0,5.81,20.0
265.0,7.76,93.0
206.0,4.78,59.0
198.0,4.9,108.0
90.0,16.3,58.0
172.0,5.12,515.0
209.0,5.71,458.0
739.0,5.13,82.0
201.0,4.53,454.0
120.0,4.59,240.0
107.0,5.79,436.0
145.0,6.62,134.0
129.0,4.39,391.0
210.0,4.78,248.0
119.0,3.51,95.0
149.0,4.99,199.0
157.0,4.68,264.0
258.0,3.27,19.0
84.0,2.8,482.0
128.0,4.6,207.0
98.0,3.26,96.0
134.0,4.31,160.0
137.0,3.49,177.0
200.0,2.7,51.0
104.0,3.5,192.0
237.0,3.1,38.0
123.0,4.4,370.0
78.0,5.75,194.0
91.0,2.97,608.0
89.0,3.78,73.0
56.0,1.96,229.0
136.0,5.36,104.0
64.0,2.73,208.0
135.0,2.41,429.0
155.0,3.99,52.0
99.0,2.9,85.0
96.0,3.2,36.0
173.0,4.32,191.0
126.0,4.06,118.0
139.0,2.34,104.0
166.0,5.15,290.0
103.0,3.21,83.0
137.0,4.33,46.0
117.0,5.28,379.0
84.0,2.18,536.0
75.0,3.79,97.0
243.0,6.85,67.0
296.0,5.02,185.0
178.0,2.24,44.0
79.0,4.91,156.0
90.0,3.14,296.0
106.0,4.66,113.0
138.0,3.56,238.0
69.0,5.04,49.0
92.0,3.34,281.0
124.0,3.03,395.0
154.0,3.75,73.0
147.0,3.42,22.0
145.0,4.39,58.0
111.0,3.86,162.0
93.0,2.93,20.0
113.0,3.55,23.0
271.0,3.42,60.0
39.0,3.64,80.0
292.0,3.73,43.0
137.0,4.56,214.0
65.0,2.97,271.0
72.0,3.15,362.0
108.0,3.52,172.0
69.0,2.18,210.0
93.0,3.06,244.0
112.0,3.15,553.0
38.0,2.61,529.0
73.0,2.17,504.0
72.0,1.96,501.0
90.0,4.55,265.0
110.0,3.6,158.0
149.0,9.06,484.0
116.0,4.09,181.0
118.0,4.91,234.0
169.0,4.21,148.0
146.0,5.57,273.0
182.0,3.12,461.0
120.0,4.2,179.0
48.0,1.82,217.0
62.0,3.15,278.0
123.0,4.88,207.0
70.0,2.99,587.0
57.0,2.81,235.0
101.0,2.65,27.0
68.0,4.06,91.0
40.0,3.79,98.0
115.0,2.14,70.0
200.0,3.57,108.0
123.0,3.3,166.0
112.0,3.93,48.0
105.0,3.6,128.0
112.0,5.12,202.0
267.0,3.43,63.0
67.0,4.58,162.0
116.0,4.13,278.0
174.0,5.34,475.0
71.0,2.24,590.0
168.0,2.54,78.0
135.0,4.0,81.0
151.0,3.58,36.0
243.0,3.1,110.0
107.0,3.61,34.0
110.0,3.56,56.0
56.0,2.5,103.0
145.0,4.01,330.0
105.0,3.48,366.0
132.0,4.71,140.0
133.0,3.09,36.0
153.0,4.67,178.0
59.0,2.34,250.0
167.0,4.12,183.0
130.0,4.0,254.0
65.0,2.62,309.0
225.0,6.29,63.0
169.0,3.34,162.0
134.0,3.74,5.0
91.0,3.91,93.0
265.0,4.26,49.0
129.0,4.54,128.0
104.0,4.03,318.0
94.0,3.65,34.0
86.0,1.44,134.0
54.0,6.69,171.0
69.0,3.33,143.0
101.0,3.08,55.0
114.0,3.57,70.0
142.0,5.2,322.0
34.0,2.94,51.0
119.0,4.06,85.0
87.0,4.97,29.0
82.0,3.43,152.0
133.0,3.53,120.0
127.0,3.38,145.0
127.0,5.09,113.0
809.0,3.69,184.0
146.0,5.49,218.0
102.0,2.95,103.0
72.0,2.83,116.0
176.0,2.41,48.0
117.0,3.34,49.0
156.0,4.3,34.0
122.0,4.15,40.0
92.0,3.88,144.0
65.0,2.28,42.0
114.0,4.54,142.0
170.0,5.39,438.0
136.0,4.86,182.0
179.0,4.12,37.0
135.0,4.63,191.0
107.0,4.37,81.0
172.0,4.92,276.0
331.0,3.63,52.0
73.0,1.37,8.0
205.0,4.11,70.0
56.0,2.83,10.0
156.0,3.82,45.0
36.0,3.85,16.0
182.0,4.9,349.0
185.0,3.73,182.0
154.0,2.86,184.0
477.0,5.21,67.0
99.0,3.57,48.0
234.0,4.74,53.0
97.0,3.72,162.0
122.0,3.76,132.0
195.0,4.11,105.0
45.0,1.73,8.0
49.0,1.34,7.0
146.0,4.3,94.0
164.0,5.2,41.0
160.0,4.59,54.0
109.0,5.84,34.0
126.0,3.78,178.0
263.0,4.31,355.0
113.0,3.31,239.0
109.0,3.13,34.0
30.0,2.95,27.0
74.0,2.53,92.0
202.0,6.17,314.0
186.0,2.39,115.0
129.0,3.55,35.0
117.0,5.19,37.0
137.0,4.46,286.0
73.0,2.19,10.0
117.0,1.47,9.0
154.0,5.22,133.0
63.0,1.81,87.0
174.0,5.67,293.0
167.0,6.49,512.0
158.0,6.37,524.0
89.0,4.15,99.0
124.0,3.8,50.0
147.0,4.81,236.0
219.0,7.09,318.0
116.0,3.83,167.0
158.0,5.42,377.0
189.0,5.81,177.0
144.0,5.54,84.0
145.0,6.07,352.0
126.0,3.06,347.0
134.0,3.19,49.0
93.0,3.45,62.0
230.0,4.1,131.0
136.0,4.86,101.0
159.0,4.33,129.0
209.0,2.63,56.0
204.0,5.57,30.0
190.0,5.01,82.0
98.0,3.8,51.0
203.0,4.27,288.0
146.0,1.92,57.0
840.0,4.57,141.0
161.0,3.82,211.0
254.0,3.35,72.0
165.0,4.17,15.0
143.0,4.71,54.0
205.0,5.25,158.0
160.0,5.93,110.0
125.0,4.88,589.0
46.0,1.63,30.0
322.0,4.15,57.0
169.0,4.76,193.0
193.0,5.33,128.0
179.0,5.06,42.0
150.0,5.83,133.0
125.0,4.33,79.0
126.0,4.28,74.0
132.0,4.55,112.0
48.0,5.98,59.0
36.0,3.38,44.0
177.0,4.42,215.0
164.0,4.59,143.0
160.0,4.69,230.0
143.0,3.98,19.0
142.0,3.8,55.0
246.0,3.17,74.0
131.0,4.73,221.0
159.0,4.17,271.0
117.0,4.36,83.0
277.0,5.02,263.0
161.0,4.36,0.0
59.0,1.99,442.0
65.0,2.05,496.0
79.0,2.08,171.0
87.0,1.56,326.0
33.0,1.88,469.0
53.0,2.47,350.0
60.0,1.33,135.0
35.0,2.28,347.0
28.0,2.61,353.0
55.0,2.86,308.0
55.0,1.73,214.0
118.0,5.85,289.0
271.0,5.54,405.0
259.0,5.28,312.0
141.0,6.56,170.0
144.0,5.29,81.0
135.0,6.13,70.0
132.0,4.36,94.0
125.0,6.04,125.0
157.0,4.85,43.0
116.0,4.73,4.0
138.0,5.39,192.0
45.0,1.87,29.0
43.0,2.28,551.0
49.0,1.4,197.0
65.0,1.56,489.0
42.0,1.85,359.0
48.0,1.92,169.0
35.0,1.33,91.0
59.0,0.85,209.0
52.0,1.29,26.0
60.0,1.65,64.0
45.0,1.15,24.0
29.0,0.4,17.0
144.0,5.22,64.0
163.0,3.39,138.0
152.0,3.34,56.0
123.0,5.17,156.0
205.0,3.95,123.0
134.0,2.83,143.0
115.0,3.2,98.0
103.0,5.1,87.0
136.0,3.6,130.0
180.0,7.61,81.0
130.0,3.74,43.0
171.0,4.51,58.0
126.0,4.29,62.0
71.0,2.87,23.0
123.0,3.63,107.0
48.0,2.01,400.0
60.0,2.73,590.0
40.0,1.95,585.0
64.0,2.08,529.0
39.0,1.2,564.0
38.0,1.79,528.0
47.0,1.2,177.0
43.0,1.34,169.0
35.0,1.69,175.0
44.0,1.47,329.0
41.0,1.83,134.0
146.0,5.83,583.0
121.0,6.6,620.0
157.0,5.25,198.0
127.0,6.5,370.0
133.0,4.83,158.0
107.0,4.04,213.0
235.0,4.14,256.0
172.0,5.41,184.0
142.0,1.85,16.0
133.0,5.56,116.0
123.0,4.72,447.0
169.0,4.39,198.0
186.0,3.96,488.0
151.0,3.92,153.0
97.0,3.99,235.0
146.0,4.88,204.0
100.0,1.26,6.0
191.0,3.8,33.0
97.0,4.48,48.0
175.0,4.38,389.0
112.0,4.74,320.0
91.0,4.21,75.0
119.0,4.4,218.0
124.0,4.65,34.0
98.0,3.62,185.0
141.0,4.67,270.0
142.0,4.05,54.0
186.0,7.16,314.0
150.0,9.81,449.0
201.0,5.18,290.0
160.0,3.83,137.0
118.0,3.43,412.0
98.0,2.97,115.0
124.0,4.13,60.0
242.0,5.24,339.0
177.0,4.8,400.0
131.0,4.5,329.0
122.0,8.15,362.0
102.0,2.62,360.0
81.0,4.87,371.0
92.0,4.55,370.0
110.0,3.89,164.0
115.0,5.15,89.0
156.0,4.19,375.0
69.0,2.68,347.0
122.0,4.42,351.0
124.0,5.17,285.0
176.0,4.97,374.0
135.0,67.42,166.0
204.0,4.98,273.0
177.0,7.68,110.0
110.0,7.78,212.0
78.0,3.3,25.0
143.0,5.09,37.0
101.0,5.48,455.0
230.0,5.58,122.0
145.0,4.54,153.0
83.0,6.85,63.0
71.0,2.36,17.0
112.0,3.29,62.0
106.0,5.53,160.0
77.0,2.05,13.0
159.0,4.59,129.0
120.0,3.52,82.0
245.0,5.57,17.0
75.0,1.19,14.0
210.0,5.11,54.0
28.0,0.98,35.0
97.0,4.44,191.0
86.0,3.64,371.0
194.0,6.5,60.0
115.0,6.17,415.0
25.0,1.84,20.0
80.0,2.75,165.0
155.0,7.03,364.0
175.0,6.58,442.0
175.0,9.31,409.0
130.0,5.78,326.0
299.0,2.61,32.0
118.0,5.91,43.0
97.0,2.6,170.0
147.0,3.71,302.0
236.0,6.46,376.0
142.0,4.52,46.0
131.0,3.7,400.0
154.0,4.09,230.0
244.0,3.53,297.0
131.0,3.32,40.0
158.0,4.23,918.0
173.0,3.76,456.0
110.0,3.4,443.0
118.0,3.55,503.0
90.0,3.08,413.0
214.0,5.81,305.0
198.0,5.18,35.0
62.0,3.67,19.0
178.0,5.4,70.0
187.0,9.51,10.0
139.0,4.17,359.0
122.0,5.03,398.0
257.0,6.87,201.0
119.0,4.28,319.0
162.0,3.79,361.0
109.0,2.75,492.0
109.0,3.13,419.0
148.0,4.77,447.0
164.0,5.08,407.0
129.0,7.23,106.0
125.0,4.31,203.0
165.0,4.53,277.0
70.0,2.66,322.0
153.0,6.69,444.0
248.0,5.8,198.0
140.0,4.36,258.0
103.0,3.12,271.0
144.0,4.67,333.0
134.0,3.33,429.0
101.0,2.61,423.0
157.0,3.38,347.0
175.0,4.2,323.0
31.0,1.23,5.0
72.0,2.36,123.0
57.0,3.85,161.0
94.0,4.16,272.0
127.0,5.57,433.0
118.0,6.07,301.0
133.0,4.98,315.0
140.0,5.32,39.0
132.0,4.68,80.0
84.0,5.57,345.0
248.0,4.46,449.0
168.0,4.92,157.0
146.0,4.39,304.0
135.0,4.15,330.0
116.0,2.47,11.0
119.0,4.97,30.0
29.0,1.25,1.0
116.0,2.67,29.0
60.0,1.51,12.0
64.0,1.82,11.0
41.0,1.05,13.0
64.0,4.35,233.0
88.0,1.2,4.0
140.0,3.21,92.0
171.0,5.03,86.0
60.0,3.36,12.0
128.0,3.44,193.0
102.0,3.9,421.0
62.0,8.52,205.0
75.0,6.78,474.0
105.0,5.82,455.0
85.0,5.82,463.0
116.0,3.85,319.0
107.0,5.11,369.0
105.0,3.4,32.0
111.0,3.76,104.0
96.0,4.22,416.0
88.0,5.05,110.0
291.0,5.41,165.0
108.0,3.86,12.0
138.0,6.52,70.0
104.0,3.0,14.0
132.0,3.7,28.0
207.0,5.22,140.0
167.0,6.93,56.0
69.0,2.76,352.0
147.0,4.36,393.0
129.0,6.04,402.0
124.0,4.54,205.0
165.0,6.97,346.0
74.0,3.95,5.0
154.0,35.42,314.0
104.0,3.26,130.0
32.0,1.59,13.0
75.0,2.18,20.0
37.0,1.37,11.0
123.0,5.36,47.0
132.0,4.21,32.0
87.0,3.81,25.0
45.0,1.61,15.0
54.0,2.9,12.0
34.0,2.77,35.0
72.0,6.66,56.0
168.0,5.37,106.0
144.0,3.65,251.0
158.0,3.21,375.0
116.0,3.18,306.0
178.0,4.83,210.0
92.0,8.21,177.0
82.0,4.79,371.0
221.0,6.6,191.0
112.0,2.76,192.0
168.0,3.97,301.0
160.0,3.93,209.0
23.0,1.86,12.0
127.0,5.71,34.0
132.0,4.74,19.0
227.0,7.85,31.0
193.0,6.03,251.0
222.0,6.69,98.0
125.0,6.35,286.0
252.0,5.77,239.0
158.0,6.96,39.0
146.0,0.87,11.0
119.0,3.88,74.0
116.0,2.64,15.0
73.0,2.69,76.0
42.0,2.09,13.0
102.0,4.67,171.0
153.0,3.27,16.0
261.0,5.52,95.0
289.0,5.0,39.0
196.0,6.82,55.0
90.0,6.02,31.0
140.0,9.53,19.0
106.0,63.79,79.0
131.0,4.71,108.0
144.0,7.26,361.0
108.0,5.14,392.0
109.0,4.56,46.0
117.0,4.92,39.0
109.0,4.56,142.0
87.0,4.91,95.0
135.0,3.0,347.0
80.0,2.72,432.0
139.0,4.4,378.0
91.0,3.04,277.0
127.0,5.49,451.0
134.0,6.73,409.0
304.0,6.22,484.0
204.0,6.33,398.0
151.0,5.52,370.0
162.0,4.48,46.0
124.0,3.64,284.0
147.0,4.01,423.0
193.0,6.06,506.0
245.0,6.7,646.0
183.0,5.35,68.0
147.0,6.73,259.0
125.0,4.03,201.0
112.0,65.0,236.0
43.0,1.6,24.0
91.0,2.97,31.0
181.0,5.38,366.0
125.0,27.55,342.0
138.0,4.11,299.0
137.0,4.11,294.0
164.0,3.12,368.0
206.0,7.7,466.0
210.0,5.69,399.0
154.0,4.97,408.0
190.0,4.49,390.0
174.0,5.93,490.0
169.0,5.47,407.0
155.0,5.61,400.0
135.0,4.19,401.0
164.0,4.58,388.0
181.0,6.94,218.0
79.0,9.41,6053.0
47.0,2.38,26.0
40.0,4.19,10.0
69.0,2.67,236.0
200.0,5.11,353.0
72.0,4.49,364.0
726.0,3.42,370.0
184.0,6.23,307.0
211.0,6.31,426.0
63.0,2.11,3.0
58.0,2.0,14.0
199.0,4.27,66.0
134.0,5.13,494.0
96.0,4.07,379.0
135.0,4.48,408.0
140.0,5.35,422.0
56.0,3.91,339.0
109.0,3.3,6376.0
95.0,3.35,305.0
127.0,3.11,386.0
179.0,5.52,371.0
225.0,5.78,394.0
182.0,5.21,405.0
125.0,4.44,345.0
76.0,3.5,310.0
69.0,3.29,387.0
75.0,2.5,321.0
114.0,9.19,466.0
120.0,5.37,420.0
113.0,6.51,401.0
96.0,7.33,458.0
78.0,9.03,524.0
74.0,5.41,439.0
154.0,4.73,201.0
195.0,7.69,285.0
224.0,6.17,426.0
233.0,7.01,408.0
180.0,5.92,227.0
82.0,6.31,89.0
100.0,3.3,238.0
114.0,4.73,51.0
96.0,3.64,226.0
188.0,6.4,352.0
161.0,5.11,412.0
144.0,6.27,374.0
186.0,7.4,383.0
81.0,3.93,422.0
137.0,4.58,369.0
142.0,5.29,358.0
193.0,5.78,399.0
139.0,5.63,391.0
228.0,6.5,492.0
111.0,2.74,71.0
248.0,4.19,202.0
159.0,10.09,548.0
197.0,68.36,128.0
172.0,6.29,164.0
156.0,5.1,236.0
143.0,6.91,486.0
179.0,5.09,411.0
161.0,5.07,454.0
226.0,6.55,392.0
196.0,8.8,406.0
110.0,6.03,390.0
143.0,5.54,355.0
134.0,4.7,381.0
151.0,6.76,395.0
153.0,4.55,504.0
219.0,8.45,379.0
148.0,6.48,372.0
144.0,5.45,313.0
204.0,4.59,76.0
70.0,3.44,139.0
243.0,10.22,27.0
188.0,7.3,43.0
171.0,4.09,66.0
149.0,6.5,464.0
160.0,7.57,383.0
106.0,8.17,61.0
121.0,3.53,49.0
157.0,4.73,41.0
54.0,1.85,86.0
167.0,5.67,292.0
168.0,6.07,312.0
202.0,7.58,355.0
208.0,6.56,369.0
162.0,7.61,396.0
202.0,6.57,406.0
140.0,5.39,440.0
122.0,3.84,293.0
139.0,4.92,344.0
144.0,6.83,367.0
195.0,6.39,371.0
94.0,3.87,427.0
175.0,5.68,435.0
154.0,5.68,461.0
202.0,3.85,73.0
241.0,7.85,49.0
261.0,7.21,45.0
115.0,5.07,42.0
268.0,5.18,86.0
91.0,4.01,285.0
162.0,5.3,306.0
149.0,4.13,176.0
207.0,6.46,425.0
51.0,5.55,228.0
116.0,3.42,18.0
90.0,5.03,11.0
127.0,4.08,455.0
194.0,4.19,238.0
139.0,5.37,8.0
148.0,5.73,59.0
152.0,4.48,12.0
153.0,5.39,85.0
159.0,5.12,15.0
97.0,3.03,13.0
123.0,4.66,41.0
100.0,2.34,177.0
150.0,4.18,407.0
149.0,5.76,277.0
218.0,3.84,39.0
173.0,5.31,200.0
171.0,5.13,360.0
124.0,4.28,258.0
170.0,4.45,312.0
48.0,2.25,71.0
83.0,5.77,81.0
245.0,8.76,354.0
118.0,6.32,359.0
43.0,1.14,1.0
197.0,5.67,55.0
158.0,6.21,153.0
131.0,7.3,348.0
126.0,6.77,400.0
97.0,2.75,41.0
102.0,2.45,57.0
259.0,5.97,82.0
119.0,4.23,76.0
202.0,4.56,218.0
143.0,5.65,273.0
150.0,5.04,49.0
141.0,4.6,382.0
171.0,5.88,361.0
168.0,3.59,283.0
196.0,5.63,365.0
167.0,6.12,59.0
106.0,3.09,27.0
175.0,5.97,105.0
167.0,3.76,3.0
137.0,3.96,108.0
104.0,5.06,447.0
125.0,3.54,419.0
102.0,3.8,326.0
114.0,4.42,407.0
130.0,5.56,394.0
186.0,6.04,403.0
70.0,2.61,382.0
143.0,5.62,444.0
150.0,4.26,401.0
85.0,2.4,388.0
121.0,5.05,383.0
188.0,6.71,350.0
194.0,5.4,394.0
136.0,4.11,306.0
199.0,6.15,428.0
168.0,5.95,439.0
198.0,6.16,447.0
181.0,5.15,311.0
191.0,7.96,371.0
145.0,5.79,390.0
157.0,6.35,417.0
138.0,5.29,437.0
189.0,5.07,405.0
139.0,6.88,516.0
190.0,5.93,333.0
155.0,6.17,356.0
192.0,5.49,469.0
136.0,5.66,417.0
326.0,5.1,343.0
223.0,6.66,442.0
142.0,3.54,227.0
175.0,4.26,233.0
89.0,3.13,303.0
117.0,3.28,371.0
121.0,4.1,389.0
132.0,5.06,39.0
117.0,9.2,316.0
124.0,4.15,381.0
178.0,4.96,276.0
167.0,5.21,385.0
162.0,11.06,507.0
212.0,8.37,106.0
28.0,2.22,134.0
246.0,6.87,65.0
159.0,6.3,485.0
128.0,3.28,453.0
142.0,5.83,291.0
204.0,6.34,593.0
195.0,7.42,478.0
149.0,4.37,460.0
160.0,4.21,359.0
163.0,6.19,320.0
131.0,8.94,46.0
144.0,3.55,418.0
129.0,4.32,421.0
125.0,3.02,418.0
139.0,4.81,438.0
140.0,3.82,159.0
182.0,4.66,331.0
112.0,8.18,583.0
123.0,4.01,485.0
150.0,5.44,458.0
93.0,4.01,431.0
123.0,3.17,315.0
107.0,3.15,473.0
114.0,4.0,144.0
131.0,4.29,432.0
127.0,3.42,244.0
82.0,3.93,188.0
95.0,3.45,499.0
50.0,2.7,73.0
108.0,3.15,132.0
81.0,3.16,246.0
126.0,7.74,345.0
97.0,2.84,423.0
103.0,3.62,407.0
137.0,4.19,408.0
107.0,3.73,292.0
170.0,4.16,412.0
183.0,5.25,112.0
74.0,2.56,399.0
139.0,5.34,250.0
138.0,5.48,185.0
163.0,5.02,290.0
144.0,10.04,219.0
89.0,4.54,215.0
93.0,3.93,476.0
96.0,4.2,464.0
121.0,4.11,431.0
42.0,11.98,466.0
100.0,2.89,353.0
147.0,5.53,444.0
187.0,3.26,420.0
159.0,4.18,195.0
166.0,4.39,144.0
155.0,5.96,235.0
139.0,4.83,390.0
124.0,4.98,443.0
97.0,3.21,406.0
112.0,5.29,441.0
72.0,3.47,423.0
119.0,3.44,404.0
107.0,3.59,230.0
127.0,3.38,400.0
96.0,3.42,288.0
154.0,5.62,374.0
116.0,4.7,426.0
124.0,3.73,386.0
157.0,3.68,386.0
180.0,5.03,338.0
89.0,4.47,383.0
111.0,3.98,410.0
107.0,2.95,293.0
138.0,5.08,145.0
216.0,4.76,539.0
68.0,4.97,512.0
92.0,5.15,469.0
105.0,2.41,234.0
137.0,5.57,476.0
156.0,4.19,443.0
101.0,6.19,121.0
61.0,2.51,442.0
138.0,3.58,411.0
35.0,2.39,244.0
132.0,4.22,426.0
114.0,3.19,495.0
135.0,3.95,278.0
182.0,2.29,449.0
119.0,3.52,545.0
66.0,2.21,284.0
343.0,13.35,320.0
187.0,9.91,146.0
197.0,5.65,419.0
93.0,4.03,456.0
69.0,2.9,209.0
133.0,4.66,382.0
148.0,4.52,424.0
123.0,4.02,451.0
166.0,6.12,398.0
151.0,3.96,369.0
150.0,5.28,354.0
112.0,3.44,439.0
141.0,3.35,364.0
152.0,4.96,431.0
80.0,4.37,292.0
139.0,2.98,273.0
88.0,3.08,444.0
65.0,3.71,513.0
107.0,3.33,447.0
88.0,4.42,427.0
96.0,3.63,414.0
126.0,4.01,410.0
129.0,4.26,371.0
164.0,3.83,389.0
88.0,4.72,417.0
149.0,3.11,414.0
151.0,5.1,425.0
87.0,4.19,358.0
169.0,5.28,505.0
139.0,4.57,421.0
78.0,3.27,283.0
127.0,5.67,360.0
118.0,5.32,411.0
86.0,2.4,257.0
115.0,6.65,467.0
127.0,5.13,519.0
143.0,3.96,358.0
127.0,5.7,406.0
218.0,5.1,195.0
77.0,2.94,117.0
121.0,5.24,315.0
122.0,4.44,473.0
135.0,4.38,487.0
73.0,2.65,185.0
106.0,3.27,253.0
124.0,3.21,316.0
147.0,5.25,482.0
122.0,4.32,445.0
119.0,4.36,424.0
134.0,4.32,246.0
96.0,3.2,259.0
96.0,4.04,557.0
101.0,4.39,338.0
116.0,3.66,364.0
175.0,6.04,472.0
109.0,4.11,409.0
94.0,4.7,429.0
112.0,6.74,330.0
75.0,2.71,327.0
138.0,4.66,360.0
152.0,4.01,131.0
144.0,3.92,359.0
104.0,3.77,384.0
93.0,4.73,336.0
101.0,3.86,463.0
91.0,3.38,267.0
147.0,3.11,269.0
98.0,3.39,358.0
93.0,5.79,439.0
100.0,3.41,277.0
240.0,4.77,380.0
199.0,4.43,474.0
136.0,5.52,392.0
122.0,3.91,415.0
131.0,4.74,330.0
88.0,3.2,378.0
95.0,4.64,496.0
177.0,5.24,419.0
277.0,4.73,382.0
109.0,3.88,138.0
245.0,6.73,398.0
171.0,5.48,181.0
121.0,4.66,407.0
183.0,5.14,458.0
185.0,5.6,443.0
157.0,6.11,418.0
144.0,4.26,376.0
293.0,7.79,412.0
214.0,5.08,422.0
120.0,4.3,255.0
127.0,4.04,197.0
766.0,4.49,467.0
157.0,4.54,394.0
200.0,3.9,428.0
99.0,4.19,307.0
133.0,3.49,476.0
189.0,4.98,371.0
112.0,3.9,219.0
140.0,6.3,422.0
56.0,6.35,40.0
101.0,3.39,12.0
159.0,5.15,160.0
186.0,5.83,240.0
66.0,3.02,173.0
116.0,5.48,288.0
68.0,3.09,397.0
127.0,3.9,312.0
88.0,3.52,439.0
101.0,2.8,415.0
186.0,6.24,500.0
164.0,6.34,461.0
166.0,4.14,460.0
60.0,2.22,276.0
65.0,3.61,254.0
198.0,3.34,522.0
82.0,2.26,438.0
85.0,2.23,178.0
101.0,2.78,373.0
146.0,4.48,460.0
89.0,2.91,404.0
109.0,4.88,396.0
78.0,3.7,450.0
147.0,6.27,309.0
133.0,5.19,427.0
95.0,2.89,382.0
179.0,6.25,435.0
169.0,4.68,415.0
168.0,6.65,458.0
111.0,3.91,425.0
136.0,3.88,514.0
212.0,5.38,433.0
248.0,5.95,496.0
268.0,4.43,403.0
204.0,5.52,433.0
124.0,3.49,235.0
284.0,6.28,436.0
146.0,4.77,125.0
246.0,11.15,248.0
167.0,4.55,17.0
98.0,2.6,366.0
139.0,4.76,159.0
140.0,2.8,401.0
89.0,3.36,307.0
118.0,4.97,61.0
218.0,7.36,240.0
112.0,3.29,371.0
273.0,4.36,279.0
75.0,2.48,311.0
86.0,2.47,357.0
120.0,3.72,308.0
95.0,3.46,480.0
31.0,1.8,390.0
82.0,3.57,515.0
128.0,4.07,440.0
53.0,4.75,267.0
104.0,4.24,420.0
162.0,3.31,380.0
118.0,3.53,465.0
68.0,3.35,223.0
131.0,4.84,304.0
142.0,5.15,459.0
167.0,6.08,419.0
154.0,4.65,396.0
150.0,6.46,371.0
184.0,7.08,415.0
143.0,3.83,383.0
160.0,4.9,488.0
141.0,4.42,295.0
139.0,4.33,435.0
138.0,4.46,376.0
145.0,4.92,442.0
136.0,4.75,363.0
211.0,4.75,431.0
141.0,5.11,182.0
165.0,4.75,270.0
155.0,4.37,336.0
95.0,3.29,470.0
105.0,3.75,399.0
189.0,3.49,504.0
140.0,4.84,425.0
113.0,4.18,336.0
152.0,3.6,438.0
171.0,10.64,139.0
101.0,5.35,424.0
107.0,4.13,323.0
140.0,6.32,457.0
104.0,4.69,370.0
138.0,4.74,304.0
129.0,4.3,234.0
195.0,4.28,197.0
159.0,4.82,330.0
127.0,3.26,40.0
128.0,3.58,310.0
98.0,4.01,419.0
87.0,3.54,239.0
50.0,7.04,357.0
157.0,5.41,414.0
122.0,3.07,368.0
149.0,3.21,391.0
102.0,3.37,474.0
122.0,4.0,280.0
108.0,3.37,417.0
143.0,3.91,409.0
135.0,4.67,445.0
141.0,4.96,404.0
64.0,2.45,337.0
100.0,3.63,433.0
82.0,4.7,461.0
118.0,3.74,475.0
62.0,4.57,507.0
82.0,2.61,214.0
52.0,2.75,244.0
132.0,3.89,334.0
81.0,3.44,186.0
95.0,2.39,298.0
160.0,2.54,392.0
139.0,4.78,343.0
91.0,2.55,455.0
95.0,3.16,296.0
64.0,2.48,232.0
100.0,2.68,379.0
127.0,3.43,465.0
75.0,2.86,304.0
175.0,5.28,387.0
136.0,3.88,468.0
253.0,4.64,457.0
143.0,4.95,425.0
73.0,3.12,258.0
192.0,4.57,502.0
137.0,3.57,437.0
91.0,4.59,256.0
105.0,2.35,241.0
122.0,3.74,577.0
119.0,4.11,532.0
113.0,4.82,294.0
85.0,3.3,450.0
100.0,4.08,614.0
111.0,2.77,378.0
97.0,8.66,334.0
73.0,5.65,72.0
108.0,4.16,458.0
78.0,3.03,53.0
115.0,3.26,234.0
94.0,4.44,438.0
53.0,1.64,502.0
136.0,3.61,450.0
96.0,4.32,430.0
62.0,2.4,406.0
148.0,4.53,440.0
113.0,1.89,220.0
120.0,5.53,36.0
100.0,4.85,685.0
96.0,3.01,145.0
117.0,3.25,107.0
56.0,1.87,374.0
123.0,4.69,296.0
97.0,3.31,371.0
112.0,2.79,508.0
108.0,4.7,434.0
99.0,2.88,427.0
98.0,4.21,475.0
60.0,3.93,383.0
100.0,4.07,362.0
73.0,2.12,51.0
150.0,7.89,268.0
109.0,2.75,353.0
146.0,13.41,430.0
146.0,8.51,211.0
150.0,4.38,224.0
112.0,3.35,147.0
46.0,1.41,347.0
102.0,3.56,255.0
78.0,2.32,247.0
74.0,2.59,293.0
157.0,3.46,343.0
34.0,2.03,197.0
140.0,4.46,384.0
77.0,4.03,278.0
113.0,4.0,415.0
64.0,2.47,249.0
88.0,4.23,417.0
109.0,3.34,480.0
112.0,3.5,428.0
137.0,6.64,486.0
148.0,8.27,110.0
145.0,5.29,158.0
132.0,4.89,459.0
144.0,4.12,623.0
130.0,4.19,106.0
112.0,4.3,402.0
147.0,2.74,687.0
126.0,4.27,774.0
18.0,17.14,142.0
111.0,2.62,340.0
75.0,1.86,176.0
123.0,6.5,272.0
79.0,3.2,182.0
164.0,3.1,408.0
109.0,2.55,356.0
112.0,2.83,430.0
263.0,5.42,519.0
143.0,2.84,441.0
166.0,4.19,497.0
128.0,3.98,540.0
183.0,5.23,473.0
256.0,6.3,348.0
116.0,4.6,353.0
219.0,2.69,223.0
266.0,3.74,239.0
85.0,1.4,55.0
106.0,2.41,275.0
102.0,3.19,373.0
68.0,3.75,270.0
213.0,2.57,223.0
86.0,4.17,250.0
176.0,5.51,378.0
164.0,3.05,143.0
102.0,4.55,363.0
200.0,3.96,224.0
197.0,3.95,470.0
112.0,3.2,352.0
36.0,1.43,9.0
98.0,6.52,307.0
84.0,2.15,31.0
142.0,2.05,128.0
66.0,1.77,143.0
39.0,4.77,163.0
78.0,6.9,93.0
83.0,3.67,44.0
66.0,4.89,65.0
35.0,1.48,6.0
109.0,6.04,141.0
26.0,8.96,47.0
163.0,6.89,300.0
129.0,2.98,107.0
142.0,4.56,231.0
93.0,3.31,28.0
216.0,7.37,238.0
84.0,3.91,521.0
84.0,4.83,437.0
224.0,4.0,433.0
203.0,3.72,359.0
189.0,3.78,302.0
184.0,6.59,382.0
137.0,4.96,142.0
110.0,2.8,394.0
115.0,2.0,472.0
136.0,2.99,521.0
114.0,4.73,534.0
131.0,3.92,428.0
153.0,3.6,451.0
120.0,4.68,240.0
117.0,5.06,474.0
127.0,3.94,449.0
96.0,3.89,256.0
116.0,4.35,386.0
131.0,4.71,276.0
86.0,1.95,234.0
84.0,4.65,56.0
125.0,4.28,551.0
90.0,4.88,192.0
117.0,3.17,166.0
181.0,3.12,97.0
45.0,3.41,286.0
101.0,2.53,347.0
97.0,3.61,438.0
89.0,4.12,704.0
82.0,4.48,52.0
116.0,3.89,207.0
71.0,2.63,363.0
121.0,2.43,145.0
217.0,3.93,421.0
55.0,2.29,372.0
74.0,2.87,316.0
96.0,2.8,306.0
241.0,3.67,395.0
174.0,2.53,251.0
187.0,3.04,262.0
172.0,2.19,267.0
66.0,3.14,255.0
97.0,2.21,306.0
86.0,1.59,264.0
75.0,2.2,380.0
60.0,4.69,289.0
81.0,4.87,112.0
107.0,2.32,11.0
86.0,3.0,259.0
66.0,3.97,261.0
113.0,3.35,64.0
96.0,3.07,156.0
102.0,2.67,549.0
100.0,2.62,143.0
204.0,3.32,539.0
88.0,3.43,425.0
83.0,2.44,307.0
69.0,3.55,128.0
75.0,5.06,224.0
166.0,3.62,370.0
120.0,3.14,382.0
134.0,3.48,212.0
170.0,3.38,292.0
112.0,3.06,215.0
146.0,4.18,281.0
77.0,3.36,417.0
117.0,3.44,169.0
66.0,2.86,446.0
113.0,3.15,409.0
123.0,2.46,349.0
174.0,4.88,117.0
57.0,3.16,26.0
83.0,4.01,73.0
33.0,1.15,10.0
42.0,2.63,25.0
33.0,11.95,131.0
137.0,3.97,502.0
74.0,2.71,492.0
85.0,4.37,158.0
217.0,6.24,504.0
306.0,4.42,303.0
211.0,5.16,168.0
167.0,4.48,127.0
269.0,3.84,89.0
121.0,4.14,295.0
217.0,6.24,504.0
91.0,3.79,471.0
96.0,3.07,367.0
180.0,5.0,434.0
126.0,2.39,399.0
314.0,5.39,454.0
556.0,6.83,430.0
134.0,1.82,347.0
74.0,2.37,406.0
161.0,2.73,358.0
98.0,4.03,477.0
93.0,3.28,129.0
110.0,3.57,340.0
104.0,3.39,509.0
88.0,3.97,295.0
142.0,3.14,238.0
294.0,4.87,276.0
82.0,4.91,287.0
156.0,4.59,253.0
63.0,2.48,313.0
237.0,7.59,387.0
273.0,7.35,168.0
288.0,8.11,218.0
269.0,7.4,305.0
306.0,6.44,233.0
126.0,3.58,134.0
100.0,3.88,172.0
86.0,2.82,289.0
98.0,2.92,195.0
93.0,3.47,276.0
209.0,4.79,338.0
224.0,5.12,277.0
128.0,3.56,182.0
129.0,6.14,103.0
71.0,2.44,402.0
225.0,6.78,496.0
93.0,2.07,415.0
241.0,2.85,120.0
101.0,3.42,242.0
261.0,5.2,386.0
141.0,3.51,353.0
125.0,3.46,203.0
97.0,4.17,194.0
144.0,4.71,42.0
183.0,4.52,455.0
129.0,3.76,393.0
129.0,3.76,393.0
197.0,2.76,80.0
239.0,3.86,89.0
120.0,4.5,375.0
109.0,3.05,377.0
95.0,3.41,123.0
168.0,8.59,451.0
110.0,5.32,444.0
63.0,5.96,309.0
94.0,3.58,107.0
113.0,3.26,299.0
138.0,4.67,186.0
133.0,4.96,93.0
78.0,3.01,412.0
115.0,3.89,278.0
27.0,8.63,350.0
99.0,4.3,115.0
191.0,3.33,167.0
83.0,3.12,298.0
159.0,3.76,253.0
159.0,3.76,253.0
58.0,8.15,413.0
104.0,3.71,212.0
141.0,2.8,317.0
239.0,6.53,154.0
208.0,2.33,25.0
87.0,3.12,93.0
102.0,6.1,59.0
83.0,3.91,236.0
159.0,5.33,32.0
50.0,0.82,141.0
79.0,2.95,19.0
82.0,3.93,193.0
57.0,4.53,124.0
105.0,3.95,31.0
76.0,3.94,123.0
164.0,5.16,52.0
73.0,4.47,32.0
128.0,3.27,141.0
50.0,12.39,166.0
60.0,1.01,215.0
80.0,3.83,87.0
104.0,2.48,463.0
175.0,3.87,181.0
104.0,3.41,137.0
126.0,3.76,363.0
100.0,3.21,158.0
67.0,3.03,81.0
252.0,4.77,249.0
101.0,2.29,207.0
134.0,4.34,421.0
88.0,2.86,460.0
81.0,4.22,99.0
74.0,3.99,428.0
123.0,2.57,253.0
61.0,2.26,528.0
100.0,3.55,87.0
78.0,2.87,481.0
704.0,3.47,164.0
67.0,4.32,151.0
30.0,11.04,50.0
86.0,7.67,47.0
80.0,2.45,126.0
113.0,2.93,390.0
43.0,4.96,275.0
80.0,3.2,139.0
110.0,4.29,196.0
73.0,3.45,429.0
77.0,3.79,17.0
127.0,2.37,392.0
116.0,4.82,337.0
180.0,3.53,363.0
102.0,3.74,261.0
117.0,3.21,318.0
113.0,3.14,215.0
85.0,3.2,543.0
28.0,3.95,206.0
176.0,4.75,28.0
194.0,3.9,397.0
67.0,2.99,240.0
92.0,5.63,272.0
113.0,2.47,63.0
149.0,2.01,96.0
84.0,2.65,43.0
48.0,1.8,178.0
120.0,1.56,53.0
128.0,4.02,287.0
130.0,6.19,120.0
117.0,3.16,91.0
113.0,3.63,23.0
182.0,2.72,326.0
193.0,5.79,361.0
146.0,4.07,344.0
152.0,2.77,452.0
148.0,3.07,327.0
121.0,2.29,82.0
66.0,1.31,13.0
98.0,2.61,47.0
66.0,2.7,159.0
92.0,3.54,95.0
147.0,3.45,112.0
75.0,3.2,48.0
31.0,0.96,6.0
150.0,5.83,487.0
117.0,3.74,347.0
190.0,5.87,404.0
225.0,4.56,515.0
158.0,4.69,352.0
246.0,2.83,197.0
133.0,2.42,84.0
79.0,3.33,137.0
127.0,2.74,341.0
179.0,3.2,409.0
95.0,2.08,264.0
28.0,5.06,455.0
237.0,3.82,347.0
102.0,4.26,317.0
95.0,2.96,71.0
89.0,3.63,104.0
172.0,3.54,270.0
114.0,4.47,365.0
99.0,2.95,402.0
110.0,2.36,247.0
88.0,3.83,441.0
92.0,3.12,379.0
164.0,5.04,528.0
177.0,3.58,406.0
217.0,3.46,412.0
121.0,2.56,363.0
151.0,4.73,258.0
103.0,2.72,403.0
228.0,3.77,385.0
250.0,3.37,150.0
42.0,3.48,107.0
176.0,2.62,125.0
62.0,1.15,100.0
59.0,1.73,267.0
88.0,3.39,141.0
109.0,3.85,529.0
67.0,3.45,283.0
111.0,5.31,470.0
87.0,2.77,97.0
69.0,4.22,134.0
71.0,3.43,112.0
155.0,4.72,183.0
119.0,4.21,296.0
81.0,1.6,256.0
61.0,1.22,336.0
122.0,3.41,481.0
99.0,3.9,454.0
77.0,2.59,315.0
186.0,3.91,124.0
101.0,2.79,463.0
115.0,3.22,380.0
48.0,4.46,379.0
117.0,3.95,412.0
106.0,4.0,257.0
169.0,3.06,391.0
160.0,2.85,398.0
93.0,3.08,512.0
168.0,2.46,238.0
155.0,2.5,415.0
117.0,3.76,318.0
114.0,2.49,429.0
170.0,2.79,344.0
106.0,4.94,169.0
71.0,4.19,187.0
167.0,3.71,474.0
104.0,3.23,283.0
156.0,5.31,293.0
194.0,5.7,375.0
157.0,5.3,363.0
69.0,2.74,274.0
138.0,5.33,394.0
150.0,4.73,423.0
89.0,7.2,116.0
80.0,3.8,317.0
84.0,3.5,363.0
143.0,4.57,479.0
72.0,2.0,273.0
181.0,5.41,41.0
145.0,6.34,133.0
141.0,5.02,328.0
96.0,5.97,283.0
135.0,3.73,342.0
168.0,2.66,96.0
106.0,5.55,237.0
136.0,4.5,130.0
1039.0,3.45,377.0
89.0,3.82,303.0
230.0,6.69,381.0
105.0,3.61,424.0
165.0,14.5,286.0
245.0,8.17,323.0
117.0,5.09,409.0
203.0,6.04,350.0
29.0,7.78,81.0
290.0,7.95,407.0
250.0,8.43,333.0
254.0,13.07,397.0
89.0,5.13,368.0
160.0,5.05,196.0
198.0,5.88,351.0
145.0,4.41,191.0
224.0,4.1,298.0
138.0,3.35,494.0
172.0,4.62,529.0
152.0,5.71,510.0
200.0,5.38,370.0
167.0,3.11,364.0
98.0,3.37,357.0
173.0,13.4,501.0
152.0,9.11,300.0
112.0,8.2,371.0
215.0,6.81,261.0
151.0,5.43,270.0
173.0,6.06,253.0
204.0,6.9,363.0
94.0,3.5,300.0
96.0,5.56,396.0
148.0,4.92,423.0
126.0,1.93,445.0
139.0,4.18,451.0
109.0,3.27,342.0
134.0,3.69,465.0
126.0,4.55,501.0
72.0,3.16,243.0
52.0,3.29,370.0
160.0,3.91,350.0
130.0,3.63,577.0
124.0,3.72,394.0
183.0,4.62,401.0
96.0,4.54,330.0
144.0,4.0,542.0
130.0,4.04,325.0
134.0,4.06,313.0
147.0,4.17,400.0
129.0,4.34,241.0
132.0,5.15,569.0
134.0,4.08,294.0
132.0,3.73,441.0
134.0,4.39,410.0
91.0,4.1,145.0
123.0,3.93,446.0
115.0,4.89,419.0
102.0,4.23,441.0
94.0,4.15,624.0
155.0,4.92,102.0
147.0,6.61,32.0
142.0,4.12,8.0
176.0,4.54,44.0
168.0,3.36,24.0
156.0,2.36,17.0
109.0,4.66,106.0
139.0,6.2,315.0
115.0,4.39,481.0
268.0,7.13,365.0
132.0,4.54,428.0
111.0,4.04,462.0
113.0,5.36,262.0
166.0,4.84,463.0
143.0,4.6,469.0
133.0,3.94,447.0
107.0,3.23,365.0
89.0,4.07,676.0
64.0,3.19,487.0
62.0,2.15,276.0
98.0,3.57,537.0
99.0,4.42,409.0
96.0,3.4,251.0
264.0,4.53,112.0
73.0,3.27,177.0
83.0,2.93,317.0
102.0,4.02,114.0
83.0,3.68,10.0
100.0,2.98,183.0
110.0,3.43,12.0
93.0,4.13,34.0
124.0,3.56,110.0
166.0,7.35,220.0
72.0,4.62,349.0
150.0,5.97,304.0
94.0,3.4,459.0
178.0,5.63,84.0
111.0,3.73,522.0
150.0,5.1,418.0
111.0,3.7,329.0
128.0,6.16,453.0
157.0,8.73,478.0
113.0,6.76,276.0
82.0,2.67,53.0
65.0,3.77,3.0
155.0,2.9,28.0
188.0,4.19,27.0
157.0,6.15,404.0
167.0,5.77,325.0
159.0,4.9,347.0
36.0,5.22,428.0
144.0,5.16,810.0
148.0,4.34,340.0
170.0,4.47,448.0
142.0,3.65,370.0
110.0,3.46,444.0
171.0,4.0,418.0
165.0,5.73,495.0
151.0,4.92,470.0
124.0,5.27,354.0
96.0,4.97,426.0
172.0,6.0,514.0
212.0,4.54,454.0
166.0,5.74,464.0
193.0,5.23,485.0
693.0,2.78,388.0
132.0,4.3,509.0
157.0,5.53,441.0
171.0,4.78,453.0
216.0,6.57,451.0
162.0,7.07,490.0
159.0,5.47,558.0
232.0,6.63,377.0
141.0,3.31,435.0
175.0,4.42,402.0
216.0,6.16,489.0
116.0,4.83,435.0
200.0,6.1,442.0
132.0,5.21,414.0
217.0,5.12,537.0
171.0,4.6,420.0
152.0,4.4,477.0
156.0,6.33,449.0
166.0,6.69,433.0
163.0,4.7,475.0
177.0,4.22,462.0
156.0,3.48,247.0
127.0,3.85,442.0
132.0,3.69,449.0
149.0,4.15,434.0
164.0,4.06,410.0
174.0,8.65,162.0
127.0,7.14,130.0
147.0,5.17,410.0
125.0,4.14,442.0
143.0,5.15,323.0
144.0,4.53,417.0
133.0,4.55,426.0
105.0,5.3,454.0
175.0,4.48,485.0
136.0,3.87,433.0
157.0,4.83,531.0
98.0,4.63,380.0
114.0,4.72,416.0
196.0,4.54,440.0
243.0,5.61,479.0
197.0,5.42,581.0
128.0,3.39,387.0
556.0,4.03,442.0
127.0,4.35,429.0
304.0,6.07,474.0
201.0,5.88,455.0
144.0,5.36,465.0
126.0,4.18,143.0
198.0,4.94,571.0
138.0,4.66,338.0
54.0,4.76,445.0
170.0,7.23,29.0
152.0,4.43,414.0
184.0,5.75,466.0
139.0,66.13,466.0
166.0,5.8,481.0
179.0,6.0,403.0
176.0,5.49,396.0
181.0,5.39,404.0
129.0,5.16,3533.0
153.0,6.07,372.0
207.0,5.12,558.0
177.0,4.26,503.0
149.0,4.19,274.0
174.0,4.91,447.0
147.0,5.21,459.0
217.0,4.44,274.0
131.0,5.3,441.0
56.0,3.7,375.0
170.0,4.96,109.0
39.0,5.23,127.0
137.0,6.09,242.0
114.0,7.88,124.0
48.0,4.78,139.0
91.0,10.16,26.0
121.0,3.23,283.0
132.0,4.24,92.0
74.0,1.84,451.0
295.0,6.66,441.0
42.0,4.51,195.0
45.0,2.28,388.0
155.0,4.2,391.0
163.0,4.5,431.0
172.0,5.92,444.0
221.0,6.41,416.0
164.0,5.35,437.0
220.0,6.69,551.0
171.0,5.35,397.0
157.0,4.03,455.0
179.0,5.53,470.0
64.0,3.52,309.0
154.0,6.91,436.0
211.0,4.09,512.0
160.0,4.18,441.0
242.0,7.83,438.0
247.0,6.37,518.0
195.0,4.41,478.0
300.0,6.39,505.0
180.0,4.71,452.0
192.0,7.63,479.0
209.0,5.27,488.0
187.0,6.37,464.0
221.0,6.66,498.0
159.0,6.9,490.0
181.0,5.43,347.0
114.0,10.12,347.0
153.0,4.64,97.0
148.0,6.92,127.0
64.0,4.16,178.0
114.0,4.77,434.0
189.0,4.3,415.0
226.0,4.32,434.0
169.0,4.43,407.0
80.0,1.61,469.0
71.0,8.81,474.0
170.0,3.57,385.0
125.0,4.05,407.0
104.0,4.06,365.0
153.0,4.07,338.0
111.0,4.1,418.0
187.0,9.04,424.0
195.0,6.54,458.0
144.0,5.73,485.0
204.0,6.32,480.0
119.0,4.36,437.0
190.0,6.45,757.0
166.0,4.97,381.0
271.0,5.13,388.0
155.0,2.39,467.0
117.0,2.62,480.0
148.0,2.91,452.0
164.0,2.62,460.0
118.0,2.69,456.0
138.0,4.91,458.0
28.0,1.57,474.0
87.0,2.22,440.0
268.0,5.44,435.0
59.0,3.89,432.0
203.0,7.43,470.0
212.0,4.34,463.0
115.0,4.31,477.0
175.0,6.47,469.0
149.0,5.81,455.0
226.0,4.84,516.0
219.0,6.75,538.0
185.0,7.08,771.0
123.0,5.1,196.0
196.0,6.4,483.0
195.0,6.2,465.0
119.0,4.39,351.0
251.0,7.65,43.0
190.0,5.07,427.0
161.0,5.2,428.0
323.0,2.83,270.0
193.0,5.46,366.0
206.0,6.13,443.0
165.0,5.5,398.0
182.0,4.03,443.0
44.0,6.94,342.0
81.0,4.01,474.0
45.0,5.04,464.0
164.0,6.36,55.0
177.0,5.98,26.0
135.0,65.18,26.0
136.0,6.29,31.0
134.0,7.21,33.0
78.0,5.0,60.0
72.0,6.06,61.0
85.0,2.74,204.0
92.0,4.83,453.0
205.0,4.42,436.0
158.0,4.55,388.0
181.0,4.7,424.0
130.0,4.99,416.0
140.0,4.16,379.0
132.0,4.32,429.0
105.0,3.42,417.0
387.0,5.43,437.0
171.0,6.91,489.0
191.0,6.0,418.0
154.0,3.82,581.0
176.0,6.23,433.0
293.0,3.14,504.0
178.0,5.79,471.0
253.0,6.22,411.0
112.0,4.75,426.0
134.0,6.44,441.0
135.0,6.85,468.0
135.0,4.42,507.0
124.0,3.48,436.0
95.0,4.11,441.0
139.0,4.7,463.0
130.0,3.05,388.0
164.0,3.87,402.0
143.0,3.78,418.0
104.0,3.8,198.0
132.0,4.82,435.0
203.0,4.94,407.0
200.0,3.91,498.0
127.0,4.55,401.0
107.0,4.05,349.0
38.0,3.84,307.0
82.0,4.15,132.0
204.0,6.89,99.0
135.0,3.68,204.0
138.0,3.87,86.0
122.0,4.15,399.0
124.0,5.17,284.0
91.0,3.63,24.0
133.0,5.58,313.0
164.0,6.34,17.0
146.0,4.29,5.0
181.0,5.97,15.0
131.0,5.42,28.0
183.0,5.49,37.0
644.0,6.08,19.0
100.0,3.54,54.0
36.0,1.56,79.0
190.0,5.68,454.0
224.0,4.44,435.0
159.0,7.83,416.0
139.0,4.36,440.0
154.0,5.06,436.0
206.0,5.12,424.0
178.0,5.58,467.0
260.0,5.3,500.0
179.0,5.11,398.0
135.0,4.11,400.0
230.0,4.91,436.0
214.0,3.98,473.0
134.0,3.61,399.0
168.0,5.22,487.0
119.0,3.67,404.0
711.0,2.84,445.0
99.0,3.12,346.0
188.0,5.27,444.0
149.0,4.98,452.0
174.0,4.75,412.0
213.0,6.64,721.0
177.0,5.05,469.0
113.0,3.58,470.0
112.0,4.02,404.0
166.0,4.57,383.0
192.0,4.0,407.0
133.0,4.46,631.0
90.0,9.97,151.0
109.0,3.49,442.0
137.0,3.76,350.0
865.0,125.75,242.0
133.0,5.53,503.0
87.0,6.73,200.0
121.0,5.45,403.0
144.0,4.51,258.0
108.0,6.2,293.0
188.0,5.21,300.0
774.0,5.17,322.0
131.0,4.55,613.0
171.0,5.51,394.0
134.0,4.23,440.0
74.0,3.63,519.0
127.0,2.75,465.0
154.0,3.32,235.0
269.0,3.94,487.0
130.0,4.59,274.0
38.0,2.84,8.0
100.0,3.08,126.0
150.0,7.19,228.0
164.0,6.96,235.0
65.0,3.22,503.0
81.0,4.44,482.0
85.0,4.01,465.0
163.0,5.86,365.0
168.0,6.12,441.0
126.0,3.98,437.0
93.0,2.37,369.0
176.0,4.85,381.0
111.0,3.45,266.0
143.0,5.05,412.0
211.0,5.11,403.0
219.0,5.5,539.0
171.0,5.13,325.0
181.0,6.69,373.0
74.0,4.82,339.0
114.0,4.62,351.0
106.0,3.18,435.0
132.0,2.87,498.0
96.0,3.16,296.0
186.0,5.73,523.0
118.0,3.66,336.0
177.0,3.77,355.0
115.0,3.93,341.0
165.0,3.34,322.0
137.0,5.21,490.0
107.0,2.75,541.0
116.0,3.74,546.0
112.0,4.81,275.0
105.0,3.54,367.0
104.0,4.59,484.0
97.0,4.35,297.0
146.0,3.51,533.0
121.0,3.19,498.0
166.0,4.23,538.0
131.0,3.56,734.0
122.0,3.88,634.0
229.0,4.39,132.0
141.0,3.52,564.0
55.0,3.01,134.0
181.0,5.65,514.0
155.0,4.79,246.0
151.0,6.28,487.0
124.0,3.9,498.0
149.0,3.66,505.0
128.0,5.01,530.0
140.0,5.77,516.0
208.0,4.91,531.0
171.0,4.6,278.0
153.0,4.67,563.0
125.0,5.21,499.0
140.0,4.5,400.0
156.0,3.24,328.0
95.0,3.98,5.0
97.0,4.08,10.0
172.0,3.91,220.0
199.0,5.13,15.0
135.0,5.61,29.0
633.0,3.42,185.0
124.0,3.51,16.0
100.0,67.93,92.0
94.0,4.85,267.0
117.0,3.05,173.0
156.0,6.5,450.0
218.0,5.08,342.0
86.0,3.76,430.0
131.0,3.9,393.0
174.0,3.41,356.0
186.0,5.07,384.0
291.0,3.99,387.0
170.0,8.12,412.0
162.0,7.12,339.0
89.0,2.9,350.0
125.0,5.14,394.0
113.0,2.96,414.0
119.0,3.75,355.0
95.0,3.66,336.0
136.0,4.53,521.0
93.0,2.73,399.0
145.0,3.46,84.0
158.0,5.75,114.0
101.0,5.65,372.0
112.0,7.26,941.0
138.0,5.12,44.0
79.0,3.86,285.0
148.0,3.84,489.0
132.0,5.25,283.0
91.0,4.63,450.0
179.0,3.06,329.0
110.0,3.51,235.0
155.0,5.01,64.0
153.0,4.78,62.0
226.0,3.03,80.0
167.0,4.35,49.0
163.0,6.59,254.0
273.0,5.41,95.0
230.0,6.14,141.0
101.0,5.72,107.0
173.0,5.36,85.0
190.0,4.02,104.0
179.0,4.06,96.0
206.0,5.32,64.0
182.0,5.15,45.0
119.0,3.79,67.0
152.0,4.48,45.0
242.0,5.68,241.0
154.0,5.08,232.0
96.0,4.04,170.0
159.0,4.42,42.0
40.0,9.27,87.0
135.0,5.29,128.0
125.0,5.56,66.0
97.0,3.9,47.0
192.0,4.98,37.0
192.0,4.98,37.0
258.0,4.66,139.0
105.0,6.28,44.0
144.0,5.67,297.0
127.0,6.04,49.0
143.0,5.13,102.0
135.0,5.71,301.0
188.0,4.64,67.0
95.0,4.26,76.0
84.0,3.38,406.0
123.0,3.89,345.0
146.0,4.16,421.0
148.0,3.55,377.0
207.0,3.09,262.0
88.0,2.85,345.0
82.0,3.25,347.0
148.0,5.23,397.0
101.0,4.2,279.0
106.0,1.79,328.0
195.0,5.49,362.0
130.0,5.71,365.0
82.0,3.07,65.0
142.0,3.55,305.0
124.0,7.05,425.0
164.0,3.93,390.0
40.0,5.95,109.0
97.0,3.06,432.0
236.0,5.9,414.0
188.0,6.08,315.0
66.0,3.56,258.0
57.0,5.85,142.0
186.0,4.24,329.0
107.0,5.3,385.0
135.0,6.03,343.0
143.0,5.11,88.0
125.0,4.09,408.0
150.0,5.65,370.0
140.0,1.88,84.0
163.0,6.42,383.0
317.0,4.25,416.0
132.0,1.75,343.0
210.0,4.84,314.0
71.0,2.73,319.0
136.0,5.24,373.0
52.0,6.73,200.0
154.0,4.76,201.0
179.0,4.05,358.0
181.0,4.56,379.0
85.0,2.98,350.0
79.0,1.98,371.0
146.0,5.13,393.0
154.0,7.4,269.0
123.0,8.83,392.0
149.0,5.11,388.0
329.0,4.34,345.0
254.0,3.39,355.0
203.0,6.31,388.0
103.0,3.54,307.0
298.0,4.46,470.0
164.0,3.51,131.0
218.0,5.19,439.0
104.0,4.29,388.0
212.0,4.85,381.0
103.0,4.78,355.0
309.0,3.98,258.0
111.0,5.91,485.0
149.0,4.17,110.0
173.0,3.69,34.0
134.0,4.43,367.0
156.0,4.84,386.0
90.0,6.54,367.0
138.0,4.42,408.0
114.0,4.65,411.0
105.0,4.16,422.0
131.0,3.38,388.0
132.0,4.21,319.0
114.0,6.14,370.0
102.0,5.07,408.0
237.0,5.49,302.0
152.0,4.17,296.0
86.0,4.82,295.0
135.0,3.8,337.0
265.0,3.4,252.0
107.0,3.65,296.0
160.0,3.8,378.0
108.0,3.91,379.0
127.0,3.95,289.0
90.0,3.15,337.0
184.0,6.3,323.0
174.0,4.38,139.0
155.0,8.37,488.0
123.0,6.72,424.0
90.0,4.42,427.0
181.0,4.87,325.0
115.0,4.1,350.0
152.0,5.03,353.0
124.0,3.87,277.0
131.0,63.93,352.0
97.0,4.08,343.0
112.0,4.39,346.0
138.0,6.28,436.0
188.0,3.66,347.0
201.0,2.56,176.0
129.0,5.77,94.0
83.0,8.11,107.0
154.0,6.52,90.0
104.0,6.62,83.0
150.0,5.44,127.0
161.0,5.79,189.0
116.0,9.12,51.0
186.0,5.34,243.0
126.0,4.76,130.0
183.0,7.17,80.0
198.0,6.95,279.0
108.0,6.83,182.0
154.0,5.52,97.0
57.0,7.51,51.0
76.0,5.81,203.0
160.0,6.33,95.0
160.0,5.02,55.0
95.0,6.1,235.0
81.0,7.84,139.0
156.0,4.34,27.0
97.0,3.62,73.0
73.0,5.91,78.0
110.0,5.44,103.0
118.0,3.54,450.0
184.0,6.48,29.0
75.0,4.47,166.0
195.0,6.24,84.0
87.0,4.58,560.0
97.0,4.62,290.0
90.0,4.68,0.0
166.0,5.91,318.0
172.0,2.32,374.0
132.0,5.17,386.0
189.0,6.96,306.0
179.0,4.39,415.0
157.0,5.36,110.0
169.0,3.0,431.0
294.0,4.05,382.0
169.0,5.14,207.0
69.0,6.15,336.0
193.0,5.22,377.0
182.0,3.5,366.0
172.0,2.68,383.0
173.0,5.6,215.0
157.0,8.34,299.0
182.0,7.74,333.0
282.0,3.87,356.0
156.0,7.22,427.0
232.0,3.86,396.0
91.0,3.08,333.0
124.0,5.67,291.0
172.0,5.26,347.0
128.0,3.96,230.0
172.0,4.98,322.0
167.0,4.12,395.0
174.0,5.15,335.0
218.0,4.59,331.0
201.0,6.77,306.0
138.0,4.52,339.0
242.0,5.53,334.0
121.0,4.97,474.0
135.0,3.66,342.0
124.0,3.2,341.0
304.0,5.14,309.0
206.0,2.71,187.0
202.0,6.19,340.0
202.0,4.52,640.0
191.0,4.12,357.0
234.0,4.91,349.0
163.0,5.57,299.0
168.0,5.26,284.0
82.0,3.78,399.0
87.0,3.46,343.0
221.0,4.37,289.0
79.0,3.24,281.0
120.0,3.88,363.0
146.0,4.57,321.0
102.0,3.58,263.0
114.0,3.7,292.0
120.0,3.76,278.0
236.0,5.27,330.0
106.0,7.89,239.0
90.0,3.26,585.0
171.0,2.15,178.0
180.0,3.61,332.0
108.0,4.42,408.0
150.0,4.83,338.0
140.0,6.35,372.0
100.0,3.64,209.0
199.0,3.49,208.0
112.0,4.52,295.0
264.0,5.94,516.0
138.0,5.83,447.0
159.0,5.73,263.0
151.0,7.97,321.0
170.0,8.47,281.0
125.0,10.08,419.0
70.0,3.93,679.0
99.0,4.12,351.0
152.0,9.84,281.0
336.0,7.07,253.0
259.0,8.16,69.0
75.0,3.45,311.0
118.0,5.01,451.0
181.0,6.59,294.0
196.0,6.34,370.0
131.0,4.33,235.0
183.0,7.53,302.0
142.0,7.28,414.0
265.0,5.98,285.0
70.0,5.34,485.0
108.0,3.9,238.0
135.0,3.99,53.0
168.0,5.51,54.0
111.0,6.3,60.0
380.0,5.66,508.0
119.0,3.99,330.0
107.0,4.13,305.0
177.0,5.48,216.0
199.0,5.22,358.0
230.0,3.71,68.0
107.0,5.8,427.0
171.0,7.05,353.0
169.0,5.04,303.0
49.0,7.1,372.0
99.0,3.01,50.0
150.0,4.71,343.0
81.0,2.83,352.0
154.0,5.45,97.0
123.0,5.39,273.0
158.0,5.62,61.0
123.0,5.39,273.0
158.0,5.62,61.0
123.0,5.39,273.0
158.0,5.62,61.0
228.0,5.99,289.0
183.0,5.88,125.0
89.0,4.87,135.0
208.0,4.19,63.0
32.0,9.53,134.0
87.0,5.25,276.0
125.0,5.1,372.0
97.0,4.56,555.0
182.0,4.99,237.0
703.0,3.1,356.0
156.0,4.26,452.0
144.0,3.72,349.0
191.0,3.37,365.0
131.0,7.16,418.0
84.0,6.66,397.0
154.0,6.39,408.0
204.0,3.79,392.0
143.0,4.82,264.0
159.0,5.15,386.0
154.0,5.57,265.0
118.0,4.15,209.0
123.0,4.28,368.0
159.0,4.41,422.0
137.0,4.37,379.0
174.0,8.2,116.0
177.0,4.18,55.0
128.0,5.04,203.0
144.0,6.33,182.0
50.0,5.93,95.0
126.0,3.89,75.0
126.0,5.54,85.0
87.0,5.3,114.0
168.0,5.34,207.0
188.0,2.4,40.0
94.0,4.72,104.0
184.0,6.91,94.0
284.0,3.9,355.0
45.0,11.18,527.0
141.0,6.35,440.0
142.0,5.4,424.0
163.0,3.51,321.0
114.0,3.6,99.0
120.0,4.46,292.0
129.0,4.31,450.0
243.0,3.51,390.0
135.0,4.27,379.0
130.0,4.38,373.0
201.0,2.97,376.0
113.0,3.62,263.0
202.0,6.2,342.0
328.0,5.13,353.0
229.0,5.95,30.0
181.0,6.76,268.0
230.0,6.32,345.0
146.0,6.83,286.0
123.0,3.34,265.0
189.0,6.35,267.0
194.0,5.32,416.0
136.0,5.88,259.0
176.0,5.32,345.0
175.0,5.86,428.0
300.0,4.15,139.0
339.0,4.28,407.0
194.0,5.32,478.0
170.0,5.36,416.0
138.0,6.12,426.0
303.0,4.23,510.0
162.0,6.3,419.0
168.0,6.05,470.0
234.0,5.52,385.0
123.0,3.45,464.0
209.0,4.05,447.0
101.0,3.35,410.0
101.0,4.8,390.0
108.0,3.82,294.0
116.0,4.37,288.0
108.0,5.17,425.0
260.0,6.2,219.0
199.0,6.26,335.0
306.0,4.07,361.0
164.0,5.07,399.0
208.0,6.6,375.0
188.0,6.34,379.0
177.0,3.73,430.0
110.0,3.51,212.0
83.0,5.78,295.0
132.0,2.92,248.0
186.0,2.55,392.0
125.0,5.68,432.0
114.0,4.63,139.0
114.0,5.59,156.0
77.0,5.48,407.0
54.0,8.68,266.0
64.0,8.62,416.0
126.0,6.06,374.0
161.0,6.04,378.0
136.0,6.63,491.0
120.0,6.39,426.0
190.0,6.47,339.0
135.0,2.63,406.0
123.0,5.06,405.0
161.0,4.89,252.0
130.0,5.88,382.0
93.0,6.68,262.0
333.0,4.29,208.0
178.0,5.56,365.0
170.0,7.05,345.0
126.0,11.6,528.0
53.0,3.1,583.0
176.0,5.65,390.0
289.0,5.06,334.0
147.0,12.35,345.0
148.0,3.78,422.0
314.0,4.8,366.0
114.0,5.38,387.0
189.0,5.8,399.0
129.0,4.43,505.0
254.0,7.43,322.0
178.0,6.02,379.0
161.0,6.0,360.0
182.0,5.41,422.0
107.0,6.07,103.0
148.0,5.92,408.0
130.0,5.74,370.0
112.0,3.93,66.0
124.0,3.81,49.0
120.0,4.63,59.0
92.0,4.99,296.0
33.0,4.27,33.0
126.0,4.51,183.0
79.0,5.4,60.0
113.0,4.57,20.0
99.0,4.98,102.0
42.0,2.84,373.0
43.0,2.69,503.0
81.0,3.09,415.0
256.0,3.7,376.0
129.0,5.04,360.0
89.0,3.7,464.0
60.0,2.51,403.0
132.0,5.8,348.0
239.0,3.16,321.0
131.0,4.17,350.0
111.0,3.0,6259.0
203.0,3.33,386.0
116.0,3.33,416.0
113.0,4.64,246.0
181.0,4.58,18.0
163.0,4.79,57.0
159.0,5.8,86.0
105.0,4.97,15.0
150.0,4.55,75.0
100.0,3.98,45.0
101.0,2.04,319.0
52.0,3.26,460.0
56.0,2.17,480.0
87.0,1.2,273.0
55.0,2.12,338.0
95.0,3.0,260.0
55.0,2.71,261.0
120.0,3.32,270.0
114.0,3.61,422.0
55.0,2.85,353.0
168.0,2.52,423.0
66.0,2.52,353.0
51.0,2.32,432.0
103.0,4.27,410.0
65.0,3.62,192.0
278.0,3.76,96.0
176.0,4.31,361.0
209.0,6.64,360.0
187.0,2.34,175.0
157.0,4.65,333.0
259.0,4.66,411.0
222.0,3.83,398.0
144.0,4.75,186.0
222.0,3.64,505.0
217.0,3.64,505.0
103.0,4.63,292.0
146.0,4.47,453.0
186.0,6.0,368.0
194.0,5.0,269.0
168.0,5.59,309.0
253.0,4.08,344.0
179.0,4.99,40.0
141.0,4.4,328.0
227.0,4.42,339.0
125.0,4.69,470.0
155.0,4.19,269.0
259.0,5.01,326.0
166.0,5.83,111.0
115.0,4.62,375.0
143.0,4.03,355.0
236.0,3.28,432.0
207.0,2.64,546.0
81.0,2.89,356.0
118.0,3.7,428.0
152.0,4.85,299.0
174.0,4.51,363.0
290.0,4.06,370.0
169.0,7.23,430.0
121.0,3.71,330.0
219.0,5.34,357.0
223.0,4.37,336.0
240.0,3.77,467.0
163.0,6.03,146.0
160.0,4.91,300.0
261.0,3.73,393.0
232.0,3.58,302.0
154.0,4.02,382.0
162.0,3.84,309.0
127.0,4.41,144.0
202.0,4.36,367.0
121.0,3.94,370.0
161.0,4.35,362.0
108.0,3.43,308.0
152.0,4.85,321.0
103.0,4.32,353.0
123.0,5.24,387.0
141.0,3.86,73.0
107.0,3.89,417.0
146.0,4.94,368.0
204.0,3.86,416.0
259.0,3.55,273.0
227.0,3.57,336.0
218.0,3.86,298.0
308.0,3.96,321.0
206.0,6.22,357.0
203.0,3.27,322.0
91.0,4.22,299.0
132.0,4.05,421.0
173.0,5.38,246.0
103.0,3.44,337.0
157.0,3.84,287.0
244.0,5.77,342.0
232.0,3.79,340.0
216.0,3.0,277.0
101.0,5.0,324.0
114.0,5.49,477.0
120.0,2.15,436.0
127.0,5.0,383.0
106.0,5.67,101.0
103.0,3.41,496.0
227.0,5.14,90.0
118.0,4.29,262.0
154.0,4.26,424.0
79.0,2.61,254.0
192.0,2.9,455.0
126.0,4.0,441.0
65.0,2.82,266.0
122.0,4.51,267.0
128.0,4.05,268.0
141.0,4.65,38.0
161.0,2.35,240.0
136.0,4.23,201.0
142.0,4.2,344.0
158.0,4.8,343.0
62.0,3.37,371.0
153.0,4.76,99.0
180.0,3.45,94.0
121.0,5.8,207.0
202.0,4.6,74.0
154.0,5.09,174.0
135.0,4.08,68.0
141.0,5.14,107.0
155.0,5.48,73.0
116.0,5.16,201.0
172.0,4.62,208.0
189.0,4.76,122.0
104.0,4.74,139.0
171.0,4.99,28.0
112.0,2.53,45.0
150.0,3.63,141.0
82.0,3.31,260.0
243.0,3.4,395.0
117.0,5.83,475.0
196.0,4.44,230.0
248.0,3.12,209.0
180.0,5.8,375.0
122.0,3.96,478.0
149.0,3.39,397.0
93.0,3.79,352.0
157.0,3.83,313.0
173.0,8.35,390.0
158.0,7.03,313.0
195.0,6.56,427.0
206.0,7.97,306.0
172.0,9.06,453.0
185.0,8.67,291.0
41.0,29.28,67.0
207.0,7.63,335.0
182.0,9.17,376.0
71.0,7.06,141.0
207.0,5.19,39.0
179.0,3.35,94.0
131.0,5.08,74.0
97.0,3.65,101.0
153.0,4.68,160.0
285.0,8.25,87.0
157.0,5.37,172.0
186.0,4.27,50.0
220.0,3.43,66.0
152.0,4.09,8.0
118.0,7.93,105.0
130.0,3.94,72.0
131.0,4.23,29.0
164.0,8.58,100.0
115.0,4.15,623.0
182.0,6.51,658.0
145.0,5.01,439.0
142.0,4.4,323.0
110.0,4.24,157.0
144.0,5.27,390.0
140.0,4.98,305.0
181.0,7.04,431.0
119.0,4.37,379.0
141.0,4.89,526.0
215.0,5.45,524.0
214.0,4.4,327.0
130.0,5.36,49.0
176.0,6.99,404.0
85.0,4.34,542.0
180.0,5.86,277.0
281.0,6.06,416.0
134.0,5.93,419.0
133.0,6.12,506.0
142.0,4.86,531.0
322.0,7.31,275.0
170.0,4.81,269.0
212.0,4.46,366.0
137.0,26.38,92.0
72.0,10.36,125.0
176.0,5.35,373.0
100.0,4.92,387.0
187.0,4.19,347.0
100.0,8.53,6.0
209.0,3.9,21.0
263.0,7.03,52.0
126.0,3.83,406.0
176.0,5.05,339.0
161.0,5.15,331.0
98.0,3.86,363.0
167.0,2.24,422.0
59.0,2.76,325.0
45.0,2.0,401.0
177.0,5.76,379.0
114.0,3.89,391.0
114.0,4.37,481.0
126.0,5.76,340.0
144.0,4.43,234.0
133.0,4.23,328.0
74.0,2.01,316.0
48.0,2.34,307.0
116.0,3.56,381.0
32.0,3.07,29.0
48.0,5.25,95.0
88.0,2.41,29.0
126.0,4.29,60.0
65.0,4.1,107.0
28.0,4.79,47.0
95.0,3.78,310.0
149.0,8.27,387.0
141.0,6.4,285.0
76.0,2.8,394.0
159.0,3.01,321.0
77.0,3.21,351.0
149.0,2.61,380.0
106.0,3.13,418.0
94.0,2.76,263.0
65.0,2.85,170.0
90.0,2.72,407.0
115.0,4.13,393.0
86.0,3.64,360.0
131.0,3.06,274.0
84.0,2.8,395.0
144.0,2.06,460.0
100.0,3.5,420.0
133.0,1.72,307.0
149.0,2.03,356.0
153.0,2.03,333.0
97.0,3.33,365.0
60.0,4.12,47.0
119.0,4.1,446.0
193.0,3.22,258.0
108.0,3.94,281.0
95.0,4.32,396.0
103.0,3.49,282.0
104.0,5.48,406.0
106.0,64.37,51.0
143.0,4.76,362.0
92.0,3.38,409.0
72.0,4.8,499.0
68.0,4.33,463.0
123.0,3.7,425.0
70.0,3.23,273.0
94.0,4.01,380.0
101.0,3.75,380.0
101.0,3.05,91.0
109.0,2.77,395.0
78.0,2.81,374.0
47.0,3.29,503.0
99.0,3.01,551.0
46.0,3.27,514.0
51.0,3.87,451.0
178.0,2.5,323.0
110.0,2.7,384.0
94.0,3.52,441.0
194.0,2.68,318.0
137.0,3.3,426.0
112.0,2.8,288.0
76.0,2.49,248.0
85.0,2.33,43.0
100.0,5.11,317.0
145.0,5.43,456.0
66.0,4.41,83.0
146.0,4.36,614.0
95.0,5.2,517.0
122.0,3.99,459.0
75.0,5.47,534.0
116.0,4.63,333.0
177.0,2.59,387.0
111.0,4.56,365.0
75.0,1.94,412.0
73.0,3.37,29.0
145.0,1.93,414.0
89.0,2.27,405.0
132.0,1.84,419.0
145.0,2.05,405.0
108.0,2.91,365.0
177.0,2.5,374.0
159.0,4.11,146.0
141.0,3.75,246.0
133.0,3.1,377.0
162.0,3.13,368.0
191.0,4.83,401.0
83.0,3.58,356.0
168.0,3.96,447.0
257.0,4.2,394.0
136.0,4.64,42.0
79.0,1.94,341.0
69.0,2.13,396.0
54.0,1.74,71.0
225.0,3.96,440.0
181.0,4.07,308.0
94.0,3.05,147.0
157.0,6.26,251.0
139.0,4.29,389.0
206.0,4.81,463.0
122.0,4.52,271.0
128.0,4.67,100.0
163.0,4.7,40.0
164.0,4.99,100.0
148.0,4.96,63.0
108.0,5.06,427.0
215.0,3.06,343.0
203.0,4.61,405.0
120.0,4.49,452.0
134.0,6.78,261.0
186.0,4.74,421.0
230.0,6.05,370.0
175.0,6.07,428.0
195.0,2.67,275.0
135.0,5.53,410.0
144.0,6.36,386.0
268.0,3.7,367.0
186.0,5.52,400.0
227.0,6.04,383.0
262.0,6.97,417.0
147.0,4.99,481.0
134.0,5.29,388.0
128.0,5.15,296.0
126.0,4.87,388.0
166.0,5.74,308.0
143.0,7.11,288.0
280.0,5.21,324.0
210.0,6.24,144.0
124.0,5.72,346.0
133.0,4.59,335.0
156.0,6.37,347.0
184.0,6.06,393.0
287.0,5.3,452.0
119.0,6.28,404.0
202.0,6.45,411.0
181.0,6.61,465.0
71.0,6.9,320.0
150.0,8.11,405.0
167.0,5.41,456.0
154.0,7.18,433.0
165.0,5.08,249.0
148.0,4.35,335.0
129.0,7.28,402.0
125.0,5.79,176.0
279.0,5.14,370.0
141.0,4.88,79.0
166.0,5.95,319.0
130.0,8.98,396.0
126.0,4.71,191.0
96.0,7.13,495.0
100.0,4.25,436.0
114.0,3.48,274.0
189.0,3.79,347.0
39.0,6.13,140.0
61.0,2.94,66.0
181.0,5.23,83.0
91.0,5.4,197.0
195.0,5.25,135.0
163.0,4.37,244.0
137.0,5.13,209.0
159.0,4.86,201.0
126.0,5.08,381.0
160.0,4.85,431.0
229.0,3.99,142.0
120.0,3.29,333.0
175.0,5.31,326.0
69.0,2.42,180.0
154.0,5.46,450.0
163.0,5.08,463.0
151.0,6.48,340.0
127.0,6.5,417.0
156.0,7.03,354.0
136.0,5.78,346.0
136.0,5.38,284.0
199.0,3.07,240.0
201.0,3.4,312.0
147.0,5.13,268.0
158.0,5.26,346.0
125.0,4.51,181.0
182.0,4.36,386.0
141.0,4.44,330.0
157.0,4.28,413.0
135.0,4.98,403.0
235.0,3.66,201.0
149.0,6.29,303.0
155.0,6.72,350.0
162.0,5.91,388.0
140.0,4.54,234.0
187.0,5.42,105.0
197.0,7.0,359.0
250.0,5.4,370.0
184.0,5.49,285.0
213.0,7.34,407.0
130.0,6.8,197.0
143.0,4.89,422.0
234.0,3.76,229.0
98.0,5.25,430.0
114.0,4.55,348.0
158.0,3.66,375.0
205.0,3.39,323.0
115.0,3.65,340.0
157.0,5.52,52.0
84.0,1.82,348.0
136.0,5.53,346.0
90.0,4.53,325.0
213.0,4.8,359.0
144.0,5.88,481.0
285.0,6.35,344.0
176.0,5.07,481.0
152.0,4.39,410.0
117.0,5.12,421.0
214.0,5.32,348.0
165.0,4.43,386.0
261.0,3.7,308.0
128.0,2.87,479.0
124.0,2.58,378.0
213.0,4.28,429.0
101.0,1.88,61.0
190.0,6.63,420.0
247.0,4.61,284.0
104.0,5.34,544.0
79.0,2.5,282.0
112.0,3.08,224.0
136.0,2.75,331.0
163.0,4.24,292.0
186.0,5.59,380.0
148.0,5.35,354.0
138.0,5.24,399.0
145.0,4.41,289.0
184.0,5.61,391.0
191.0,5.5,264.0
174.0,5.16,356.0
192.0,7.49,383.0
175.0,6.0,420.0
186.0,5.09,349.0
182.0,6.56,386.0
218.0,4.5,299.0
159.0,5.63,321.0
180.0,5.48,353.0
176.0,5.81,391.0
184.0,5.85,321.0
79.0,5.03,491.0
115.0,5.66,586.0
120.0,4.65,394.0
185.0,5.32,435.0
331.0,4.81,341.0
102.0,3.57,263.0
65.0,6.62,56.0
148.0,3.67,283.0
26.0,4.35,57.0
195.0,6.99,463.0
116.0,6.35,397.0
204.0,7.45,491.0
230.0,3.48,151.0
229.0,7.08,581.0
29.0,4.6,74.0
29.0,4.6,74.0
63.0,2.92,370.0
137.0,3.59,103.0
142.0,3.86,94.0
151.0,6.08,199.0
151.0,4.91,399.0
185.0,4.74,172.0
171.0,2.48,470.0
289.0,3.83,56.0
60.0,5.49,237.0
124.0,6.29,543.0
137.0,4.89,596.0
97.0,4.66,306.0
176.0,6.03,274.0
195.0,5.52,251.0
156.0,6.12,368.0
198.0,5.29,659.0
148.0,4.36,79.0
247.0,4.22,497.0
117.0,5.18,399.0
130.0,4.54,315.0
240.0,6.35,659.0
192.0,5.96,497.0
112.0,2.91,338.0
182.0,4.18,238.0
84.0,5.46,154.0
153.0,4.59,239.0
269.0,4.94,120.0
157.0,3.92,168.0
133.0,4.31,325.0
348.0,4.73,267.0
255.0,7.72,419.0
124.0,4.62,297.0
206.0,4.94,274.0
176.0,3.25,514.0
53.0,3.67,105.0
89.0,4.72,35.0
69.0,2.44,65.0
97.0,5.18,66.0
191.0,3.66,475.0
48.0,2.41,65.0
206.0,3.75,106.0
92.0,5.81,32.0
114.0,3.21,74.0
55.0,4.18,33.0
157.0,4.29,546.0
153.0,5.75,197.0
185.0,3.46,128.0
333.0,4.53,85.0
90.0,5.12,214.0
51.0,4.54,47.0
213.0,7.79,507.0
270.0,8.63,614.0
158.0,3.14,146.0
187.0,7.59,322.0
185.0,8.27,238.0
221.0,6.85,168.0
142.0,3.5,396.0
182.0,3.84,627.0
200.0,5.39,253.0
147.0,4.12,264.0
109.0,4.99,240.0
106.0,6.39,247.0
150.0,4.0,244.0
202.0,5.31,88.0
165.0,4.29,43.0
176.0,6.21,477.0
136.0,5.82,264.0
144.0,5.28,166.0
177.0,3.34,34.0
178.0,4.85,36.0
165.0,4.74,80.0
133.0,3.31,126.0
295.0,5.43,75.0
182.0,6.44,215.0
194.0,3.96,233.0
105.0,3.9,258.0
149.0,5.96,417.0
80.0,4.28,88.0
199.0,6.49,423.0
213.0,4.87,483.0
124.0,3.78,473.0
114.0,4.73,155.0
170.0,4.42,590.0
141.0,4.79,472.0
137.0,4.21,361.0
153.0,4.05,443.0
151.0,6.19,95.0
162.0,3.04,289.0
127.0,5.55,167.0
110.0,2.5,279.0
125.0,3.98,159.0
267.0,5.56,205.0
57.0,43.86,149.0
134.0,3.37,363.0
91.0,3.83,230.0
119.0,4.47,348.0
148.0,5.63,385.0
154.0,9.81,122.0
96.0,6.67,346.0
110.0,2.78,429.0
147.0,4.23,567.0
289.0,2.46,444.0
83.0,3.46,575.0
134.0,4.28,296.0
718.0,5.77,430.0
100.0,7.99,72.0
98.0,5.46,490.0
148.0,3.14,381.0
130.0,4.36,230.0
70.0,5.03,320.0
110.0,3.37,507.0
78.0,2.95,489.0
122.0,4.51,484.0
77.0,3.94,379.0
83.0,3.61,345.0
92.0,4.15,322.0
79.0,3.83,330.0
96.0,4.8,246.0
130.0,2.95,490.0
117.0,3.61,324.0
136.0,3.84,290.0
72.0,2.57,240.0
141.0,5.95,292.0
122.0,2.97,220.0
111.0,5.01,207.0
85.0,5.77,334.0
79.0,3.85,247.0
116.0,5.08,37.0
91.0,3.39,326.0
120.0,4.12,240.0
63.0,3.4,658.0
91.0,2.75,256.0
71.0,3.62,282.0
97.0,3.68,323.0
133.0,3.77,245.0
143.0,5.54,556.0
109.0,3.28,392.0
94.0,3.03,523.0
126.0,3.63,195.0
86.0,3.64,442.0
105.0,5.18,350.0
144.0,4.36,433.0
119.0,5.78,405.0
44.0,8.49,362.0
135.0,3.47,19.0
98.0,4.07,432.0
81.0,4.27,190.0
126.0,3.92,312.0
133.0,4.12,124.0
102.0,4.49,545.0
121.0,4.66,36.0
140.0,5.5,362.0
120.0,4.79,255.0
127.0,4.76,291.0
78.0,3.82,324.0
81.0,5.11,351.0
109.0,6.56,179.0
96.0,4.87,98.0
127.0,4.86,587.0
59.0,7.15,273.0
123.0,5.9,199.0
98.0,4.04,330.0
922.0,4.32,436.0
89.0,4.98,263.0
50.0,5.11,208.0
129.0,3.56,9.0
88.0,3.22,239.0
140.0,5.91,478.0
69.0,7.71,403.0
86.0,3.59,464.0
156.0,4.43,263.0
93.0,6.51,73.0
111.0,6.01,218.0
129.0,4.94,263.0
76.0,4.24,393.0
148.0,7.23,90.0
172.0,6.07,277.0
98.0,4.97,468.0
123.0,5.12,152.0
71.0,4.58,160.0
98.0,3.17,606.0
109.0,3.28,566.0
72.0,3.23,415.0
114.0,3.38,256.0
119.0,2.96,502.0
71.0,4.15,312.0
55.0,3.63,384.0
56.0,3.73,431.0
78.0,2.62,330.0
75.0,2.76,262.0
101.0,3.66,277.0
68.0,2.86,600.0
56.0,2.72,476.0
117.0,4.53,393.0
103.0,3.49,407.0
104.0,3.86,416.0
147.0,3.31,301.0
80.0,2.72,376.0
71.0,3.34,315.0
65.0,4.11,256.0
74.0,5.77,246.0
73.0,3.49,476.0
92.0,5.12,558.0
133.0,3.78,273.0
77.0,4.55,558.0
49.0,3.2,400.0
93.0,4.15,259.0
105.0,2.78,168.0
88.0,2.82,130.0
131.0,3.5,396.0
84.0,3.19,342.0
107.0,3.8,294.0
51.0,2.4,179.0
103.0,3.35,334.0
107.0,3.24,276.0
139.0,3.31,52.0
153.0,7.82,260.0
146.0,4.79,410.0
94.0,3.39,126.0
220.0,4.53,43.0
107.0,2.95,164.0
42.0,2.39,79.0
57.0,3.14,122.0
76.0,3.86,86.0
63.0,2.17,203.0
163.0,6.19,70.0
95.0,3.62,238.0
124.0,5.15,306.0
67.0,3.46,397.0
98.0,1.78,491.0
47.0,2.34,593.0
88.0,2.71,482.0
161.0,5.45,692.0
137.0,8.76,702.0
82.0,5.29,213.0
107.0,5.2,107.0
145.0,4.65,608.0
81.0,3.65,180.0
94.0,3.6,225.0
141.0,4.55,519.0
119.0,5.13,293.0
147.0,4.69,298.0
129.0,4.33,300.0
91.0,2.84,167.0
111.0,3.44,409.0
112.0,3.83,53.0
116.0,3.31,289.0
126.0,4.46,131.0
207.0,4.83,143.0
134.0,4.01,431.0
135.0,5.57,507.0
69.0,19.72,580.0
58.0,1.63,363.0
108.0,3.08,286.0
68.0,2.13,448.0
89.0,3.0,353.0
103.0,3.75,537.0
131.0,4.63,510.0
155.0,6.19,518.0
148.0,5.02,589.0
169.0,3.48,356.0
141.0,4.35,324.0
91.0,3.19,393.0
139.0,4.17,333.0
238.0,7.17,445.0
196.0,7.73,589.0
230.0,7.5,294.0
139.0,8.39,577.0
48.0,6.0,273.0
109.0,6.76,433.0
129.0,6.49,396.0
56.0,2.14,79.0
106.0,5.34,314.0
127.0,3.15,413.0
27.0,4.66,430.0
205.0,7.17,380.0
178.0,5.37,292.0
27.0,4.65,296.0
95.0,2.52,333.0
30.0,3.96,399.0
130.0,9.77,328.0
90.0,4.66,306.0
173.0,5.51,326.0
143.0,4.63,453.0
117.0,4.14,300.0
144.0,5.11,398.0
83.0,5.3,605.0
179.0,5.39,397.0
132.0,7.0,565.0
182.0,5.91,233.0
104.0,7.78,387.0
173.0,7.2,374.0
183.0,4.94,357.0
134.0,5.43,431.0
119.0,3.22,374.0
219.0,3.98,92.0
214.0,5.34,109.0
242.0,8.77,427.0
203.0,4.06,369.0
206.0,6.12,209.0
154.0,5.0,94.0
103.0,4.7,433.0
161.0,4.08,322.0
213.0,5.54,141.0
104.0,4.6,302.0
196.0,3.12,214.0
94.0,4.52,418.0
214.0,5.06,559.0
117.0,3.48,297.0
68.0,4.78,28.0
58.0,1.94,180.0
68.0,2.75,212.0
43.0,1.87,406.0
105.0,2.78,436.0
84.0,2.21,142.0
152.0,3.2,212.0
109.0,5.11,99.0
138.0,4.05,580.0
171.0,7.88,368.0
174.0,4.5,95.0
99.0,1.04,305.0
49.0,2.26,164.0
209.0,5.89,274.0
71.0,2.42,591.0
55.0,2.1,228.0
135.0,2.36,142.0
87.0,4.46,235.0
69.0,2.4,510.0
38.0,3.11,134.0
66.0,2.42,223.0
55.0,1.83,332.0
168.0,4.26,321.0
179.0,4.56,462.0
143.0,4.76,421.0
166.0,5.34,358.0
181.0,5.24,438.0
148.0,3.84,187.0
145.0,3.26,122.0
60.0,1.7,363.0
91.0,4.1,230.0
56.0,1.68,363.0
114.0,3.85,267.0
91.0,15.81,509.0
209.0,11.89,499.0
98.0,17.26,309.0
231.0,8.41,188.0
166.0,5.84,668.0
118.0,4.2,251.0
135.0,4.34,219.0
125.0,5.54,315.0
802.0,5.29,440.0
174.0,5.56,179.0
105.0,63.97,342.0
72.0,4.13,261.0
121.0,3.6,384.0
90.0,2.8,183.0
92.0,1.87,475.0
96.0,2.94,226.0
92.0,5.86,200.0
69.0,3.25,251.0
101.0,4.85,481.0
83.0,3.33,146.0
103.0,2.94,423.0
112.0,3.58,46.0
146.0,5.54,479.0
91.0,5.28,184.0
84.0,6.06,405.0
144.0,3.98,406.0
93.0,3.85,43.0
50.0,2.45,47.0
350.0,4.59,282.0
175.0,4.72,179.0
160.0,6.64,434.0
185.0,5.26,274.0
144.0,6.15,337.0
134.0,6.28,492.0
164.0,7.96,434.0
129.0,7.03,460.0
162.0,8.27,450.0
175.0,5.15,483.0
180.0,4.85,328.0
165.0,6.77,492.0
135.0,5.84,298.0
95.0,3.71,58.0
118.0,4.24,118.0
151.0,3.28,99.0
26.0,4.43,65.0
90.0,3.1,248.0
116.0,1.85,90.0
93.0,3.4,502.0
106.0,1.97,312.0
93.0,3.38,583.0
40.0,3.15,311.0
57.0,3.37,323.0
178.0,4.59,75.0
122.0,4.12,26.0
158.0,6.09,72.0
45.0,3.7,88.0
150.0,1.92,207.0
78.0,2.51,376.0
159.0,2.09,270.0
239.0,3.05,294.0
196.0,4.84,372.0
178.0,7.96,561.0
121.0,5.91,590.0
123.0,8.44,470.0
100.0,2.56,59.0
85.0,2.75,47.0
51.0,5.52,245.0
51.0,2.14,365.0
102.0,2.92,348.0
115.0,3.64,359.0
57.0,2.33,444.0
73.0,3.18,137.0
107.0,2.92,288.0
78.0,2.19,398.0
123.0,3.35,210.0
62.0,2.45,456.0
59.0,2.57,63.0
45.0,1.94,22.0
181.0,2.51,84.0
116.0,3.25,59.0
75.0,3.03,455.0
84.0,3.79,358.0
67.0,2.51,641.0
146.0,3.77,631.0
61.0,2.02,193.0
157.0,4.99,210.0
176.0,5.05,224.0
77.0,5.17,361.0
131.0,3.55,448.0
104.0,6.72,164.0
80.0,5.38,265.0
94.0,3.44,128.0
131.0,2.4,210.0
73.0,4.55,375.0
102.0,2.98,533.0
89.0,4.36,468.0
58.0,3.67,501.0
80.0,4.91,443.0
106.0,4.37,518.0
105.0,3.8,342.0
132.0,4.53,205.0
164.0,4.01,203.0
117.0,4.56,225.0
174.0,4.11,515.0
77.0,5.34,229.0
167.0,3.21,520.0
94.0,1.81,370.0
74.0,2.83,580.0
92.0,3.37,373.0
108.0,4.13,524.0
76.0,3.74,433.0
95.0,8.64,378.0
155.0,3.88,0.0
123.0,4.04,496.0
88.0,3.05,192.0
120.0,4.51,310.0
129.0,4.7,96.0
59.0,3.13,437.0
128.0,3.46,315.0
133.0,4.26,352.0
115.0,4.79,385.0
111.0,4.09,390.0
128.0,4.08,449.0
141.0,4.29,381.0
126.0,4.42,99.0
132.0,3.56,136.0
223.0,3.47,285.0
307.0,4.45,316.0
62.0,1.97,172.0
80.0,2.71,170.0
171.0,4.27,199.0
139.0,4.37,361.0
121.0,5.2,369.0
758.0,3.62,586.0
224.0,4.22,244.0
205.0,6.09,204.0
201.0,5.87,459.0
208.0,6.87,231.0
784.0,26.78,117.0
277.0,5.14,286.0
100.0,7.42,323.0
167.0,6.54,544.0
181.0,5.61,570.0
156.0,4.6,403.0
213.0,4.51,135.0
250.0,5.91,525.0
109.0,6.76,391.0
203.0,6.64,442.0
186.0,5.95,346.0
238.0,3.88,270.0
167.0,6.13,318.0
191.0,5.95,402.0
109.0,8.62,388.0
114.0,4.23,411.0
103.0,3.72,415.0
147.0,4.97,467.0
186.0,5.88,369.0
151.0,4.78,267.0
135.0,5.44,396.0
121.0,5.79,411.0
84.0,2.98,468.0
105.0,3.39,84.0
187.0,7.44,498.0
144.0,2.8,911.0
136.0,4.46,448.0
185.0,6.95,512.0
178.0,5.24,403.0
755.0,7.75,421.0
173.0,6.31,471.0
747.0,3.92,314.0
102.0,3.55,297.0
765.0,5.15,143.0
225.0,3.32,198.0
155.0,66.11,455.0
123.0,4.63,493.0
188.0,5.58,465.0
166.0,7.46,461.0
114.0,5.38,453.0
123.0,8.0,425.0
164.0,8.16,513.0
68.0,14.38,277.0
194.0,6.04,395.0
173.0,5.21,183.0
181.0,5.16,351.0
217.0,5.2,325.0
184.0,5.84,168.0
218.0,6.69,374.0
151.0,5.08,503.0
175.0,5.18,526.0
87.0,5.22,408.0
113.0,3.63,372.0
259.0,6.91,542.0
158.0,5.61,484.0
187.0,6.48,437.0
202.0,6.33,369.0
246.0,6.21,400.0
136.0,4.71,446.0
164.0,6.91,506.0
208.0,6.77,507.0
89.0,4.01,487.0
161.0,5.36,447.0
173.0,4.56,525.0
106.0,4.63,550.0
129.0,4.12,335.0
129.0,4.12,335.0
151.0,5.31,342.0
141.0,6.46,566.0
113.0,30.62,342.0
197.0,6.91,400.0
131.0,66.04,441.0
159.0,6.76,416.0
99.0,5.33,100.0
264.0,5.55,493.0
199.0,6.06,151.0
188.0,7.15,443.0
238.0,6.79,578.0
169.0,6.56,248.0
758.0,4.15,295.0
210.0,66.6,222.0
153.0,5.54,261.0
740.0,7.3,274.0
166.0,5.41,235.0
125.0,2.96,435.0
32.0,6.19,35.0
88.0,3.53,195.0
143.0,5.98,176.0
172.0,5.48,34.0
74.0,3.24,420.0
73.0,3.27,268.0
85.0,4.06,276.0
112.0,2.7,472.0
127.0,4.81,166.0
192.0,5.99,94.0
185.0,5.27,100.0
131.0,5.44,88.0
153.0,3.7,40.0
228.0,5.15,433.0
225.0,6.18,192.0
95.0,3.62,271.0
133.0,6.08,276.0
157.0,56.02,567.0
110.0,4.3,269.0
100.0,2.48,279.0
159.0,4.73,483.0
87.0,5.57,276.0
181.0,3.88,221.0
94.0,4.12,195.0
119.0,3.97,267.0
97.0,3.19,234.0
240.0,3.78,515.0
89.0,3.31,224.0
86.0,2.83,213.0
128.0,2.15,199.0
155.0,3.51,347.0
94.0,4.92,460.0
173.0,5.9,17.0
103.0,7.33,282.0
95.0,7.62,230.0
136.0,8.5,281.0
132.0,8.07,294.0
140.0,6.87,404.0
112.0,9.83,291.0
102.0,2.37,211.0
88.0,3.96,418.0
144.0,2.76,557.0
106.0,2.65,539.0
37.0,2.3,81.0
83.0,3.67,367.0
122.0,4.94,327.0
104.0,2.96,500.0
83.0,2.32,4403.0
145.0,4.55,532.0
177.0,65.98,178.0
102.0,4.74,75.0
150.0,6.1,258.0
178.0,5.34,244.0
265.0,6.48,256.0
107.0,4.14,140.0
129.0,2.83,221.0
106.0,3.69,466.0
104.0,3.78,436.0
191.0,6.17,498.0
158.0,5.62,312.0
111.0,4.8,525.0
89.0,3.46,421.0
18.0,4.35,387.0
146.0,6.08,212.0
126.0,4.51,316.0
140.0,4.79,127.0
112.0,3.92,467.0
196.0,4.85,107.0
68.0,3.41,455.0
104.0,4.94,566.0
119.0,4.26,376.0
222.0,6.62,67.0
135.0,4.25,74.0
222.0,6.62,67.0
135.0,4.25,74.0
84.0,2.81,121.0
100.0,4.29,293.0
144.0,4.73,159.0
175.0,7.44,405.0
242.0,7.05,370.0
179.0,6.7,134.0
149.0,4.2,72.0
162.0,6.3,334.0
92.0,5.21,279.0
67.0,5.18,898.0
124.0,64.38,337.0
107.0,5.03,111.0
168.0,4.4,934.0
137.0,8.44,149.0
73.0,4.7,262.0
138.0,5.6,350.0
143.0,8.01,357.0
197.0,3.84,176.0
122.0,5.85,31.0
159.0,6.47,210.0
211.0,5.55,276.0
216.0,6.39,324.0
172.0,6.35,251.0
208.0,6.07,365.0
191.0,6.77,461.0
176.0,4.58,461.0
125.0,5.6,487.0
164.0,4.35,500.0
148.0,3.66,346.0
144.0,4.92,464.0
102.0,3.33,1551.0
511.0,2.72,30.0
158.0,4.65,46.0
194.0,6.01,147.0
133.0,4.2,394.0
133.0,4.13,242.0
127.0,3.94,445.0
212.0,3.47,94.0
200.0,4.1,157.0
273.0,3.05,34.0
185.0,3.76,189.0
226.0,10.6,480.0
212.0,8.64,282.0
188.0,8.57,549.0
291.0,9.64,516.0
97.0,6.55,167.0
148.0,6.29,358.0
128.0,5.4,225.0
192.0,6.3,142.0
106.0,6.02,224.0
100.0,5.13,209.0
112.0,6.9,506.0
87.0,2.51,138.0
174.0,4.87,166.0
184.0,7.4,450.0
213.0,7.8,498.0
126.0,6.49,405.0
151.0,6.24,282.0
151.0,5.41,73.0
50.0,23.11,253.0
180.0,5.44,211.0
192.0,5.38,465.0
225.0,5.58,559.0
118.0,4.61,35.0
263.0,5.09,184.0
148.0,6.09,350.0
204.0,7.88,386.0
162.0,5.47,185.0
97.0,6.11,499.0
206.0,6.7,533.0
153.0,7.36,427.0
202.0,5.17,536.0
130.0,6.18,149.0
171.0,5.93,524.0
70.0,7.34,108.0
96.0,8.44,57.0
143.0,5.19,496.0
104.0,5.24,474.0
156.0,4.92,482.0
118.0,4.1,445.0
95.0,4.78,433.0
116.0,4.26,372.0
106.0,4.24,441.0
114.0,4.29,488.0
192.0,3.45,436.0
161.0,6.61,144.0
177.0,8.17,145.0
217.0,5.33,121.0
160.0,4.51,154.0
90.0,2.96,24.0
99.0,4.53,79.0
114.0,3.83,34.0
131.0,3.92,59.0
127.0,3.5,416.0
111.0,3.35,40.0
100.0,3.24,32.0
157.0,4.43,229.0
89.0,6.64,41.0
96.0,2.56,20.0
225.0,5.51,188.0
263.0,7.1,325.0
345.0,7.37,159.0
140.0,4.84,421.0
131.0,4.12,429.0
127.0,3.61,318.0
94.0,3.77,55.0
21.0,4.36,136.0
174.0,6.42,570.0
101.0,3.91,563.0
144.0,5.57,504.0
152.0,5.71,507.0
103.0,5.73,622.0
132.0,5.01,517.0
136.0,7.04,85.0
126.0,4.31,165.0
143.0,4.39,285.0
100.0,6.05,304.0
105.0,6.29,304.0
76.0,6.47,296.0
105.0,6.45,194.0
93.0,6.97,283.0
88.0,5.94,272.0
78.0,5.36,287.0
148.0,5.46,581.0
183.0,5.03,607.0
132.0,4.46,294.0
84.0,2.11,424.0
96.0,3.2,585.0
77.0,3.35,601.0
121.0,5.36,460.0
99.0,4.25,263.0
81.0,3.09,516.0
91.0,3.3,513.0
63.0,2.72,234.0
133.0,3.6,423.0
305.0,4.18,42.0
162.0,5.85,336.0
132.0,4.88,372.0
138.0,3.7,42.0
95.0,4.7,83.0
103.0,4.35,407.0
205.0,3.79,94.0
179.0,6.14,145.0
164.0,4.44,100.0
149.0,4.22,281.0
168.0,6.39,155.0
116.0,4.27,258.0
166.0,5.83,99.0
238.0,8.09,289.0
167.0,3.72,256.0
77.0,2.37,19.0
120.0,3.31,247.0
159.0,5.0,187.0
140.0,4.58,90.0
139.0,4.95,89.0
56.0,1.6,5.0
124.0,4.89,190.0
159.0,5.65,28.0
160.0,4.1,69.0
120.0,5.19,78.0
96.0,5.06,19.0
121.0,3.52,212.0
97.0,5.99,242.0
98.0,6.47,337.0
52.0,1.42,5.0
121.0,6.24,21.0
211.0,5.18,52.0
213.0,7.55,78.0
156.0,3.84,24.0
113.0,7.92,46.0
143.0,4.96,129.0
68.0,3.87,14.0
157.0,3.77,169.0
100.0,4.54,15.0
160.0,5.29,115.0
143.0,3.81,250.0
144.0,4.09,144.0
52.0,4.18,94.0
86.0,4.97,219.0
83.0,2.39,102.0
154.0,3.83,147.0
183.0,1.87,52.0
163.0,7.83,52.0
212.0,4.86,69.0
107.0,3.59,79.0
66.0,2.6,19.0
46.0,2.65,150.0
166.0,6.54,510.0
133.0,6.41,35.0
224.0,11.38,521.0
146.0,4.69,327.0
166.0,10.68,431.0
174.0,10.7,538.0
176.0,6.9,495.0
168.0,4.57,248.0
143.0,3.62,250.0
129.0,5.07,52.0
102.0,4.05,20.0
44.0,5.72,14.0
143.0,4.02,250.0
75.0,1.99,562.0
75.0,2.29,347.0
75.0,2.63,428.0
75.0,4.54,535.0
75.0,2.18,614.0
75.0,2.97,678.0
75.0,3.35,518.0
75.0,2.98,552.0
75.0,4.42,588.0
75.0,3.6,551.0
75.0,2.56,562.0
75.0,3.38,571.0
75.0,3.43,538.0
75.0,4.55,622.0
75.0,3.01,370.0
75.0,3.76,574.0
75.0,2.75,396.0
91.0,3.32,448.0
94.0,3.6,125.0
114.0,3.31,469.0
136.0,3.66,405.0
38.0,6.14,159.0
85.0,2.0,221.0
158.0,3.27,340.0
98.0,3.4,298.0
150.0,4.16,453.0
143.0,5.21,468.0
150.0,3.9,366.0
87.0,3.19,585.0
140.0,4.08,323.0
115.0,3.86,162.0
102.0,3.65,603.0
136.0,3.85,677.0
141.0,3.98,613.0
122.0,3.47,488.0
110.0,3.52,585.0
149.0,6.62,637.0
146.0,3.33,643.0
150.0,6.04,308.0
150.0,6.08,233.0
151.0,6.29,671.0
150.0,11.48,466.0
150.0,6.09,658.0
150.0,6.86,510.0
85.0,3.92,628.0
94.0,3.97,536.0
117.0,3.19,470.0
77.0,2.89,535.0
150.0,9.08,484.0
150.0,9.37,439.0
145.0,5.38,464.0
150.0,4.93,509.0
150.0,4.4,11.0
150.0,5.25,459.0
95.0,3.6,230.0
138.0,4.86,164.0
133.0,4.53,239.0
122.0,4.24,141.0
137.0,4.7,237.0
158.0,6.1,251.0
127.0,4.4,642.0
94.0,3.04,187.0
92.0,4.96,409.0
133.0,4.23,377.0
80.0,3.27,500.0
120.0,3.48,151.0
118.0,4.78,586.0
161.0,3.98,448.0
157.0,3.89,41.0
86.0,2.17,57.0
148.0,5.57,251.0
116.0,4.28,546.0
75.0,3.34,590.0
78.0,1.88,615.0
54.0,2.86,540.0
146.0,6.44,498.0
112.0,3.61,610.0
90.0,3.9,706.0
132.0,4.27,185.0
68.0,3.14,333.0
71.0,2.88,275.0
36.0,2.44,225.0
86.0,2.65,51.0
84.0,2.85,442.0
75.0,2.91,627.0
75.0,3.31,468.0
146.0,4.41,356.0
105.0,4.02,201.0
114.0,4.34,683.0
99.0,4.49,162.0
146.0,4.58,747.0
132.0,4.75,659.0
116.0,4.01,91.0
134.0,4.17,273.0
159.0,5.27,535.0
81.0,2.84,203.0
173.0,4.41,572.0
131.0,5.65,571.0
207.0,5.6,487.0
172.0,4.73,681.0
132.0,4.4,290.0
107.0,3.35,455.0
87.0,3.8,665.0
107.0,3.99,681.0
132.0,4.29,522.0
108.0,3.65,557.0
95.0,5.83,262.0
134.0,3.1,572.0
102.0,3.5,284.0
106.0,3.24,622.0
78.0,2.06,202.0
142.0,3.97,585.0
150.0,6.88,588.0
119.0,4.18,405.0
104.0,3.01,483.0
101.0,3.68,608.0
89.0,3.75,511.0
141.0,3.79,121.0
102.0,3.37,509.0
145.0,4.03,524.0
171.0,3.23,334.0
119.0,3.61,485.0
130.0,3.68,474.0
127.0,3.78,373.0
142.0,3.9,568.0
102.0,3.07,14.0
103.0,2.5,20.0
82.0,3.48,612.0
115.0,3.44,195.0
94.0,3.17,249.0
60.0,3.3,658.0
107.0,3.69,433.0
91.0,3.22,627.0
116.0,3.06,488.0
122.0,3.18,630.0
105.0,3.75,603.0
102.0,3.56,504.0
107.0,5.1,441.0
29.0,0.74,9.0
122.0,3.12,674.0
91.0,4.33,608.0
131.0,4.29,37.0
120.0,2.38,71.0
120.0,3.26,76.0
76.0,1.95,566.0
69.0,2.07,100.0
69.0,63.42,578.0
90.0,3.36,442.0
99.0,3.3,219.0
96.0,4.37,587.0
109.0,2.88,71.0
174.0,3.56,606.0
98.0,3.38,436.0
83.0,4.45,572.0
141.0,4.31,383.0
131.0,4.39,490.0
129.0,4.16,321.0
119.0,3.78,120.0
74.0,2.75,56.0
124.0,4.61,45.0
119.0,6.97,577.0
76.0,2.21,502.0
75.0,3.53,252.0
74.0,2.8,553.0
73.0,4.34,274.0
75.0,3.52,472.0
76.0,2.69,524.0
70.0,3.6,472.0
75.0,2.4,610.0
75.0,2.42,413.0
74.0,4.37,294.0
76.0,4.27,278.0
139.0,5.31,89.0
162.0,3.53,49.0
150.0,3.45,27.0
54.0,1.21,99.0
154.0,5.39,87.0
97.0,4.48,541.0
75.0,2.63,315.0
91.0,2.91,53.0
63.0,2.12,185.0
78.0,2.34,49.0
150.0,4.23,559.0
104.0,3.89,576.0
124.0,3.7,99.0
148.0,4.68,179.0
145.0,4.77,147.0
126.0,4.39,46.0
158.0,4.73,178.0
115.0,5.33,597.0
81.0,5.41,289.0
102.0,4.34,606.0
111.0,5.76,225.0
107.0,5.04,34.0
141.0,4.67,335.0
33.0,0.25,8.0
84.0,8.01,236.0
104.0,5.08,56.0
105.0,4.73,135.0
88.0,3.39,586.0
145.0,3.85,636.0
201.0,6.89,501.0
133.0,5.73,537.0
122.0,4.22,156.0
88.0,5.84,146.0
113.0,3.52,32.0
123.0,2.9,16.0
53.0,2.48,14.0
107.0,3.87,35.0
134.0,8.38,89.0
143.0,4.66,235.0
117.0,4.86,132.0
142.0,5.24,237.0
155.0,4.42,46.0
185.0,6.52,588.0
74.0,2.29,164.0
111.0,4.05,161.0
80.0,2.79,200.0
93.0,3.46,50.0
24.0,1.61,13.0
71.0,2.34,17.0
88.0,2.83,16.0
42.0,2.19,44.0
69.0,2.61,74.0
96.0,2.01,26.0
51.0,1.75,24.0
61.0,1.73,117.0
42.0,1.63,17.0
96.0,2.89,64.0
144.0,5.13,198.0
69.0,1.92,13.0
125.0,5.94,90.0
147.0,5.34,661.0
102.0,3.55,169.0
144.0,4.47,513.0
150.0,4.18,495.0
106.0,3.9,112.0
184.0,3.9,499.0
156.0,2.89,379.0
128.0,3.53,428.0
119.0,3.8,319.0
112.0,3.87,254.0
164.0,3.61,577.0
168.0,4.69,332.0
114.0,3.61,528.0
97.0,4.1,412.0
105.0,3.51,392.0
139.0,4.58,562.0
164.0,3.95,423.0
86.0,3.76,448.0
119.0,3.89,436.0
155.0,4.37,550.0
170.0,5.21,91.0
137.0,4.61,609.0
103.0,5.47,587.0
138.0,4.85,955.0
154.0,6.57,569.0
144.0,3.73,75.0
144.0,3.23,501.0
101.0,4.62,608.0
90.0,4.1,165.0
146.0,4.36,24.0
123.0,4.29,471.0
116.0,3.56,141.0
133.0,3.85,287.0
121.0,3.79,131.0
61.0,3.18,51.0
185.0,3.81,41.0
123.0,5.21,101.0
74.0,4.48,95.0
76.0,8.32,83.0
94.0,2.67,82.0
148.0,6.32,492.0
149.0,8.67,529.0
150.0,9.61,558.0
141.0,7.14,591.0
150.0,6.04,660.0
162.0,2.99,503.0
99.0,5.31,432.0
117.0,4.94,637.0
161.0,3.7,37.0
169.0,5.22,970.0
88.0,4.4,425.0
173.0,3.55,445.0
146.0,5.16,431.0
61.0,8.15,75.0
116.0,4.2,605.0
170.0,4.32,163.0
88.0,3.36,468.0
160.0,5.74,411.0
135.0,4.05,171.0
196.0,7.62,207.0
111.0,3.27,493.0
154.0,2.87,494.0
112.0,5.38,584.0
72.0,5.04,615.0
111.0,3.82,658.0
89.0,2.88,160.0
110.0,5.84,27.0
84.0,2.63,50.0
98.0,3.04,118.0
113.0,2.41,346.0
148.0,5.68,327.0
91.0,2.99,126.0
87.0,3.27,328.0
101.0,2.88,359.0
121.0,2.98,384.0
85.0,3.75,276.0
114.0,3.54,568.0
105.0,4.53,373.0
69.0,3.57,111.0
135.0,3.79,546.0
74.0,3.32,541.0
93.0,4.64,34.0
116.0,2.82,28.0
123.0,3.32,534.0
150.0,5.08,543.0
126.0,4.72,241.0
112.0,4.19,303.0
123.0,7.03,609.0
121.0,3.25,385.0
105.0,6.46,295.0
75.0,1.76,172.0
74.0,3.29,152.0
75.0,2.59,269.0
75.0,2.39,138.0
160.0,5.79,248.0
47.0,1.44,7.0
111.0,4.33,153.0
142.0,3.94,49.0
54.0,3.27,155.0
64.0,4.68,280.0
65.0,3.86,39.0
116.0,4.13,136.0
77.0,3.75,33.0
100.0,3.34,22.0
125.0,3.9,99.0
81.0,2.48,40.0
106.0,7.16,758.0
105.0,5.19,88.0
138.0,5.64,482.0
99.0,2.24,51.0
105.0,2.88,46.0
133.0,5.93,180.0
148.0,4.43,711.0
65.0,4.88,123.0
139.0,4.11,340.0
137.0,4.27,306.0
150.0,4.36,554.0
116.0,3.09,559.0
106.0,5.8,441.0
229.0,6.07,553.0
112.0,9.35,299.0
119.0,5.64,265.0
89.0,7.5,361.0
160.0,5.19,158.0
111.0,4.93,72.0
87.0,2.48,51.0
81.0,3.95,405.0
137.0,3.99,102.0
93.0,32.65,46.0
137.0,2.63,24.0
68.0,4.35,40.0
117.0,6.34,110.0
107.0,6.95,148.0
149.0,4.37,35.0
100.0,3.59,368.0
84.0,3.08,224.0
124.0,4.53,296.0
79.0,2.38,431.0
75.0,2.56,532.0
75.0,3.07,264.0
75.0,3.39,418.0
75.0,2.82,434.0
75.0,1.82,518.0
66.0,2.24,341.0
94.0,4.83,464.0
134.0,4.64,452.0
84.0,4.54,466.0
75.0,3.25,447.0
114.0,4.01,467.0
63.0,2.52,413.0
113.0,3.35,145.0
65.0,4.89,121.0
154.0,3.57,153.0
81.0,5.05,84.0
76.0,2.73,154.0
113.0,2.27,280.0
89.0,5.04,521.0
51.0,3.52,472.0
126.0,3.18,154.0
128.0,3.98,576.0
97.0,3.91,603.0
104.0,3.1,146.0
599.0,3.67,155.0
127.0,4.06,445.0
133.0,3.39,467.0
109.0,3.59,436.0
145.0,3.88,388.0
112.0,4.49,510.0
154.0,3.66,649.0
76.0,2.39,326.0
78.0,2.82,512.0
74.0,5.05,254.0
75.0,2.61,364.0
75.0,3.68,285.0
75.0,2.21,647.0
75.0,2.16,321.0
75.0,2.11,365.0
75.0,2.37,399.0
75.0,2.37,491.0
91.0,3.61,488.0
75.0,3.07,425.0
75.0,3.03,366.0
75.0,3.49,347.0
75.0,1.86,353.0
75.0,2.77,617.0
75.0,2.58,428.0
131.0,5.76,251.0
83.0,2.19,546.0
82.0,2.39,520.0
62.0,2.52,357.0
109.0,3.31,114.0
98.0,6.57,511.0
129.0,4.42,463.0
164.0,5.65,524.0
168.0,5.46,597.0
113.0,4.39,674.0
106.0,3.71,415.0
69.0,1.92,376.0
76.0,4.64,65.0
104.0,4.38,168.0
132.0,4.53,417.0
85.0,5.03,410.0
101.0,3.9,178.0
72.0,2.04,235.0
101.0,3.17,17.0
48.0,0.9,17.0
23.0,1.53,13.0
17.0,1.14,30.0
46.0,1.51,10.0
182.0,3.18,26.0
97.0,5.33,234.0
69.0,2.64,126.0
138.0,3.65,52.0
186.0,3.92,34.0
86.0,3.42,40.0
88.0,2.7,22.0
100.0,3.65,75.0
88.0,3.16,505.0
704.0,64.01,507.0
117.0,5.28,970.0
140.0,3.77,642.0
167.0,10.73,192.0
72.0,3.66,181.0
256.0,8.1,227.0
137.0,5.44,284.0
62.0,3.68,135.0
72.0,2.54,493.0
196.0,3.03,269.0
44.0,1.03,12.0
93.0,3.41,75.0
43.0,4.08,120.0
119.0,6.53,235.0
73.0,3.74,428.0
77.0,3.95,28.0
137.0,4.61,458.0
139.0,5.47,624.0
96.0,4.92,332.0
118.0,6.48,779.0
72.0,65.26,437.0
79.0,5.15,219.0
68.0,2.54,311.0
21.0,3.0,171.0
85.0,2.87,217.0
80.0,2.66,38.0
40.0,1.82,70.0
85.0,3.62,156.0
87.0,5.87,329.0
123.0,3.12,11.0
197.0,6.44,46.0
87.0,9.04,41.0
248.0,6.87,67.0
114.0,5.66,490.0
196.0,5.73,764.0
141.0,6.33,287.0
91.0,4.59,595.0
131.0,5.72,513.0
138.0,5.11,318.0
182.0,5.72,498.0
114.0,3.85,354.0
190.0,6.59,640.0
165.0,4.49,531.0
110.0,3.41,367.0
167.0,6.07,560.0
204.0,6.99,504.0
196.0,7.3,595.0
107.0,6.64,623.0
108.0,5.79,93.0
65.0,2.9,189.0
36.0,2.43,408.0
76.0,2.85,231.0
73.0,3.66,39.0
91.0,3.15,201.0
178.0,4.13,323.0
136.0,5.15,66.0
127.0,4.96,99.0
112.0,4.7,86.0
165.0,3.33,51.0
83.0,2.86,29.0
165.0,3.33,51.0
57.0,4.33,25.0
155.0,3.99,98.0
84.0,4.3,229.0
40.0,10.25,538.0
74.0,2.96,531.0
123.0,3.9,241.0
118.0,3.55,261.0
139.0,3.57,36.0
96.0,2.45,369.0
41.0,8.15,92.0
12.0,1.25,55.0
62.0,3.81,303.0
45.0,4.93,335.0
94.0,4.93,488.0
147.0,6.24,379.0
116.0,3.95,59.0
97.0,3.93,471.0
215.0,2.73,243.0
125.0,3.81,59.0
105.0,3.08,415.0
172.0,4.18,548.0
131.0,4.01,516.0
115.0,64.28,589.0
188.0,6.02,380.0
144.0,6.74,575.0
135.0,3.71,27.0
158.0,4.25,117.0
41.0,0.73,1.0
204.0,5.3,195.0
150.0,5.84,463.0
218.0,5.93,486.0
246.0,6.16,489.0
180.0,11.17,240.0
211.0,5.83,365.0
168.0,3.72,148.0
190.0,4.24,207.0
135.0,4.2,356.0
214.0,4.01990234,17.0
207.0,6.96,51.0
214.0,4.01990234,17.0
98.0,4.8,492.0
714.0,10.98,327.0
108.0,4.65,431.0
123.0,4.38,254.0
55.0,11.22,280.0
60.0,7.28,61.0
112.0,3.8,159.0
92.0,3.33,136.0
92.0,3.33,136.0
134.0,2.72,42.0
65.0,2.06,87.0
95.0,2.68,79.0
111.0,6.72,86.0
143.0,7.31,63.0
97.0,3.97,494.0
110.0,3.03,436.0
58.0,3.22,588.0
50.0,3.59,531.0
145.0,4.28,206.0
20.0,1.92,19.0
160.0,3.5,219.0
124.0,3.58,314.0
139.0,4.63,55.0
42.0,1.47,11.0
85.0,4.34,220.0
192.0,1.99,35.0
89.0,7.59,125.0
142.0,3.2,376.0
130.0,3.78,429.0
173.0,4.51,493.0
177.0,9.01,596.0
75.0,2.22,444.0
103.0,4.01,502.0
116.0,5.67,501.0
127.0,3.57,508.0
138.0,4.14,444.0
89.0,4.64,451.0
110.0,3.67,537.0
114.0,3.56,335.0
178.0,4.54,462.0
137.0,3.45,563.0
152.0,8.06,441.0
102.0,5.87,150.0
362.0,5.25,88.0
119.0,3.06,67.0
93.0,2.88,217.0
110.0,3.85,368.0
94.0,3.97,386.0
123.0,3.97,109.0
59.0,2.73,27.0
68.0,3.04,440.0
69.0,5.77,507.0
50.0,1.62,2.0
61.0,1.69,413.0
151.0,4.01,333.0
124.0,5.25,93.0
172.0,4.44,185.0
152.0,3.39,173.0
118.0,3.34,140.0
108.0,3.54,286.0
224.0,64.79,359.0
98.0,3.78,31.0
95.0,4.08,36.0
136.0,4.5,489.0
64.0,3.63,245.0
87.0,11.91,498.0
93.0,3.17,530.0
56.0,2.01,15.0
122.0,5.69,51.0
75.0,3.97,208.0
101.0,3.34,403.0
88.0,4.42,212.0
105.0,3.38,458.0
89.0,3.89,404.0
106.0,3.41,325.0
94.0,3.65,457.0
29.0,3.81,23.0
82.0,5.21,79.0
70.0,14.18,86.0
152.0,4.81,756.0
176.0,5.0,360.0
72.0,3.14,760.0
108.0,3.05,30.0
145.0,4.04,671.0
172.0,6.79,316.0
97.0,2.98,96.0
118.0,6.0,356.0
134.0,4.41,267.0
146.0,4.66,274.0
164.0,5.39,572.0
187.0,6.84,180.0
112.0,3.22,112.0
159.0,5.15,143.0
119.0,5.76,276.0
126.0,3.93,60.0
18.0,1.75,5.0
109.0,5.35,93.0
287.0,6.49,131.0
118.0,3.98,58.0
105.0,3.49,71.0
145.0,3.78,29.0
25.0,6.39,269.0
54.0,1.54,8.0
285.0,8.75,595.0
150.0,3.67,26.0
56.0,1.32,8.0
99.0,3.68,74.0
127.0,5.12,72.0
198.0,4.56,53.0
118.0,4.16,73.0
130.0,5.02,33.0
66.0,1.83,13.0
165.0,4.8,163.0
125.0,5.2,512.0
85.0,2.8,276.0
161.0,4.18,388.0
177.0,6.85,512.0
154.0,5.52,639.0
193.0,6.26,278.0
116.0,4.49,349.0
198.0,7.6,473.0
106.0,6.94,289.0
94.0,7.26,207.0
161.0,4.18,507.0
87.0,5.81,249.0
75.0,4.66,626.0
93.0,3.76,529.0
127.0,4.6,651.0
52.0,2.56,164.0
177.0,5.82,387.0
199.0,7.51,381.0
162.0,4.5,975.0
117.0,3.61,631.0
121.0,4.9,722.0
717.0,4.34,617.0
116.0,6.71,612.0
117.0,4.15,625.0
137.0,4.35,382.0
123.0,3.16,480.0
138.0,5.13,352.0
205.0,5.12,539.0
138.0,4.19,517.0
144.0,5.02,614.0
115.0,3.34,531.0
77.0,3.95,529.0
74.0,2.93,556.0
88.0,3.13,429.0
82.0,3.13,477.0
138.0,4.17,361.0
88.0,2.88,537.0
99.0,3.34,381.0
177.0,4.51,943.0
125.0,4.62,467.0
119.0,5.76,333.0
145.0,5.59,491.0
38.0,6.99,42.0
254.0,7.29,35.0
32.0,1.16,3.0
199.0,8.02,643.0
205.0,3.42,8.0
198.0,5.71,48.0
122.0,6.01,66.0
215.0,5.57,34.0
100.0,3.41,206.0
72.0,4.9,123.0
30.0,0.74,9.0
38.0,4.02,124.0
119.0,2.89,56.0
73.0,2.82,89.0
66.0,2.76,112.0
86.0,4.48,456.0
99.0,3.62,582.0
107.0,3.18,138.0
78.0,2.67,64.0
82.0,6.63,140.0
147.0,4.72,283.0
146.0,4.24,110.0
114.0,3.68,388.0
203.0,7.93,578.0
147.0,4.76,456.0
173.0,4.51,187.0
71.0,3.75,75.0
156.0,5.18,56.0
186.0,5.79,56.0
139.0,64.87,475.0
63.0,1.95,9.0
125.0,4.8,42.0
33.0,1.14,17.0
92.0,2.33,20.0
149.0,3.62,27.0
168.0,3.74,453.0
110.0,4.1,486.0
155.0,3.61,353.0
144.0,3.55,270.0
105.0,3.62,408.0
97.0,8.57,208.0
154.0,3.98,497.0
130.0,3.82,170.0
140.0,3.59,235.0
120.0,4.63,354.0
153.0,4.34,180.0
130.0,4.93,348.0
198.0,6.05,433.0
120.0,4.79,254.0
110.0,6.78,147.0
84.0,6.86,296.0
194.0,6.61,220.0
153.0,4.18,465.0
118.0,4.26,527.0
97.0,4.15,482.0
87.0,4.81,18.0
154.0,4.91,520.0
169.0,6.17,303.0
172.0,5.23,245.0
151.0,5.63,223.0
180.0,8.48,600.0
87.0,5.12,109.0
140.0,5.25,344.0
118.0,4.13,248.0
184.0,2.68,405.0
140.0,3.28,88.0
121.0,4.51,380.0
140.0,4.15,383.0
231.0,5.66,225.0
105.0,3.97,201.0
238.0,7.19,535.0
81.0,4.38,398.0
150.0,3.44,437.0
140.0,4.52,333.0
143.0,15.03,391.0
103.0,5.7,108.0
78.0,2.36,175.0
74.0,1.83,20.0
29.0,0.89,12.0
118.0,2.78,28.0
43.0,1.95,16.0
21.0,1.04,3.0
32.0,0.6,1.0
89.0,2.69,14.0
143.0,3.96,394.0
181.0,4.45,279.0
192.0,4.44,151.0
89.0,3.4,81.0
75.0,2.35,72.0
27.0,1.13,10.0
137.0,4.48,111.0
131.0,3.25,131.0
149.0,5.33,251.0
122.0,5.24,63.0
105.0,1.55,72.0
24.0,1.64,62.0
199.0,4.42,371.0
171.0,4.35,475.0
106.0,5.63,310.0
83.0,4.59,662.0
153.0,5.37,427.0
135.0,6.79,475.0
130.0,4.24,365.0
175.0,4.82,395.0
159.0,4.99,421.0
69.0,3.75,487.0
93.0,2.22,52.0
123.0,5.48,244.0
138.0,5.41,194.0
115.0,3.88,364.0
60.0,2.06,54.0
59.0,1.83,477.0
71.0,3.32,498.0
68.0,4.72,50.0
135.0,4.19,40.0
59.0,2.75,21.0
90.0,2.49,40.0
97.0,4.31,83.0
64.0,2.65,340.0
77.0,2.21,470.0
31.0,2.69,260.0
59.0,1.8,404.0
55.0,1.95,434.0
32.0,0.96,408.0
60.0,2.46,544.0
178.0,3.71,112.0
107.0,3.15,71.0
173.0,5.87,375.0
69.0,1.98,333.0
44.0,1.04,440.0
52.0,2.57,427.0
47.0,2.84,545.0
23.0,3.52,278.0
25.0,1.16,225.0
72.0,3.02,158.0
15.0,0.56,10.0
39.0,2.79,121.0
64.0,2.81,152.0
22.0,3.58,299.0
61.0,2.06,18.0
26.0,1.72,588.0
48.0,0.86,564.0
27.0,0.8,502.0
251.0,7.75,326.0
247.0,10.64,388.0
238.0,8.88,336.0
268.0,6.7,180.0
230.0,7.4,357.0
217.0,7.4,202.0
291.0,7.4,440.0
210.0,6.72,347.0
213.0,9.35,407.0
44.0,1.5,12.0
59.0,1.8,16.0
33.0,1.13,5.0
203.0,4.55,75.0
133.0,5.36,180.0
191.0,4.49,370.0
182.0,6.43,382.0
181.0,5.64,101.0
190.0,4.56,405.0
178.0,5.06,393.0
142.0,5.1,260.0
213.0,5.59,208.0
275.0,5.09,260.0
782.0,5.4,294.0
222.0,7.81,451.0
289.0,4.85,410.0
136.0,2.42,430.0
181.0,5.74,283.0
150.0,4.16,429.0
84.0,2.28,263.0
107.0,5.28,442.0
107.0,5.38,332.0
769.0,8.01,218.0
189.0,5.92,261.0
49.0,5.8,206.0
169.0,6.15,589.0
147.0,3.77,358.0
67.0,4.5,310.0
165.0,8.66,462.0
207.0,5.1,430.0
163.0,5.75,462.0
203.0,6.33,411.0
188.0,5.11,300.0
172.0,5.25,447.0
197.0,5.54,462.0
210.0,5.41,144.0
89.0,3.3,16.0
105.0,3.72,41.0
59.0,9.02,82.0
152.0,4.79,105.0
216.0,4.43,366.0
66.0,1.48,65.0
36.0,4.29,43.0
188.0,6.46,441.0
164.0,4.74,430.0
191.0,6.04,473.0
193.0,7.7,599.0
204.0,5.38,438.0
70.0,2.33,238.0
165.0,4.79,259.0
171.0,5.48,289.0
150.0,3.97,440.0
157.0,5.96,374.0
155.0,6.57,163.0
81.0,4.58,308.0
134.0,4.79,121.0
133.0,3.19,194.0
157.0,4.93,423.0
69.0,2.83,10.0
177.0,4.86,214.0
83.0,5.1,202.0
197.0,4.6,218.0
192.0,7.82,338.0
165.0,5.25,357.0
130.0,6.22,224.0
154.0,5.28,415.0
193.0,8.49,488.0
183.0,7.52,446.0
157.0,5.83,477.0
157.0,7.36,464.0
142.0,8.29,436.0
161.0,6.1,389.0
179.0,5.61,474.0
194.0,5.3,268.0
126.0,2.64,79.0
72.0,2.08,22.0
47.0,1.59,20.0
50.0,2.05,14.0
79.0,2.42,17.0
67.0,2.03,17.0
33.0,1.05,33.0
61.0,1.83,25.0
80.0,3.54,14.0
180.0,4.95,112.0
42.0,1.82,10.0
25.0,8.12,228.0
144.0,4.83,250.0
169.0,10.52,462.0
185.0,7.89,365.0
174.0,5.93,570.0
198.0,7.79,509.0
157.0,14.16,501.0
265.0,8.6,492.0
216.0,6.65,536.0
219.0,6.98,466.0
116.0,3.03,285.0
158.0,5.6,367.0
158.0,5.13,213.0
171.0,5.33,186.0
176.0,5.94,22.0
118.0,7.09,98.0
120.0,4.25,162.0
214.0,9.32,72.0
94.0,4.54,259.0
104.0,3.01,42.0
180.0,8.98,50.0
172.0,3.81,447.0
172.0,4.64,117.0
50.0,1.88,45.0
51.0,1.35,64.0
117.0,4.56,574.0
135.0,5.62,491.0
111.0,4.62,574.0
156.0,6.37,675.0
139.0,4.54,185.0
187.0,3.17,236.0
106.0,4.15,392.0
172.0,3.17,483.0
112.0,1.2,14.0
45.0,1.48,34.0
116.0,2.84,65.0
133.0,5.9,575.0
121.0,5.98,246.0
117.0,2.93992676,153.0
92.0,4.92,157.0
182.0,1.85,117.0
217.0,6.68,507.0
243.0,8.42,437.0
135.0,7.75,330.0
199.0,2.03,327.0
179.0,6.26,472.0
145.0,3.99,486.0
153.0,6.86,322.0
108.0,7.55,122.0
124.0,2.9,88.0
66.0,1.07,30.0
170.0,4.34,101.0
194.0,4.11,88.0
187.0,6.18,381.0
186.0,4.17,440.0
216.0,5.22,343.0
193.0,7.03,542.0
195.0,5.15,471.0
202.0,5.16,94.0
76.0,4.5,53.0
148.0,7.21,179.0
162.0,6.31,259.0
187.0,4.63,354.0
168.0,5.16,485.0
184.0,5.24,398.0
161.0,6.74,420.0
155.0,5.89,593.0
194.0,6.93,605.0
159.0,8.05,500.0
141.0,7.19,507.0
149.0,5.25,376.0
157.0,4.73,365.0
139.0,6.87,516.0
167.0,6.8,576.0
139.0,7.8,301.0
93.0,2.75,15.0
115.0,2.49,35.0
110.0,3.42,53.0
231.0,5.79,107.0
188.0,4.5,332.0
147.0,4.41,380.0
136.0,10.49,244.0
137.0,5.79,453.0
162.0,4.62,524.0
165.0,9.04,474.0
133.0,9.35,261.0
163.0,7.19,213.0
178.0,5.18,375.0
169.0,5.57,393.0
171.0,9.07,250.0
136.0,7.45,223.0
62.0,4.58,73.0
176.0,8.45,285.0
162.0,9.92,238.0
182.0,5.41,378.0
165.0,6.82,314.0
51.0,2.53,240.0
152.0,7.88,8.0
79.0,3.2,13.0
182.0,7.36,337.0
107.0,3.28,446.0
172.0,8.54,423.0
170.0,5.15,360.0
172.0,8.18,354.0
160.0,5.21,303.0
167.0,5.88,319.0
199.0,6.15,421.0
176.0,3.47,158.0
165.0,5.0,438.0
169.0,7.11,87.0
202.0,7.73,144.0
50.0,2.81,176.0
63.0,2.67,56.0
182.0,6.04,443.0
249.0,9.69,405.0
173.0,7.28,144.0
201.0,8.09,259.0
173.0,6.85,406.0
135.0,4.1,300.0
110.0,4.39,202.0
167.0,5.59,216.0
193.0,5.0,397.0
156.0,9.37,434.0
215.0,8.93,217.0
169.0,6.01,384.0
164.0,12.55,416.0
178.0,9.88,472.0
151.0,4.93,159.0
128.0,2.32,22.0
99.0,6.15,103.0
